frame,time,luma,center_luma,diff,mask_change,fg_diff,bg_r,bg_g,bg_b,fg_area,x0,x1,y0,y1,cx,cy,fg_r,fg_g,fg_b,fg_sat,sharp,bands
0,0.0,0.5111,0.0,0.0,1.0,255.0,0.0,0.0,0.0,0.0016,0.025,0.9708,0.0444,0.9528,0.4495,0.6671,66.0,66.0,66.0,0.0,118.9864,3
1,0.0334,0.8228,0.9355,0.4001,0.0004,0.1861,0.0,0.0,0.0,0.0019,0.025,0.9703,0.0444,0.9528,0.4484,0.6404,63.0,63.0,68.0,0.0,101.6859,6
2,0.0667,1.1916,2.041,0.8929,0.0136,2.6974,0.0,0.0,0.0,0.015,0.0375,0.8281,0.0472,0.9528,0.3851,0.5253,60.0,60.0,130.0,150.0,33.2464,4
3,0.1001,1.5659,3.1627,1.4513,0.0117,63.4998,0.0,0.0,0.0,0.0205,0.0422,0.8011,0.05,0.9528,0.3611,0.5202,59.0,59.0,63.0,134.0,39.5267,4
4,0.1335,1.8084,3.8897,1.7975,0.0067,71.2085,0.0,0.0,0.0,0.0216,0.0438,0.7959,0.05,0.9528,0.3552,0.5193,58.0,56.0,63.0,130.0,40.2689,4
5,0.1668,3.156,7.9295,2.1693,0.0081,77.8121,0.0,0.0,0.0,0.0256,0.0484,0.7766,0.0527,0.9528,0.3737,0.5171,60.0,59.0,61.0,0.0,73.5231,4
6,0.2002,3.2616,8.2459,1.8072,0.008,53.6482,0.0,0.0,0.0,0.0271,0.05,0.7688,0.0528,0.9528,0.3764,0.516,32.0,32.0,44.0,0.0,71.7997,4
7,0.2336,3.5775,9.1928,1.7583,0.0067,42.7577,0.0,0.0,0.0,0.0291,0.0516,0.7578,0.0528,0.95,0.3908,0.5154,61.0,61.0,62.0,0.0,69.5876,4
8,0.2669,3.8977,10.1527,1.8844,0.0103,35.3513,0.0,0.0,0.0,0.0331,0.0547,0.7219,0.0528,0.95,0.4218,0.5143,54.0,54.0,58.0,0.0,69.6486,4
9,0.3003,4.1999,11.0588,2.0689,0.0095,40.1627,0.0,0.0,0.0,0.0353,0.1692,0.7133,0.0556,0.95,0.4257,0.5136,33.0,33.0,37.0,0.0,73.6216,4
10,0.3337,4.3688,11.3376,2.158,0.0061,41.332,0.0,0.0,0.0,0.0353,0.1694,0.7915,0.0556,0.95,0.4259,0.5135,27.0,27.0,40.0,0.0,70.8089,4
11,0.367,4.6796,12.2397,1.6458,0.0121,20.6735,0.0,0.0,0.0,0.042,0.1906,0.8438,0.0583,0.9472,0.48,0.5122,59.0,58.0,61.0,0.0,67.2182,4
12,0.4004,4.931,13.1775,1.8064,0.0095,24.8676,0.0,0.0,0.0,0.0432,0.1891,0.8303,0.0583,0.9472,0.4854,0.5119,44.0,44.0,54.0,0.0,70.3365,4
13,0.4338,5.1319,13.8527,2.0854,0.0086,33.2176,0.0,0.0,0.0,0.0446,0.1875,0.8219,0.0611,0.9472,0.4891,0.5117,32.0,32.0,44.0,0.0,72.0766,4
14,0.4671,5.2444,14.1899,2.1355,0.0076,36.3145,0.0,0.0,0.0,0.045,0.1875,0.8156,0.0611,0.9472,0.491,0.5118,27.0,27.0,30.0,0.0,71.8874,4
15,0.5005,5.1371,13.8683,1.8604,0.0069,30.8712,0.0,0.0,0.0,0.0449,0.1859,0.8125,0.0611,0.9472,0.4894,0.5118,23.0,23.5,35.0,0.0,70.887,4
16,0.5339,5.1355,13.8633,0.7352,0.0057,6.9199,0.0,0.0,0.0,0.0455,0.1844,0.8109,0.0611,0.9472,0.489,0.5116,22.0,22.0,32.0,0.0,70.6696,4
17,0.5672,5.1332,13.8562,0.6378,0.0051,5.8978,0.0,0.0,0.0,0.0451,0.1844,0.8109,0.0611,0.9472,0.4888,0.5119,24.0,24.0,31.0,0.0,70.5481,4
18,0.6006,5.1357,13.8636,0.5404,0.0053,4.2368,0.0,0.0,0.0,0.0452,0.1831,0.8094,0.0611,0.9472,0.4875,0.5119,24.0,24.0,34.0,0.0,70.5023,4
19,0.634,5.1365,13.866,0.4469,0.0043,4.0161,0.0,0.0,0.0,0.0451,0.1828,0.8094,0.0611,0.9472,0.486,0.5119,25.0,25.0,37.5,0.0,71.1688,4
20,0.6673,5.8041,15.8672,0.8653,0.0039,13.4616,0.0,0.0,0.0,0.0453,0.1828,0.8094,0.0611,0.9472,0.4889,0.5118,25.0,25.0,25.0,0.0,80.5303,4
21,0.7007,5.8052,15.8706,0.4275,0.004,3.5781,0.0,0.0,0.0,0.0456,0.1828,0.8094,0.0611,0.9472,0.4888,0.5118,25.0,25.0,25.0,0.0,80.0193,4
22,0.7341,5.8055,15.8716,0.5731,0.0047,5.0456,0.0,0.0,0.0,0.0457,0.1812,0.8078,0.0611,0.9472,0.4875,0.5118,27.0,27.0,27.0,0.0,80.9244,4
23,0.7674,5.8051,15.8703,0.7756,0.0053,7.4214,0.0,0.0,0.0,0.0455,0.1812,0.8078,0.0611,0.9472,0.4876,0.5118,27.0,27.0,27.0,0.0,79.9281,4
24,0.8008,5.8047,15.8691,1.0381,0.0061,10.7979,0.0,0.0,0.0,0.0454,0.1797,0.8062,0.0611,0.9472,0.486,0.5118,24.0,24.0,24.0,0.0,80.852,4
25,0.8342,5.805,15.87,1.404,0.0067,18.4878,0.0,0.0,0.0,0.0455,0.1781,0.8047,0.0611,0.9472,0.4845,0.5118,25.0,25.0,25.0,0.0,80.4941,4
26,0.8675,5.8046,15.8687,1.9471,0.0075,30.5342,0.0,0.0,0.0,0.0455,0.1766,0.8031,0.0611,0.9472,0.4831,0.5118,27.0,27.0,27.0,0.0,79.793,4
27,0.9009,5.8053,15.8709,2.7914,0.0087,49.3858,0.0,0.0,0.0,0.0453,0.1734,0.8,0.0611,0.9472,0.4806,0.5118,23.0,23.0,23.0,0.0,80.0283,4
28,0.9343,5.8054,15.8712,4.2125,0.0104,83.5376,0.0,0.0,0.0,0.0452,0.1703,0.7953,0.0611,0.9472,0.4754,0.5119,25.0,25.0,25.0,0.0,80.0917,4
29,0.9676,5.8064,15.7153,6.089,0.0151,120.1007,0.0,0.0,0.0,0.0457,0.1578,0.7844,0.0611,0.9472,0.463,0.5117,26.0,26.0,26.0,0.0,81.1031,4
30,1.001,7.0952,10.0204,12.2363,0.0386,118.7393,2.0,2.0,6.0,0.0358,0.2038,0.7106,0.0556,0.9361,0.4434,0.5095,66.0,65.0,81.0,152.0,32.5288,4
31,1.0344,7.7595,10.4461,4.5106,0.0176,77.6688,2.0,2.0,6.0,0.0354,0.2053,0.7112,0.0544,0.9361,0.4263,0.5085,67.0,66.0,88.0,152.0,31.3541,4
32,1.0677,8.4489,11.6051,4.1229,0.0146,74.616,2.0,2.0,6.0,0.0383,0.2547,0.6804,0.0556,0.9333,0.4345,0.5077,70.0,69.0,93.0,151.0,32.1809,4
33,1.1011,8.6696,11.6981,3.3054,0.0129,57.4867,2.0,2.0,6.0,0.0342,0.1948,0.702,0.0528,0.9306,0.4067,0.5066,73.0,70.0,91.0,149.0,33.9799,4
34,1.1345,9.2967,13.3103,2.7368,0.0129,46.9719,2.0,2.0,6.0,0.0397,0.2438,0.65,0.0556,0.9306,0.4304,0.5075,72.0,70.0,95.0,149.0,34.9826,4
35,1.1678,9.6799,14.1374,2.4218,0.0085,38.1823,2.0,2.0,6.0,0.0394,0.2406,0.6456,0.0556,0.9306,0.4277,0.5074,79.0,76.0,95.0,148.0,35.6399,4
36,1.2012,10.4739,16.3694,2.602,0.0161,32.4925,2.0,2.0,6.0,0.0482,0.2375,0.7125,0.0611,0.5861,0.47,0.5083,72.0,70.0,91.0,148.0,36.0053,4
37,1.2346,10.7503,17.0199,2.0603,0.0088,27.7273,2.0,2.0,6.0,0.0483,0.2344,0.7094,0.0618,0.5861,0.4665,0.508,76.0,75.0,93.0,148.0,37.5535,4
38,1.2679,11.3902,18.8481,2.5143,0.0162,25.5988,2.0,2.0,6.0,0.0546,0.2328,0.7609,0.4278,0.5833,0.4947,0.508,69.0,68.0,91.0,148.0,38.596,5
39,1.3013,11.4427,18.8515,2.001,0.0113,20.9365,2.0,2.0,6.0,0.0511,0.2297,0.7391,0.4278,0.5694,0.4754,0.5078,80.0,79.0,96.0,147.0,39.9518,4
40,1.3347,11.6769,19.4637,1.5622,0.0076,17.6127,2.0,2.0,6.0,0.0513,0.2281,0.7375,0.4278,0.5694,0.4748,0.5079,77.0,76.0,94.0,147.0,41.4764,4
41,1.368,12.2259,21.0275,1.8519,0.0116,16.1246,2.0,2.0,6.0,0.0562,0.2281,0.7781,0.4306,0.5889,0.4967,0.5094,79.5,79.0,94.0,147.0,41.5913,4
42,1.4014,12.6541,22.2831,1.6697,0.0109,13.3842,2.0,2.0,6.0,0.0599,0.2266,0.8016,0.4278,0.5889,0.5133,0.5093,80.0,77.0,93.0,146.0,42.326,4
43,1.4348,12.8626,22.8674,1.3539,0.008,11.6431,2.0,2.0,6.0,0.0603,0.225,0.8,0.4278,0.5889,0.5121,0.5093,74.0,73.0,91.0,145.0,43.8419,4
44,1.4681,13.0885,23.4823,1.2412,0.0073,9.901,2.0,2.0,6.0,0.0606,0.2234,0.8,0.4278,0.5889,0.5114,0.5092,75.0,74.0,90.0,139.0,44.8,4
45,1.5015,13.0807,23.4237,1.3286,0.0098,8.3766,2.0,2.0,6.0,0.0566,0.2234,0.7734,0.4306,0.5889,0.4913,0.5094,80.0,80.0,93.0,124.0,47.224,4
46,1.5349,13.2526,23.9248,0.9507,0.0063,7.0126,2.0,2.0,6.0,0.0569,0.2219,0.7719,0.4306,0.5888,0.4918,0.5093,82.0,82.0,94.0,115.0,48.4015,4
47,1.5682,13.4133,24.3837,0.8434,0.0059,5.6059,2.0,2.0,6.0,0.0567,0.2203,0.7719,0.4306,0.5889,0.4901,0.5095,80.0,80.0,91.0,105.0,49.1503,4
48,1.6016,13.8278,25.6092,1.0601,0.009,5.0178,2.0,2.0,6.0,0.0608,0.2203,0.7953,0.4278,0.5889,0.5087,0.5095,77.0,77.0,91.0,104.0,49.4493,4
49,1.635,13.9673,26.0159,0.6917,0.005,4.8975,2.0,2.0,6.0,0.0611,0.2203,0.7953,0.4278,0.5889,0.5087,0.5095,73.0,73.0,87.0,96.0,50.5482,5
50,1.6683,14.0904,26.3817,0.5892,0.0044,4.1992,2.0,2.0,6.0,0.0607,0.2188,0.7953,0.4278,0.5889,0.5066,0.5095,70.0,72.0,83.0,91.0,50.7903,5
51,1.7017,13.8152,25.5365,0.8785,0.0078,3.1889,2.0,2.0,6.0,0.0571,0.2188,0.7703,0.4306,0.5889,0.4884,0.5091,81.0,80.0,89.5,81.5,51.9268,4
52,1.7351,13.8229,25.5632,0.7349,0.0053,4.0392,2.0,2.0,6.0,0.0572,0.2188,0.7688,0.4306,0.5889,0.4881,0.5093,81.0,81.0,91.0,80.0,51.9563,4
53,1.7684,13.8462,25.5985,0.8829,0.0058,5.6151,2.0,2.0,6.0,0.0572,0.2172,0.7688,0.4306,0.5889,0.4865,0.5092,79.0,80.0,90.0,79.0,51.9247,4
54,1.8018,14.1671,26.5259,1.4973,0.01,8.57,2.0,2.0,6.0,0.0607,0.2172,0.7922,0.4278,0.5889,0.5036,0.5095,70.0,72.0,85.5,88.0,51.3202,4
55,1.8352,14.1781,26.5563,1.5471,0.0077,14.1951,2.0,2.0,6.0,0.0609,0.2156,0.7906,0.4278,0.5889,0.5032,0.5095,77.0,77.0,88.0,85.0,51.1592,5
56,1.8685,14.1849,26.5795,2.0636,0.0087,22.5649,2.0,2.0,6.0,0.0606,0.2125,0.7891,0.4306,0.5889,0.4993,0.5093,69.0,70.0,84.0,86.0,51.0622,4
57,1.9019,13.8956,25.7147,3.0103,0.0129,36.0853,2.0,2.0,6.0,0.0568,0.2094,0.7609,0.4306,0.5889,0.478,0.5092,75.0,76.0,87.0,79.0,52.4638,4
58,1.9353,13.9169,25.7712,3.9274,0.0114,61.6458,2.0,2.0,6.0,0.0569,0.2047,0.7562,0.4306,0.5889,0.474,0.5094,79.0,79.0,90.0,78.0,52.4502,4
59,1.9686,13.9615,25.8902,8.3635,0.0165,141.5698,2.0,2.0,6.0,0.0571,0.1938,0.7438,0.4306,0.5889,0.4633,0.5094,82.0,82.0,93.0,76.0,53.5146,4
60,2.002,1.4416,0.9223,15.0038,0.0571,6.9674,1.0,1.0,1.0,0.0016,0.025,0.9708,0.0444,0.9528,0.4602,0.6534,67.0,67.0,67.0,0.0,115.9592,3
61,2.0354,1.7971,2.0332,0.7748,0.0076,0.0109,1.0,1.0,1.0,0.0091,0.0312,0.9484,0.0444,0.9528,0.3775,0.5309,51.0,48.0,120.0,155.0,34.1748,4
62,2.0687,2.0866,2.9416,1.2116,0.0086,48.4428,1.0,1.0,1.0,0.013,0.0375,0.9359,0.0472,0.9528,0.3467,0.5225,70.0,69.0,76.0,155.0,41.0664,5
63,2.1021,2.2571,3.4816,1.331,0.0074,60.4827,1.0,1.0,1.0,0.0146,0.0375,0.9266,0.0472,0.9528,0.3225,0.5202,67.0,66.0,74.0,153.0,46.4276,5
64,2.1355,3.0796,5.9522,2.2359,0.0115,82.635,1.0,1.0,1.0,0.0215,0.0469,0.8109,0.05,0.9528,0.3866,0.5167,97.0,95.0,123.0,144.0,46.0072,5
65,2.1688,4.6559,10.6435,3.0999,0.0104,84.4355,1.0,1.0,1.0,0.0242,0.0484,0.7989,0.05,0.9528,0.3889,0.5159,73.0,72.0,81.5,0.0,58.521,4
66,2.2022,4.8,11.0613,2.0499,0.0097,58.9767,1.0,1.0,1.0,0.0249,0.0489,0.7953,0.05,0.9528,0.3806,0.5156,69.0,68.0,75.0,0.0,59.2762,4
67,2.2356,5.6479,13.5872,2.3365,0.0129,42.242,1.0,1.0,1.0,0.0314,0.0536,0.7578,0.0528,0.95,0.4406,0.5141,90.0,88.0,110.0,0.0,56.2552,4
68,2.2689,6.2973,15.5086,2.5395,0.0122,44.6573,1.0,1.0,1.0,0.0338,0.1701,0.7391,0.0528,0.95,0.4479,0.5136,72.0,72.0,80.5,0.0,61.5953,4
69,2.3023,6.6491,16.551,2.5138,0.0116,39.6115,1.0,1.0,1.0,0.0341,0.1711,0.7352,0.0528,0.95,0.4435,0.5135,67.0,67.0,74.0,0.0,61.4028,4
70,2.3357,7.3634,18.133,3.5606,0.0123,54.2234,1.0,1.0,1.0,0.0385,0.1844,0.8672,0.0546,0.95,0.4826,0.5128,97.0,94.0,112.0,0.0,60.7449,4
71,2.369,7.7954,19.3792,2.0551,0.011,26.1896,1.0,1.0,1.0,0.0405,0.1844,0.8516,0.0556,0.9472,0.494,0.5125,74.0,73.0,89.0,0.0,63.4052,4
72,2.4024,8.0736,20.3871,2.1366,0.0101,29.5382,1.0,1.0,1.0,0.0409,0.1816,0.8391,0.0556,0.9472,0.4953,0.5124,73.0,73.0,76.0,0.0,64.5858,4
73,2.4358,8.2263,21.0804,2.1634,0.0095,31.5459,1.0,1.0,1.0,0.0413,0.1812,0.8281,0.0556,0.9472,0.4941,0.5125,72.0,72.0,76.0,0.0,64.7697,4
74,2.4691,8.2964,21.2987,2.0073,0.0085,30.8937,1.0,1.0,1.0,0.0414,0.1797,0.8219,0.0556,0.9472,0.4918,0.5125,75.0,74.0,83.0,0.0,64.8786,5
75,2.5025,8.6241,22.3804,2.5429,0.0076,32.5905,1.0,1.0,1.0,0.0415,0.1781,0.8178,0.0556,0.9472,0.4884,0.5124,72.0,72.0,76.0,0.0,66.1981,4
76,2.5359,8.6378,22.4069,0.8997,0.007,6.2232,1.0,1.0,1.0,0.0413,0.1781,0.8172,0.0556,0.9472,0.4896,0.5124,72.0,72.0,75.0,0.0,65.5905,4
77,2.5692,8.6469,22.4189,0.7999,0.0065,4.9137,1.0,1.0,1.0,0.0418,0.1766,0.8172,0.0556,0.9472,0.4874,0.5122,72.0,72.0,76.0,0.0,66.0026,4
78,2.6026,8.6447,22.4051,0.698,0.0059,4.6726,1.0,1.0,1.0,0.0416,0.1766,0.8156,0.0556,0.9472,0.4883,0.5123,72.0,72.0,77.0,0.0,65.8361,4
79,2.636,8.6519,22.4116,0.6077,0.0051,3.753,1.0,1.0,1.0,0.0412,0.1766,0.8156,0.0556,0.9472,0.4863,0.5122,74.0,74.0,77.0,0.0,65.5261,4
80,2.6693,9.617,25.2075,1.2494,0.0043,13.0452,1.0,1.0,1.0,0.0419,0.1766,0.8156,0.0556,0.9472,0.4874,0.5123,74.0,74.0,74.0,0.0,71.265,4
81,2.7027,9.6321,25.24,0.5295,0.0039,3.7509,1.0,1.0,1.0,0.042,0.175,0.8156,0.0556,0.9472,0.4891,0.5122,76.0,76.0,77.0,0.0,70.8682,4
82,2.7361,9.6399,25.2542,0.5559,0.0041,4.1109,1.0,1.0,1.0,0.0421,0.175,0.8156,0.0556,0.9472,0.489,0.5114,77.0,77.0,77.0,0.0,72.1564,4
83,2.7694,9.6428,25.252,0.65,0.0051,5.0798,1.0,1.0,1.0,0.0416,0.175,0.8141,0.0556,0.9472,0.4877,0.5106,76.0,76.0,76.0,0.0,70.2941,4
84,2.8028,9.6315,25.2176,0.823,0.0064,6.0319,1.0,1.0,1.0,0.042,0.175,0.8141,0.0556,0.9472,0.4874,0.5086,73.0,73.0,74.0,0.0,72.6335,4
85,2.8362,9.6367,25.222,1.0871,0.0075,10.1555,1.0,1.0,1.0,0.0419,0.175,0.8141,0.0556,0.9472,0.4872,0.5061,80.0,80.0,80.0,0.0,71.2763,4
86,2.8695,9.6216,25.1799,1.4525,0.0091,18.1093,1.0,1.0,1.0,0.0418,0.175,0.8141,0.0556,0.9472,0.4865,0.5027,76.0,76.0,76.0,0.0,71.058,4
87,2.9029,9.6113,25.1441,2.051,0.0114,28.3797,1.0,1.0,1.0,0.042,0.175,0.8141,0.0556,0.9472,0.487,0.4975,72.0,72.0,72.5,0.0,72.8016,4
88,2.9363,9.6058,25.1242,3.0823,0.0143,48.4445,1.0,1.0,1.0,0.0419,0.175,0.8141,0.0556,0.9472,0.487,0.4897,72.0,72.0,73.0,0.0,72.6863,4
89,2.9696,9.6012,25.1148,5.7738,0.0285,68.8453,1.0,1.0,1.0,0.0416,0.175,0.8141,0.0556,0.9472,0.4876,0.4695,74.0,74.0,75.0,0.0,70.4367,4
90,3.003,0.5152,0.0013,9.1127,0.0403,1.3582,0.0,0.0,0.0,0.0017,0.025,0.9706,0.0444,0.9528,0.464,0.6569,66.0,66.0,66.0,0.0,116.9221,3
91,3.0364,1.0664,1.6553,0.5529,0.0003,0.0364,0.0,0.0,0.0,0.002,0.025,0.9703,0.0444,0.9528,0.4398,0.6249,67.0,67.0,67.0,0.0,106.5821,5
92,3.0697,1.9406,4.2761,1.0913,0.0036,0.0995,0.0,0.0,0.0,0.005,0.0266,0.9618,0.0444,0.9528,0.362,0.5262,65.0,65.0,65.0,0.0,69.1105,6
93,3.1031,2.753,6.7113,1.0461,0.0042,6.7101,0.0,0.0,0.0,0.0081,0.029,0.9507,0.0444,0.9528,0.3752,0.511,67.0,67.0,67.0,0.0,61.0005,5
94,3.1365,3.5476,9.0938,0.946,0.0048,10.4759,0.0,0.0,0.0,0.0106,0.0312,0.9453,0.0444,0.9528,0.3893,0.5022,66.0,66.0,66.0,0.0,55.9283,6
95,3.1698,4.3441,11.4816,1.0817,0.0063,14.0519,0.0,0.0,0.0,0.0141,0.0375,0.9359,0.0472,0.9528,0.4044,0.4944,67.5,67.5,67.5,0.0,52.0701,6
96,3.2032,5.1704,13.959,1.1047,0.0074,9.0995,0.0,0.0,0.0,0.0189,0.0406,0.87,0.0472,0.9528,0.4279,0.4883,65.0,65.0,65.0,0.0,48.1477,4
97,3.2366,6.148,16.8897,1.234,0.007,6.3838,0.0,0.0,0.0,0.0235,0.0484,0.8046,0.05,0.9528,0.4452,0.4904,63.0,63.0,63.0,0.0,47.5266,5
98,3.2699,7.135,19.8497,1.3468,0.0079,10.9184,0.0,0.0,0.0,0.0283,0.0516,0.7875,0.05,0.9528,0.4582,0.4929,60.0,60.0,60.0,0.0,46.0282,4
99,3.3033,8.136,22.8502,1.4727,0.008,5.0666,0.0,0.0,0.0,0.0336,0.0547,0.7562,0.0528,0.95,0.4786,0.4956,59.0,59.0,59.0,0.0,44.9436,5
100,3.3367,9.0006,25.4422,1.5496,0.0116,9.1223,0.0,0.0,0.0,0.0409,0.1953,0.7547,0.0556,0.9472,0.503,0.4992,61.0,61.0,61.0,0.0,43.2397,4
101,3.37,9.5406,27.061,0.9164,0.0082,8.4843,0.0,0.0,0.0,0.0454,0.2219,0.7547,0.0583,0.9472,0.5089,0.5021,70.0,70.0,70.0,0.0,43.6763,4
102,3.4034,9.9634,28.3283,0.6329,0.0062,4.5227,0.0,0.0,0.0,0.0487,0.2469,0.7547,0.0611,0.9444,0.5066,0.5046,78.0,78.0,78.0,0.0,43.0382,4
103,3.4368,10.3777,29.5702,0.6089,0.0064,4.6589,0.0,0.0,0.0,0.0523,0.2484,0.7547,0.0639,0.9361,0.509,0.5069,95.0,95.0,95.0,0.0,43.0156,4
104,3.4701,10.7734,30.7563,0.5711,0.0053,4.5982,0.0,0.0,0.0,0.0551,0.2484,0.7531,0.3722,0.9361,0.5092,0.5092,116.0,116.0,116.0,0.0,43.1478,4
105,3.5035,11.1383,31.8501,0.5285,0.0051,3.9313,0.0,0.0,0.0,0.0577,0.2484,0.7531,0.3722,0.9361,0.5076,0.5108,126.0,126.0,126.0,0.0,42.1331,4
106,3.5369,11.4762,32.8633,0.4796,0.0043,3.7177,0.0,0.0,0.0,0.0601,0.2493,0.7531,0.3722,0.9361,0.5082,0.5125,133.0,133.0,133.0,0.0,42.45,4
107,3.5702,11.7842,33.7866,0.4367,0.0045,3.3398,0.0,0.0,0.0,0.0622,0.2484,0.7531,0.3722,0.9361,0.5099,0.5134,144.0,144.0,144.0,0.0,42.1609,4
108,3.6036,12.071,34.6462,0.4045,0.0035,3.2467,0.0,0.0,0.0,0.064,0.25,0.7531,0.3722,0.9361,0.5104,0.5147,153.0,153.0,153.0,0.0,42.4988,4
109,3.637,12.3368,35.443,0.358,0.003,2.9099,0.0,0.0,0.0,0.0655,0.25,0.7534,0.3722,0.9361,0.5102,0.5159,161.0,161.0,161.0,0.0,42.5674,4
110,3.6703,12.5774,36.1643,0.3246,0.0026,2.6882,0.0,0.0,0.0,0.0668,0.25,0.7531,0.3722,0.9361,0.5102,0.5171,171.0,171.0,171.0,0.0,42.3494,4
111,3.7037,12.7814,36.7756,0.335,0.0033,2.7134,0.0,0.0,0.0,0.0682,0.25,0.7531,0.3722,0.9361,0.5096,0.5184,179.0,179.0,179.0,0.0,41.7527,4
112,3.7371,12.9092,37.1587,0.4742,0.0051,3.1063,0.0,0.0,0.0,0.0693,0.25,0.7516,0.3738,0.9361,0.5088,0.5197,188.0,188.0,188.0,0.0,41.9843,4
113,3.7704,12.9565,37.3005,0.6898,0.0073,4.4752,0.0,0.0,0.0,0.0704,0.2516,0.7516,0.375,0.9361,0.5092,0.5204,197.0,197.0,197.0,0.0,41.7912,4
114,3.8038,12.9053,37.1473,0.9712,0.0099,7.3927,0.0,0.0,0.0,0.0711,0.2531,0.7484,0.375,0.9361,0.5104,0.5204,208.0,208.0,208.0,0.0,43.7061,4
115,3.8372,12.7436,36.6623,1.3293,0.0116,12.5635,0.0,0.0,0.0,0.0716,0.2547,0.7453,0.3778,0.9361,0.509,0.522,214.0,214.0,214.0,0.0,42.9443,4
116,3.8705,12.4325,35.7299,1.825,0.0142,19.3924,0.0,0.0,0.0,0.0709,0.2594,0.7422,0.3778,0.9361,0.5072,0.5221,225.0,225.0,225.0,0.0,43.3927,4
117,3.9039,11.9183,34.1884,2.5315,0.0169,31.0769,0.0,0.0,0.0,0.0702,0.2651,0.7359,0.3806,0.9361,0.5067,0.5215,236.0,236.0,236.0,0.0,44.4322,4
118,3.9373,11.065,31.6305,3.7349,0.0201,50.1528,0.0,0.0,0.0,0.0672,0.2734,0.7266,0.3861,0.9361,0.5057,0.5214,244.0,244.0,244.0,0.0,42.5348,4
119,3.9706,8.9622,25.327,8.0926,0.0292,104.9076,0.0,0.0,0.0,0.0576,0.2938,0.7047,0.3944,0.9361,0.5025,0.52,236.0,236.0,236.0,0.0,44.5872,4
120,4.004,147.9898,111.1088,159.8774,0.0668,102.6699,165.0,165.0,225.0,0.0119,0.0318,0.8234,0.0472,0.9306,0.4718,0.4572,48.0,47.0,110.0,142.0,48.6548,4
121,4.0374,154.565,123.5941,9.5369,0.0168,24.8621,167.0,167.0,226.0,0.008,0.0288,0.8031,0.0472,0.9361,0.4658,0.4453,49.0,47.0,110.0,142.0,50.2417,6
122,4.0707,159.5004,131.4102,6.268,0.0105,20.1203,171.0,169.0,229.0,0.0067,0.0272,0.7938,0.0472,0.95,0.467,0.4441,49.0,47.0,104.5,143.0,52.2463,8
123,4.1041,163.5405,137.875,5.0348,0.0083,15.8423,173.0,173.0,230.0,0.0064,0.0266,0.7875,0.0472,0.9528,0.4677,0.4517,53.0,52.0,115.0,141.0,54.3321,8
124,4.1375,166.7601,143.4367,4.0149,0.0076,14.5721,174.0,174.0,230.0,0.006,0.0266,0.8019,0.0466,0.9528,0.4652,0.4566,59.0,55.0,121.0,139.0,52.2419,8
125,4.1708,169.9806,148.5316,3.952,0.0061,14.1451,176.0,176.0,230.0,0.006,0.0266,0.7963,0.0467,0.9528,0.4652,0.458,60.0,56.0,119.0,134.0,53.9871,6
126,4.2042,172.6208,153.0373,3.3016,0.0056,13.0512,178.0,178.0,230.0,0.0057,0.0266,0.8,0.0447,0.9528,0.4679,0.4622,60.0,58.0,126.0,134.0,54.3447,7
127,4.2376,174.9887,157.256,3.2067,0.0051,12.4963,179.0,179.0,230.0,0.006,0.0266,0.7953,0.0465,0.9528,0.4691,0.4688,72.0,69.0,145.0,128.0,53.6377,8
128,4.2709,176.8867,160.8538,2.7482,0.0048,9.0743,180.0,180.0,230.0,0.0063,0.0272,0.7953,0.0472,0.9528,0.4729,0.4702,80.0,77.0,168.5,121.5,52.7588,7
129,4.3043,178.5456,164.3191,2.795,0.0048,7.9388,181.0,181.0,229.0,0.0064,0.0277,0.7953,0.0472,0.9528,0.477,0.4754,83.0,80.0,175.0,124.0,51.4591,7
130,4.3377,179.8165,167.3378,2.5257,0.0043,5.0936,181.0,181.0,226.0,0.0068,0.0281,0.7789,0.0472,0.9528,0.4741,0.4752,84.0,81.0,175.0,132.0,51.4058,8
131,4.371,180.7434,169.9593,2.4257,0.0041,3.9248,181.0,180.0,225.0,0.0075,0.0285,0.7734,0.0472,0.9528,0.4737,0.4718,91.0,87.0,179.0,125.0,50.5117,9
132,4.4044,181.2736,172.1204,2.2886,0.004,3.4018,180.0,180.0,223.0,0.0081,0.0297,0.7635,0.0472,0.9528,0.4775,0.4766,105.0,101.0,186.0,125.0,49.4845,9
133,4.4378,181.4951,173.8777,2.2608,0.0037,2.3874,179.0,179.0,222.0,0.0083,0.0297,0.7578,0.0472,0.9528,0.4806,0.4781,107.0,101.0,187.0,130.0,47.5716,8
134,4.4711,181.4094,175.2119,2.1326,0.0035,2.345,178.0,178.0,219.0,0.0088,0.03,0.7562,0.0472,0.9528,0.4803,0.4769,109.0,104.0,192.0,117.0,46.2658,8
135,4.5045,181.0906,176.2874,2.1222,0.0033,2.0126,176.0,176.0,218.0,0.0092,0.0312,0.7547,0.0472,0.9528,0.4852,0.477,108.0,103.0,202.0,129.0,45.2529,5
136,4.5379,180.5285,176.9424,2.0575,0.0028,1.6806,175.0,175.0,216.0,0.0096,0.0312,0.7531,0.0472,0.95,0.4833,0.4733,108.0,104.0,205.0,127.0,44.3573,6
137,4.5712,179.8229,177.3312,2.0208,0.0033,1.9455,173.5,173.0,215.0,0.0098,0.0312,0.7524,0.0472,0.95,0.4814,0.4695,109.0,104.0,207.0,125.0,43.6146,5
138,4.6046,179.0629,177.6376,2.0081,0.004,2.0383,172.0,172.0,214.0,0.0104,0.0312,0.7516,0.0472,0.9471,0.4849,0.4698,110.0,105.0,211.0,118.5,44.3276,6
139,4.638,178.2606,177.7024,1.9439,0.0043,2.0706,171.0,171.0,214.0,0.0107,0.0312,0.7484,0.0472,0.9472,0.4855,0.4692,111.0,107.0,214.0,109.0,43.6885,6
140,4.6713,177.485,177.7152,1.8367,0.0048,2.2358,168.0,168.0,212.0,0.0108,0.0312,0.7469,0.0472,0.9361,0.4855,0.4653,111.0,107.0,214.0,112.0,43.0505,6
141,4.7047,176.7186,177.6966,1.8095,0.005,2.7107,167.0,167.0,212.0,0.0112,0.0312,0.7453,0.0472,0.9333,0.4847,0.4637,111.0,107.0,215.0,107.0,43.3572,8
142,4.7381,176.1211,177.7147,1.6421,0.0052,3.2716,166.0,166.0,211.0,0.0114,0.0316,0.7422,0.0472,0.9333,0.4838,0.4649,110.0,107.0,216.0,112.0,42.1638,5
143,4.7714,175.6232,177.8035,1.5515,0.006,3.5971,165.0,165.0,211.0,0.0112,0.0312,0.7391,0.0472,0.9306,0.4838,0.4613,110.0,107.0,216.0,112.0,39.6047,8
144,4.8048,175.2563,177.9982,1.4896,0.0066,4.2972,165.0,164.0,211.0,0.012,0.0328,0.7359,0.0472,0.6139,0.488,0.4649,143.0,143.0,219.0,78.5,41.4448,7
145,4.8382,175.0434,178.3739,1.4363,0.0072,4.2594,164.0,162.0,211.0,0.012,0.0328,0.7328,0.0472,0.6056,0.4872,0.4637,166.0,164.5,219.0,73.0,38.6109,4
146,4.8715,174.9583,178.9573,1.4486,0.0077,4.8982,162.0,162.0,211.0,0.0127,0.0328,0.7277,0.048,0.6056,0.4884,0.4682,174.0,173.0,223.0,71.0,39.0547,5
147,4.9049,175.0614,179.8359,1.5006,0.01,6.2947,162.0,161.0,210.0,0.0131,0.034,0.7219,0.05,0.6028,0.4914,0.4708,176.0,176.0,226.0,68.0,37.4624,3
148,4.9383,175.3631,181.121,1.7358,0.0109,6.8994,162.0,161.0,210.0,0.0137,0.0375,0.7156,0.05,0.6,0.4918,0.4756,179.0,179.0,229.0,63.0,35.1484,4
149,4.9716,176.3865,184.2739,2.8442,0.0162,14.6029,162.0,161.0,210.0,0.0147,0.0375,0.7,0.05,0.5917,0.4965,0.4795,182.0,182.0,230.0,60.0,35.4887,4
150,5.005,30.3612,80.2199,157.2507,0.0722,72.3634,1.0,1.0,1.0,0.0678,0.1719,0.8141,0.3361,0.9361,0.4928,0.5306,73.0,73.0,100.0,74.0,35.3855,4
151,5.0384,26.9453,71.8798,9.9597,0.079,50.7245,1.0,1.0,1.0,0.0647,0.1938,0.7938,0.3472,0.9361,0.4936,0.5302,72.5,73.0,100.0,74.0,34.4452,4
152,5.0717,25.3335,67.9092,4.8122,0.0469,47.7888,1.0,1.0,1.0,0.0635,0.2031,0.7844,0.35,0.9361,0.4917,0.5295,72.0,72.0,98.0,75.0,34.324,4
153,5.1051,24.276,65.19,3.4066,0.0373,39.6454,1.0,1.0,1.0,0.0635,0.2094,0.7781,0.3556,0.9361,0.4902,0.5291,73.0,73.0,100.0,75.0,34.4413,4
154,5.1385,23.409,62.9503,2.764,0.0324,28.5782,1.0,1.0,1.0,0.0629,0.2156,0.7719,0.3583,0.9361,0.4893,0.5287,73.0,73.0,100.0,75.0,34.4179,4
155,5.1718,22.7624,61.2309,2.2273,0.027,21.0584,1.0,1.0,1.0,0.0623,0.2203,0.7688,0.3583,0.9361,0.4905,0.5273,77.0,77.0,103.0,76.0,34.1518,4
156,5.2052,22.2163,59.782,1.8903,0.0233,15.6637,1.0,1.0,1.0,0.0622,0.2234,0.7641,0.3611,0.9361,0.4896,0.5263,81.0,80.0,107.0,76.0,34.7266,4
157,5.2386,21.7704,58.6018,1.6191,0.0202,13.3894,1.0,1.0,1.0,0.0626,0.2266,0.7609,0.3639,0.9361,0.4911,0.5275,83.0,82.0,109.0,76.0,35.2991,4
158,5.2719,21.3898,57.5747,1.4105,0.0174,10.2789,1.0,1.0,1.0,0.062,0.2297,0.7578,0.3639,0.9361,0.4907,0.5264,90.0,89.0,111.0,75.0,35.5674,4
159,5.3053,21.0826,56.7504,1.2313,0.0153,8.857,1.0,1.0,1.0,0.0617,0.2312,0.7562,0.3639,0.9361,0.4893,0.5264,87.0,86.0,110.0,76.0,34.5271,4
160,5.3387,20.8622,56.1429,1.0231,0.0145,5.7213,1.0,1.0,1.0,0.0602,0.2344,0.7547,0.3667,0.9361,0.4918,0.5273,98.0,97.5,122.0,75.0,33.6651,4
161,5.372,20.6497,55.5624,0.9674,0.0132,4.1673,1.0,1.0,1.0,0.0601,0.2359,0.7531,0.3667,0.9361,0.4919,0.5259,98.0,97.0,118.0,74.0,33.8366,4
162,5.4054,20.4775,55.0852,0.8761,0.0114,3.714,1.0,1.0,1.0,0.0608,0.2375,0.7516,0.3667,0.9361,0.4911,0.5252,100.0,98.0,126.0,73.0,34.3136,4
163,5.4388,20.3221,54.672,0.9117,0.0097,4.1404,1.0,1.0,1.0,0.061,0.2375,0.75,0.3667,0.9361,0.4896,0.5256,98.0,98.0,116.0,73.0,34.5002,4
164,5.4721,20.2369,54.4407,0.8878,0.0083,4.6271,1.0,1.0,1.0,0.0611,0.2391,0.75,0.3694,0.9361,0.4908,0.5259,100.5,100.0,131.5,72.0,34.5487,4
165,5.5055,20.1061,54.127,1.0241,0.0077,4.6312,1.0,1.0,1.0,0.0615,0.2391,0.7484,0.3694,0.9361,0.492,0.5264,122.0,118.0,164.0,71.0,34.8712,4
166,5.5389,20.0441,53.9859,0.9023,0.0074,4.4277,1.0,1.0,1.0,0.0612,0.2406,0.7484,0.3694,0.9361,0.489,0.5258,100.0,100.0,137.0,71.0,34.8604,4
167,5.5722,19.9251,53.6756,0.7931,0.0083,3.6571,1.0,1.0,1.0,0.0607,0.2406,0.7469,0.3694,0.9361,0.4894,0.5256,100.0,100.0,137.0,70.0,33.9588,4
168,5.6056,19.7649,53.2479,0.79,0.0089,3.5272,1.0,1.0,1.0,0.061,0.2422,0.7453,0.3694,0.9361,0.489,0.5248,125.0,124.0,189.0,71.0,35.0688,4
169,5.639,19.584,52.7665,0.8039,0.0096,4.2523,1.0,1.0,1.0,0.0609,0.2438,0.7453,0.3694,0.9361,0.4879,0.5256,100.0,101.0,136.0,70.0,34.94,4
170,5.6723,19.3856,52.2227,0.8277,0.0107,5.2566,1.0,1.0,1.0,0.0611,0.2453,0.7438,0.3722,0.9361,0.4894,0.5256,137.0,132.0,198.0,71.0,35.5471,4
171,5.7057,19.1601,51.5881,0.9101,0.0119,6.0252,1.0,1.0,1.0,0.0604,0.2469,0.7422,0.3722,0.9361,0.4875,0.5247,138.0,134.0,200.0,71.0,34.9085,4
172,5.7391,18.8914,50.8357,1.0238,0.0134,6.9781,1.0,1.0,1.0,0.0599,0.2484,0.7391,0.3722,0.9361,0.4892,0.5242,137.0,133.0,189.0,71.0,33.7518,4
173,5.7724,18.5729,49.9191,1.1517,0.015,7.7298,1.0,1.0,1.0,0.0595,0.2516,0.7375,0.375,0.9361,0.4901,0.525,144.0,140.5,205.0,71.0,33.8501,4
174,5.8058,18.2109,48.8806,1.2972,0.0164,9.5593,1.0,1.0,1.0,0.0592,0.2547,0.7344,0.375,0.9361,0.4899,0.5235,148.0,145.0,217.0,71.0,33.9332,4
175,5.8392,17.7378,47.5632,1.553,0.0178,13.5706,1.0,1.0,1.0,0.0592,0.2578,0.7312,0.3778,0.9361,0.4885,0.5242,148.0,145.0,209.0,71.0,34.2076,4
176,5.8725,17.2062,46.0604,1.7644,0.0199,17.3339,1.0,1.0,1.0,0.0583,0.2609,0.7277,0.3778,0.9361,0.4904,0.5236,152.0,148.0,222.0,72.0,33.3015,4
177,5.9059,16.5048,44.0893,2.1736,0.0228,23.0702,1.0,1.0,1.0,0.0575,0.2672,0.7219,0.3806,0.9361,0.4891,0.5227,154.0,152.0,225.0,72.0,33.4615,4
178,5.9393,15.5837,41.4967,2.8144,0.026,34.2742,1.0,1.0,1.0,0.057,0.2734,0.7156,0.3833,0.9361,0.4902,0.5227,157.0,153.0,225.0,72.0,33.5863,4
179,5.9726,13.6597,36.0078,5.5117,0.0354,53.7405,1.0,1.0,1.0,0.0541,0.2776,0.7,0.3917,0.9361,0.4892,0.5208,159.0,157.0,235.0,73.0,34.5643,4
180,6.006,238.5792,213.4504,228.054,0.124,122.6948,253.0,253.0,253.0,0.1146,0.1406,0.8498,0.3611,0.9306,0.5011,0.5175,229.0,229.0,229.0,0.0,64.7626,5
181,6.0394,240.3795,216.95,15.7633,0.05,133.4134,253.0,253.0,253.0,0.1014,0.1641,0.8266,0.375,0.9306,0.5005,0.5153,233.0,233.0,233.0,0.0,69.5251,6
182,6.0727,241.1574,219.0905,11.0319,0.029,105.7774,253.0,253.0,253.0,0.0961,0.175,0.8156,0.3806,0.9306,0.5002,0.5152,237.0,237.0,237.0,0.0,71.3123,5
183,6.1061,241.7011,220.7202,8.1749,0.024,78.4562,253.0,253.0,253.0,0.0914,0.1812,0.8078,0.3833,0.9333,0.4989,0.5151,232.0,232.0,232.0,0.0,71.514,5
184,6.1395,242.1204,221.9774,6.3822,0.0205,60.9382,253.0,253.0,253.0,0.0884,0.1875,0.8031,0.3889,0.9333,0.5003,0.515,236.0,236.0,236.0,0.0,72.4997,6
185,6.1728,242.458,222.9895,5.1575,0.0188,47.9071,253.0,253.0,253.0,0.0855,0.1922,0.7984,0.3889,0.9333,0.5004,0.5148,236.0,236.0,236.0,0.0,74.1166,5
186,6.2062,242.7293,223.8029,4.2686,0.0173,38.2239,253.0,253.0,253.0,0.0837,0.1969,0.7938,0.3914,0.9333,0.4999,0.5147,240.0,240.0,240.0,0.0,75.7028,6
187,6.2396,242.9604,224.4952,3.5616,0.0156,30.9973,253.0,253.0,253.0,0.082,0.2,0.7906,0.3917,0.9333,0.5003,0.5147,236.0,236.0,236.0,0.0,74.058,5
188,6.2729,243.149,225.0602,3.0103,0.0144,24.7221,253.0,253.0,253.0,0.0808,0.2031,0.7875,0.3944,0.936,0.4999,0.5144,237.0,237.0,237.0,0.0,77.1836,5
189,6.3063,243.3096,225.5417,2.5418,0.0136,19.84,253.0,253.0,253.0,0.0789,0.2047,0.7859,0.3944,0.9361,0.4995,0.5145,239.0,239.0,239.0,0.0,76.7758,5
190,6.3397,243.4499,225.9622,2.161,0.0122,16.3811,253.0,253.0,253.0,0.0784,0.2078,0.7828,0.3972,0.9361,0.4994,0.5141,235.0,235.0,235.0,0.0,78.3286,5
191,6.373,243.5642,226.3046,1.8275,0.0112,13.4102,253.0,253.0,253.0,0.0773,0.2094,0.7812,0.3972,0.9361,0.4992,0.5143,238.0,238.0,238.0,0.0,77.0146,5
192,6.4064,243.6595,226.5902,1.5322,0.0102,10.055,253.0,253.0,253.0,0.0765,0.2109,0.7797,0.3972,0.9361,0.5009,0.5138,239.0,239.0,239.0,0.0,76.8335,5
193,6.4398,243.7396,226.8303,1.2795,0.0098,7.5082,253.0,253.0,253.0,0.0758,0.2125,0.7797,0.3972,0.9361,0.4982,0.5143,237.0,237.0,237.0,0.0,78.6843,5
194,6.4731,243.8062,227.0299,1.0573,0.0087,6.0579,253.0,253.0,253.0,0.0753,0.2125,0.7781,0.4,0.9361,0.4997,0.5135,242.0,242.0,242.0,0.0,80.0782,5
195,6.5065,243.8577,227.1844,0.8521,0.0072,4.7516,253.0,253.0,253.0,0.0749,0.2135,0.7766,0.4,0.9361,0.4987,0.514,240.0,240.0,240.0,0.0,78.5987,5
196,6.5399,243.911,227.3443,0.8178,0.0077,4.5642,253.0,253.0,253.0,0.0744,0.2141,0.7766,0.4,0.9361,0.5,0.5138,238.0,238.0,238.0,0.0,78.1306,5
197,6.5732,243.9693,227.5188,0.9478,0.0078,5.3658,253.0,253.0,253.0,0.0738,0.2156,0.775,0.4,0.9361,0.5001,0.5138,239.0,239.0,239.0,0.0,78.4442,6
198,6.6066,244.0417,227.7357,1.1009,0.0083,6.5982,253.0,253.0,253.0,0.073,0.2156,0.775,0.4,0.9361,0.4997,0.5141,240.0,240.0,240.0,0.0,77.9174,5
199,6.64,244.1275,227.9928,1.267,0.0087,8.6606,253.0,253.0,253.0,0.0733,0.2172,0.7734,0.4,0.9361,0.499,0.5139,238.0,238.0,238.0,0.0,79.7832,5
200,6.6733,244.2238,228.2815,1.4566,0.0092,11.2134,253.0,253.0,253.0,0.0726,0.2188,0.7719,0.4028,0.9361,0.4985,0.5143,239.0,239.0,239.0,0.0,80.1092,5
201,6.7067,244.3427,228.6381,1.6762,0.0095,13.1457,253.0,253.0,253.0,0.0714,0.2203,0.7703,0.4028,0.9361,0.4981,0.5134,244.0,244.0,244.0,0.0,80.0013,5
202,6.7401,244.4759,229.0374,1.9339,0.0107,16.0953,253.0,253.0,253.0,0.0701,0.2234,0.7672,0.4028,0.9361,0.4984,0.5135,244.0,244.0,244.0,0.0,80.1007,5
203,6.7734,244.6313,229.5033,2.228,0.0113,19.9193,253.0,253.0,253.0,0.0691,0.2255,0.7656,0.4028,0.9361,0.4993,0.5135,235.0,235.0,235.0,0.0,80.3708,5
204,6.8068,244.8154,230.0548,2.5936,0.0118,25.7293,253.0,253.0,253.0,0.0677,0.2297,0.7625,0.4028,0.9361,0.4998,0.5133,245.0,245.0,245.0,0.0,82.3078,5
205,6.8402,245.0311,230.7016,3.0382,0.0124,33.2656,253.0,253.0,253.0,0.0657,0.2328,0.7594,0.4056,0.9361,0.498,0.5134,242.0,242.0,242.0,0.0,81.8156,5
206,6.8735,245.2897,231.4769,3.6303,0.0137,42.8047,253.0,253.0,253.0,0.0637,0.2359,0.7547,0.4056,0.9361,0.4988,0.5136,243.0,243.0,243.0,0.0,83.1077,4
207,6.9069,245.614,232.4491,4.4325,0.0141,57.9484,253.0,253.0,253.0,0.0615,0.2422,0.7484,0.4074,0.9361,0.4985,0.513,240.0,240.0,240.0,0.0,86.5248,4
208,6.9403,246.0498,233.7552,5.6592,0.0154,82.7619,253.0,253.0,253.0,0.0577,0.25,0.7406,0.4083,0.9361,0.4975,0.5137,244.0,244.0,244.0,0.0,86.9624,4
209,6.9736,246.9581,236.4781,6.4426,0.021,104.7142,253.0,253.0,253.0,0.0504,0.2392,0.725,0.0612,0.9472,0.4978,0.5135,246.0,246.0,246.0,0.0,90.2989,4
210,7.007,21.4451,42.035,227.4439,0.0693,114.9877,1.0,1.0,5.0,0.0328,0.0547,0.6944,0.0361,0.9528,0.504,0.4655,76.0,76.0,131.0,125.0,36.402,1
211,7.0404,20.6485,40.8967,3.2386,0.0262,47.7314,1.0,1.0,5.0,0.0317,0.0547,0.7155,0.0472,0.9472,0.5036,0.4704,74.0,74.0,146.0,130.0,34.5422,1
212,7.0737,20.2861,40.524,2.4326,0.0188,22.5045,1.0,1.0,5.0,0.0266,0.05,0.7476,0.0528,0.9472,0.5071,0.4704,97.0,93.0,130.0,125.0,35.9388,3
213,7.1071,20.0605,40.2847,2.0071,0.0189,16.3888,1.0,1.0,5.0,0.0317,0.0547,0.7076,0.0528,0.9472,0.5009,0.4809,83.0,81.0,138.0,136.0,38.2493,2
214,7.1405,19.8874,40.1159,1.803,0.0141,18.6827,1.0,1.0,5.0,0.0322,0.0547,0.7013,0.0528,0.9472,0.5016,0.4904,77.0,75.0,133.0,123.0,37.9166,2
215,7.1738,19.8887,39.9914,1.8239,0.0136,19.3622,1.0,1.0,5.0,0.0305,0.0531,0.7206,0.0528,0.9472,0.5008,0.4993,86.0,83.0,143.0,121.0,41.8091,2
216,7.2072,19.7641,39.8927,1.5416,0.0118,13.8712,1.0,1.0,5.0,0.0284,0.0516,0.7391,0.0528,0.95,0.503,0.5019,87.0,81.0,138.0,130.0,45.2906,2
217,7.2406,19.6176,39.6543,1.0476,0.012,8.7935,1.0,1.0,5.0,0.0315,0.0539,0.7156,0.0528,0.9472,0.4995,0.5046,74.0,75.0,105.0,142.0,48.4931,3
218,7.2739,19.5584,39.6091,1.2961,0.0119,10.9835,1.0,1.0,5.0,0.0314,0.0537,0.7156,0.0528,0.9472,0.4974,0.5102,73.0,73.0,141.0,123.0,42.237,3
219,7.3073,19.5266,39.493,1.2427,0.0108,9.8964,1.0,1.0,5.0,0.0329,0.0547,0.7023,0.0528,0.9472,0.4969,0.5097,72.0,70.0,137.0,125.0,43.6113,3
220,7.3407,19.5593,39.3746,1.2525,0.0111,10.0234,1.0,1.0,5.0,0.031,0.0531,0.7219,0.0528,0.9472,0.5004,0.5139,87.0,83.0,136.5,113.0,48.1578,5
221,7.374,19.5044,39.2044,1.1718,0.0106,9.9658,1.0,1.0,5.0,0.0316,0.0545,0.7164,0.0528,0.9472,0.4992,0.5284,84.0,81.0,146.0,115.0,46.369,4
222,7.4074,19.4567,39.041,1.0074,0.0094,7.5296,1.0,1.0,5.0,0.0298,0.0531,0.7286,0.0528,0.9484,0.4998,0.5315,89.0,86.0,140.0,118.0,46.8561,5
223,7.4408,19.4276,38.9122,0.7817,0.0095,6.847,1.0,1.0,5.0,0.0312,0.0531,0.7157,0.0528,0.9472,0.5017,0.5514,84.0,82.0,151.5,124.0,49.2926,4
224,7.4741,19.4484,38.8011,0.9069,0.0082,6.178,1.0,1.0,5.0,0.0297,0.0523,0.7245,0.0528,0.9472,0.504,0.5475,101.0,95.0,146.0,113.0,51.0322,5
225,7.5075,19.726,38.7067,1.1007,0.0104,10.4218,1.0,1.0,5.0,0.0345,0.171,0.6837,0.0556,0.9472,0.5045,0.5537,80.0,79.0,112.0,89.0,63.8055,4
226,7.5409,19.7433,38.6525,0.987,0.0093,8.3382,1.0,1.0,5.0,0.0359,0.1734,0.6719,0.0556,0.9361,0.5024,0.5606,79.0,77.0,127.0,91.0,61.4249,4
227,7.5742,19.7777,38.6559,0.8925,0.0091,6.5236,1.0,1.0,5.0,0.0361,0.1738,0.6511,0.0556,0.9361,0.501,0.5624,77.0,75.0,130.0,88.0,59.6629,4
228,7.6076,19.8182,38.6572,0.8328,0.0062,6.0394,1.0,1.0,5.0,0.0361,0.1737,0.6683,0.0556,0.9361,0.5016,0.5666,72.0,73.0,138.0,94.0,58.2758,4
229,7.641,19.8625,38.6492,0.5787,0.0056,5.015,1.0,1.0,5.0,0.0372,0.1889,0.6625,0.0578,0.9361,0.5021,0.5604,70.0,72.0,143.0,99.0,56.2131,4
230,7.6743,20.0229,38.6623,0.7878,0.0055,7.7391,1.0,1.0,5.0,0.0375,0.1929,0.6516,0.0583,0.9361,0.5014,0.564,68.0,69.0,139.0,95.0,62.2868,4
231,7.7077,20.0548,38.6648,0.6897,0.0059,5.7287,1.0,1.0,5.0,0.0363,0.1757,0.6481,0.0556,0.9361,0.5016,0.5671,72.0,73.0,122.0,92.0,65.8421,4
232,7.7411,20.0782,38.6402,0.7119,0.0065,4.3038,1.0,1.0,5.0,0.0342,0.1688,0.6652,0.0556,0.9361,0.504,0.5679,83.0,81.0,133.0,85.0,66.1281,4
233,7.7744,20.0947,38.5994,0.7644,0.0065,5.2435,1.0,2.0,5.0,0.0355,0.173,0.652,0.0556,0.9361,0.5023,0.5641,79.0,77.0,131.0,102.0,65.1701,4
234,7.8078,20.0829,38.4892,0.81,0.0056,7.4002,1.0,2.0,5.0,0.0349,0.171,0.6494,0.0556,0.9361,0.5019,0.5703,80.0,79.0,126.0,93.5,64.1683,4
235,7.8412,20.0689,38.4148,0.6492,0.0051,6.3065,2.0,2.0,5.0,0.0331,0.0547,0.6625,0.0556,0.9361,0.5013,0.5697,79.0,77.0,130.0,84.0,63.753,4
236,7.8745,20.0286,38.2723,0.8689,0.0082,5.8642,2.0,2.0,6.0,0.0319,0.0539,0.6734,0.0528,0.9361,0.5037,0.5724,83.0,81.0,120.0,73.5,67.0754,4
237,7.9079,19.9672,38.0873,0.9082,0.0063,8.0805,2.0,2.0,6.0,0.0315,0.0531,0.6726,0.0528,0.9361,0.505,0.5791,96.0,91.0,118.0,66.0,71.4736,4
238,7.9413,19.8827,37.8871,0.953,0.0084,6.7474,2.0,2.0,6.0,0.0322,0.0547,0.6719,0.053,0.9361,0.5059,0.5703,80.0,81.0,108.0,69.0,71.7417,4
239,7.9746,19.758,37.6058,0.9885,0.0084,11.2471,2.0,2.0,6.0,0.0332,0.0547,0.6625,0.0556,0.9361,0.5018,0.5638,77.0,77.0,110.0,78.0,68.9121,4
240,8.008,19.8092,37.4187,1.7971,0.0099,10.6142,2.0,2.0,6.0,0.0343,0.172,0.651,0.0556,0.9361,0.501,0.5602,66.0,69.0,126.5,89.0,63.288,4
241,8.0414,19.707,37.2621,0.9771,0.0078,10.5443,2.0,2.0,6.0,0.0331,0.1688,0.6531,0.0556,0.9361,0.5004,0.5579,73.0,75.0,125.0,90.0,66.4238,4
242,8.0747,19.5355,36.9449,1.4893,0.0104,11.2414,2.0,2.0,6.0,0.0329,0.1688,0.6543,0.0556,0.9361,0.5017,0.5631,77.0,76.0,140.0,96.0,67.1614,4
243,8.1081,19.3521,36.6293,1.3927,0.0101,14.1418,2.0,2.0,6.0,0.0307,0.0541,0.6724,0.0528,0.9361,0.5018,0.5663,80.0,79.0,119.0,86.0,65.1071,4
244,8.1415,19.1636,36.3201,1.5318,0.0103,14.6695,2.0,2.0,6.0,0.0293,0.0531,0.6855,0.0528,0.9361,0.5051,0.5596,94.0,88.0,119.0,69.0,71.5888,4
245,8.1748,18.9526,35.9658,1.6196,0.0139,18.1677,2.0,2.0,6.0,0.0325,0.1562,0.6635,0.0552,0.9361,0.5011,0.5544,71.0,70.0,123.0,79.0,67.8207,4
246,8.2082,18.6916,35.5246,1.8946,0.0147,22.2817,2.0,2.0,6.0,0.0318,0.0547,0.6625,0.0534,0.9361,0.5037,0.5575,76.0,76.0,138.0,90.0,67.9903,4
247,8.2416,18.4038,35.1689,1.9085,0.0134,24.9666,2.0,2.0,6.0,0.0279,0.0521,0.6928,0.0528,0.9361,0.5052,0.5695,94.0,93.0,124.0,63.0,71.0538,4
248,8.2749,17.9606,34.5658,2.5864,0.0198,35.5914,2.0,2.0,6.0,0.0299,0.0531,0.6816,0.0528,0.9361,0.5024,0.5592,79.0,79.0,143.0,86.0,64.465,4
249,8.3083,17.1255,33.4383,3.5396,0.0249,56.5857,2.0,2.0,6.0,0.0285,0.0531,0.6813,0.0528,0.9361,0.5033,0.5595,83.0,83.0,140.0,78.0,64.2764,4
250,8.3417,8.8121,10.5446,15.159,0.0337,66.2239,2.0,2.0,6.0,0.0086,0.0312,0.9503,0.0444,0.9447,0.491,0.4979,122.0,118.0,175.0,80.0,38.9933,4
251,8.375,8.7844,10.3102,0.4306,0.0013,5.4028,2.0,2.0,8.0,0.0074,0.0297,0.9532,0.0444,0.9472,0.4889,0.4961,95.0,96.0,97.5,80.0,36.6606,5
252,8.4084,8.7909,10.171,0.567,0.0008,4.6423,2.0,2.0,8.0,0.0073,0.0295,0.9533,0.0444,0.9472,0.4891,0.4954,94.0,95.0,95.0,86.0,41.4509,4
253,8.4418,10.1956,14.2351,2.5648,0.0116,71.8859,3.0,2.0,8.0,0.0148,0.0375,0.9328,0.0472,0.9361,0.4934,0.491,151.0,148.0,238.0,96.0,34.9452,4
254,8.4751,11.493,17.8078,3.2315,0.0152,75.8494,3.0,2.0,8.0,0.0214,0.0469,0.8012,0.05,0.9306,0.4888,0.5031,150.0,147.0,243.0,100.0,32.7625,4
255,8.5085,12.6165,20.8989,3.2316,0.0139,81.1164,3.0,2.0,8.0,0.027,0.0516,0.6707,0.05,0.8535,0.4984,0.5045,154.0,152.0,229.0,93.0,33.9097,5
256,8.5419,13.6526,23.6508,4.0717,0.0144,99.658,3.0,3.0,8.0,0.0302,0.0531,0.6083,0.0528,0.6259,0.4989,0.5043,162.0,160.0,238.0,83.0,34.5213,5
257,8.5752,13.8645,24.0768,0.6536,0.0037,5.5194,3.0,3.0,8.0,0.0296,0.0531,0.6016,0.0528,0.6222,0.4977,0.5037,171.0,169.0,242.0,77.0,34.9651,5
258,8.6086,13.9417,24.0667,0.8337,0.0044,5.9577,3.0,3.0,8.0,0.029,0.0531,0.6068,0.0528,0.5889,0.4953,0.5015,174.0,173.0,235.0,71.0,38.0752,4
259,8.642,16.0492,29.8961,5.3232,0.0231,92.1466,3.0,3.0,8.0,0.037,0.2131,0.6375,0.0531,0.5861,0.496,0.503,178.0,178.0,243.0,68.0,35.7414,4
260,8.6753,16.2369,30.1617,0.612,0.0031,3.5616,3.0,3.0,9.0,0.0355,0.1949,0.6359,0.0528,0.5861,0.4952,0.5027,183.0,182.0,246.0,65.0,34.5762,4
261,8.7087,16.4466,30.4625,0.6592,0.0028,3.4873,3.0,3.0,9.0,0.0358,0.198,0.6359,0.0528,0.5861,0.4946,0.5027,186.0,186.0,245.0,62.0,36.4258,4
262,8.7421,16.6641,30.7079,0.79,0.0042,4.5178,3.0,3.0,9.0,0.0356,0.2003,0.6344,0.0528,0.5833,0.4938,0.5027,188.0,188.0,246.0,60.0,37.4172,4
263,8.7754,16.8855,30.9453,1.0273,0.0051,7.1608,3.0,3.0,9.0,0.0358,0.2111,0.6328,0.0528,0.5833,0.4932,0.5026,189.0,189.0,245.0,58.0,37.5941,4
264,8.8088,17.0633,31.1569,1.1287,0.0063,12.7789,3.0,3.0,9.0,0.035,0.1948,0.6297,0.0528,0.5833,0.4904,0.5027,192.0,192.0,245.0,56.0,37.5054,4
265,8.8422,17.3244,31.4468,1.6101,0.0078,23.142,3.0,3.0,9.0,0.0349,0.1973,0.6266,0.0528,0.5833,0.4876,0.5025,193.0,193.0,246.0,56.0,37.4494,4
266,8.8755,17.5359,31.6693,1.9588,0.0081,37.5653,3.0,3.0,9.0,0.0354,0.2056,0.6219,0.0528,0.5833,0.483,0.5021,193.0,193.0,245.0,55.0,38.9981,4
267,8.9089,17.7632,31.9127,2.6878,0.0084,57.768,3.0,3.0,9.0,0.0353,0.2037,0.6156,0.0528,0.5833,0.4779,0.502,194.5,194.0,244.0,53.0,39.7142,4
268,8.9423,17.994,32.1756,3.798,0.0107,85.0191,3.0,3.0,9.0,0.035,0.1986,0.6062,0.0528,0.5833,0.4689,0.502,194.0,195.0,245.0,53.0,39.3812,4
269,8.9756,18.2316,32.4453,4.7895,0.0192,62.6796,3.0,3.0,9.0,0.0351,0.1949,0.5828,0.0528,0.5833,0.4455,0.5021,195.0,195.0,246.0,53.0,39.6591,4
270,9.009,0.5129,0.0,20.7794,0.0355,8.1474,0.0,0.0,0.0,0.0016,0.025,0.9707,0.0444,0.9528,0.4575,0.6586,66.0,66.0,66.0,0.0,117.232,3
271,9.0424,0.7529,0.7203,0.3231,0.0035,0.0485,0.0,0.0,0.0,0.0052,0.0266,0.9611,0.0444,0.9528,0.4169,0.5523,38.0,34.0,96.0,165.0,45.8572,4
272,9.0757,0.9582,1.3357,0.6181,0.0077,26.5118,0.0,0.0,0.0,0.0096,0.0312,0.945,0.0444,0.9528,0.387,0.5297,66.0,62.0,123.0,163.0,39.3555,5
273,9.1091,1.0988,1.7572,0.8332,0.0068,49.2625,0.0,0.0,0.0,0.0116,0.0325,0.9383,0.0472,0.9528,0.3664,0.5258,65.0,63.0,73.0,165.0,40.7758,4
274,9.1425,1.1892,2.0281,0.9598,0.0062,53.8105,0.0,0.0,0.0,0.0119,0.0328,0.9367,0.0472,0.9528,0.35,0.525,65.0,65.0,72.0,157.0,43.7338,4
275,9.1758,2.5575,6.1299,1.8818,0.0081,102.8513,0.0,0.0,0.0,0.0171,0.0391,0.9172,0.0472,0.9528,0.3985,0.5193,41.0,40.0,100.0,0.0,58.1199,4
276,9.2092,2.8242,6.9299,1.4803,0.0113,50.15,0.0,0.0,0.0,0.0227,0.0469,0.8099,0.05,0.9528,0.4231,0.5164,68.0,65.0,101.0,0.0,53.0515,4
277,9.2426,2.9931,7.4363,1.569,0.0094,46.5724,0.0,0.0,0.0,0.0246,0.0484,0.8006,0.05,0.9528,0.4206,0.5155,67.0,66.0,75.0,0.0,54.6263,4
278,9.2759,3.0825,7.7043,1.5327,0.0094,41.7094,0.0,0.0,0.0,0.0248,0.0484,0.7998,0.05,0.9528,0.4103,0.5159,63.0,62.0,76.0,119.0,53.0892,4
279,9.3093,3.8182,9.9104,1.6381,0.0119,23.6004,0.0,0.0,0.0,0.0316,0.0531,0.8203,0.0528,0.95,0.4745,0.5137,101.0,97.0,108.0,0.0,51.3818,4
280,9.3427,4.8593,13.0312,2.4414,0.0114,51.3882,0.0,0.0,0.0,0.035,0.1698,0.8047,0.0528,0.95,0.4929,0.513,66.0,63.0,101.0,0.0,58.8126,4
281,9.376,4.9867,13.4127,1.7042,0.0097,31.2278,0.0,0.0,0.0,0.0366,0.1734,0.7922,0.0528,0.95,0.496,0.5126,68.0,67.0,75.0,0.0,58.8821,4
282,9.4094,5.0537,13.6137,1.8098,0.009,34.322,0.0,0.0,0.0,0.0375,0.1766,0.7844,0.0528,0.95,0.4971,0.5126,65.5,63.0,74.0,0.0,58.9021,4
283,9.4428,5.0941,13.7348,1.8159,0.0079,35.4053,0.0,0.0,0.0,0.0374,0.1766,0.7766,0.0528,0.95,0.4913,0.5125,66.0,65.0,72.0,0.0,60.5272,4
284,9.4761,5.122,13.8182,1.5294,0.0084,26.2968,0.0,0.0,0.0,0.037,0.1741,0.7703,0.0528,0.95,0.489,0.5126,63.0,63.0,72.0,0.0,58.7918,4
285,9.5095,6.3227,17.4175,1.7468,0.0072,29.9183,0.0,0.0,0.0,0.0384,0.1854,0.7688,0.0528,0.95,0.4929,0.5124,67.0,67.0,67.0,0.0,69.9864,4
286,9.5429,6.3235,17.4202,0.6949,0.0055,5.8282,0.0,0.0,0.0,0.0382,0.1822,0.7672,0.0528,0.95,0.4897,0.5124,65.0,65.0,65.0,0.0,70.8318,4
287,9.5762,6.3213,17.4135,0.594,0.0054,4.9087,0.0,0.0,0.0,0.0383,0.1832,0.7672,0.0528,0.95,0.4917,0.5125,66.0,66.0,66.0,0.0,69.9456,4
288,9.6096,6.3256,17.4263,0.5093,0.0051,3.3667,0.0,0.0,0.0,0.0381,0.1801,0.7672,0.0528,0.95,0.4894,0.5125,66.0,66.0,66.0,0.0,69.7826,4
289,9.643,6.326,17.4274,0.4185,0.0041,3.65,0.0,0.0,0.0,0.0382,0.1814,0.7656,0.0528,0.95,0.4895,0.5124,66.0,66.0,66.0,0.0,70.7625,4
290,9.6763,6.3249,17.4241,0.3542,0.0035,3.4,0.0,0.0,0.0,0.0382,0.1811,0.7656,0.0528,0.95,0.4902,0.5125,66.0,66.0,66.0,0.0,69.9604,4
291,9.7097,6.3265,17.429,0.3617,0.0035,3.1886,0.0,0.0,0.0,0.0381,0.1804,0.7656,0.0528,0.95,0.4884,0.5124,67.0,67.0,67.0,0.0,69.0531,4
292,9.7431,6.3267,17.4296,0.4894,0.0049,3.9494,0.0,0.0,0.0,0.0383,0.184,0.7641,0.0528,0.95,0.4875,0.5124,67.0,67.0,67.0,0.0,70.5921,4
293,9.7764,6.3247,17.4236,0.6556,0.0056,5.5018,0.0,0.0,0.0,0.0381,0.1804,0.7641,0.0528,0.95,0.4875,0.5125,66.0,66.0,66.0,0.0,69.1455,4
294,9.8098,6.3266,17.4293,0.8749,0.006,9.986,0.0,0.0,0.0,0.0383,0.1848,0.7625,0.0528,0.95,0.4867,0.5125,68.0,68.0,68.0,0.0,70.3388,4
295,9.8432,6.3281,17.4336,1.1822,0.0063,17.3652,0.0,0.0,0.0,0.0383,0.1838,0.7609,0.0528,0.95,0.4851,0.5124,68.0,68.0,68.0,0.0,70.0026,4
296,9.8765,6.3265,17.4289,1.6479,0.007,29.2375,0.0,0.0,0.0,0.0382,0.1808,0.7594,0.0528,0.95,0.4836,0.5125,66.0,66.0,66.0,0.0,69.195,4
297,9.9099,6.3256,17.4263,2.3486,0.0079,48.5418,0.0,0.0,0.0,0.0382,0.1823,0.7562,0.0528,0.95,0.4813,0.5125,67.0,67.0,67.0,0.0,69.7731,4
298,9.9433,6.3295,17.4382,3.5683,0.0091,82.5845,0.0,0.0,0.0,0.0382,0.1817,0.7516,0.0528,0.95,0.4769,0.5125,67.0,67.0,67.0,0.0,69.59,4
299,9.9766,6.3291,17.4366,4.7768,0.0128,104.8826,0.0,0.0,0.0,0.0383,0.1844,0.7402,0.0528,0.95,0.4632,0.5124,67.0,67.0,67.0,0.0,70.9163,4
300,10.01,1.9197,4.225,5.5718,0.0259,111.9927,0.0,0.0,0.0,0.0212,0.0438,0.7988,0.05,0.9528,0.4173,0.5195,61.0,60.0,66.0,152.0,41.0986,4
301,10.0434,1.9199,4.226,1.7905,0.0109,55.9808,0.0,0.0,0.0,0.0214,0.0438,0.7978,0.05,0.9528,0.4027,0.5193,62.0,61.0,67.0,151.0,41.2463,4
302,10.0767,1.9327,4.2644,1.7374,0.0072,73.2556,0.0,0.0,0.0,0.0213,0.0438,0.798,0.05,0.9528,0.3951,0.5194,62.0,61.0,69.0,151.0,40.5995,4
303,10.1101,1.93,4.2566,1.4349,0.0059,58.0861,0.0,0.0,0.0,0.0217,0.0439,0.7953,0.05,0.9528,0.3909,0.5193,62.0,61.0,70.0,149.0,40.7265,4
304,10.1435,3.3788,8.5994,3.1715,0.0186,54.1018,0.0,0.0,0.0,0.0344,0.1688,0.7375,0.0528,0.95,0.4753,0.5143,56.0,55.0,63.0,0.0,55.3773,4
305,10.1768,3.6035,9.2731,3.2298,0.0087,82.8004,0.0,0.0,0.0,0.0341,0.1117,0.7359,0.0528,0.95,0.4646,0.5147,48.0,46.0,60.0,0.0,61.3423,4
306,10.2102,3.7499,9.712,2.1863,0.0083,49.8918,0.0,0.0,0.0,0.0346,0.1688,0.7359,0.0528,0.95,0.4646,0.5146,55.0,55.0,63.0,0.0,60.8206,4
307,10.2436,3.8862,10.1203,1.9239,0.0081,41.8885,0.0,0.0,0.0,0.0346,0.1688,0.7328,0.0528,0.95,0.4627,0.5145,53.0,49.0,66.0,0.0,61.0477,4
308,10.2769,4.9189,12.469,3.2273,0.015,40.4307,0.0,0.0,0.0,0.0429,0.208,0.8531,0.0583,0.9472,0.5213,0.513,49.0,35.0,61.0,0.0,64.7692,4
309,10.3103,4.9178,12.5568,1.8399,0.0087,29.8181,0.0,0.0,0.0,0.0427,0.2054,0.8484,0.0583,0.9472,0.5187,0.5128,53.0,38.0,61.0,0.0,64.5673,4
310,10.3437,5.207,13.4654,2.3986,0.0079,43.2773,0.0,0.0,0.0,0.0431,0.2105,0.8469,0.0593,0.9472,0.5157,0.5126,53.0,37.0,60.0,0.0,69.2109,4
311,10.377,5.2086,13.4963,1.4859,0.0072,22.5986,0.0,0.0,0.0,0.043,0.2098,0.8469,0.0587,0.9472,0.5141,0.5125,58.0,46.0,61.0,0.0,69.285,4
312,10.4104,5.2207,13.5157,1.3237,0.0068,18.3586,0.0,0.0,0.0,0.0433,0.2114,0.8469,0.0602,0.9472,0.5141,0.5124,55.0,41.0,62.0,0.0,68.7592,4
313,10.4438,5.1909,13.4411,1.1872,0.0069,15.0,0.0,0.0,0.0,0.0428,0.2074,0.8453,0.0583,0.9472,0.5115,0.5125,48.0,44.0,62.0,0.0,68.4792,4
314,10.4771,5.0655,13.1984,1.1122,0.0071,12.7401,0.0,0.0,0.0,0.0432,0.2109,0.8438,0.0597,0.9472,0.5122,0.5124,48.0,46.0,61.0,0.0,68.3883,4
315,10.5105,5.426,14.4551,1.412,0.0063,19.8227,0.0,0.0,0.0,0.0431,0.2104,0.8406,0.0592,0.9472,0.5096,0.5124,35.0,35.0,47.0,0.0,78.4465,4
316,10.5439,5.5937,14.8264,0.9939,0.0061,10.2274,0.0,0.0,0.0,0.0432,0.2109,0.8422,0.0597,0.9472,0.511,0.5125,47.0,47.0,59.0,0.0,76.4292,4
317,10.5772,5.6704,15.0512,0.8277,0.006,7.8513,0.0,0.0,0.0,0.0435,0.2125,0.8406,0.0611,0.9472,0.5111,0.5124,51.0,45.0,60.0,0.0,78.0266,4
318,10.6106,5.6889,15.1638,0.7046,0.0056,6.2856,0.0,0.0,0.0,0.0431,0.2102,0.8391,0.0591,0.9472,0.5085,0.5127,56.0,46.0,60.0,0.0,76.5614,4
319,10.644,5.6859,15.1768,0.5601,0.005,4.8134,0.0,0.0,0.0,0.0432,0.2112,0.8359,0.0599,0.9472,0.507,0.5126,55.0,40.0,56.0,0.0,78.075,4
320,10.6773,5.6956,15.1986,0.4417,0.0037,4.4264,0.0,0.0,0.0,0.0432,0.2108,0.8359,0.0596,0.9472,0.5068,0.5126,55.0,34.0,56.0,0.0,79.1697,4
321,10.7107,5.6749,15.2206,0.4931,0.004,4.809,0.0,0.0,0.0,0.043,0.2099,0.8344,0.0588,0.9472,0.5062,0.5127,55.0,40.5,59.0,0.0,77.0398,4
322,10.7441,5.6764,15.2954,0.6742,0.0058,5.6329,0.0,0.0,0.0,0.0434,0.2125,0.8312,0.0611,0.9472,0.5071,0.5126,53.0,41.0,59.0,0.0,77.3889,4
323,10.7774,5.6411,15.2804,0.9165,0.006,9.7,0.0,0.0,0.0,0.0433,0.2117,0.8266,0.0604,0.9472,0.5055,0.5126,45.0,41.0,59.0,0.0,77.0382,4
324,10.8108,5.5052,14.9381,1.1984,0.0067,13.7125,0.0,0.0,0.0,0.0432,0.2109,0.8219,0.0597,0.9472,0.5037,0.5126,41.0,40.0,56.0,0.0,78.1841,4
325,10.8442,5.464,14.8281,1.4207,0.0065,20.8779,0.0,0.0,0.0,0.0433,0.2119,0.8206,0.0606,0.9472,0.5034,0.5125,44.0,42.0,56.0,0.0,77.547,4
326,10.8775,5.6181,15.2461,2.0351,0.0077,33.7027,0.0,0.0,0.0,0.0435,0.2125,0.825,0.0611,0.9472,0.5024,0.5125,46.0,42.0,60.0,0.0,77.1044,4
327,10.9109,5.6734,15.3815,2.716,0.0083,50.919,0.0,0.0,0.0,0.0434,0.2094,0.8266,0.0609,0.9472,0.4985,0.5125,52.0,38.0,59.0,0.0,78.0189,4
328,10.9443,5.6699,15.3903,4.0192,0.0098,84.4402,0.0,0.0,0.0,0.0433,0.2047,0.8234,0.0606,0.9472,0.4939,0.5125,51.0,32.0,58.0,0.0,78.4067,4
329,10.9776,5.6701,15.4429,5.9121,0.0155,123.9192,0.0,0.0,0.0,0.0432,0.1938,0.8125,0.0597,0.9472,0.4823,0.5127,52.0,35.0,59.0,0.0,77.0274,4
330,11.011,251.2909,249.461,246.2574,0.0372,124.2664,253.0,253.0,253.0,0.0122,0.0328,0.9328,0.0472,0.9528,0.4057,0.5259,193.0,193.0,193.0,0.0,77.0496,4
331,11.0444,251.2917,249.4633,1.5704,0.006,92.0047,253.0,253.0,253.0,0.0121,0.0326,0.9328,0.0472,0.9528,0.3905,0.5258,194.0,194.0,194.0,0.0,77.2115,4
332,11.0777,251.2916,249.4632,1.6375,0.0039,122.9379,253.0,253.0,253.0,0.012,0.0324,0.9328,0.0472,0.9528,0.3831,0.5258,194.0,194.0,194.0,0.0,76.7339,4
333,11.1111,250.7435,247.8201,1.8362,0.0077,94.9669,253.0,253.0,253.0,0.0166,0.038,0.923,0.0472,0.9528,0.4051,0.5226,196.5,196.5,196.5,0.0,79.8489,4
334,11.1445,250.4769,247.0209,1.8187,0.0063,81.8431,253.0,253.0,253.0,0.0189,0.0406,0.8274,0.0472,0.9528,0.4147,0.5209,197.0,197.0,197.0,0.0,80.7542,4
335,11.1778,250.4783,247.0252,1.4739,0.0041,68.0379,253.0,253.0,253.0,0.0188,0.0406,0.8275,0.0472,0.9528,0.4095,0.5208,197.0,197.0,197.0,0.0,81.4674,4
336,11.2112,250.4759,247.0179,1.2137,0.0035,53.0457,253.0,253.0,253.0,0.0189,0.0406,0.8274,0.0472,0.9528,0.4072,0.5207,197.0,197.0,197.0,0.0,82.0894,4
337,11.2446,250.1848,246.1453,1.3227,0.0052,45.0801,253.0,253.0,253.0,0.0212,0.0434,0.8169,0.0472,0.9528,0.4189,0.5192,201.0,201.0,201.0,0.0,82.209,4
338,11.2779,250.1842,246.1435,0.9976,0.0035,36.3753,253.0,253.0,253.0,0.021,0.0426,0.8201,0.0472,0.9528,0.4169,0.5195,197.0,197.0,197.0,0.0,81.5596,5
339,11.3113,249.7738,244.9133,1.2867,0.0067,30.0606,253.0,253.0,253.0,0.0247,0.0484,0.8017,0.05,0.9528,0.4383,0.5174,222.0,222.0,222.0,0.0,81.4449,4
340,11.3447,249.7738,244.9132,0.9281,0.0033,28.0479,253.0,253.0,253.0,0.0248,0.0484,0.8013,0.05,0.9528,0.4366,0.5175,216.5,216.5,216.5,0.0,81.7163,4
341,11.378,249.5694,244.3007,1.0153,0.0048,22.6072,253.0,253.0,253.0,0.0266,0.05,0.7953,0.05,0.9528,0.4474,0.516,221.0,221.0,221.0,0.0,80.2867,4
342,11.4114,249.3793,243.7306,0.9619,0.0048,19.0726,253.0,253.0,253.0,0.0283,0.0504,0.7898,0.0528,0.9528,0.4578,0.5154,225.0,225.0,225.0,0.0,80.2807,4
343,11.4448,249.3795,243.7312,0.7419,0.0035,15.7804,253.0,253.0,253.0,0.0283,0.0505,0.7897,0.0528,0.9528,0.4576,0.5153,222.0,222.0,222.0,0.0,79.5337,4
344,11.4781,249.0889,242.86,1.1104,0.0068,15.3825,253.0,253.0,253.0,0.0302,0.0516,0.7773,0.0528,0.9528,0.4723,0.515,224.0,224.0,224.0,0.0,79.0047,4
345,11.5115,249.0893,242.8615,0.6017,0.004,8.8105,253.0,253.0,253.0,0.0305,0.0519,0.7758,0.0528,0.9528,0.4709,0.515,226.0,226.0,226.0,0.0,79.8581,4
346,11.5449,249.0886,242.8593,0.5145,0.0036,6.4895,253.0,253.0,253.0,0.0303,0.0516,0.7767,0.0528,0.9528,0.4706,0.5149,229.0,229.0,229.0,0.0,80.0153,4
347,11.5782,248.7974,241.9863,0.9169,0.0068,8.809,253.0,253.0,253.0,0.0328,0.0531,0.7578,0.0528,0.95,0.486,0.5146,224.0,224.0,224.0,0.0,81.2039,4
348,11.6116,248.9886,242.5595,0.5495,0.0048,3.9536,253.0,253.0,253.0,0.0309,0.0531,0.7734,0.0528,0.9523,0.4742,0.5151,216.0,216.0,216.0,0.0,79.8317,4
349,11.645,248.8277,242.0771,0.4474,0.0039,3.7795,253.0,253.0,253.0,0.0325,0.0531,0.7596,0.0528,0.95,0.483,0.5143,224.0,224.0,224.0,0.0,81.7984,4
350,11.6783,248.8278,242.0774,0.2518,0.0021,3.8779,253.0,253.0,253.0,0.0326,0.0531,0.7578,0.0528,0.95,0.4822,0.5143,223.0,223.0,223.0,0.0,81.0033,4
351,11.7117,248.5633,241.2846,0.4477,0.0037,3.1837,253.0,253.0,253.0,0.0344,0.0547,0.7548,0.0528,0.95,0.4964,0.5143,224.0,224.0,224.0,0.0,80.9049,4
352,11.7451,248.565,241.2897,0.1365,0.0014,1.9256,253.0,253.0,253.0,0.0343,0.0547,0.7561,0.0528,0.95,0.4972,0.5143,222.0,222.0,222.0,0.0,80.2858,4
353,11.7784,248.5639,241.2863,0.0845,0.0008,1.322,253.0,253.0,253.0,0.0343,0.0547,0.7557,0.0528,0.95,0.4976,0.5142,221.0,221.0,221.0,0.0,80.6382,4
354,11.8118,248.3712,240.7086,0.2122,0.0018,0.3689,253.0,253.0,253.0,0.036,0.1702,0.7547,0.0528,0.95,0.5087,0.5137,222.0,222.0,222.0,0.0,80.8432,4
355,11.8452,9.7923,21.0983,242.4487,0.0491,125.23,0.0,0.0,0.0,0.0748,0.0078,0.7516,0.4306,0.9333,0.3733,0.513,59.0,59.0,59.0,0.0,59.6093,4
356,11.8785,9.9085,22.242,10.195,0.0323,114.8531,0.0,0.0,0.0,0.076,0.0078,0.7531,0.4333,0.9333,0.389,0.5153,58.0,58.0,58.0,0.0,60.4705,5
357,11.9119,9.9095,22.2442,0.002,0.0,0.0212,0.0,0.0,0.0,0.076,0.0078,0.7531,0.4333,0.9333,0.3891,0.5153,58.0,58.0,58.0,0.0,60.5176,5
358,11.9453,9.9093,22.243,0.0017,0.0,0.0214,0.0,0.0,0.0,0.076,0.0078,0.7531,0.4333,0.9333,0.3891,0.5153,58.0,58.0,58.0,0.0,60.5075,5
359,11.9786,9.9572,22.552,9.5988,0.0288,97.7146,0.0,0.0,0.0,0.0762,0.0062,0.7531,0.4333,0.9333,0.3942,0.5151,61.0,61.0,61.0,0.0,59.6957,5
360,12.012,9.9577,22.5544,0.019,0.0002,0.1455,0.0,0.0,0.0,0.0762,0.0062,0.7531,0.4333,0.9333,0.3942,0.5152,61.0,61.0,61.0,0.0,59.7604,5
361,12.0454,9.9586,22.5569,0.0018,0.0,0.0129,0.0,0.0,0.0,0.0762,0.0062,0.7531,0.4333,0.9333,0.3942,0.5152,61.0,61.0,61.0,0.0,59.7745,5
362,12.0787,9.8302,22.0197,9.897,0.0302,102.196,0.0,0.0,0.0,0.0752,0.0078,0.7531,0.4361,0.9361,0.386,0.5151,53.0,53.0,53.0,0.0,60.8308,4
363,12.1121,9.8307,22.0207,0.0006,0.0,0.0071,0.0,0.0,0.0,0.0752,0.0078,0.7531,0.4361,0.9361,0.386,0.5151,53.0,53.0,53.0,0.0,60.8488,4
364,12.1455,9.5947,21.2405,8.9773,0.0343,91.298,0.0,0.0,0.0,0.073,0.0062,0.7297,0.4361,0.9361,0.3804,0.5149,59.0,59.0,59.0,0.0,61.0872,4
365,12.1788,9.7685,21.4129,10.0295,0.0349,110.2934,0.0,0.0,0.0,0.0742,0.0156,0.75,0.4361,0.9361,0.3785,0.5144,63.0,63.0,63.0,0.0,59.8302,4
366,12.2122,9.5047,20.5841,9.2713,0.0338,95.7506,0.0,0.0,0.0,0.0721,0.0078,0.7312,0.4361,0.9361,0.371,0.5139,60.0,60.0,60.0,0.0,59.1125,4
367,12.2456,9.5068,20.5912,0.0044,0.0,0.0199,0.0,0.0,0.0,0.0721,0.0078,0.7312,0.4361,0.9361,0.371,0.5138,60.0,60.0,60.0,0.0,59.1309,4
368,12.2789,9.6491,21.4084,10.4297,0.0337,107.8934,0.0,0.0,0.0,0.0735,0.0109,0.7547,0.4333,0.9361,0.3811,0.5131,59.0,59.0,59.0,0.0,58.4023,6
369,12.3123,9.7134,22.142,9.025,0.0333,94.2829,0.0,0.0,0.0,0.0738,0.0078,0.7547,0.4333,0.9361,0.3834,0.5138,58.0,58.0,58.0,0.0,59.3575,6
370,12.3457,9.7141,22.1439,0.0016,0.0,0.0158,0.0,0.0,0.0,0.0738,0.0078,0.7547,0.4333,0.9361,0.3834,0.5138,58.0,58.0,58.0,0.0,59.3698,6
371,12.379,9.7148,22.1456,0.0008,0.0,0.0106,0.0,0.0,0.0,0.0738,0.0078,0.7547,0.4333,0.9361,0.3834,0.5138,58.0,58.0,58.0,0.0,59.3857,6
372,12.4124,9.7149,22.1457,0.0004,0.0,0.0043,0.0,0.0,0.0,0.0738,0.0078,0.7547,0.4333,0.9361,0.3834,0.5138,58.0,58.0,58.0,0.0,59.3811,6
373,12.4458,9.7679,21.9996,8.2696,0.0322,79.085,0.0,0.0,0.0,0.0746,0.0078,0.7547,0.4333,0.9361,0.3891,0.5128,56.0,56.0,56.0,0.0,59.1768,6
374,12.4791,9.5464,21.2183,9.044,0.0371,84.8294,0.0,0.0,0.0,0.0726,0.025,0.7312,0.4333,0.9361,0.3786,0.5138,58.0,58.0,58.0,0.0,59.7326,4
375,12.5125,9.5472,21.22,0.0018,0.0,0.0192,0.0,0.0,0.0,0.0726,0.025,0.7312,0.4333,0.9361,0.3786,0.5138,58.0,58.0,58.0,0.0,59.7716,4
376,12.5459,9.5476,21.2206,0.0006,0.0,0.0077,0.0,0.0,0.0,0.0726,0.025,0.7312,0.4333,0.9361,0.3786,0.5138,58.0,58.0,58.0,0.0,59.7784,4
377,12.5792,9.5484,21.2226,0.0008,0.0,0.0089,0.0,0.0,0.0,0.0726,0.025,0.7312,0.4333,0.9361,0.3786,0.5138,58.0,58.0,58.0,0.0,59.7915,4
378,12.6126,9.683,20.654,8.7605,0.0352,83.0887,0.0,0.0,0.0,0.074,0.0078,0.7516,0.4361,0.9361,0.3758,0.5146,60.0,60.0,60.0,0.0,59.7521,4
379,12.646,9.6837,20.6563,0.0016,0.0,0.0186,0.0,0.0,0.0,0.074,0.0078,0.7516,0.4361,0.9361,0.3758,0.5146,60.0,60.0,60.0,0.0,59.7656,4
380,12.6793,9.8101,21.8117,10.019,0.0331,99.0107,0.0,0.0,0.0,0.0758,0.0062,0.7539,0.4333,0.9347,0.3817,0.5142,46.0,46.0,46.0,0.0,59.7199,5
381,12.7127,9.8102,21.8118,0.0019,0.0,0.021,0.0,0.0,0.0,0.0758,0.0062,0.7538,0.4333,0.9346,0.3817,0.5141,46.0,46.0,46.0,0.0,59.763,5
382,12.7461,9.8105,21.8129,0.0009,0.0,0.0117,0.0,0.0,0.0,0.0758,0.0062,0.7538,0.4333,0.9346,0.3817,0.5141,46.0,46.0,46.0,0.0,59.7878,5
383,12.7794,9.7675,21.4832,8.7426,0.0332,83.1358,0.0,0.0,0.0,0.0753,0.0062,0.7547,0.4333,0.9361,0.3813,0.5142,55.0,55.0,55.0,0.0,57.3952,5
384,12.8128,9.7674,21.4825,0.0016,0.0,0.0149,0.0,0.0,0.0,0.0753,0.0062,0.7547,0.4333,0.9361,0.3812,0.5142,55.0,55.0,55.0,0.0,57.3948,5
385,12.8462,9.7669,21.4808,0.0011,0.0,0.0102,0.0,0.0,0.0,0.0753,0.0062,0.7547,0.4333,0.9361,0.3813,0.5142,55.0,55.0,55.0,0.0,57.3943,5
386,12.8795,9.6413,21.0061,10.1182,0.0323,101.0873,0.0,0.0,0.0,0.0743,0.0078,0.75,0.4361,0.9361,0.3748,0.5145,46.0,46.0,46.0,0.0,59.8625,4
387,12.9129,9.6422,21.0077,0.0016,0.0,0.0182,0.0,0.0,0.0,0.0743,0.0078,0.75,0.4361,0.9361,0.3747,0.5145,46.0,46.0,46.0,0.0,59.8789,4
388,12.9463,9.4848,20.8528,8.3965,0.0334,80.6685,0.0,0.0,0.0,0.0724,0.0062,0.75,0.4361,0.9361,0.3758,0.5152,59.0,59.0,59.0,0.0,58.2935,4
389,12.9796,9.4855,20.8547,0.0016,0.0,0.0184,0.0,0.0,0.0,0.0725,0.0062,0.75,0.4361,0.9361,0.3758,0.5152,59.0,59.0,59.0,0.0,58.3281,4
390,13.013,9.4855,20.8546,0.0001,0.0,0.0016,0.0,0.0,0.0,0.0725,0.0062,0.75,0.4361,0.9361,0.3758,0.5152,59.0,59.0,59.0,0.0,58.3268,4
391,13.0464,9.4855,20.8546,0.0002,0.0,0.0017,0.0,0.0,0.0,0.0725,0.0062,0.75,0.4361,0.9361,0.3758,0.5152,59.0,59.0,59.0,0.0,58.3311,4
392,13.0797,9.4858,20.8549,0.0005,0.0,0.0052,0.0,0.0,0.0,0.0725,0.0062,0.75,0.4361,0.9361,0.3758,0.5152,59.0,59.0,59.0,0.0,58.3416,4
393,13.1131,9.4859,20.8551,0.0001,0.0,0.0001,0.0,0.0,0.0,0.0725,0.0062,0.75,0.4361,0.9361,0.3758,0.5152,59.0,59.0,59.0,0.0,58.3414,4
394,13.1465,9.4859,20.8551,0.0,0.0,0.0,0.0,0.0,0.0,0.0725,0.0062,0.75,0.4361,0.9361,0.3758,0.5152,59.0,59.0,59.0,0.0,58.3414,4
395,13.1798,0.5098,0.0,8.9788,0.0709,0.2198,0.0,0.0,0.0,0.0017,0.025,0.9706,0.0444,0.9528,0.4606,0.6616,66.0,66.0,66.0,0.0,118.5942,3
396,13.2132,0.5155,0.0171,0.007,0.0001,0.0052,0.0,0.0,0.0,0.0017,0.025,0.9704,0.0444,0.9528,0.4617,0.6566,66.0,66.0,66.0,0.0,118.1518,4
397,13.2466,0.531,0.0636,0.0204,0.0001,2.3629,0.0,0.0,0.0,0.0018,0.025,0.9703,0.0444,0.9528,0.4635,0.6492,67.0,66.0,67.0,0.0,117.4171,4
398,13.2799,0.5379,0.0843,0.026,0.0001,2.9394,0.0,0.0,0.0,0.0019,0.025,0.9703,0.0444,0.9528,0.4651,0.6424,66.5,66.0,67.0,0.0,114.0373,4
399,13.3133,0.627,0.3513,0.1038,0.0003,7.9549,0.0,0.0,0.0,0.0022,0.025,0.9702,0.0444,0.9528,0.4702,0.6212,72.0,69.0,72.0,0.0,103.6281,4
400,13.3467,0.6896,0.5389,0.1082,0.0005,6.3204,0.0,0.0,0.0,0.0026,0.025,0.9676,0.0444,0.9528,0.4735,0.6049,75.0,73.0,75.0,0.0,94.1202,4
401,13.38,0.6729,0.4889,0.1005,0.0005,8.512,0.0,0.0,0.0,0.0025,0.025,0.9678,0.0444,0.9528,0.4723,0.6069,75.0,74.0,75.0,0.0,95.6832,4
402,13.4134,0.8744,1.0928,0.2223,0.0009,17.9651,0.0,0.0,0.0,0.0032,0.0257,0.9665,0.0444,0.9528,0.4781,0.5821,90.0,75.0,96.0,0.0,81.377,4
403,13.4468,0.9854,1.4257,0.1534,0.0008,14.1308,0.0,0.0,0.0,0.0036,0.0266,0.9656,0.0444,0.9528,0.4815,0.5743,96.0,82.0,97.0,0.0,77.3042,4
404,13.4801,1.1545,1.9326,0.1912,0.0013,15.0261,0.0,0.0,0.0,0.0039,0.0266,0.9655,0.0444,0.9528,0.4841,0.5677,100.0,93.0,101.0,0.0,74.5573,4
405,13.5135,0.7098,0.5994,0.9969,0.0045,0.0,0.0,0.0,0.0,0.0038,0.0266,0.9656,0.0444,0.9528,0.3437,0.5687,69.0,69.0,72.0,153.0,63.0276,6
406,13.5469,0.8797,1.1089,0.716,0.0046,0.0,0.0,0.0,0.0,0.004,0.0266,0.9647,0.0444,0.9528,0.322,0.5658,73.0,73.0,75.0,153.0,63.8886,6
407,13.5802,1.1862,2.0226,1.0485,0.0113,19.411,0.0,0.0,0.0,0.0115,0.032,0.9438,0.0472,0.9528,0.3254,0.5266,45.0,45.0,109.0,150.0,33.4198,4
408,13.6136,1.4298,2.6772,1.2817,0.011,42.4148,0.0,0.0,0.0,0.0142,0.0375,0.925,0.0472,0.9528,0.3112,0.5231,70.0,67.0,129.0,151.0,37.616,4
409,13.647,1.6242,2.7798,1.4918,0.0106,55.7961,0.0,0.0,0.0,0.0167,0.0391,0.9188,0.0472,0.9528,0.2929,0.5207,63.0,62.0,68.0,151.0,40.0455,4
410,13.6803,2.6599,5.6392,2.0615,0.0057,96.1176,0.0,0.0,0.0,0.0176,0.0391,0.8716,0.0472,0.9528,0.2876,0.5199,63.0,62.0,66.0,0.0,71.7884,4
411,13.7137,2.8689,6.1821,1.6021,0.0122,52.1067,0.0,0.0,0.0,0.0255,0.0484,0.7953,0.05,0.9528,0.359,0.5155,48.0,47.0,102.0,0.0,55.4642,4
412,13.7471,3.0653,6.6986,1.6981,0.0111,43.7828,0.0,0.0,0.0,0.0285,0.0516,0.7772,0.0516,0.9528,0.3665,0.5144,65.0,63.0,74.0,0.0,55.4278,4
413,13.7804,3.1958,7.1872,1.8293,0.0104,44.9474,0.0,0.0,0.0,0.0314,0.0531,0.7578,0.0528,0.95,0.3703,0.514,53.0,52.5,61.0,0.0,56.9011,4
414,13.8138,3.5879,8.2804,1.6434,0.0062,26.2293,0.0,0.0,0.0,0.0314,0.0531,0.7688,0.0528,0.95,0.3687,0.5138,48.5,48.0,59.0,0.0,55.6614,4
415,13.8472,4.749,11.0465,2.5542,0.0162,42.2701,0.0,0.0,0.0,0.0407,0.125,0.8625,0.0556,0.9472,0.4501,0.5119,45.0,45.0,93.0,0.0,62.4557,4
416,13.8805,4.6215,11.4707,2.1838,0.0154,26.3869,0.0,0.0,0.0,0.0437,0.1184,0.8484,0.0583,0.9472,0.468,0.5118,59.0,59.0,67.0,0.0,60.5735,4
417,13.9139,4.8612,11.8974,2.0929,0.0131,29.5389,0.0,0.0,0.0,0.0459,0.1188,0.8375,0.0583,0.9472,0.4761,0.5117,55.0,54.0,61.0,0.0,60.6022,4
418,13.9473,5.0355,12.4032,2.2232,0.0108,33.683,0.0,0.0,0.0,0.0475,0.1188,0.8312,0.0611,0.9472,0.4794,0.5114,42.0,39.0,60.0,0.0,60.187,4
419,13.9806,5.0707,12.6044,2.003,0.0096,30.1513,0.0,0.0,0.0,0.0488,0.1203,0.8275,0.0611,0.9472,0.4802,0.5112,30.0,26.0,55.0,0.0,61.9607,4
420,14.014,6.0798,16.001,2.195,0.0081,32.5796,0.0,0.0,0.0,0.0493,0.1234,0.825,0.0611,0.9455,0.4851,0.5111,22.0,22.0,40.0,0.0,75.7614,4
421,14.0474,6.2489,16.0157,1.0846,0.0066,10.1997,0.0,0.0,0.0,0.0496,0.1219,0.825,0.0611,0.9444,0.4815,0.5108,32.0,26.0,53.0,0.0,75.1563,4
422,14.0807,6.3858,16.0356,0.9519,0.0065,7.7685,0.0,0.0,0.0,0.05,0.1203,0.8234,0.0615,0.9432,0.4792,0.5107,45.5,31.0,58.0,0.0,75.7468,4
423,14.1141,6.4387,16.0653,0.745,0.0057,6.4576,0.0,0.0,0.0,0.0499,0.1172,0.8234,0.0611,0.9444,0.4792,0.5107,47.0,26.0,54.0,0.0,75.9232,4
424,14.1475,6.4395,16.0657,0.6016,0.0054,4.4145,0.0,0.0,0.0,0.0495,0.1172,0.8219,0.0611,0.9444,0.4796,0.5108,47.0,24.0,53.0,0.0,74.5961,4
425,14.1808,6.453,16.0694,0.4824,0.0042,3.8868,0.0,0.0,0.0,0.0498,0.1172,0.8219,0.0611,0.9444,0.479,0.5107,49.0,30.0,53.0,0.0,76.2108,4
426,14.2142,6.423,16.0678,0.5156,0.0039,4.7906,0.0,0.0,0.0,0.0498,0.1172,0.8219,0.0611,0.9444,0.4784,0.5107,46.0,26.0,46.0,0.0,76.5549,4
427,14.2476,6.4046,16.065,0.6543,0.0057,4.5083,0.0,0.0,0.0,0.0495,0.1172,0.8219,0.0611,0.9444,0.4783,0.5108,49.0,23.0,51.0,0.0,74.768,4
428,14.2809,6.3976,16.062,0.8671,0.0059,7.1621,0.0,0.0,0.0,0.0499,0.1172,0.8203,0.0611,0.9444,0.4779,0.5108,46.0,23.0,45.0,0.0,77.3191,4
429,14.3143,6.388,16.0553,1.14,0.0062,11.8588,0.0,0.0,0.0,0.0495,0.1172,0.8188,0.0611,0.9444,0.4774,0.5108,48.5,23.0,52.0,0.0,75.5079,4
430,14.3477,6.3505,16.0357,1.5385,0.0073,18.5678,0.0,0.0,0.0,0.0495,0.1159,0.8172,0.0611,0.9444,0.4754,0.5108,42.0,25.0,52.0,0.0,75.0086,4
431,14.381,6.3017,16.0138,2.1004,0.008,30.4624,0.0,0.0,0.0,0.05,0.1172,0.8156,0.0614,0.9435,0.4729,0.5107,35.0,25.0,48.0,0.0,76.9756,4
432,14.4144,6.1961,16.0017,3.0316,0.0092,49.8972,0.0,0.0,0.0,0.0499,0.1188,0.8125,0.0611,0.9444,0.4706,0.5108,28.0,27.0,48.0,0.0,76.2655,4
433,14.4478,6.0737,15.9895,4.564,0.0106,83.1946,0.0,0.0,0.0,0.0494,0.1203,0.8078,0.0611,0.9449,0.4689,0.5109,22.0,22.0,41.0,0.0,76.2962,5
434,14.4811,6.2462,15.6271,6.7954,0.0169,122.3323,0.0,0.0,0.0,0.0491,0.0938,0.7969,0.0611,0.9467,0.4572,0.5109,39.5,20.0,47.0,0.0,75.0227,4
435,14.5145,0.5097,0.0,5.8649,0.0475,0.125,0.0,0.0,0.0,0.0016,0.025,0.9706,0.0444,0.9528,0.4591,0.6625,66.0,66.0,66.0,0.0,118.0842,3
436,14.5479,0.7196,0.629,0.2679,0.0005,0.0,0.0,0.0,0.0,0.0021,0.025,0.9703,0.0444,0.9528,0.4359,0.6286,62.0,62.0,68.0,0.0,94.2836,6
437,14.5812,0.967,1.3708,0.6108,0.0094,4.8349,0.0,0.0,0.0,0.0109,0.0312,0.9438,0.0472,0.9528,0.343,0.5295,60.0,60.0,113.0,149.0,37.1198,4
438,14.6146,1.2192,2.1267,0.9928,0.0082,59.6517,0.0,0.0,0.0,0.0147,0.0375,0.9221,0.0472,0.9528,0.3135,0.5233,59.0,59.0,61.0,128.0,43.2048,4
439,14.648,1.6935,3.5485,1.5352,0.0051,67.151,0.0,0.0,0.0,0.0159,0.0375,0.9197,0.0472,0.9528,0.3169,0.5223,61.0,61.0,65.0,107.0,43.2385,4
440,14.6813,2.6177,6.319,1.9183,0.0125,70.9557,0.0,0.0,0.0,0.0252,0.0484,0.7953,0.05,0.9528,0.3841,0.5162,60.0,59.0,67.0,0.0,61.0679,4
441,14.7147,2.8784,7.1006,1.8772,0.01,57.4078,0.0,0.0,0.0,0.0289,0.0516,0.775,0.0528,0.9528,0.3876,0.5149,20.0,20.0,33.0,0.0,60.4673,4
442,14.7481,3.0935,7.7453,1.6538,0.0067,40.7939,0.0,0.0,0.0,0.0303,0.0531,0.7688,0.0528,0.95,0.3976,0.5144,51.0,49.0,59.0,0.0,58.9016,4
443,14.7814,3.3066,8.384,1.604,0.0089,30.5731,0.0,0.0,0.0,0.0327,0.0547,0.7551,0.0528,0.95,0.4162,0.5137,28.0,27.0,48.0,0.0,58.5335,4
444,14.8148,3.5127,9.002,1.7198,0.009,31.4523,0.0,0.0,0.0,0.0339,0.0593,0.7391,0.0528,0.95,0.4191,0.5133,13.0,13.0,34.0,0.0,61.6124,4
445,14.8482,4.3604,11.1842,2.26,0.006,45.1348,0.0,0.0,0.0,0.0351,0.1703,0.7781,0.0528,0.95,0.4215,0.513,20.0,20.0,22.5,0.0,72.6471,4
446,14.8815,4.6816,12.0423,1.7638,0.0118,22.2849,0.0,0.0,0.0,0.0414,0.1734,0.8656,0.0556,0.9472,0.4787,0.5121,55.0,55.0,58.0,0.0,68.452,4
447,14.9149,4.9409,12.8311,1.9246,0.0095,27.5728,0.0,0.0,0.0,0.0435,0.1719,0.8516,0.0583,0.9472,0.4886,0.5119,28.0,28.0,33.0,0.0,71.0915,4
448,14.9483,5.1488,13.5656,2.1506,0.0083,34.4024,0.0,0.0,0.0,0.0444,0.1703,0.8438,0.0583,0.9472,0.4928,0.5117,18.0,18.0,24.0,0.0,72.8108,4
449,14.9816,5.2651,14.0376,2.1808,0.0079,36.5885,0.0,0.0,0.0,0.0446,0.1703,0.8375,0.0583,0.9472,0.4947,0.5118,9.0,9.0,12.0,0.0,71.4869,4
450,15.015,4.961,13.2917,1.7736,0.0069,28.778,0.0,0.0,0.0,0.0452,0.1688,0.8344,0.0583,0.9472,0.4929,0.5117,10.0,10.0,19.0,0.0,67.5928,4
451,15.0484,4.9629,13.3104,0.74,0.0054,7.1683,0.0,0.0,0.0,0.0451,0.1688,0.8328,0.0583,0.9472,0.4925,0.5118,11.0,11.0,22.0,0.0,68.1645,4
452,15.0817,4.9642,13.3242,0.6378,0.0053,6.1976,0.0,0.0,0.0,0.045,0.1672,0.8312,0.0583,0.9472,0.4905,0.5118,10.0,10.0,27.0,0.0,67.4595,4
453,15.1151,4.9639,13.3317,0.5433,0.005,4.2914,0.0,0.0,0.0,0.0448,0.1672,0.8312,0.0583,0.9472,0.4913,0.5118,9.0,9.0,19.0,0.0,67.6359,4
454,15.1485,4.9625,13.3338,0.4487,0.0045,4.0082,0.0,0.0,0.0,0.0453,0.1656,0.8312,0.0583,0.9472,0.4901,0.5116,10.0,10.0,20.0,0.0,68.864,4
455,15.1818,5.6543,15.4009,0.881,0.0036,14.2533,0.0,0.0,0.0,0.0453,0.1656,0.8312,0.0583,0.9472,0.491,0.5117,11.0,11.0,11.0,0.0,76.9765,4
456,15.2152,5.6537,15.406,0.326,0.0028,2.999,0.0,0.0,0.0,0.045,0.1656,0.8312,0.0583,0.9472,0.4926,0.5118,9.0,9.0,9.0,0.0,76.9005,4
457,15.2486,5.6537,15.4104,0.2497,0.0023,2.5272,0.0,0.0,0.0,0.0453,0.1656,0.8307,0.0583,0.9472,0.4926,0.5117,11.0,11.0,11.0,0.0,77.9506,4
458,15.2819,5.6545,15.4157,0.1727,0.0017,2.0761,0.0,0.0,0.0,0.0456,0.1656,0.8297,0.0583,0.9472,0.4918,0.5117,13.0,13.0,13.0,0.0,78.7704,4
459,15.3153,5.6551,15.419,0.0967,0.0008,1.2951,0.0,0.0,0.0,0.0456,0.1656,0.8297,0.0583,0.9472,0.4915,0.5117,12.0,12.0,12.0,0.0,79.049,4
460,15.3487,5.6545,15.4177,0.0359,0.0003,0.5057,0.0,0.0,0.0,0.0456,0.1656,0.8297,0.0583,0.9472,0.4915,0.5117,12.0,12.0,12.0,0.0,79.2094,4
461,15.382,5.6547,15.4204,0.1696,0.0013,2.2004,0.0,0.0,0.0,0.0457,0.1643,0.8297,0.0583,0.9472,0.4907,0.5117,12.0,12.0,12.0,0.0,79.3705,4
462,15.4154,5.6552,15.4245,0.5253,0.0046,4.3829,0.0,0.0,0.0,0.0452,0.1641,0.8297,0.0583,0.9472,0.4897,0.5118,11.0,11.0,11.0,0.0,76.7925,4
463,15.4488,5.6535,15.4166,0.9072,0.0056,9.1204,0.0,0.0,0.0,0.0457,0.1641,0.8281,0.0583,0.9472,0.4897,0.5117,12.0,12.0,12.0,0.0,79.3551,4
464,15.4821,5.6543,15.3983,1.323,0.0059,18.1021,0.0,0.0,0.0,0.0455,0.1625,0.8266,0.0583,0.9472,0.4884,0.5117,12.0,12.0,12.0,0.0,78.9339,4
465,15.5155,5.6556,15.3455,1.7706,0.0066,28.0632,0.0,0.0,0.0,0.0456,0.1594,0.825,0.0583,0.9472,0.4859,0.5117,12.0,12.0,12.0,0.0,79.316,4
466,15.5489,5.6535,15.2442,2.2602,0.0075,37.4034,0.0,0.0,0.0,0.0451,0.1578,0.8234,0.0583,0.9472,0.485,0.5118,9.0,9.0,9.0,0.0,77.1125,4
467,15.5822,5.6537,15.1084,2.7947,0.0086,49.9874,0.0,0.0,0.0,0.0451,0.1547,0.8203,0.0583,0.9472,0.4817,0.5118,10.0,10.0,10.0,0.0,76.7312,4
468,15.6156,4.0,10.4626,4.0648,0.0202,66.8879,0.0,0.0,0.0,0.0311,0.0531,0.8203,0.0528,0.95,0.5846,0.5145,30.0,30.0,30.0,0.0,78.5422,4
469,15.649,3.999,10.4596,2.8566,0.0067,83.111,0.0,0.0,0.0,0.0309,0.0531,0.8156,0.0528,0.95,0.5807,0.5145,25.5,25.5,25.5,0.0,76.8106,4
470,15.6823,3.9993,10.4605,3.3346,0.0071,100.3849,0.0,0.0,0.0,0.0312,0.0531,0.8109,0.0528,0.95,0.5755,0.5145,27.0,27.0,27.0,0.0,78.9189,4
471,15.7157,3.9997,10.4617,3.849,0.0075,117.4428,0.0,0.0,0.0,0.0311,0.0531,0.8047,0.0528,0.95,0.5703,0.5145,24.0,24.0,24.0,0.0,78.2023,4
472,15.7491,2.4298,5.7558,3.9106,0.0182,126.5369,0.0,0.0,0.0,0.0174,0.0391,0.8281,0.0472,0.9528,0.6556,0.5208,60.0,60.0,60.0,0.0,79.6941,4
473,15.7824,2.4295,5.7549,2.5088,0.0053,136.7637,0.0,0.0,0.0,0.0177,0.0391,0.8281,0.0472,0.9528,0.6485,0.5206,60.0,60.0,60.0,0.0,82.9096,4
474,15.8158,2.4298,5.7557,2.4814,0.006,129.9467,0.0,0.0,0.0,0.0175,0.0391,0.8281,0.0472,0.9528,0.6391,0.5207,60.0,60.0,60.0,0.0,79.8811,4
475,15.8492,2.4294,5.7547,2.2988,0.0066,111.1626,0.0,0.0,0.0,0.0176,0.0391,0.8281,0.0472,0.9528,0.6284,0.5206,59.0,59.0,59.0,0.0,81.5892,4
476,15.8825,2.4293,5.7544,2.1686,0.0076,94.4368,0.0,0.0,0.0,0.0176,0.0391,0.8281,0.0472,0.9528,0.6145,0.5206,59.0,59.0,59.0,0.0,82.5311,4
477,15.9159,1.7926,3.8456,2.0489,0.01,91.8035,0.0,0.0,0.0,0.0124,0.0328,0.9292,0.0472,0.9528,0.6301,0.5278,61.0,61.0,61.0,0.0,86.1946,4
478,15.9493,1.7936,3.8486,1.5694,0.0058,103.4077,0.0,0.0,0.0,0.0124,0.0328,0.9294,0.0472,0.9528,0.6067,0.5278,61.0,61.0,61.0,0.0,86.3915,4
479,15.9826,1.7931,3.847,1.8245,0.01,95.485,0.0,0.0,0.0,0.0124,0.0328,0.9292,0.0472,0.9528,0.5555,0.5278,61.0,61.0,61.0,0.0,86.3312,4
480,16.016,5.8523,9.1896,5.388,0.0085,105.0769,3.0,3.0,3.0,0.0171,0.0397,0.9197,0.0472,0.9528,0.5503,0.5139,63.0,63.0,63.0,0.0,80.5384,4
481,16.0494,5.8967,9.2308,3.0683,0.0081,97.6687,3.0,3.0,3.0,0.0174,0.0406,0.828,0.0472,0.9528,0.5295,0.5142,65.0,65.0,65.0,0.0,82.1723,4
482,16.0827,5.8835,9.2175,3.3137,0.005,131.276,3.0,3.0,3.0,0.0174,0.0406,0.9133,0.0472,0.9528,0.5207,0.5134,62.0,62.0,62.0,0.0,83.3811,4
483,16.1161,5.8773,9.2244,3.0603,0.0045,119.2175,3.0,3.0,3.0,0.0171,0.0396,0.887,0.0472,0.9528,0.5141,0.514,63.0,63.0,63.0,0.0,80.6883,4
484,16.1495,5.7618,9.1175,2.5288,0.0041,91.8084,3.0,3.0,3.0,0.0174,0.0406,0.8281,0.0472,0.9528,0.5097,0.5141,65.0,65.0,65.0,0.0,81.3533,4
485,16.1828,5.7213,9.0777,1.6187,0.0035,70.8649,3.0,3.0,3.0,0.0171,0.0398,0.8743,0.0472,0.9528,0.5055,0.5139,63.0,63.0,63.0,0.0,79.5468,4
486,16.2162,5.6988,9.0559,1.2792,0.0036,52.2975,3.0,3.0,3.0,0.0171,0.0391,0.9188,0.0472,0.9528,0.5022,0.5137,63.0,63.0,63.0,0.0,80.0315,4
487,16.2496,5.6895,9.0457,1.0049,0.0032,41.3518,3.0,3.0,3.0,0.0172,0.0402,0.9188,0.0472,0.9528,0.4999,0.5138,63.0,63.0,63.0,0.0,79.4314,4
488,16.2829,5.6804,9.0354,0.7818,0.0029,29.9915,3.0,3.0,3.0,0.0173,0.0405,0.9188,0.0472,0.9528,0.4982,0.5136,63.0,63.0,63.0,0.0,80.2914,4
489,16.3163,5.6754,9.0314,0.6256,0.0024,23.758,3.0,3.0,3.0,0.0174,0.0406,0.9097,0.0472,0.9528,0.4967,0.5136,65.0,65.0,65.0,0.0,80.7123,4
490,16.3497,5.67,9.0256,0.4985,0.0023,16.3097,3.0,3.0,3.0,0.0173,0.0406,0.9188,0.0472,0.9528,0.4955,0.5137,63.0,63.0,63.0,0.0,80.3637,4
491,16.383,5.6696,9.0312,0.3819,0.0022,10.2204,3.0,3.0,3.0,0.0172,0.0406,0.8562,0.0472,0.9528,0.4944,0.5138,63.0,63.0,63.0,0.0,78.7592,4
492,16.4164,5.6815,9.0738,0.2916,0.0019,6.0344,3.0,3.0,3.0,0.0175,0.0406,0.8281,0.0472,0.9528,0.4936,0.5137,63.0,63.0,63.0,0.0,80.5031,4
493,16.4498,5.7068,9.1562,0.2308,0.0016,6.4114,3.0,3.0,3.0,0.0179,0.041,0.8277,0.0472,0.9528,0.493,0.514,65.0,65.0,65.0,0.0,78.5707,4
494,16.4831,5.746,9.2808,0.2581,0.0018,6.7234,3.0,3.0,3.0,0.0183,0.0422,0.8266,0.0472,0.9528,0.4926,0.5137,65.0,65.0,65.0,0.0,78.9636,4
495,16.5165,5.8043,9.4604,0.3442,0.002,11.7132,3.0,3.0,3.0,0.0189,0.0422,0.8239,0.0488,0.9528,0.4921,0.5134,65.0,65.0,65.0,0.0,80.302,4
496,16.5499,5.8959,9.7353,0.4844,0.003,15.3676,3.0,3.0,3.0,0.0191,0.0422,0.8219,0.0473,0.9528,0.4933,0.513,65.0,65.0,65.0,0.0,76.3709,4
497,16.5832,6.0288,10.1361,0.704,0.0037,22.598,3.0,3.0,3.0,0.0206,0.0438,0.8109,0.05,0.9528,0.4929,0.5124,65.0,65.0,65.0,0.0,74.6913,4
498,16.6166,6.2437,10.7811,1.1114,0.0041,42.7854,3.0,3.0,3.0,0.0222,0.0484,0.8014,0.05,0.9528,0.4935,0.5122,65.0,65.0,65.0,0.0,72.8718,4
499,16.65,6.8406,12.5682,2.666,0.0075,93.8697,3.0,3.0,3.0,0.0265,0.0501,0.7731,0.0502,0.95,0.494,0.5115,65.0,65.0,65.0,0.0,64.9021,4
500,16.6833,26.1828,47.6631,26.175,0.0279,117.8076,10.0,9.0,24.0,0.0283,0.0535,0.6516,0.0528,0.8601,0.4838,0.5079,198.0,197.0,247.0,48.0,39.2596,5
501,16.7167,27.8651,52.4445,3.8924,0.0269,66.9914,10.0,9.0,24.0,0.0304,0.1688,0.6641,0.0556,0.6139,0.4822,0.5084,193.0,192.0,239.0,52.0,42.4525,4
502,16.7501,28.7664,54.7215,2.2598,0.0175,41.6278,10.0,9.0,25.0,0.0312,0.1732,0.6703,0.0556,0.6167,0.4799,0.5087,185.0,185.0,226.0,54.0,43.8739,4
503,16.7834,29.3561,56.2153,1.5978,0.0137,27.0033,10.0,9.0,25.0,0.0314,0.1734,0.6734,0.0556,0.6194,0.4827,0.5084,171.0,168.0,217.0,56.0,42.5877,4
504,16.8168,29.8396,57.3729,1.3742,0.0128,15.4921,10.0,9.0,25.0,0.0309,0.1722,0.6766,0.0556,0.6222,0.4824,0.5096,117.0,117.0,143.0,57.0,40.8336,5
505,16.8502,30.1444,58.0883,1.0607,0.0114,11.082,10.0,9.0,25.0,0.0314,0.1734,0.6797,0.0556,0.6222,0.4813,0.5088,102.0,103.0,130.0,59.0,41.796,4
506,16.8835,30.431,58.6907,0.9945,0.0103,4.8738,10.0,9.0,25.0,0.0312,0.1733,0.6813,0.0556,0.625,0.4822,0.5091,108.0,108.0,137.0,60.0,40.3904,4
507,16.9169,30.6447,59.1063,0.8523,0.0093,4.4408,10.0,9.0,25.0,0.0319,0.1749,0.6828,0.0556,0.625,0.48,0.5081,105.0,107.0,137.0,62.0,43.3768,4
508,16.9503,30.822,59.3963,0.7773,0.0084,3.4,10.0,9.0,25.0,0.0309,0.172,0.6844,0.0556,0.625,0.4815,0.5076,97.0,98.0,129.0,64.0,41.0715,5
509,16.9836,30.9384,59.5274,0.6794,0.0059,3.1227,10.0,9.0,25.0,0.0313,0.1734,0.6859,0.0556,0.6273,0.4787,0.5076,87.0,89.0,117.0,66.0,42.8744,4
510,17.017,31.4455,59.8461,1.6197,0.006,3.4122,10.0,10.0,26.0,0.0312,0.1718,0.6875,0.0554,0.625,0.4786,0.5072,88.0,89.0,124.0,70.0,42.8409,4
511,17.0504,31.475,59.8091,0.5204,0.0049,2.8214,10.0,11.0,27.0,0.0312,0.1716,0.6875,0.055,0.625,0.4766,0.5057,94.0,93.0,129.0,71.0,43.1946,4
512,17.0837,31.5882,59.7429,0.9268,0.0039,2.7795,10.0,11.0,27.0,0.0304,0.1691,0.6875,0.0531,0.625,0.4787,0.5058,89.0,89.0,123.0,72.0,41.7822,4
513,17.1171,31.6388,59.6174,0.5172,0.0027,2.2552,11.0,11.0,27.0,0.03,0.1688,0.6875,0.0529,0.625,0.4792,0.5052,86.0,87.0,117.0,75.0,40.8471,4
514,17.1505,31.7718,59.5297,0.6523,0.0024,2.0184,11.0,11.0,27.0,0.0299,0.1539,0.6875,0.0528,0.625,0.4793,0.5048,87.0,88.0,120.0,76.5,40.3897,4
515,17.1838,31.8621,59.4086,0.5043,0.0021,1.7054,11.0,11.0,27.0,0.0294,0.0547,0.6891,0.0528,0.625,0.479,0.5047,86.0,87.0,118.0,78.0,40.4783,4
516,17.2172,32.0306,59.379,0.62,0.0022,1.8317,11.0,11.0,28.0,0.029,0.0546,0.6891,0.0528,0.625,0.4794,0.5046,87.0,87.0,120.0,79.0,39.7948,4
517,17.2506,32.2277,59.3669,0.6772,0.0033,2.1557,11.0,11.0,28.0,0.0284,0.0531,0.6891,0.0528,0.625,0.4812,0.5043,87.0,88.0,120.0,80.0,38.4772,4
518,17.2839,32.5248,59.4808,0.8696,0.0042,2.1159,11.0,11.0,28.0,0.0281,0.0531,0.6891,0.0528,0.6222,0.4803,0.501,81.0,81.0,119.0,84.0,38.3761,4
519,17.3173,32.9138,59.6885,1.0237,0.0057,2.6351,11.0,11.0,28.0,0.0279,0.0531,0.6875,0.0528,0.6222,0.4782,0.5,83.0,83.0,120.0,85.0,39.5303,4
520,17.3507,33.4132,60.0448,1.2203,0.0068,2.377,11.0,12.0,30.0,0.0272,0.0531,0.6879,0.0528,0.6194,0.4799,0.4974,82.0,81.0,122.0,86.0,38.45,4
521,17.384,34.0561,60.5522,1.4694,0.0085,3.774,12.0,12.0,30.0,0.0264,0.0531,0.6875,0.0528,0.6167,0.4803,0.4952,83.0,82.0,124.0,87.0,37.8029,4
522,17.4174,34.8349,61.2208,1.7064,0.0101,5.0724,12.0,12.0,30.0,0.026,0.0531,0.6875,0.0528,0.6139,0.4792,0.491,79.0,77.0,123.0,91.0,38.0023,4
523,17.4508,35.836,62.1325,2.0587,0.0111,9.9535,13.0,13.0,31.0,0.0254,0.0523,0.6875,0.0528,0.6083,0.4765,0.4868,81.0,80.0,125.0,92.0,39.4653,4
524,17.4841,37.075,63.2836,2.4521,0.0126,13.2989,13.0,13.0,33.0,0.0241,0.0516,0.6875,0.0528,0.6056,0.4785,0.4821,79.0,76.0,126.0,96.0,38.8637,4
525,17.5175,38.5706,64.8228,2.8508,0.0143,18.5559,15.0,13.0,34.0,0.0231,0.0503,0.6875,0.0528,0.6,0.4778,0.4757,80.0,77.0,130.0,98.0,39.7153,4
526,17.5509,40.7654,66.9785,3.8616,0.016,25.2687,16.0,16.0,38.0,0.0208,0.0515,0.6875,0.0528,0.5917,0.4771,0.4682,82.0,80.0,136.0,101.0,38.9197,4
527,17.5842,43.1054,69.5494,4.2402,0.0188,23.5682,17.0,16.0,40.0,0.0198,0.05,0.6875,0.0528,0.5806,0.4735,0.4552,83.0,81.0,139.0,104.0,42.0503,3
528,17.6176,46.8762,73.7793,6.3722,0.0222,22.1019,19.0,18.0,44.0,0.0167,0.0524,0.6867,0.0556,0.5639,0.4748,0.4427,86.0,84.0,147.0,105.0,43.2669,3
529,17.651,55.368,84.5103,13.7286,0.0217,22.489,23.0,23.0,55.0,0.01,0.3047,0.6875,0.2861,0.5306,0.4813,0.4149,97.0,95.0,168.0,103.0,49.7145,3
530,17.6843,0.5169,0.0,66.6627,0.0115,28.5926,0.0,0.0,0.0,0.0018,0.025,0.9703,0.0444,0.9528,0.4653,0.6672,65.0,66.0,65.0,0.0,115.3676,3
531,17.7177,0.7899,0.8193,0.3673,0.0057,0.0174,0.0,0.0,0.0,0.0074,0.0281,0.9544,0.0444,0.9528,0.3669,0.5981,48.0,45.0,105.0,161.0,39.6126,4
532,17.7511,0.9956,1.4357,0.724,0.0069,37.811,0.0,0.0,0.0,0.0106,0.0312,0.9462,0.0444,0.9528,0.3603,0.5748,63.0,63.0,72.0,165.0,42.055,4
533,17.7844,1.1086,1.7745,0.9419,0.007,51.6401,0.0,0.0,0.0,0.0116,0.0324,0.9408,0.0464,0.9528,0.3595,0.5549,61.0,61.0,66.0,158.0,45.8309,4
534,17.8178,1.9653,4.3427,1.2955,0.0114,28.642,0.0,0.0,0.0,0.0192,0.0411,0.8899,0.0472,0.9528,0.4214,0.5539,94.0,89.0,111.0,129.5,44.2498,4
535,17.8512,2.6842,6.4979,1.8757,0.0104,60.7124,0.0,0.0,0.0,0.0222,0.0469,0.8219,0.05,0.9528,0.4332,0.5437,65.0,65.0,72.0,4.0,53.9619,4
536,17.8845,2.8218,6.9106,1.2262,0.0097,28.0406,0.0,0.0,0.0,0.0231,0.0472,0.8156,0.05,0.9528,0.4369,0.5335,63.0,63.0,72.0,12.5,55.3358,4
537,17.9179,3.2258,8.1239,0.997,0.0087,14.4922,0.0,0.0,0.0,0.0267,0.05,0.8023,0.05,0.9528,0.4654,0.5333,82.0,77.0,103.0,0.0,54.0494,4
538,17.9513,3.553,9.1077,1.07,0.0088,14.1255,0.0,0.0,0.0,0.0292,0.0516,0.7942,0.05,0.9518,0.4847,0.5303,63.0,63.0,75.0,0.0,57.2128,4
539,17.9846,3.7234,9.6186,1.1235,0.0066,23.392,0.0,0.0,0.0,0.0299,0.0528,0.791,0.0522,0.95,0.489,0.5269,62.0,61.0,69.0,0.0,57.619,4
540,18.018,4.383,11.6093,1.8878,0.0065,48.0775,0.0,0.0,0.0,0.0298,0.0527,0.7688,0.0528,0.95,0.4876,0.5221,67.0,67.0,70.0,0.0,65.1348,4
541,18.0514,4.3893,11.6287,0.5402,0.0054,9.7506,0.0,0.0,0.0,0.0298,0.0525,0.7688,0.0528,0.95,0.4881,0.5204,68.0,68.0,72.0,0.0,65.0793,4
542,18.0847,4.3897,11.6304,0.3338,0.004,3.5329,0.0,0.0,0.0,0.0297,0.0523,0.7635,0.0528,0.95,0.4879,0.5189,66.0,66.0,70.0,0.0,64.5714,4
543,18.1181,4.3903,11.6322,0.2706,0.0033,3.0698,0.0,0.0,0.0,0.0301,0.0531,0.7578,0.0528,0.95,0.4875,0.5182,66.0,66.0,69.0,0.0,66.9015,4
544,18.1515,4.3888,11.628,0.2398,0.0028,3.4601,0.0,0.0,0.0,0.0299,0.0528,0.7603,0.0528,0.95,0.4883,0.5177,67.0,67.0,72.0,0.0,64.7442,4
545,18.1848,4.9975,13.453,0.6667,0.0027,15.4052,0.0,0.0,0.0,0.03,0.0531,0.7677,0.0528,0.95,0.4894,0.5168,68.0,68.0,68.0,0.0,72.3454,4
546,18.2182,4.9934,13.4408,0.201,0.0022,2.4974,0.0,0.0,0.0,0.0301,0.0531,0.7658,0.0528,0.95,0.4891,0.516,68.0,68.0,68.0,0.0,72.589,4
547,18.2516,4.9954,13.447,0.1647,0.0018,2.4107,0.0,0.0,0.0,0.0304,0.0531,0.7578,0.0528,0.95,0.4894,0.5157,67.0,67.0,67.0,0.0,74.8023,4
548,18.2849,4.9944,13.4439,0.1465,0.0014,2.5644,0.0,0.0,0.0,0.0303,0.0531,0.7607,0.0528,0.95,0.4894,0.5153,66.0,66.0,66.0,0.0,74.3849,4
549,18.3183,4.9967,13.4508,0.1191,0.0013,1.9059,0.0,0.0,0.0,0.0301,0.0531,0.764,0.0528,0.95,0.4896,0.5151,68.0,68.0,68.0,0.0,72.968,4
550,18.3517,4.9967,13.4508,0.0982,0.0011,1.5769,0.0,0.0,0.0,0.0302,0.0531,0.7636,0.0528,0.95,0.4897,0.5149,69.0,69.0,69.0,0.0,72.1912,4
551,18.385,4.9951,13.4459,0.1416,0.0015,2.0007,0.0,0.0,0.0,0.0299,0.053,0.7688,0.0528,0.95,0.4894,0.5142,67.0,67.0,67.0,0.0,72.0166,4
552,18.4184,5.0005,13.4619,0.2581,0.0028,2.9211,0.0,0.0,0.0,0.0301,0.0531,0.7656,0.0528,0.95,0.4892,0.5133,68.0,68.0,68.0,0.0,72.171,4
553,18.4518,5.0011,13.464,0.401,0.0041,4.9208,0.0,0.0,0.0,0.0301,0.0531,0.766,0.0528,0.95,0.4894,0.5125,69.0,69.0,69.0,0.0,72.7028,4
554,18.4851,4.9967,13.4507,0.5894,0.005,8.0562,0.0,0.0,0.0,0.0304,0.0531,0.7585,0.0528,0.95,0.4892,0.5104,67.0,67.0,67.0,0.0,73.8986,4
555,18.5185,4.9978,13.454,0.8244,0.0057,14.1455,0.0,0.0,0.0,0.0302,0.0531,0.7619,0.0528,0.95,0.489,0.5078,67.0,67.0,67.0,0.0,72.6753,4
556,18.5519,4.9984,13.4557,1.1654,0.0064,25.2231,0.0,0.0,0.0,0.0302,0.0531,0.7627,0.0528,0.95,0.4894,0.5047,67.0,67.0,67.0,0.0,72.8064,4
557,18.5852,4.9972,13.4521,1.6647,0.0083,40.8708,0.0,0.0,0.0,0.0302,0.0531,0.7613,0.0528,0.95,0.4895,0.4996,66.0,66.0,66.0,0.0,74.2536,4
558,18.6186,5.001,13.4635,2.5486,0.0097,69.7221,0.0,0.0,0.0,0.0303,0.0531,0.7605,0.0528,0.95,0.4893,0.4917,66.0,66.0,66.0,0.0,74.2542,4
559,18.652,4.9977,13.4538,4.5244,0.0195,91.0196,0.0,0.0,0.0,0.0299,0.053,0.7688,0.0528,0.95,0.4897,0.4718,68.0,68.0,68.0,0.0,72.2039,4
560,18.6853,252.4702,253.0,247.4731,0.0287,106.8609,253.0,253.0,253.0,0.0017,0.025,0.9703,0.0444,0.9528,0.466,0.6599,187.0,187.0,187.0,0.0,116.796,3
561,18.7187,251.9994,251.5883,0.4715,0.0,0.0025,253.0,253.0,253.0,0.0017,0.025,0.9703,0.0444,0.9528,0.4655,0.6586,187.0,187.0,187.0,0.0,116.8582,3
562,18.7521,251.0289,248.679,1.2734,0.0034,0.204,253.0,253.0,253.0,0.0052,0.0266,0.9625,0.0444,0.9528,0.408,0.5153,187.0,187.0,187.0,0.0,66.1466,5
563,18.7854,250.3046,246.5079,1.0643,0.0059,52.4712,253.0,253.0,253.0,0.0085,0.0297,0.951,0.0444,0.9528,0.3974,0.4907,188.0,188.0,188.0,0.0,58.3316,5
564,18.8188,249.5426,244.2236,1.0902,0.0043,12.8768,253.0,253.0,253.0,0.0108,0.0312,0.9454,0.0444,0.9528,0.4102,0.4897,189.0,189.0,189.0,0.0,53.7674,4
565,18.8522,248.7993,241.9953,1.1774,0.0072,13.4805,253.0,253.0,253.0,0.0144,0.0375,0.928,0.0472,0.9528,0.4241,0.4896,190.0,190.0,190.0,0.0,49.3446,5
566,18.8855,247.9267,239.3798,1.29,0.0063,8.0583,253.0,253.0,253.0,0.0183,0.0392,0.9202,0.0472,0.9528,0.4444,0.4894,190.0,190.0,190.0,0.0,47.5716,5
567,18.9189,247.1191,236.9586,1.376,0.0098,13.6733,253.0,253.0,253.0,0.0244,0.0484,0.8149,0.05,0.9528,0.4691,0.4932,193.0,193.0,193.0,0.0,44.1346,4
568,18.9523,246.4843,235.0558,0.8767,0.007,5.1128,253.0,253.0,253.0,0.0285,0.0512,0.7953,0.05,0.9528,0.4792,0.4941,192.0,192.0,192.0,0.0,43.2528,6
569,18.9856,245.8616,233.1892,0.8621,0.008,6.1835,253.0,253.0,253.0,0.0332,0.0539,0.7734,0.0528,0.95,0.4916,0.4925,192.0,192.0,192.0,0.0,42.2078,5
570,19.019,245.3391,231.623,0.7567,0.0071,7.0911,253.0,253.0,253.0,0.0375,0.1734,0.7477,0.0528,0.95,0.4995,0.4957,189.0,189.0,189.0,0.0,43.4035,4
571,19.0524,244.9624,230.4936,0.5832,0.0059,5.1103,253.0,253.0,253.0,0.0403,0.1922,0.7219,0.0528,0.95,0.5011,0.4973,186.0,186.0,186.0,0.0,42.7973,4
572,19.0857,244.6386,229.5231,0.5071,0.0053,3.9896,253.0,253.0,253.0,0.0428,0.1953,0.7095,0.0556,0.9472,0.5013,0.5,182.0,182.0,182.0,0.0,42.7746,5
573,19.1191,244.3286,228.5937,0.4772,0.0046,4.2448,253.0,253.0,253.0,0.0453,0.2102,0.6949,0.0556,0.9472,0.5016,0.502,167.0,167.0,167.0,0.0,43.1226,4
574,19.1525,244.0323,227.7055,0.4503,0.0042,4.1261,253.0,253.0,253.0,0.0472,0.2207,0.6832,0.0583,0.9472,0.5021,0.5042,153.0,153.0,153.0,0.0,43.0245,4
575,19.1858,243.7549,226.8741,0.4139,0.0041,3.5496,253.0,253.0,253.0,0.0491,0.232,0.675,0.0583,0.9472,0.5026,0.5062,151.0,151.0,151.0,0.0,42.3181,4
576,19.2192,243.4995,226.1084,0.3818,0.0032,3.4961,253.0,253.0,253.0,0.051,0.2469,0.675,0.0611,0.9444,0.5025,0.5075,118.0,118.0,118.0,0.0,43.2533,4
577,19.2526,243.2623,225.3974,0.3463,0.0028,3.3419,253.0,253.0,253.0,0.0524,0.2552,0.675,0.0611,0.9361,0.5022,0.5085,108.0,108.0,108.0,0.0,43.2617,4
578,19.2859,243.0433,224.741,0.3171,0.0026,3.1264,253.0,253.0,253.0,0.0536,0.2597,0.675,0.0628,0.9361,0.502,0.5095,100.0,100.0,100.0,0.0,42.9968,4
579,19.3193,242.8405,224.133,0.2853,0.0026,2.7963,253.0,253.0,253.0,0.0549,0.2677,0.675,0.1971,0.9361,0.5021,0.5111,91.0,91.0,91.0,0.0,43.342,4
580,19.3527,242.6567,223.582,0.2529,0.002,2.6095,253.0,253.0,253.0,0.0559,0.2742,0.675,0.3667,0.9361,0.502,0.512,84.0,84.0,84.0,0.0,43.2511,4
581,19.386,242.5111,223.1456,0.2526,0.0016,2.8882,253.0,253.0,253.0,0.0569,0.2766,0.675,0.3667,0.9361,0.502,0.5131,75.0,75.0,75.0,0.0,43.3421,4
582,19.4194,242.4261,222.8908,0.3346,0.0034,3.3533,253.0,253.0,253.0,0.0571,0.2773,0.675,0.3667,0.9361,0.5019,0.514,65.0,65.0,65.0,0.0,41.2028,4
583,19.4528,242.4073,222.8344,0.4806,0.0051,4.3546,253.0,253.0,253.0,0.0579,0.2835,0.6734,0.3667,0.9361,0.5015,0.5146,56.0,56.0,56.0,0.0,43.0805,4
584,19.4861,242.4581,222.9867,0.6699,0.0074,4.2593,253.0,253.0,253.0,0.0568,0.2766,0.6719,0.3694,0.9361,0.5021,0.5166,47.0,47.0,47.0,0.0,40.4846,4
585,19.5195,242.5967,223.4022,0.9163,0.0092,8.1232,253.0,253.0,253.0,0.0575,0.2797,0.6703,0.3694,0.9361,0.5009,0.5156,51.5,51.5,51.5,0.0,42.4598,4
586,19.5529,242.8533,224.1715,1.2534,0.0112,14.5759,253.0,253.0,253.0,0.0565,0.2766,0.6672,0.3722,0.9361,0.5019,0.5175,29.0,29.0,29.0,0.0,40.9591,4
587,19.5862,243.2689,225.417,1.738,0.0131,25.4707,253.0,253.0,253.0,0.0557,0.2717,0.6641,0.375,0.9361,0.502,0.5173,61.0,61.0,61.0,0.0,42.1858,4
588,19.6196,243.959,227.4857,2.5789,0.0159,45.2805,253.0,253.0,253.0,0.0542,0.2609,0.6562,0.0639,0.9361,0.502,0.5159,34.0,34.0,34.0,0.0,44.1144,4
589,19.653,245.6561,232.5733,5.7621,0.0225,91.0004,253.0,253.0,253.0,0.0464,0.2163,0.6881,0.0583,0.9472,0.4984,0.5154,8.0,8.0,8.0,0.0,43.2407,4
590,19.6863,4.9319,13.2547,245.5166,0.0213,126.8595,0.0,0.0,0.0,0.0334,0.0547,0.7388,0.0528,0.95,0.4957,0.5145,164.0,164.0,164.0,0.0,51.0907,4
591,19.7197,3.4876,8.9254,4.1025,0.0132,112.4863,0.0,0.0,0.0,0.0244,0.0484,0.7977,0.05,0.9528,0.4948,0.5154,70.0,70.0,70.0,0.0,60.2087,4
592,19.7531,2.9537,7.325,1.8834,0.0065,75.002,0.0,0.0,0.0,0.0203,0.0422,0.8171,0.0493,0.9528,0.4949,0.5169,68.0,68.0,68.0,0.0,63.5119,4
593,19.7864,2.614,6.3069,1.2117,0.0049,55.3824,0.0,0.0,0.0,0.0177,0.0391,0.8281,0.0472,0.9528,0.4937,0.5182,67.0,67.0,67.0,0.0,66.6189,4
594,19.8198,2.3749,5.59,0.8587,0.0037,41.7581,0.0,0.0,0.0,0.0162,0.038,0.9188,0.0472,0.9528,0.4939,0.5197,65.0,65.0,65.0,0.0,72.7226,4
595,19.8532,2.1974,5.058,0.639,0.0031,28.9081,0.0,0.0,0.0,0.0147,0.0375,0.9222,0.0472,0.9528,0.4934,0.5208,65.0,65.0,65.0,0.0,72.9477,4
596,19.8865,2.063,4.655,0.4919,0.0027,24.0899,0.0,0.0,0.0,0.0138,0.0375,0.925,0.0472,0.9528,0.4924,0.5219,63.0,63.0,63.0,0.0,75.7292,4
597,19.9199,1.9605,4.3478,0.4638,0.0022,25.1846,0.0,0.0,0.0,0.0132,0.0349,0.9259,0.0472,0.9528,0.4914,0.5224,63.0,63.0,63.0,0.0,80.4145,4
598,19.9533,1.8804,4.1077,0.6167,0.0022,37.8226,0.0,0.0,0.0,0.0125,0.0328,0.929,0.0472,0.9528,0.4884,0.5237,63.0,63.0,63.0,0.0,82.9847,4
599,19.9866,1.8205,3.9283,0.8566,0.0025,61.6074,0.0,0.0,0.0,0.0121,0.0328,0.9331,0.0472,0.9528,0.4854,0.5239,63.0,63.0,63.0,0.0,82.0104,4
600,20.02,1.7756,3.793,1.1252,0.003,87.3246,0.0,0.0,0.0,0.0116,0.0325,0.9438,0.0472,0.9528,0.48,0.5249,62.5,62.5,62.5,0.0,85.282,4
601,20.0534,1.7427,3.6946,1.3889,0.0031,113.1822,0.0,0.0,0.0,0.0116,0.0324,0.9438,0.0472,0.9528,0.4737,0.5247,63.0,63.0,63.0,0.0,84.8454,4
602,20.0867,1.7209,3.6294,1.3725,0.004,100.7747,0.0,0.0,0.0,0.0114,0.0315,0.9438,0.0472,0.9528,0.4639,0.5255,62.0,62.0,62.0,0.0,85.8459,4
603,20.1201,1.7087,3.5928,1.3438,0.005,89.8553,0.0,0.0,0.0,0.0113,0.0313,0.9438,0.0472,0.9528,0.4486,0.5256,63.0,63.0,63.0,0.0,87.5635,4
604,20.1535,1.7048,3.5812,1.6752,0.0094,81.3439,0.0,0.0,0.0,0.0113,0.0312,0.9438,0.0471,0.9528,0.4091,0.5256,62.0,62.0,62.0,0.0,85.8065,4
605,20.1868,1.0563,1.6372,1.7661,0.0157,60.9418,0.0,0.0,0.0,0.0107,0.0312,0.9453,0.0444,0.9528,0.321,0.5269,62.0,62.0,63.0,119.0,48.6348,4
606,20.2202,1.5553,3.1331,1.2478,0.0079,49.7945,0.0,0.0,0.0,0.0144,0.0375,0.925,0.0472,0.9528,0.3519,0.522,86.0,84.0,88.0,0.0,43.4533,4
607,20.2536,2.1258,4.8433,1.902,0.012,71.8849,0.0,0.0,0.0,0.0206,0.043,0.8242,0.05,0.9528,0.374,0.5176,65.0,65.0,68.0,0.0,56.5592,4
608,20.2869,2.6826,6.5122,2.1615,0.0085,73.4726,0.0,0.0,0.0,0.0232,0.0475,0.8057,0.05,0.9528,0.3667,0.5164,58.0,56.0,60.0,0.0,63.7208,4
609,20.3203,3.2247,8.1372,2.4554,0.012,69.5226,0.0,0.0,0.0,0.0301,0.0531,0.7718,0.0528,0.95,0.4282,0.5146,65.0,65.0,67.0,0.0,60.8961,4
610,20.3537,3.598,9.2565,3.3939,0.0115,90.7656,0.0,0.0,0.0,0.0337,0.0547,0.7467,0.0528,0.95,0.4345,0.5139,33.0,32.0,41.0,0.0,64.7055,4
611,20.387,3.8074,9.884,2.1102,0.0089,46.667,0.0,0.0,0.0,0.0359,0.1731,0.775,0.0528,0.95,0.453,0.5135,47.0,46.5,58.0,0.0,62.3613,4
612,20.4204,4.0148,10.5058,2.1811,0.0103,41.0171,0.0,0.0,0.0,0.0373,0.1765,0.75,0.0528,0.95,0.4583,0.5132,22.0,22.0,36.0,0.0,65.3964,4
613,20.4538,4.3137,10.9636,2.2958,0.009,43.1993,0.0,0.0,0.0,0.0391,0.1859,0.87,0.0556,0.95,0.4698,0.5127,41.0,41.0,56.0,0.0,63.5546,4
614,20.4871,4.6251,11.9819,2.0907,0.0119,28.513,0.0,0.0,0.0,0.0429,0.1844,0.8453,0.0556,0.9472,0.4986,0.5117,31.0,31.0,44.0,0.0,66.0308,4
615,20.5205,4.9644,13.3525,2.9586,0.0107,51.6557,0.0,0.0,0.0,0.0444,0.1828,0.8297,0.0583,0.9472,0.5026,0.5114,17.0,18.0,24.0,0.0,69.9572,4
616,20.5539,4.9649,13.3538,1.4257,0.0072,20.9506,0.0,0.0,0.0,0.0445,0.1812,0.8281,0.0583,0.9472,0.5007,0.5113,16.0,16.0,27.0,0.0,69.6271,4
617,20.5872,4.9642,13.3518,1.2574,0.0068,17.1494,0.0,0.0,0.0,0.0445,0.1797,0.8266,0.0583,0.9472,0.4995,0.5114,17.0,17.0,25.0,0.0,69.9355,4
618,20.6206,4.9656,13.3559,1.106,0.0064,14.2178,0.0,0.0,0.0,0.0446,0.1781,0.825,0.0583,0.9472,0.4986,0.5113,17.0,17.0,26.0,0.0,69.3159,4
619,20.654,4.9656,13.3561,0.9678,0.0062,11.0838,0.0,0.0,0.0,0.0443,0.1766,0.8234,0.0583,0.9472,0.4959,0.5114,15.0,15.0,27.0,0.0,68.069,4
620,20.6873,5.371,14.5712,1.4557,0.006,22.1914,0.0,0.0,0.0,0.0445,0.1766,0.8234,0.0583,0.9472,0.4942,0.5115,15.0,16.0,17.0,0.0,75.3731,4
621,20.7207,5.3699,14.568,0.7808,0.0056,6.9227,0.0,0.0,0.0,0.0446,0.175,0.8219,0.0583,0.9472,0.4956,0.5114,17.0,17.0,20.0,0.0,75.9589,4
622,20.7541,5.3701,14.5685,0.6747,0.0054,5.8324,0.0,0.0,0.0,0.0445,0.175,0.8219,0.0583,0.9472,0.4924,0.5115,12.0,12.0,13.0,0.0,75.473,4
623,20.7874,5.3703,14.569,0.5727,0.0049,4.6053,0.0,0.0,0.0,0.0448,0.1734,0.8203,0.0583,0.9472,0.4936,0.5114,23.0,23.0,24.0,0.0,75.3544,4
624,20.8208,5.3693,14.5661,0.4738,0.0044,4.2731,0.0,0.0,0.0,0.0447,0.1734,0.8203,0.0583,0.9472,0.4936,0.5114,17.0,17.0,19.0,0.0,75.9755,4
625,20.8542,5.1949,14.0434,0.8793,0.0038,14.1666,0.0,0.0,0.0,0.0445,0.1734,0.8188,0.0583,0.9472,0.4905,0.5115,13.0,13.0,19.0,0.0,72.7325,4
626,20.8875,5.1968,14.049,0.3963,0.0038,3.5833,0.0,0.0,0.0,0.0446,0.1734,0.8188,0.0583,0.9472,0.4909,0.5114,17.0,17.0,25.0,0.0,71.7023,4
627,20.9209,5.1964,14.0477,0.5311,0.0049,4.7339,0.0,0.0,0.0,0.0447,0.1719,0.8188,0.0583,0.9472,0.4909,0.5114,18.0,18.0,27.0,0.0,72.4358,4
628,20.9543,5.1976,14.0516,0.7179,0.0054,7.0666,0.0,0.0,0.0,0.0445,0.1719,0.8172,0.0583,0.9472,0.4877,0.5115,16.0,16.0,26.0,0.0,71.8306,4
629,20.9876,5.196,14.0466,0.9626,0.0061,10.9959,0.0,0.0,0.0,0.0445,0.1703,0.8156,0.0583,0.9472,0.4883,0.5114,12.0,12.0,19.0,0.0,72.7588,4
630,21.021,5.6247,15.3318,1.5999,0.0066,23.902,0.0,0.0,0.0,0.0448,0.1688,0.8156,0.0583,0.9472,0.4884,0.5114,17.0,17.0,17.0,0.0,78.8106,4
631,21.0544,5.626,15.3358,1.9329,0.0071,31.3306,0.0,0.0,0.0,0.0448,0.1672,0.8141,0.0583,0.9472,0.4848,0.5114,18.0,18.0,18.0,0.0,77.7287,4
632,21.0877,5.6254,15.3338,2.7648,0.0082,51.3589,0.0,0.0,0.0,0.0447,0.1641,0.8109,0.0583,0.9472,0.4818,0.5114,16.0,16.0,16.0,0.0,78.39,4
633,21.1211,5.6262,15.2841,4.1995,0.0098,86.6436,0.0,0.0,0.0,0.0447,0.1594,0.8062,0.0583,0.9472,0.4776,0.5115,16.0,16.0,16.0,0.0,78.4816,4
634,21.1545,5.6265,14.7462,6.1828,0.0141,126.5305,0.0,0.0,0.0,0.0449,0.1469,0.7953,0.0583,0.9472,0.4693,0.5114,22.0,22.0,22.0,0.0,79.4069,4
635,21.1878,7.7774,7.216,13.7164,0.0441,119.0402,3.0,3.0,9.0,0.0079,0.0297,0.9512,0.0444,0.9528,0.457,0.496,70.0,70.0,79.0,7.0,63.8054,4
636,21.2212,7.7757,7.1849,1.3527,0.0063,55.4199,3.0,3.0,9.0,0.0072,0.0281,0.9531,0.0444,0.9528,0.4415,0.4945,72.0,73.0,81.0,10.0,58.4649,4
637,21.2546,7.7467,7.1693,1.7279,0.0034,96.1294,3.0,3.0,9.0,0.0072,0.0292,0.9531,0.0444,0.9528,0.4341,0.4944,72.0,73.0,80.0,10.0,58.3219,4
638,21.2879,8.064,8.1173,1.4593,0.0036,81.6833,3.0,3.0,9.0,0.0094,0.0312,0.9484,0.0444,0.9528,0.4355,0.4949,73.0,74.0,82.0,8.0,65.197,4
639,21.3213,8.0752,8.1526,1.2211,0.0024,65.3521,3.0,3.0,9.0,0.0092,0.0312,0.9484,0.0444,0.9528,0.433,0.4948,72.0,72.0,80.0,10.0,59.6779,4
640,21.3547,8.0649,8.1597,0.8902,0.0021,48.502,3.0,3.0,9.0,0.0094,0.0312,0.9484,0.0444,0.9528,0.4296,0.4943,74.0,75.0,83.0,10.0,61.7967,4
641,21.388,8.2118,8.6102,0.9519,0.0043,35.4417,3.0,3.0,9.0,0.0102,0.0312,0.947,0.0444,0.9515,0.4335,0.4973,75.0,75.0,84.0,8.0,59.2778,4
642,21.4214,9.2254,11.7024,1.6106,0.0076,24.2495,3.0,3.0,9.0,0.0164,0.0391,0.9181,0.0472,0.9472,0.4625,0.5002,77.0,77.0,84.0,4.0,59.4197,4
643,21.4548,9.2237,11.7147,0.707,0.0022,20.5528,3.0,3.0,9.0,0.0165,0.0391,0.9172,0.0472,0.9369,0.4603,0.5,77.0,77.0,86.0,2.0,59.38,4
644,21.4881,9.2088,11.7055,0.6228,0.0021,14.8807,3.0,3.0,9.0,0.0164,0.0391,0.9172,0.0472,0.9388,0.4588,0.4997,79.0,79.0,84.0,2.0,59.1332,4
645,21.5215,13.3296,24.0565,6.0703,0.0268,107.8574,3.0,3.0,9.0,0.0373,0.2206,0.6625,0.0528,0.9306,0.4502,0.5017,214.0,212.0,216.0,2.0,40.0894,4
646,21.5549,13.4333,24.3944,1.041,0.0072,5.2563,3.0,3.0,9.0,0.0383,0.2266,0.6508,0.0556,0.9306,0.4497,0.4994,211.0,203.0,214.0,2.0,40.5216,4
647,21.5882,14.3727,27.2323,1.7374,0.0105,5.5935,3.0,3.0,9.0,0.046,0.3016,0.6156,0.0583,0.625,0.4699,0.5,202.5,164.0,214.0,2.0,44.3176,4
648,21.6216,15.3274,30.0972,2.2152,0.014,10.6737,3.0,3.0,9.0,0.0498,0.3016,0.6547,0.0611,0.6222,0.4879,0.5001,168.0,134.0,214.0,2.0,39.8293,4
649,21.655,16.8392,34.6658,2.8067,0.0154,9.8383,3.0,3.0,9.0,0.0575,0.3,0.7172,0.3667,0.6222,0.5144,0.5033,202.5,166.0,214.0,2.0,40.8573,4
650,21.6883,16.8875,34.8071,0.4819,0.0026,2.1305,3.0,3.0,9.0,0.0575,0.3,0.7172,0.3597,0.6222,0.5141,0.5034,206.0,186.5,212.0,2.0,41.7649,4
651,21.7217,16.9022,34.8743,0.5517,0.0025,1.8225,3.0,3.0,9.0,0.0575,0.3,0.7172,0.3611,0.6222,0.5143,0.5038,208.0,183.0,212.0,2.0,42.5524,4
652,21.7551,16.8906,34.8498,0.7876,0.0046,3.1356,3.0,3.0,9.0,0.0576,0.3,0.7156,0.3611,0.6222,0.5131,0.5037,212.0,198.0,215.0,2.0,43.5105,4
653,21.7884,15.9616,32.063,1.7887,0.012,2.953,3.0,3.0,9.0,0.0512,0.2984,0.6875,0.3473,0.6222,0.4927,0.5028,212.0,200.0,216.0,2.0,40.9061,4
654,21.8218,15.9789,32.0978,0.9995,0.0074,5.7426,3.0,3.0,9.0,0.0517,0.2984,0.6859,0.35,0.6222,0.4908,0.5028,211.0,197.0,215.0,2.0,41.8903,4
655,21.8552,15.9867,32.1158,1.3889,0.0075,11.2488,3.0,3.0,9.0,0.0519,0.2969,0.6844,0.3488,0.6222,0.489,0.5026,210.0,193.0,214.0,2.0,42.0436,4
656,21.8885,16.0034,32.1458,1.5687,0.0095,15.3935,3.0,3.0,9.0,0.0511,0.2938,0.6828,0.2622,0.6222,0.4879,0.5023,214.0,201.0,219.0,2.0,40.3245,4
657,21.9219,15.9951,32.1746,2.0775,0.0099,23.889,3.0,3.0,9.0,0.0522,0.2922,0.6797,0.3528,0.6194,0.4846,0.5021,212.0,201.0,219.0,2.0,43.4577,4
658,21.9553,15.9896,32.1468,2.4063,0.0099,33.9562,3.0,3.0,9.0,0.0521,0.2891,0.6766,0.3583,0.6194,0.4815,0.5019,212.0,204.0,217.0,2.0,43.1002,4
659,21.9886,16.8982,34.8576,3.8297,0.0168,43.1775,3.0,3.0,10.0,0.0574,0.2844,0.7,0.3583,0.6194,0.4979,0.5028,205.0,193.0,215.0,2.0,41.9126,4
660,22.022,16.9136,34.6566,5.0995,0.0147,62.2592,3.0,3.0,10.0,0.0579,0.2797,0.6953,0.3556,0.6194,0.493,0.503,204.0,203.0,215.0,2.0,45.0293,4
661,22.0554,16.9543,34.7748,4.9037,0.0166,79.8534,3.0,3.0,10.0,0.0575,0.2734,0.6891,0.3556,0.6194,0.4861,0.5026,212.0,207.0,222.0,2.0,44.4362,4
662,22.0887,17.0085,34.9607,6.6305,0.0197,100.006,3.0,3.0,10.0,0.0564,0.2641,0.6812,0.3611,0.6194,0.4782,0.5027,214.0,209.0,222.0,2.0,40.7789,4
663,22.1221,17.0079,34.9643,8.6287,0.0269,130.2276,3.0,3.0,10.0,0.0559,0.2531,0.6688,0.3639,0.6194,0.4655,0.503,216.0,212.0,222.0,2.0,40.38,4
664,22.1555,17.025,34.9965,8.0323,0.0383,70.1032,3.0,3.0,10.0,0.0567,0.2234,0.6406,0.3639,0.6194,0.4379,0.5034,214.0,205.0,216.0,2.0,41.9063,4
665,22.1888,251.481,250.0311,233.3074,0.0493,97.1331,253.0,253.0,253.0,0.0129,0.0328,0.9327,0.0472,0.9528,0.3714,0.5266,144.0,140.0,247.0,84.0,56.6237,4
666,22.2222,251.4802,250.0283,0.9063,0.0066,44.7618,253.0,253.0,253.0,0.0129,0.0328,0.9327,0.0472,0.9528,0.3571,0.5267,148.0,144.0,247.0,81.0,55.7951,4
667,22.2556,251.4829,250.0364,1.0196,0.005,59.9708,253.0,253.0,253.0,0.0128,0.0328,0.9334,0.0472,0.9528,0.3504,0.5269,145.0,141.0,247.0,82.0,56.1769,4
668,22.2889,251.5861,250.3457,0.8138,0.0052,47.5911,253.0,253.0,253.0,0.0116,0.0312,0.938,0.0468,0.9528,0.3384,0.5291,151.0,151.0,247.0,71.0,56.0629,4
669,22.3223,251.5845,250.3412,0.618,0.0037,38.5267,253.0,253.0,253.0,0.0117,0.0312,0.9378,0.0469,0.9528,0.3344,0.5289,151.0,151.0,247.0,72.0,55.958,4
670,22.3557,250.834,248.092,1.3973,0.0052,96.1222,253.0,253.0,253.0,0.0153,0.0375,0.9278,0.0472,0.9528,0.3266,0.5227,192.0,192.0,192.0,0.0,81.2029,4
671,22.389,250.1142,245.9333,1.5876,0.0107,57.5116,253.0,253.0,253.0,0.0235,0.047,0.8104,0.05,0.9528,0.3795,0.5177,182.0,182.0,247.0,0.0,68.8539,4
672,22.4224,250.1142,245.9336,1.2343,0.0052,41.07,253.0,253.0,253.0,0.0235,0.0471,0.8101,0.05,0.9528,0.3773,0.5179,182.0,182.0,247.0,0.0,68.3773,4
673,22.4558,250.1141,245.9332,1.079,0.0051,33.7507,253.0,253.0,253.0,0.0233,0.0469,0.8035,0.05,0.9528,0.3744,0.5183,182.0,182.0,247.0,0.0,68.1401,4
674,22.4891,250.2167,246.2414,0.9804,0.0055,28.6125,253.0,253.0,253.0,0.0223,0.0447,0.8109,0.05,0.9528,0.364,0.5191,185.0,185.0,247.0,0.0,69.0538,4
675,22.5225,249.6941,244.6747,1.4022,0.0059,48.4754,253.0,253.0,253.0,0.025,0.0484,0.799,0.05,0.9528,0.373,0.5179,208.5,208.5,208.5,0.0,77.7384,4
676,22.5559,249.6943,244.6754,0.8945,0.0037,23.3858,253.0,253.0,253.0,0.025,0.0484,0.7989,0.05,0.9528,0.3715,0.5179,207.0,207.0,207.0,0.0,77.3636,4
677,22.5892,249.1109,242.9265,1.2465,0.0098,19.5093,253.0,253.0,253.0,0.0315,0.0531,0.7688,0.0528,0.9513,0.4174,0.5154,190.0,190.0,247.0,0.0,70.8924,4
678,22.6226,249.1142,242.9362,0.846,0.0051,14.5234,253.0,253.0,253.0,0.0317,0.0531,0.7686,0.0528,0.95,0.4177,0.5153,190.0,190.0,247.0,0.0,71.0095,4
679,22.656,249.1116,242.9287,0.7382,0.0048,11.5152,253.0,253.0,253.0,0.0316,0.0531,0.7688,0.0528,0.9503,0.4174,0.5154,192.0,192.0,247.0,0.0,71.0796,4
680,22.6893,248.8124,242.0316,1.1757,0.0068,23.2328,253.0,253.0,253.0,0.0328,0.0531,0.7578,0.0528,0.95,0.4192,0.5151,229.0,229.0,229.0,0.0,75.4795,4
681,22.7227,248.8109,242.0272,0.6202,0.0038,8.7543,253.0,253.0,253.0,0.0329,0.0531,0.7578,0.0528,0.95,0.4187,0.515,224.0,223.5,224.0,0.0,76.2697,4
682,22.7561,248.8114,242.0288,0.5291,0.0037,6.7242,253.0,253.0,253.0,0.0328,0.0531,0.7578,0.0528,0.95,0.4175,0.5152,228.0,228.0,228.5,0.0,75.5294,4
683,22.7894,247.9835,239.5471,1.1007,0.013,5.1413,253.0,253.0,253.0,0.0423,0.1928,0.8172,0.0556,0.95,0.4894,0.5138,193.0,193.0,247.0,0.0,70.3263,4
684,22.8228,247.9809,239.5394,0.4514,0.0046,3.93,253.0,253.0,253.0,0.0419,0.1922,0.8141,0.0556,0.95,0.4863,0.5138,193.0,193.0,247.0,0.0,70.3103,4
685,22.8562,247.2802,237.4389,1.2254,0.0071,22.1916,253.0,253.0,253.0,0.0458,0.1938,0.8188,0.0583,0.9472,0.5072,0.5134,243.0,243.0,243.0,0.0,76.3227,4
686,22.8895,247.4722,238.0144,0.6238,0.0054,3.971,253.0,253.0,253.0,0.0442,0.1938,0.8031,0.0583,0.9472,0.496,0.5137,240.0,240.0,240.0,0.0,77.6936,4
687,22.9229,247.4731,238.0172,0.5735,0.0048,4.7679,253.0,253.0,253.0,0.0441,0.1922,0.8016,0.0583,0.9472,0.4944,0.5137,239.0,239.0,239.0,0.0,77.0124,4
688,22.9563,247.4713,238.0117,0.7851,0.0052,7.044,253.0,253.0,253.0,0.0442,0.1922,0.8016,0.0583,0.9472,0.4946,0.5137,238.0,238.0,238.0,0.0,77.0942,4
689,22.9896,247.282,237.4441,1.2357,0.0074,11.7076,253.0,253.0,253.0,0.0457,0.1922,0.8156,0.0583,0.9472,0.5041,0.5134,239.5,239.5,240.0,0.0,76.0865,4
690,23.023,247.2818,237.4437,1.4919,0.007,19.0053,253.0,253.0,253.0,0.0456,0.1906,0.8156,0.0583,0.9472,0.5023,0.5135,239.0,239.0,239.0,0.0,76.0191,4
691,23.0564,247.2818,237.4436,2.0693,0.0074,32.5712,253.0,253.0,253.0,0.0459,0.1891,0.8125,0.0583,0.9472,0.5024,0.5134,240.0,240.0,240.0,0.0,76.6543,4
692,23.0897,247.4716,238.0125,2.9877,0.0096,52.3131,253.0,253.0,253.0,0.0441,0.1844,0.7938,0.0583,0.9472,0.4866,0.5137,236.5,236.5,236.5,0.0,76.5901,4
693,23.1231,247.4719,238.0135,4.2287,0.0093,87.4731,253.0,253.0,253.0,0.044,0.1812,0.7899,0.0583,0.9472,0.4819,0.5137,237.0,237.0,237.0,0.0,76.4074,4
694,23.1565,247.4733,238.0175,6.0667,0.0131,126.5629,253.0,253.0,253.0,0.0443,0.1703,0.7781,0.0583,0.9472,0.471,0.5137,237.0,237.0,237.0,0.0,77.2055,4
695,23.1898,12.4352,33.761,236.9919,0.0565,120.225,1.0,1.0,1.0,0.0276,0.0516,0.7822,0.05,0.95,0.3863,0.5069,96.0,96.0,97.0,81.0,34.1517,4
696,23.2232,12.4693,33.9282,8.1544,0.0402,78.9792,1.0,1.0,1.0,0.0484,0.2469,0.6575,0.0611,0.9361,0.4203,0.5303,117.0,116.5,169.0,72.0,34.3097,4
697,23.2566,12.4824,34.0631,5.1334,0.0322,66.806,1.0,1.0,1.0,0.0584,0.2774,0.6391,0.3639,0.9361,0.4428,0.5292,141.0,140.0,195.5,68.0,32.0417,4
698,23.2899,12.5222,34.2051,3.9745,0.027,47.6379,1.0,1.0,1.0,0.0618,0.2719,0.6812,0.3639,0.9361,0.4461,0.5295,124.5,125.0,172.0,67.0,35.326,4
699,23.3233,12.5643,34.3483,3.3498,0.0266,35.1223,1.0,1.0,1.0,0.0682,0.2688,0.7078,0.3641,0.9361,0.4653,0.5292,146.0,144.0,197.0,65.0,31.9421,4
700,23.3567,12.6129,34.4967,2.709,0.0239,23.2363,1.0,1.0,1.0,0.074,0.2672,0.7219,0.3667,0.9333,0.4791,0.5294,136.0,134.0,179.0,62.0,31.5278,4
701,23.39,12.652,34.6136,2.2761,0.0187,17.5978,1.0,1.0,1.0,0.0759,0.2641,0.7203,0.3667,0.9333,0.4812,0.5296,139.0,139.0,189.0,60.0,33.9336,4
702,23.4234,12.6721,34.675,1.8941,0.0169,12.7581,1.0,1.0,1.0,0.0781,0.2625,0.7375,0.3667,0.9333,0.4863,0.5292,146.0,143.0,207.0,59.0,34.9382,4
703,23.4568,12.6802,34.694,1.5449,0.0155,10.9392,1.0,1.0,1.0,0.0812,0.2609,0.7422,0.3667,0.9333,0.4923,0.5283,145.0,143.0,214.0,56.0,35.0094,4
704,23.4901,12.69,34.7187,1.2567,0.0139,7.7265,1.0,1.0,1.0,0.0822,0.2594,0.7516,0.3667,0.9333,0.4964,0.5275,143.0,140.0,205.0,54.0,33.9745,4
705,23.5235,12.7049,34.7599,1.0133,0.0126,5.1699,1.0,1.0,1.0,0.0827,0.2594,0.75,0.3667,0.9333,0.4966,0.5271,140.0,139.0,204.0,54.0,33.9894,4
706,23.5569,12.7293,34.8287,0.8239,0.0099,3.9974,1.0,1.0,1.0,0.0838,0.2578,0.7484,0.3694,0.9306,0.4969,0.5272,140.0,138.0,205.0,56.0,36.084,4
707,23.5902,12.7539,34.8961,0.6714,0.0079,3.7926,1.0,1.0,1.0,0.0841,0.2578,0.7484,0.3694,0.9306,0.4977,0.5268,140.0,139.0,193.0,55.0,35.7898,4
708,23.6236,12.7828,34.9756,0.5732,0.0069,3.3498,1.0,1.0,1.0,0.0834,0.2562,0.7469,0.3694,0.9333,0.4968,0.527,145.0,143.0,194.0,57.0,35.5212,4
709,23.657,12.8012,35.0257,0.5019,0.0042,3.4849,1.0,1.0,1.0,0.0836,0.2562,0.7469,0.3694,0.9333,0.4957,0.5272,151.0,148.0,200.0,59.0,36.1036,4
710,23.6903,12.8122,35.0553,0.4057,0.0028,3.1988,1.0,1.0,1.0,0.0839,0.2562,0.7469,0.3694,0.9333,0.4957,0.527,150.0,147.0,193.5,59.0,36.5214,4
711,23.7237,12.808,35.0404,0.3868,0.0029,3.0703,1.0,1.0,1.0,0.0844,0.2562,0.7469,0.3694,0.9333,0.4961,0.5271,145.0,143.0,198.0,60.0,37.0877,4
712,23.7571,12.7988,35.0073,0.4661,0.004,3.542,1.0,1.0,1.0,0.0845,0.2562,0.7469,0.3694,0.9333,0.4957,0.5269,144.0,141.0,209.0,58.0,37.5802,4
713,23.7904,12.7875,34.9681,0.5743,0.0065,3.538,1.0,1.0,1.0,0.0838,0.2562,0.7469,0.3694,0.9333,0.4961,0.5267,140.0,138.0,196.0,57.0,35.6851,4
714,23.8238,12.7737,34.9202,0.7255,0.0093,3.4262,1.0,1.0,1.0,0.0834,0.2547,0.7453,0.3669,0.9333,0.4939,0.5273,140.0,138.0,203.0,54.0,34.2853,4
715,23.8572,12.7525,34.8502,0.9128,0.0111,4.8223,1.0,1.0,1.0,0.0828,0.2547,0.7453,0.3667,0.9333,0.4957,0.527,138.0,137.0,194.0,56.0,31.9989,4
716,23.8905,12.7429,34.8159,1.1768,0.0135,7.2487,1.0,1.0,1.0,0.0821,0.2531,0.7438,0.3667,0.9333,0.4981,0.5274,143.0,140.0,195.5,58.0,31.7313,4
717,23.9239,12.7356,34.7859,1.4709,0.0165,10.9045,1.0,1.0,1.0,0.0792,0.2524,0.7422,0.3667,0.9333,0.5027,0.5286,144.0,141.0,201.0,58.0,31.3463,4
718,23.9573,12.7261,34.749,1.8603,0.0222,14.2033,1.0,1.0,1.0,0.0715,0.2594,0.7391,0.375,0.9361,0.5173,0.5318,148.0,146.0,219.0,59.0,31.6611,4
719,23.9906,12.7061,34.6889,2.3492,0.0217,20.3286,1.0,1.0,1.0,0.0653,0.2594,0.7375,0.3722,0.9361,0.5398,0.5349,139.0,139.0,186.0,65.0,35.3147,4
720,24.024,12.6914,34.6318,3.3618,0.0187,27.8774,1.0,1.0,1.0,0.0639,0.3547,0.7344,0.3722,0.9361,0.5411,0.5359,127.0,126.0,178.0,63.0,34.7522,4
721,24.0574,12.6399,34.5078,3.5272,0.0222,37.128,1.0,1.0,1.0,0.0624,0.3253,0.7312,0.3722,0.9361,0.5418,0.5372,145.0,143.0,193.0,63.0,34.871,4
722,24.0907,12.5863,34.3872,4.2568,0.0261,52.389,1.0,1.0,1.0,0.0581,0.3014,0.725,0.3722,0.9361,0.5449,0.5404,146.0,145.0,188.0,65.0,34.7388,5
723,24.1241,12.5397,34.2552,5.1459,0.0292,77.6555,1.0,1.0,1.0,0.0549,0.2772,0.7172,0.3694,0.9361,0.5478,0.5406,122.0,120.0,186.0,67.0,30.4053,5
724,24.1575,12.4581,34.0256,8.864,0.0419,80.4181,1.0,1.0,1.0,0.0351,0.1716,0.7219,0.0528,0.95,0.5896,0.528,104.5,101.5,156.0,78.0,30.3543,5
725,24.1908,41.3778,56.6571,46.6492,0.0537,57.0021,27.0,27.0,65.0,0.0267,0.0522,0.6652,0.0611,0.9472,0.3997,0.5187,118.0,117.0,176.0,97.0,29.8671,5
726,24.2242,41.3682,56.7025,7.4276,0.0389,47.473,27.0,27.0,65.0,0.0376,0.2719,0.5984,0.3722,0.9361,0.4281,0.5251,133.0,132.0,192.0,98.0,33.3951,5
727,24.2576,41.2102,56.5189,4.9834,0.0301,76.0886,27.0,27.0,65.0,0.0413,0.2641,0.65,0.3722,0.9361,0.439,0.5248,148.0,146.0,215.0,97.0,32.0724,4
728,24.2909,41.1151,56.4569,3.8206,0.0273,59.7307,27.0,27.0,65.0,0.0451,0.2578,0.6484,0.3722,0.9333,0.442,0.5235,132.0,129.0,187.0,100.0,36.141,5
729,24.3243,40.9917,56.3766,3.3438,0.0249,42.4739,27.0,27.0,65.0,0.0484,0.2531,0.7031,0.3722,0.9333,0.4569,0.5246,146.0,144.0,216.0,98.0,33.2106,4
730,24.3577,40.783,56.1376,3.0677,0.0248,29.6456,27.0,27.0,65.0,0.0541,0.25,0.7281,0.375,0.9306,0.4759,0.5255,139.0,138.0,192.0,99.0,33.2994,4
731,24.391,40.6363,56.0262,2.5008,0.0215,19.1663,27.0,27.0,65.0,0.0551,0.2484,0.7297,0.375,0.9306,0.4835,0.5261,143.0,140.0,206.0,100.0,33.0467,4
732,24.4244,40.4859,55.8638,2.2504,0.0176,14.7279,27.0,27.0,65.0,0.0583,0.2453,0.7297,0.375,0.9306,0.4844,0.526,130.5,128.0,192.0,103.0,37.2581,4
733,24.4578,40.2971,55.6453,1.982,0.0136,13.4165,27.0,27.0,65.0,0.0594,0.2438,0.7422,0.375,0.9306,0.4847,0.5257,132.0,130.5,196.0,104.0,36.7676,4
734,24.4911,40.1222,55.4423,1.7151,0.0132,8.9749,27.0,27.0,65.0,0.0613,0.2422,0.7531,0.375,0.9306,0.4923,0.5253,138.0,136.0,204.0,103.0,36.4646,4
735,24.5245,39.9618,55.2617,1.4873,0.0139,4.858,27.0,27.0,65.0,0.0617,0.2422,0.7594,0.375,0.9306,0.4984,0.5245,140.0,138.0,216.0,103.0,33.7624,4
736,24.5579,39.8255,55.0967,1.3542,0.0117,3.5652,27.0,27.0,65.0,0.0635,0.2406,0.7578,0.375,0.9306,0.4977,0.5239,136.0,133.0,211.0,103.0,35.8708,4
737,24.5912,39.659,54.9587,1.2114,0.0085,3.1846,27.0,27.0,65.0,0.0631,0.2406,0.7578,0.375,0.9306,0.4991,0.5242,141.0,139.0,212.0,100.0,35.0361,4
738,24.6246,39.5173,54.8212,1.1303,0.007,3.6996,27.0,27.0,65.0,0.0642,0.2391,0.7562,0.375,0.9306,0.4986,0.524,146.0,144.0,211.0,96.0,37.6003,4
739,24.658,39.3593,54.6705,1.1259,0.0048,3.945,27.0,27.0,63.0,0.0645,0.2391,0.7562,0.375,0.9306,0.4964,0.5239,148.0,147.0,208.0,90.0,37.9586,4
740,24.6913,39.2107,54.5146,0.9958,0.0034,3.4697,27.0,27.0,65.0,0.0644,0.2391,0.7562,0.375,0.9306,0.4941,0.5238,146.0,145.0,198.0,86.0,37.6135,4
741,24.7247,39.0473,54.3581,0.9687,0.0035,3.3782,27.0,27.0,65.0,0.0645,0.2391,0.7562,0.375,0.9306,0.4922,0.5237,147.0,146.0,205.0,89.0,37.3223,4
742,24.7581,38.8803,54.1625,1.0696,0.0052,3.5372,27.0,27.0,63.0,0.0636,0.2391,0.7562,0.375,0.9306,0.493,0.5238,141.0,139.0,203.0,96.0,35.9479,4
743,24.7914,38.7211,53.9862,1.0821,0.0076,2.9103,27.0,27.0,63.0,0.0635,0.2391,0.7547,0.375,0.9306,0.4957,0.5235,140.0,138.0,212.0,99.0,35.067,4
744,24.8248,38.542,53.7643,1.2915,0.01,3.6725,27.0,27.0,63.0,0.0643,0.2375,0.7547,0.375,0.9306,0.4948,0.5233,134.0,132.0,202.0,100.0,34.6307,4
745,24.8582,38.3944,53.5875,1.3757,0.0125,4.3487,27.0,27.0,63.0,0.0632,0.2375,0.7531,0.375,0.9306,0.4959,0.5232,143.0,139.0,216.0,100.0,32.3774,4
746,24.8915,38.2261,53.3875,1.629,0.0161,5.4373,27.0,27.0,65.0,0.0612,0.2359,0.7531,0.3803,0.9306,0.4999,0.5239,139.0,137.0,205.0,99.0,30.0295,5
747,24.9249,38.0854,53.2647,1.7867,0.0195,7.792,27.0,27.0,65.0,0.0579,0.2344,0.7516,0.3833,0.9324,0.5126,0.5253,143.0,141.0,215.0,98.0,30.6436,5
748,24.9583,37.9199,53.1085,2.1837,0.0202,13.6165,27.0,27.0,65.0,0.0517,0.2453,0.7484,0.3833,0.9333,0.5403,0.5293,140.0,138.0,212.0,100.0,34.5841,5
749,24.9916,37.784,52.9815,2.4251,0.0168,17.4973,27.0,27.0,65.0,0.0489,0.3391,0.7469,0.3833,0.9333,0.5507,0.5309,136.0,134.0,194.0,100.0,33.8585,5
750,25.025,37.4673,52.4745,4.095,0.0181,25.2514,27.0,27.0,66.0,0.0489,0.3516,0.7438,0.3833,0.9333,0.5514,0.5302,145.0,143.0,202.0,98.0,32.0476,5
751,25.0584,37.3988,52.425,3.1085,0.0227,34.402,27.0,27.0,66.0,0.045,0.3484,0.7391,0.3806,0.9333,0.5581,0.5306,136.0,133.0,207.0,97.0,29.551,5
752,25.0917,37.2619,52.3238,4.1008,0.0271,55.544,27.0,27.0,66.0,0.0379,0.2548,0.7344,0.375,0.9361,0.5836,0.5304,127.0,125.0,187.0,99.0,35.3606,5
753,25.1251,37.176,52.2776,4.524,0.0259,71.7004,27.0,27.0,66.0,0.0336,0.1015,0.7266,0.1903,0.9361,0.591,0.5302,136.0,134.0,197.0,97.0,30.48,5
754,25.1585,37.0655,52.1677,6.9032,0.0316,55.8317,27.0,27.0,66.0,0.0233,0.048,0.7078,0.0556,0.9479,0.6145,0.5271,116.0,117.0,182.5,97.0,31.3814,5
755,25.1918,0.7325,0.602,44.213,0.0256,5.4702,0.0,0.0,0.0,0.0042,0.0266,0.9656,0.0444,0.9528,0.3821,0.5886,68.0,70.0,70.0,152.0,65.7356,6
756,25.2252,0.9292,1.1932,0.7392,0.0048,0.077,0.0,0.0,0.0,0.0044,0.0266,0.9655,0.0444,0.9528,0.3614,0.5832,68.0,70.0,73.0,151.0,65.8939,5
757,25.2586,1.2688,2.2116,1.1089,0.0118,17.6415,0.0,0.0,0.0,0.0122,0.0328,0.9359,0.0472,0.9528,0.3933,0.534,47.0,44.0,109.0,151.0,34.0927,4
758,25.2919,1.5497,3.0535,1.3564,0.0123,40.6047,0.0,0.0,0.0,0.0163,0.0382,0.9203,0.0472,0.9528,0.3793,0.526,69.0,67.0,122.0,152.0,37.0872,4
759,25.3253,1.776,3.739,1.5957,0.0118,50.7972,0.0,0.0,0.0,0.0196,0.0422,0.8266,0.0472,0.9528,0.3604,0.5225,60.0,60.0,66.0,152.0,39.5027,4
760,25.3587,2.9447,7.2502,2.3696,0.0066,101.3021,0.0,0.0,0.0,0.0206,0.0429,0.8219,0.05,0.9528,0.3554,0.5211,59.0,60.0,63.0,0.0,72.3335,4
761,25.392,3.1117,7.7588,1.7252,0.0109,52.2653,0.0,0.0,0.0,0.0268,0.05,0.7929,0.05,0.9528,0.411,0.5185,48.0,46.0,87.5,0.0,59.9387,4
762,25.4254,3.2671,8.2234,1.7676,0.0107,44.8623,0.0,0.0,0.0,0.0293,0.0516,0.7781,0.0528,0.9528,0.42,0.5179,61.0,61.0,67.0,0.0,59.2805,4
763,25.4588,3.3624,8.5159,1.8567,0.0101,43.8344,0.0,0.0,0.0,0.0315,0.0531,0.7688,0.0528,0.9528,0.4237,0.5168,53.0,50.5,61.0,0.0,59.6256,4
764,25.4921,3.486,8.8937,1.4611,0.0065,27.6944,0.0,0.0,0.0,0.0316,0.0531,0.7688,0.0528,0.95,0.4221,0.5162,42.0,40.0,59.0,0.0,58.9076,4
765,25.5255,4.5018,11.9221,2.1958,0.0108,41.5095,0.0,0.0,0.0,0.0359,0.1713,0.8016,0.0528,0.95,0.4543,0.5144,47.0,44.0,68.0,0.0,69.1267,4
766,25.5589,4.281,11.2792,1.8432,0.0107,27.7139,0.0,0.0,0.0,0.0373,0.1719,0.7906,0.0528,0.95,0.463,0.5149,56.0,56.0,61.0,0.0,67.8027,4
767,25.5922,4.4416,11.7536,1.5786,0.0082,26.4525,0.0,0.0,0.0,0.0381,0.1698,0.7812,0.0547,0.95,0.4668,0.5145,55.0,54.0,60.0,0.0,67.5654,4
768,25.6256,4.5492,12.0692,1.5456,0.0081,26.0095,0.0,0.0,0.0,0.0387,0.1703,0.7734,0.0556,0.95,0.4687,0.5142,52.0,48.5,60.0,0.0,66.4727,4
769,25.659,4.5458,12.0656,1.3881,0.0076,22.5224,0.0,0.0,0.0,0.0392,0.1734,0.7688,0.0556,0.95,0.4703,0.5139,42.0,41.0,60.0,0.0,66.4489,4
770,25.6923,4.9271,13.2193,1.4577,0.0065,24.2078,0.0,0.0,0.0,0.0397,0.175,0.7672,0.0556,0.95,0.4733,0.5136,32.0,32.0,46.0,0.0,74.8402,4
771,25.7257,5.0968,13.7035,0.9255,0.0057,10.6185,0.0,0.0,0.0,0.0398,0.1734,0.7656,0.0556,0.95,0.4703,0.5136,41.5,40.0,59.0,0.0,73.9242,4
772,25.7591,5.2341,14.0869,0.8049,0.0055,8.5168,0.0,0.0,0.0,0.0403,0.1716,0.7656,0.0556,0.95,0.4676,0.5132,53.0,49.0,61.0,0.0,74.4142,4
773,25.7924,5.2854,14.2269,0.631,0.0051,6.3917,0.0,0.0,0.0,0.0401,0.1688,0.7649,0.0556,0.95,0.467,0.5133,56.0,42.0,60.0,0.0,73.8028,4
774,25.8258,5.2883,14.2325,0.5019,0.0046,4.7445,0.0,0.0,0.0,0.04,0.1688,0.7641,0.0556,0.95,0.4671,0.5131,54.0,34.0,59.0,0.0,74.7216,4
775,25.8592,5.302,14.2654,0.4008,0.0036,4.2429,0.0,0.0,0.0,0.0402,0.1688,0.7641,0.0556,0.95,0.4675,0.5133,56.0,37.0,59.0,0.0,74.6031,4
776,25.8925,5.2717,14.1924,0.4339,0.0038,4.5938,0.0,0.0,0.0,0.04,0.1688,0.7641,0.0556,0.95,0.4675,0.5132,56.0,38.0,59.0,0.0,74.3569,4
777,25.9259,5.2518,14.1379,0.5421,0.0047,4.7014,0.0,0.0,0.0,0.04,0.1688,0.7625,0.0556,0.95,0.4657,0.5133,56.0,32.0,58.0,0.0,74.5321,4
778,25.9593,5.2454,14.1174,0.7125,0.005,7.501,0.0,0.0,0.0,0.0401,0.1677,0.7625,0.0556,0.95,0.4667,0.5132,56.0,27.0,59.0,0.0,74.856,4
779,25.9926,5.2364,14.0914,0.9288,0.0051,12.0881,0.0,0.0,0.0,0.04,0.1688,0.7609,0.0556,0.95,0.4653,0.5134,54.0,32.0,58.0,0.0,75.2726,4
780,26.026,5.1932,13.9723,1.2661,0.0061,19.4597,0.0,0.0,0.0,0.04,0.1672,0.7594,0.0556,0.9498,0.4632,0.5129,49.0,27.0,59.0,0.0,75.1745,4
781,26.0594,5.1474,13.8477,1.7081,0.0067,30.929,0.0,0.0,0.0,0.0401,0.1677,0.7578,0.0556,0.9491,0.4617,0.5128,45.0,34.5,60.0,0.0,74.4683,4
782,26.0927,5.0398,13.549,2.4624,0.008,50.356,0.0,0.0,0.0,0.04,0.1706,0.7547,0.0556,0.9494,0.4597,0.5129,42.0,41.0,59.0,0.0,74.2016,4
783,26.1261,4.917,13.1903,3.6885,0.0091,84.4949,0.0,0.0,0.0,0.0397,0.1734,0.75,0.0556,0.95,0.4568,0.513,35.0,34.0,51.0,0.0,74.2443,4
784,26.1595,5.089,13.2588,5.6959,0.015,125.4667,0.0,0.0,0.0,0.0394,0.1453,0.7391,0.0556,0.95,0.4457,0.513,47.0,27.0,54.0,0.0,74.4982,4
785,26.1928,0.5107,0.0001,4.7073,0.0378,0.08,0.0,0.0,0.0,0.0017,0.025,0.9706,0.0444,0.9528,0.4594,0.6632,66.0,66.0,66.0,0.0,117.6903,3
786,26.2262,0.9035,1.1774,0.5329,0.0077,0.0,0.0,0.0,0.0,0.0094,0.0312,0.9466,0.0444,0.9528,0.3876,0.5326,47.0,45.0,122.0,161.0,32.4932,4
787,26.2596,1.1922,2.0429,0.9176,0.0087,48.0928,0.0,0.0,0.0,0.0138,0.0375,0.9238,0.0472,0.9528,0.3586,0.5228,63.0,62.0,75.0,166.0,37.5543,5
788,26.2929,1.355,2.531,1.1432,0.0072,57.6657,0.0,0.0,0.0,0.0144,0.0375,0.923,0.0472,0.9528,0.3347,0.522,63.0,63.0,75.0,157.0,41.2196,4
789,26.3263,1.9034,4.1749,1.808,0.0098,78.3315,0.0,0.0,0.0,0.0189,0.0406,0.8266,0.0472,0.9528,0.3772,0.5181,87.0,84.0,111.0,153.0,41.5622,4
790,26.3597,3.0924,7.7391,2.3002,0.0095,84.4334,0.0,0.0,0.0,0.0221,0.0463,0.8071,0.05,0.9528,0.3771,0.5159,69.0,68.0,74.0,0.0,60.4504,4
791,26.393,3.1794,7.9999,1.7486,0.0086,60.6273,0.0,0.0,0.0,0.0223,0.0469,0.8056,0.05,0.9528,0.3695,0.5158,66.0,66.0,74.5,0.0,60.5448,4
792,26.4264,3.7631,9.7497,1.8399,0.0102,43.5329,0.0,0.0,0.0,0.0272,0.05,0.7875,0.0517,0.9528,0.4114,0.5148,83.0,80.0,101.0,0.0,59.2114,4
793,26.4598,4.1644,10.9526,2.0354,0.0103,44.6225,0.0,0.0,0.0,0.0292,0.0516,0.7734,0.0528,0.9521,0.4202,0.5143,68.0,67.0,75.0,0.0,62.3716,4
794,26.4931,4.3242,11.4316,2.0271,0.0097,42.3038,0.0,0.0,0.0,0.0299,0.053,0.769,0.0528,0.95,0.4149,0.5143,65.0,65.0,72.0,0.0,63.9617,4
795,26.5265,5.0991,13.3451,2.7697,0.0129,53.5976,0.0,0.0,0.0,0.0362,0.1734,0.8562,0.0528,0.95,0.4787,0.5131,95.0,94.0,115.0,0.0,59.0938,4
796,26.5599,5.6326,15.0286,2.0891,0.012,31.0259,0.0,0.0,0.0,0.0389,0.1931,0.8406,0.0556,0.95,0.4944,0.5127,75.0,75.0,88.5,0.0,63.8876,4
797,26.5932,5.9123,16.1693,2.2525,0.0103,37.1694,0.0,0.0,0.0,0.0402,0.1946,0.8281,0.0556,0.9484,0.4987,0.5125,68.0,67.0,73.0,0.0,65.9751,4
798,26.6266,6.0439,16.5817,2.3267,0.0094,40.5682,0.0,0.0,0.0,0.0405,0.1938,0.8172,0.0556,0.9472,0.4953,0.5124,67.0,67.0,72.0,0.0,66.4881,4
799,26.66,6.0957,16.741,2.17,0.0085,39.5142,0.0,0.0,0.0,0.0402,0.1922,0.8109,0.0556,0.9486,0.4927,0.5125,67.0,67.0,73.0,0.0,64.9162,4
800,26.6933,5.7667,15.7555,2.1802,0.0077,37.3087,0.0,0.0,0.0,0.0404,0.1922,0.8062,0.0556,0.9472,0.4895,0.5124,66.0,66.0,74.0,0.0,62.6479,4
801,26.7267,5.7696,15.7643,0.6858,0.0065,5.7757,0.0,0.0,0.0,0.0404,0.1906,0.8062,0.0556,0.9472,0.4881,0.5124,66.0,66.0,74.0,0.0,62.6015,4
802,26.7601,5.7676,15.7584,0.5992,0.0062,4.8613,0.0,0.0,0.0,0.0402,0.1906,0.8062,0.0556,0.9484,0.4871,0.5125,69.0,68.0,74.0,0.0,62.6426,4
803,26.7934,5.7656,15.7525,0.5033,0.0056,3.6263,0.0,0.0,0.0,0.0403,0.1891,0.8047,0.0556,0.948,0.4876,0.5125,68.0,67.0,75.0,0.0,61.8688,4
804,26.8268,5.7638,15.747,0.4205,0.0047,3.4474,0.0,0.0,0.0,0.0403,0.1891,0.8047,0.0556,0.9475,0.4872,0.5125,67.0,66.0,75.0,0.0,62.4732,4
805,26.8602,6.8221,18.9193,1.1288,0.0041,18.9399,0.0,0.0,0.0,0.0408,0.1891,0.8047,0.0556,0.9472,0.4889,0.5124,70.0,70.0,70.0,0.0,71.9179,4
806,26.8935,6.819,18.9102,0.3307,0.0036,3.0806,0.0,0.0,0.0,0.0408,0.1891,0.8046,0.0556,0.9472,0.4885,0.512,72.0,72.0,72.0,0.0,71.4468,4
807,26.9269,6.8199,18.9127,0.3734,0.0037,3.8622,0.0,0.0,0.0,0.0413,0.1875,0.8031,0.0556,0.9472,0.4884,0.5113,72.0,72.0,72.0,0.0,73.4457,4
808,26.9603,6.8247,18.9272,0.4954,0.005,4.9875,0.0,0.0,0.0,0.041,0.1875,0.8031,0.0556,0.9472,0.4871,0.5108,72.0,72.0,72.0,0.0,72.4654,4
809,26.9936,6.8192,18.9108,0.6864,0.0063,6.4898,0.0,0.0,0.0,0.0416,0.1875,0.8031,0.0556,0.9472,0.4876,0.5086,67.0,67.0,67.0,0.0,75.2008,4
810,27.027,6.8221,18.9195,0.9625,0.007,11.3981,0.0,0.0,0.0,0.0413,0.1875,0.8031,0.0556,0.9472,0.4871,0.506,70.0,70.0,70.0,0.0,73.4752,4
811,27.0604,6.82,18.913,1.3502,0.008,20.5504,0.0,0.0,0.0,0.0413,0.1875,0.8031,0.0556,0.9472,0.4862,0.5029,69.5,69.5,69.5,0.0,73.7487,4
812,27.0937,6.8187,18.9092,1.9338,0.0109,31.0972,0.0,0.0,0.0,0.0415,0.1875,0.8031,0.0556,0.9472,0.4866,0.4976,68.0,68.0,68.0,0.0,75.8584,4
813,27.1271,6.8242,18.9256,2.9625,0.0133,52.6466,0.0,0.0,0.0,0.0416,0.1875,0.8031,0.0556,0.9472,0.4866,0.4896,68.0,68.0,68.0,0.0,75.6598,4
814,27.1605,6.8216,18.9181,5.4593,0.0271,69.8898,0.0,0.0,0.0,0.041,0.1875,0.8031,0.0556,0.9472,0.4877,0.4697,70.0,70.0,70.0,0.0,72.3362,4
815,27.1938,116.1744,116.182,146.0002,0.0406,77.2328,102.0,98.0,247.0,0.0006,0.025,0.9665,0.0444,0.9528,0.294,0.3546,26.5,23.5,172.5,219.5,52.9842,4
816,27.2272,115.7798,114.9987,0.5118,0.0018,0.0069,102.0,98.0,247.0,0.0025,0.025,0.9536,0.0444,0.9528,0.2935,0.4237,48.0,47.5,146.0,153.0,31.3229,7
817,27.2606,115.2715,113.4751,1.0485,0.0073,32.9495,102.0,98.0,247.0,0.0079,0.0284,0.8085,0.0472,0.9472,0.2895,0.4416,46.0,46.0,146.0,153.0,18.5435,6
818,27.2939,114.862,112.2473,0.6388,0.0063,13.1522,102.0,98.0,247.0,0.0118,0.0315,0.6695,0.0472,0.9361,0.3115,0.4549,46.0,45.0,129.0,153.0,20.6782,5
819,27.3273,114.4884,111.1276,0.5848,0.0049,9.7654,102.0,98.0,247.0,0.0144,0.0375,0.6125,0.0476,0.9333,0.3352,0.4581,51.0,51.0,146.0,153.0,19.6405,5
820,27.3607,114.0803,109.9041,0.7055,0.0056,11.6141,102.0,98.0,247.0,0.0171,0.0391,0.5885,0.05,0.9306,0.3512,0.4595,55.0,54.0,157.0,153.0,19.7376,5
821,27.394,113.6046,108.4782,0.7367,0.0071,5.5765,102.0,98.0,247.0,0.0218,0.0438,0.5938,0.0528,0.5744,0.3861,0.4658,49.0,48.0,146.0,153.0,20.0964,5
822,27.4274,113.2597,107.4443,0.5848,0.0058,2.6891,102.0,98.0,247.0,0.0253,0.0484,0.6594,0.0528,0.5797,0.4137,0.4691,59.0,58.0,172.0,153.0,19.7617,6
823,27.4608,112.8941,106.3483,0.6496,0.0066,5.0363,102.0,98.0,247.0,0.0279,0.0504,0.6621,0.0556,0.5833,0.426,0.4709,74.0,73.0,182.0,153.0,18.0552,6
824,27.4941,112.493,105.146,0.7643,0.0064,2.3527,102.0,98.0,247.0,0.0321,0.0531,0.7438,0.0582,0.5889,0.4491,0.4748,90.0,87.0,187.0,153.0,19.5611,7
825,27.5275,112.1617,104.1527,0.8097,0.0097,5.447,102.0,98.0,247.0,0.0376,0.2344,0.7531,0.0611,0.5889,0.4808,0.4789,67.0,64.0,167.0,153.0,17.4185,6
826,27.5609,111.984,103.62,0.4306,0.0057,4.4093,102.0,98.0,247.0,0.0406,0.2344,0.7531,0.0639,0.5944,0.4873,0.4809,61.0,60.0,157.0,153.0,18.9959,5
827,27.5942,111.8748,103.2926,0.2564,0.0047,1.96,102.0,98.0,247.0,0.0419,0.2344,0.7531,0.3722,0.6028,0.4877,0.4826,68.0,67.0,174.0,153.0,17.8264,5
828,27.6276,111.7674,102.9709,0.2383,0.0048,1.1953,102.0,98.0,247.0,0.0434,0.2344,0.7531,0.3722,0.6111,0.4913,0.4841,63.0,61.0,158.5,153.0,17.7778,5
829,27.661,111.668,102.6728,0.2226,0.0039,1.7598,102.0,98.0,247.0,0.0455,0.2344,0.7531,0.3722,0.6167,0.4898,0.4857,62.0,60.0,153.5,153.0,18.7837,5
830,27.6943,111.5752,102.3946,0.2033,0.004,1.552,102.0,98.0,247.0,0.0465,0.2359,0.7531,0.3694,0.6167,0.4898,0.4876,60.0,59.0,148.0,153.0,18.2016,5
831,27.7277,111.4856,102.1261,0.1892,0.0033,1.31,102.0,98.0,247.0,0.0478,0.2359,0.7531,0.3694,0.6167,0.4915,0.4888,56.0,55.0,145.0,153.0,17.2464,5
832,27.7611,111.403,101.8784,0.1724,0.0035,1.0537,102.0,98.0,247.0,0.0495,0.2359,0.7531,0.3694,0.6167,0.4927,0.4906,54.0,54.0,139.0,153.0,17.4707,5
833,27.7944,111.3274,101.6517,0.157,0.0026,1.2274,102.0,98.0,247.0,0.0509,0.2359,0.7531,0.3694,0.6167,0.494,0.4922,53.0,52.0,136.0,153.0,18.1597,5
834,27.8278,111.2528,101.4282,0.1435,0.0029,1.1594,102.0,98.0,247.0,0.0526,0.2359,0.7531,0.3694,0.6194,0.4938,0.4941,51.0,51.0,130.0,153.0,18.5509,5
835,27.8612,111.185,101.2251,0.1277,0.0027,1.0892,102.0,98.0,247.0,0.0537,0.2359,0.7531,0.3694,0.6194,0.4942,0.4956,49.0,48.0,125.0,153.0,18.6412,5
836,27.8945,111.1285,101.0557,0.1473,0.003,1.1548,102.0,98.0,247.0,0.0546,0.2359,0.7531,0.3694,0.6194,0.4944,0.4972,48.0,47.0,123.0,153.0,18.2782,5
837,27.9279,111.0945,100.9536,0.233,0.0051,1.5655,102.0,98.0,247.0,0.0564,0.2375,0.7531,0.3694,0.6197,0.4917,0.4991,47.0,46.0,117.0,153.0,18.5569,5
838,27.9613,111.085,100.9253,0.3588,0.0088,2.0719,102.0,98.0,247.0,0.0568,0.2375,0.7516,0.3694,0.6222,0.4946,0.5001,45.0,45.0,113.0,153.0,17.978,5
839,27.9946,111.1086,100.9958,0.5107,0.0108,3.812,102.0,98.0,247.0,0.0585,0.2406,0.75,0.3694,0.6194,0.4921,0.501,42.0,42.0,109.0,153.0,18.704,5
840,28.028,111.1638,101.1604,0.7314,0.0143,6.7963,102.0,98.0,247.0,0.0591,0.2438,0.7469,0.3722,0.6194,0.4932,0.5035,40.0,40.0,103.0,153.0,18.0578,5
841,28.0614,111.2862,101.5268,0.9827,0.0179,10.6108,102.0,98.0,247.0,0.0584,0.2469,0.7422,0.3722,0.6194,0.4928,0.5039,38.0,38.0,97.0,153.0,17.2523,5
842,28.0947,111.4696,102.0766,1.3693,0.0215,17.9058,102.0,98.0,247.0,0.059,0.2531,0.7359,0.375,0.6167,0.4946,0.5055,37.0,34.0,90.0,153.0,18.6168,5
843,28.1281,111.7803,103.0082,2.0299,0.0255,28.3995,102.0,98.0,247.0,0.0577,0.2625,0.7266,0.3806,0.6111,0.4958,0.5074,32.0,31.0,81.0,153.0,16.7556,6
844,28.1615,112.5868,105.4259,4.4546,0.0345,57.3551,102.0,98.0,247.0,0.0526,0.2875,0.7031,0.3917,0.6,0.4923,0.5086,26.0,26.0,68.0,153.0,17.0671,6
845,28.1948,7.489,20.9201,145.3657,0.0488,128.6492,0.0,0.0,0.0,0.0561,0.2078,0.7828,0.4306,0.9361,0.4816,0.5139,63.0,63.0,63.0,0.0,58.6354,4
846,28.2282,6.8075,18.8775,6.0024,0.0138,102.9587,0.0,0.0,0.0,0.0514,0.2219,0.7688,0.4306,0.9361,0.4826,0.5137,61.0,61.0,61.0,0.0,61.6296,4
847,28.2616,6.5048,17.9701,3.02,0.0091,53.8777,0.0,0.0,0.0,0.049,0.2297,0.7641,0.0611,0.9472,0.484,0.5136,61.0,61.0,61.0,0.0,62.2833,4
848,28.2949,6.2886,17.3221,2.2143,0.0075,38.9291,0.0,0.0,0.0,0.0471,0.2312,0.7594,0.0611,0.9472,0.4843,0.5138,61.0,61.0,61.0,0.0,62.3204,4
849,28.3283,6.1207,16.8187,1.765,0.0067,29.2694,0.0,0.0,0.0,0.0459,0.2219,0.7547,0.0611,0.9472,0.4837,0.5139,61.0,61.0,61.0,0.0,61.7558,4
850,28.3617,5.9819,16.4025,1.4727,0.006,24.3002,0.0,0.0,0.0,0.0448,0.2172,0.7516,0.0583,0.9472,0.4833,0.5135,60.0,60.0,60.0,0.0,63.7997,4
851,28.395,5.8669,16.0579,1.259,0.0055,19.9711,0.0,0.0,0.0,0.044,0.2125,0.7494,0.0583,0.9472,0.4848,0.5135,60.0,60.0,60.0,0.0,63.8157,4
852,28.4284,5.7716,15.7723,1.0907,0.0059,15.9248,0.0,0.0,0.0,0.0433,0.2078,0.7469,0.0583,0.9472,0.4837,0.5137,61.0,61.0,61.0,0.0,64.7514,4
853,28.4618,5.6874,15.5198,0.9584,0.005,13.3168,0.0,0.0,0.0,0.043,0.2034,0.7453,0.0583,0.9472,0.4846,0.5138,60.0,60.0,60.0,0.0,65.8395,4
854,28.4951,5.6176,15.3104,0.8501,0.0041,12.7614,0.0,0.0,0.0,0.0427,0.2031,0.7438,0.0583,0.9472,0.4832,0.5138,60.5,60.5,60.5,0.0,66.4894,4
855,28.5285,5.5556,15.1247,0.7552,0.0041,10.9073,0.0,0.0,0.0,0.0419,0.1973,0.7422,0.0567,0.9472,0.4846,0.514,60.0,60.0,60.0,0.0,65.8942,4
856,28.5619,5.5035,14.9685,0.6771,0.0043,8.5081,0.0,0.0,0.0,0.041,0.1946,0.7406,0.0556,0.9472,0.4852,0.5139,60.0,60.0,60.0,0.0,65.6156,4
857,28.5952,5.4559,14.8257,0.6042,0.004,7.2755,0.0,0.0,0.0,0.0407,0.1938,0.7391,0.0556,0.9472,0.4846,0.5139,58.0,58.0,58.0,0.0,67.5554,4
858,28.6286,5.4192,14.7159,0.5433,0.0036,5.7662,0.0,0.0,0.0,0.0401,0.1938,0.7375,0.0556,0.9491,0.4855,0.5138,60.0,60.0,60.0,0.0,65.9493,4
859,28.662,5.3846,14.6122,0.4854,0.0035,5.1024,0.0,0.0,0.0,0.0401,0.1938,0.7375,0.0556,0.9492,0.4852,0.5139,61.0,61.0,61.0,0.0,67.2004,4
860,28.6953,5.3573,14.5302,0.4306,0.0032,4.8165,0.0,0.0,0.0,0.04,0.1938,0.7359,0.0556,0.9496,0.4851,0.5139,61.0,61.0,61.0,0.0,68.292,4
861,28.7287,5.3277,14.4414,0.4355,0.0034,4.421,0.0,0.0,0.0,0.0395,0.1938,0.7344,0.0556,0.95,0.4849,0.5138,62.0,62.0,62.0,0.0,66.9606,4
862,28.7621,5.2929,14.3373,0.4883,0.0037,5.4196,0.0,0.0,0.0,0.0396,0.1938,0.7344,0.0556,0.95,0.4846,0.5138,60.0,60.0,60.0,0.0,69.1531,4
863,28.7954,5.2523,14.2155,0.5493,0.0038,6.5802,0.0,0.0,0.0,0.0394,0.1935,0.7328,0.0556,0.95,0.4855,0.5139,59.0,59.0,59.0,0.0,69.7838,4
864,28.8288,5.2043,14.0716,0.6101,0.0036,8.4384,0.0,0.0,0.0,0.0392,0.1928,0.7312,0.0556,0.95,0.4846,0.5138,60.0,60.0,60.0,0.0,70.108,4
865,28.8622,5.1489,13.9055,0.6798,0.0037,10.1001,0.0,0.0,0.0,0.0387,0.1922,0.7297,0.0556,0.95,0.4851,0.5138,60.0,60.0,60.0,0.0,69.8414,4
866,28.8955,5.084,13.7111,0.7652,0.0042,11.5973,0.0,0.0,0.0,0.0381,0.1797,0.7281,0.0556,0.95,0.4845,0.514,60.0,60.0,60.0,0.0,69.086,4
867,28.9289,5.0089,13.4857,0.8559,0.0045,13.5342,0.0,0.0,0.0,0.0374,0.1766,0.7266,0.0556,0.95,0.4856,0.514,61.0,61.0,61.0,0.0,68.1445,4
868,28.9623,4.9208,13.2217,0.9617,0.0047,17.3288,0.0,0.0,0.0,0.0363,0.1734,0.725,0.0528,0.95,0.4859,0.5139,59.0,59.0,59.0,0.0,68.7029,4
869,28.9956,4.8176,12.9124,1.091,0.005,20.5099,0.0,0.0,0.0,0.0354,0.1711,0.7219,0.0528,0.95,0.4858,0.514,60.0,60.0,60.0,0.0,69.3571,4
870,29.029,4.6968,12.5504,1.2568,0.0055,25.4385,0.0,0.0,0.0,0.035,0.1697,0.7219,0.0528,0.95,0.485,0.514,59.0,59.0,59.0,0.0,72.411,4
871,29.0624,4.5508,12.1125,1.4724,0.0054,33.6703,0.0,0.0,0.0,0.0341,0.1265,0.7236,0.0528,0.95,0.4857,0.5143,59.0,59.0,59.0,0.0,73.0289,4
872,29.0957,4.3676,11.5634,1.7901,0.0058,44.3809,0.0,0.0,0.0,0.0324,0.0542,0.7405,0.0528,0.95,0.4874,0.5143,61.0,61.0,61.0,0.0,73.1189,4
873,29.1291,4.121,10.8243,2.3133,0.0065,64.449,0.0,0.0,0.0,0.0309,0.0531,0.7578,0.0528,0.95,0.486,0.5144,58.0,58.0,58.0,0.0,76.9398,4
874,29.1625,3.6131,9.3018,3.321,0.0089,101.5136,0.0,0.0,0.0,0.0272,0.05,0.7781,0.0519,0.9528,0.487,0.5152,60.0,60.0,60.0,0.0,79.0734,4
875,29.1958,78.2563,102.1358,92.6014,0.0423,117.6038,59.0,58.0,132.0,0.0207,0.0422,0.8266,0.0556,0.6556,0.5018,0.5186,132.0,129.0,230.0,105.0,42.0723,2
876,29.2292,79.8339,101.9989,8.0547,0.0255,26.0808,60.0,59.0,134.0,0.0156,0.0375,0.8078,0.0528,0.6472,0.4951,0.525,139.0,136.0,242.0,104.0,42.639,2
877,29.2626,80.5651,101.8769,4.4811,0.0168,11.4129,61.0,60.0,138.0,0.014,0.0341,0.8,0.05,0.6417,0.4985,0.5272,139.0,136.0,243.0,103.0,42.3179,2
878,29.2959,81.1501,101.6577,3.3156,0.0136,8.2249,62.0,60.0,139.0,0.0134,0.0328,0.7938,0.05,0.6394,0.4969,0.5288,141.0,138.0,244.0,103.0,41.2341,2
879,29.3293,81.5392,101.4644,2.9313,0.0117,5.9491,62.0,61.0,140.0,0.0126,0.0328,0.7875,0.05,0.6389,0.4961,0.5305,137.5,133.0,242.0,104.0,41.4202,2
880,29.3627,81.7584,101.1318,2.2541,0.0101,5.5082,62.0,61.0,140.0,0.0124,0.0328,0.7844,0.05,0.6361,0.4958,0.53,137.0,134.0,240.0,103.0,41.2946,2
881,29.396,81.9347,100.9808,2.2189,0.0089,5.8138,63.0,61.0,141.0,0.0122,0.0328,0.7828,0.05,0.6333,0.4964,0.532,140.0,138.0,239.0,102.0,39.2567,4
882,29.4294,82.0069,100.7852,1.7635,0.0084,4.9847,63.0,61.0,143.0,0.0121,0.0328,0.7766,0.0496,0.6333,0.4948,0.5316,136.0,133.0,233.0,104.0,39.1452,3
883,29.4628,82.0097,100.5868,1.8997,0.0071,4.5671,63.0,62.0,143.0,0.0121,0.0328,0.7736,0.05,0.6306,0.4963,0.5337,138.0,134.0,236.0,103.0,38.5153,2
884,29.4961,81.9546,100.3668,1.626,0.0068,2.8802,63.0,62.0,143.0,0.0122,0.0328,0.7719,0.05,0.6306,0.4966,0.5328,138.0,133.5,237.5,103.0,39.0165,3
885,29.5295,81.8373,100.1459,1.6247,0.0061,2.2706,63.0,62.0,143.0,0.0127,0.0328,0.7703,0.05,0.6306,0.4979,0.5339,141.0,138.0,244.0,102.0,40.9488,4
886,29.5629,81.6497,99.8887,1.5195,0.0061,4.1171,63.0,62.0,143.0,0.0132,0.0328,0.7688,0.05,0.6306,0.4952,0.5355,140.0,137.0,233.0,102.0,40.4404,6
887,29.5962,81.3684,99.6151,1.5366,0.0061,2.1109,63.0,62.0,141.0,0.0134,0.0328,0.7674,0.05,0.6278,0.4952,0.5355,140.0,138.0,240.0,102.0,39.7897,4
888,29.6296,81.0547,99.2995,1.4631,0.0054,2.01,63.0,61.0,141.0,0.014,0.0375,0.7672,0.0508,0.6278,0.4991,0.5368,104.0,103.0,176.0,102.0,40.7905,5
889,29.663,80.5894,98.8893,1.6725,0.0056,2.0267,63.0,61.0,141.0,0.0149,0.0375,0.7641,0.0528,0.6278,0.4986,0.5374,147.0,145.0,245.0,99.0,41.0907,4
890,29.6963,80.0848,98.4559,1.5938,0.0058,2.4443,62.0,61.0,140.0,0.0161,0.0391,0.7625,0.0528,0.6278,0.5005,0.5412,145.0,141.0,231.0,97.0,41.9642,4
891,29.7297,79.468,97.9201,1.6941,0.0058,2.5488,62.0,61.0,140.0,0.0168,0.0391,0.7641,0.0528,0.9306,0.4997,0.5411,97.0,96.0,165.0,96.0,41.9174,5
892,29.7631,78.7195,97.2048,1.8354,0.006,2.5332,62.0,60.0,139.0,0.0185,0.0406,0.7609,0.0546,0.9333,0.4996,0.5416,97.0,97.0,162.0,94.0,42.2279,4
893,29.7964,77.8012,96.2039,2.0679,0.0074,3.215,62.0,60.0,139.0,0.0207,0.0448,0.7625,0.0556,0.9361,0.5022,0.5413,91.0,91.0,159.0,93.0,42.4997,4
894,29.8298,76.7933,95.0841,2.1298,0.0075,3.0962,61.0,60.0,138.0,0.0227,0.0472,0.7594,0.0556,0.9361,0.5034,0.5405,93.0,93.0,157.0,89.0,42.6246,4
895,29.8632,75.5204,93.6428,2.576,0.0101,3.5782,61.0,59.0,138.0,0.0249,0.05,0.7609,0.0583,0.9361,0.5036,0.5385,88.5,89.0,151.0,86.0,42.5777,4
896,29.8965,74.0198,91.9427,3.0432,0.0115,5.7375,61.0,59.0,137.0,0.028,0.0525,0.7609,0.0611,0.9361,0.5009,0.5345,86.0,87.0,147.0,82.0,41.7878,5
897,29.9299,72.4463,89.9557,3.2584,0.0135,8.1756,60.0,58.0,137.0,0.0314,0.0547,0.7609,0.0621,0.9361,0.5014,0.528,83.0,84.0,143.0,78.0,40.5642,4
898,29.9633,70.7635,87.8205,3.6772,0.0163,10.5024,59.0,56.0,134.0,0.035,0.2406,0.7609,0.3639,0.9361,0.5006,0.522,83.0,86.0,138.0,72.0,39.7304,4
899,29.9966,69.0966,85.4686,4.175,0.0185,17.5045,58.0,55.0,132.0,0.0391,0.2422,0.7609,0.3583,0.9306,0.5027,0.5137,83.0,86.0,134.0,66.0,40.0117,4
900,30.03,67.6608,83.1502,5.9978,0.0212,25.0383,56.0,55.0,129.0,0.0431,0.2428,0.7609,0.3528,0.6028,0.5025,0.5012,168.0,166.0,212.0,53.0,40.5742,4
901,30.0634,67.1376,81.7519,5.2598,0.0239,33.8341,56.0,55.0,129.0,0.0464,0.2438,0.7609,0.3472,0.5944,0.502,0.4926,169.0,168.0,204.0,49.0,39.0585,4
902,30.0967,67.3371,81.7179,7.4974,0.0292,45.6179,56.0,55.0,130.0,0.0483,0.2438,0.7609,0.3361,0.5833,0.5012,0.48,179.0,176.0,219.0,44.0,38.2702,3
903,30.1301,69.3526,85.4151,10.0298,0.0371,58.7569,60.0,59.0,136.0,0.0497,0.2447,0.7609,0.3222,0.5694,0.5015,0.4646,187.0,186.0,224.0,38.0,39.875,2
904,30.1635,79.0679,102.3656,19.8446,0.0551,72.7633,72.0,69.0,161.0,0.045,0.2438,0.7609,0.2889,0.5361,0.5024,0.4304,202.0,202.0,232.0,42.0,40.0834,2
905,30.1968,0.5218,0.0,93.6145,0.0463,57.7966,0.0,0.0,0.0,0.0018,0.025,0.9703,0.0444,0.9528,0.4605,0.6826,65.0,65.0,65.0,0.0,117.2506,3
906,30.2302,0.6186,0.2941,0.1283,0.0,0.0191,0.0,0.0,0.0,0.0018,0.025,0.9703,0.0444,0.9528,0.4605,0.6838,65.0,65.0,65.0,0.0,116.9684,3
907,30.2636,0.7343,0.641,0.2714,0.0043,0.039,0.0,0.0,0.0,0.0061,0.0266,0.9601,0.0444,0.9528,0.411,0.5581,45.0,42.0,100.0,151.0,44.6671,4
908,30.2969,0.8598,1.0173,0.4318,0.005,25.4802,0.0,0.0,0.0,0.0084,0.0297,0.95,0.0444,0.9528,0.4047,0.5306,67.0,65.0,93.5,136.5,45.1049,5
909,30.3303,0.9795,1.3779,0.5884,0.0057,35.459,0.0,0.0,0.0,0.0102,0.0312,0.9466,0.0444,0.9528,0.4013,0.5059,62.0,62.0,65.0,137.0,46.6461,4
910,30.3637,1.733,3.6445,1.0007,0.0033,74.2739,0.0,0.0,0.0,0.0109,0.0312,0.9453,0.0444,0.9528,0.4027,0.4958,61.0,61.0,61.0,0.0,80.7859,4
911,30.397,2.0151,4.494,0.7379,0.008,10.1215,0.0,0.0,0.0,0.017,0.0391,0.92,0.0472,0.9528,0.4543,0.5008,40.0,38.0,89.0,0.0,55.6625,7
912,30.4304,2.2952,5.3342,1.0726,0.0137,16.9779,0.0,0.0,0.0,0.0245,0.0484,0.8024,0.05,0.9528,0.4538,0.5063,61.0,58.0,115.0,0.0,49.0399,5
913,30.4638,2.5598,6.129,1.3606,0.0121,28.9028,0.0,0.0,0.0,0.029,0.0516,0.7781,0.05,0.9528,0.4571,0.4985,59.0,59.0,63.0,0.0,49.6896,4
914,30.4971,3.3041,8.3603,1.6412,0.0135,24.8458,0.0,0.0,0.0,0.036,0.1701,0.7349,0.0528,0.95,0.4593,0.5126,68.0,66.0,82.0,0.0,47.4195,5
915,30.5305,4.6197,12.3049,2.5073,0.0168,47.2449,0.0,0.0,0.0,0.0425,0.1953,0.7016,0.0556,0.95,0.4582,0.514,53.0,52.0,59.0,0.0,65.7507,5
916,30.5639,4.9885,13.4105,1.5967,0.0111,18.4612,0.0,0.0,0.0,0.0452,0.2125,0.6873,0.0583,0.9472,0.4579,0.5117,23.0,23.0,42.0,0.0,66.9092,5
917,30.5972,5.533,15.0441,1.1781,0.0131,4.3402,0.0,0.0,0.0,0.0524,0.259,0.7297,0.0639,0.9444,0.4826,0.5251,63.0,63.0,68.0,0.0,61.688,4
918,30.6306,5.9855,16.4026,1.5512,0.0132,10.6862,0.0,0.0,0.0,0.0567,0.2609,0.7312,0.3972,0.9361,0.4926,0.5261,52.0,52.0,59.0,0.0,65.3117,5
919,30.664,6.3222,17.4125,1.7434,0.0105,18.2399,0.0,0.0,0.0,0.0587,0.2609,0.7323,0.3972,0.9361,0.4974,0.5247,20.0,20.0,35.0,0.0,67.882,4
920,30.6973,6.5273,18.0285,2.1487,0.0089,30.2298,0.0,0.0,0.0,0.0603,0.2625,0.7328,0.3972,0.9361,0.4982,0.5229,18.0,18.0,28.0,0.0,69.8728,4
921,30.7307,6.5389,18.0636,0.5157,0.0057,4.5304,0.0,0.0,0.0,0.0602,0.2609,0.7328,0.3944,0.9361,0.4983,0.5222,19.0,19.0,28.0,0.0,69.0411,4
922,30.7641,6.5385,18.0623,0.316,0.004,2.1133,0.0,0.0,0.0,0.0598,0.2622,0.7328,0.3944,0.9361,0.4993,0.5216,13.0,15.0,26.0,0.0,68.0813,4
923,30.7974,6.5396,18.0659,0.2503,0.0032,1.7693,0.0,0.0,0.0,0.0601,0.2625,0.7328,0.3944,0.9361,0.4989,0.5212,16.0,16.0,23.0,0.0,68.912,4
924,30.8308,6.5414,18.0716,0.1991,0.0024,1.7371,0.0,0.0,0.0,0.06,0.2614,0.7328,0.3944,0.9361,0.4986,0.5208,11.0,11.0,19.0,0.0,69.6137,4
925,30.8642,7.4824,20.8923,0.8652,0.0023,12.3182,0.0,0.0,0.0,0.0606,0.262,0.7328,0.3944,0.9361,0.4999,0.5209,18.0,18.0,18.0,0.0,79.0071,4
926,30.8975,7.4818,20.8904,0.2416,0.0027,1.7655,0.0,0.0,0.0,0.0605,0.2625,0.7328,0.3944,0.9361,0.5005,0.5201,16.0,16.0,16.0,0.0,78.1671,4
927,30.9309,7.483,20.8941,0.4535,0.0049,2.9015,0.0,0.0,0.0,0.0611,0.2625,0.7328,0.3944,0.9361,0.5002,0.5191,17.0,17.0,17.0,0.0,79.4531,4
928,30.9643,7.4824,20.8924,0.716,0.0065,5.8514,0.0,0.0,0.0,0.0611,0.2625,0.7328,0.3944,0.9361,0.4999,0.5182,18.0,18.0,18.0,0.0,79.1435,4
929,30.9976,7.482,20.8912,1.0464,0.0079,8.7393,0.0,0.0,0.0,0.0612,0.2625,0.7328,0.3917,0.9361,0.4999,0.5162,15.0,15.0,15.0,0.0,80.8702,4
930,31.031,7.4798,20.8858,1.4905,0.0093,15.5235,0.0,0.0,0.0,0.0612,0.2625,0.7328,0.3889,0.9361,0.5,0.5136,15.0,15.0,15.0,0.0,80.0558,4
931,31.0644,7.482,20.8923,2.0935,0.0112,25.7715,0.0,0.0,0.0,0.0611,0.2625,0.7328,0.3861,0.9361,0.5,0.5098,17.0,17.0,17.0,0.0,79.9736,4
932,31.0977,7.483,20.8955,3.006,0.0143,41.6144,0.0,0.0,0.0,0.0611,0.2625,0.7328,0.3806,0.9361,0.4998,0.5047,13.0,13.0,13.0,0.0,81.0954,4
933,31.1311,7.483,20.8954,4.5907,0.0183,70.7196,0.0,0.0,0.0,0.0611,0.2625,0.7328,0.3722,0.9361,0.5,0.4968,13.0,12.0,12.0,0.0,81.1734,4
934,31.1645,7.4835,20.8969,7.0826,0.0366,78.8272,0.0,0.0,0.0,0.0605,0.2625,0.7328,0.35,0.9361,0.5011,0.4766,15.0,15.0,15.0,0.0,78.3777,4
935,31.1978,1.8786,1.2798,8.9066,0.0592,3.1792,1.0,1.0,3.0,0.0015,0.025,0.971,0.0444,0.9528,0.4472,0.6476,68.0,68.0,73.0,14.0,114.7581,3
936,31.2312,2.244,2.1786,0.8195,0.0045,0.5287,1.0,1.0,4.0,0.0059,0.0266,0.9609,0.0444,0.9528,0.3199,0.5776,62.0,59.0,118.0,154.0,47.6519,4
937,31.2646,2.5897,2.8323,1.2003,0.0044,51.2106,1.0,1.0,4.0,0.0081,0.0297,0.9507,0.0444,0.9528,0.3049,0.5577,69.0,69.0,80.0,152.0,51.1259,4
938,31.2979,2.978,3.5649,1.1984,0.0035,46.5277,1.0,1.0,4.0,0.0088,0.0312,0.95,0.0444,0.9528,0.3072,0.5496,74.0,73.0,83.0,148.0,52.5885,4
939,31.3313,3.4409,4.6105,0.926,0.0042,16.9836,1.0,1.0,5.0,0.0107,0.0312,0.9444,0.0461,0.9528,0.3153,0.541,72.0,72.0,82.0,145.0,56.9477,4
940,31.3647,4.579,7.5646,1.6533,0.0029,59.291,1.0,1.0,5.0,0.0111,0.0321,0.9429,0.0472,0.9528,0.3126,0.5346,73.0,72.0,80.5,17.0,70.9878,4
941,31.398,5.7123,10.598,1.5318,0.0085,11.004,1.0,1.0,5.0,0.0176,0.0398,0.8274,0.0472,0.9528,0.3627,0.5335,86.0,86.0,93.0,15.0,67.8588,4
942,31.4314,6.4639,12.4015,1.5678,0.0054,32.0454,1.0,1.0,5.0,0.0185,0.0406,0.8234,0.0472,0.9528,0.3676,0.527,75.0,75.0,84.0,17.0,70.9632,4
943,31.4648,7.5002,15.0934,1.5723,0.0087,10.1071,1.0,1.0,5.0,0.0237,0.0484,0.7935,0.05,0.95,0.4143,0.5264,104.5,104.0,133.0,13.0,66.1002,4
944,31.4981,8.3491,17.1529,1.5559,0.0062,21.5929,1.0,1.0,5.0,0.0255,0.0484,0.7814,0.05,0.9472,0.4271,0.5235,82.0,81.5,90.0,15.0,72.0167,4
945,31.5315,8.3501,16.6837,2.2944,0.0057,38.9077,1.0,1.0,5.0,0.0253,0.049,0.7842,0.05,0.9472,0.4278,0.5202,81.0,80.0,94.0,29.5,66.0735,4
946,31.5649,9.2258,18.8432,1.3285,0.0087,4.5212,1.0,1.0,5.0,0.0307,0.0531,0.7734,0.0528,0.9361,0.4785,0.5208,98.0,98.0,152.0,27.0,63.3278,4
947,31.5982,9.8333,20.2309,1.2214,0.0058,10.9993,2.0,2.0,6.0,0.0321,0.0547,0.7734,0.0528,0.9361,0.488,0.518,84.0,82.0,97.0,28.0,65.4718,4
948,31.6316,10.2386,21.025,1.0253,0.0049,9.4498,2.0,2.0,6.0,0.0323,0.0547,0.775,0.0528,0.9361,0.4917,0.5162,84.0,82.0,95.0,28.0,67.254,4
949,31.665,10.5758,21.5132,0.9373,0.004,6.7569,2.0,2.0,6.0,0.0324,0.1243,0.775,0.0528,0.9361,0.4915,0.5151,83.5,82.0,96.0,28.0,66.5933,4
950,31.6983,10.8576,21.9755,2.0746,0.0038,29.3628,2.0,2.0,6.0,0.032,0.0547,0.775,0.0528,0.9361,0.4887,0.5139,89.0,87.0,100.0,28.0,65.6515,4
951,31.7317,11.0597,22.1689,0.6032,0.0024,2.6335,2.0,2.0,6.0,0.0322,0.0798,0.775,0.0528,0.9361,0.4897,0.5126,88.0,87.0,100.0,29.0,65.7809,4
952,31.7651,11.2521,22.3634,0.5933,0.002,2.5818,2.0,2.0,6.0,0.0321,0.057,0.775,0.0528,0.9361,0.4899,0.5125,89.0,88.0,97.0,31.0,67.2475,4
953,31.7984,11.3712,22.4938,0.3932,0.0017,2.3964,2.0,2.0,6.0,0.0321,0.0547,0.775,0.0528,0.9361,0.4896,0.5119,89.0,87.5,97.0,32.0,67.5577,4
954,31.8318,11.5379,22.682,0.4903,0.0014,1.9357,2.0,2.0,6.0,0.032,0.0547,0.775,0.0528,0.9361,0.489,0.5115,91.0,90.0,102.0,31.0,65.7814,4
955,31.8652,11.7284,22.9892,1.8266,0.0025,26.7594,2.0,2.0,6.0,0.0319,0.0547,0.7734,0.0528,0.9361,0.4861,0.5111,89.0,88.0,103.0,32.0,65.6315,4
956,31.8985,11.8572,23.1433,0.4222,0.0017,2.0914,2.0,2.0,8.0,0.0319,0.0547,0.7734,0.0528,0.9361,0.4859,0.5103,89.0,89.0,102.0,33.0,65.2783,4
957,31.9319,11.9551,23.2496,0.501,0.0028,3.169,2.0,2.0,8.0,0.0319,0.0547,0.7734,0.0528,0.9361,0.4867,0.5092,91.0,91.0,107.0,34.0,65.5431,4
958,31.9653,12.0839,23.371,0.7322,0.0043,4.4737,3.0,2.0,8.0,0.0318,0.0547,0.7734,0.0528,0.9361,0.4862,0.508,91.0,90.0,105.0,34.0,65.5245,4
959,31.9986,12.1556,23.4351,0.7787,0.0056,5.6655,3.0,2.0,8.0,0.0318,0.0547,0.7734,0.0528,0.9361,0.4867,0.5058,90.5,90.0,100.0,34.0,66.4639,4
960,32.032,13.7118,27.0191,2.6756,0.007,22.8101,3.0,3.0,9.0,0.0326,0.1688,0.775,0.0528,0.9361,0.4907,0.5033,94.0,95.0,97.0,10.0,72.4129,4
961,32.0654,13.7664,27.1067,1.3817,0.0076,19.1223,3.0,3.0,9.0,0.0326,0.1688,0.775,0.0528,0.936,0.4907,0.5001,94.0,95.0,100.0,11.0,72.3077,4
962,32.0987,13.7488,27.0403,2.1485,0.0098,29.4241,3.0,3.0,9.0,0.0326,0.1689,0.775,0.0528,0.9333,0.4915,0.4947,90.0,90.0,93.0,12.0,73.6118,4
963,32.1321,13.7795,27.1093,2.6515,0.0118,50.2524,3.0,3.0,9.0,0.0327,0.1693,0.775,0.0528,0.9333,0.4912,0.4866,93.0,93.0,94.0,12.0,73.3818,4
964,32.1655,13.8084,27.1685,4.9553,0.0234,73.5388,3.0,3.0,9.0,0.0325,0.1459,0.775,0.0528,0.9333,0.4905,0.4662,93.0,94.0,95.0,12.0,70.9656,4
965,32.1988,247.9934,239.373,232.8287,0.0702,117.3352,253.0,253.0,253.0,0.0393,0.2125,0.7781,0.5056,0.95,0.489,0.5628,238.0,238.0,238.0,0.0,77.1746,3
966,32.2322,247.9941,239.3753,4.1185,0.0162,95.4447,253.0,253.0,253.0,0.0398,0.2125,0.7781,0.4917,0.95,0.4891,0.5508,232.0,232.0,232.0,0.0,79.9457,3
967,32.2656,247.9932,239.3727,2.0989,0.0101,44.567,253.0,253.0,253.0,0.0398,0.2125,0.7781,0.4861,0.95,0.4892,0.5454,235.0,235.0,235.0,0.0,80.2696,3
968,32.2989,247.9934,239.3731,1.558,0.0086,29.8056,253.0,253.0,253.0,0.0395,0.2125,0.7781,0.4833,0.95,0.4899,0.5418,238.0,238.0,238.0,0.0,77.0717,3
969,32.3323,247.994,239.3749,1.248,0.0081,18.4696,253.0,253.0,253.0,0.0393,0.2125,0.7781,0.4806,0.95,0.4892,0.5384,236.5,236.5,236.5,0.0,77.1639,3
970,32.3657,247.993,239.3716,1.0441,0.0074,14.498,253.0,253.0,253.0,0.0393,0.2125,0.7781,0.4778,0.95,0.4892,0.5358,237.0,237.0,237.0,0.0,77.2466,3
971,32.399,247.9915,239.3676,0.8861,0.0068,11.8196,253.0,253.0,253.0,0.0394,0.2125,0.7781,0.475,0.95,0.4897,0.5335,239.0,239.0,239.0,0.0,76.9316,3
972,32.4324,247.9951,239.3787,0.7693,0.0061,8.7219,253.0,253.0,253.0,0.0396,0.2125,0.7781,0.4722,0.95,0.4897,0.5313,238.0,238.0,238.0,0.0,79.977,3
973,32.4658,247.9932,239.3737,0.6718,0.0054,7.935,253.0,253.0,253.0,0.0396,0.2125,0.7781,0.4694,0.95,0.489,0.5294,229.0,229.0,229.0,0.0,78.09,3
974,32.4991,247.9926,239.372,0.583,0.0049,8.0285,253.0,253.0,253.0,0.0397,0.2125,0.7781,0.4694,0.95,0.4895,0.5285,235.0,235.0,235.0,0.0,77.758,3
975,32.5325,247.9934,239.3744,0.5193,0.0047,5.6892,253.0,253.0,253.0,0.0398,0.2125,0.7781,0.4667,0.95,0.4889,0.5269,230.0,230.0,230.0,0.0,78.6301,3
976,32.5659,247.9933,239.3739,0.4522,0.0041,5.9512,253.0,253.0,253.0,0.0397,0.2125,0.7781,0.4667,0.95,0.4895,0.5261,235.0,235.0,235.0,0.0,78.4402,3
977,32.5992,247.994,239.3766,0.4009,0.0044,3.443,253.0,253.0,253.0,0.0394,0.2125,0.7781,0.4639,0.95,0.4892,0.5248,235.0,235.0,235.0,0.0,77.36,3
978,32.6326,247.9926,239.3724,0.3535,0.004,3.3844,253.0,253.0,253.0,0.0397,0.2125,0.7781,0.4639,0.95,0.4892,0.5239,236.0,236.0,236.0,0.0,80.42,3
979,32.666,247.9927,239.3729,0.3066,0.0031,3.9561,253.0,253.0,253.0,0.0397,0.2125,0.7781,0.4639,0.95,0.4896,0.5234,235.0,235.0,235.0,0.0,78.3093,3
980,32.6993,247.9932,239.3743,0.2718,0.0032,2.6182,253.0,253.0,253.0,0.0393,0.2125,0.7781,0.4639,0.95,0.4891,0.5227,239.0,239.0,239.0,0.0,77.0904,3
981,32.7327,247.9941,239.3768,0.2363,0.0023,2.6363,253.0,253.0,253.0,0.0396,0.2125,0.7781,0.4611,0.95,0.4894,0.5217,233.0,233.0,233.0,0.0,77.8376,3
982,32.7661,247.9914,239.3688,0.1994,0.0025,2.4199,253.0,253.0,253.0,0.0397,0.2125,0.7781,0.4611,0.95,0.4891,0.5213,235.0,235.0,235.0,0.0,80.1026,3
983,32.7994,247.9927,239.3725,0.1751,0.0015,2.6223,253.0,253.0,253.0,0.0397,0.2125,0.7781,0.4611,0.95,0.4899,0.5209,240.0,240.0,240.0,0.0,80.7949,3
984,32.8328,247.9929,239.3732,0.1419,0.0015,2.0215,253.0,253.0,253.0,0.0397,0.2125,0.7781,0.4611,0.95,0.4896,0.5207,235.0,235.0,235.0,0.0,78.8088,3
985,32.8662,247.9911,239.3679,0.1179,0.0015,1.5959,253.0,253.0,253.0,0.0397,0.2125,0.7781,0.4611,0.95,0.4896,0.5206,235.0,235.0,235.0,0.0,77.5846,3
986,32.8995,247.9925,239.3719,0.0939,0.0011,1.2624,253.0,253.0,253.0,0.0394,0.2125,0.7781,0.4611,0.95,0.4897,0.5204,238.5,238.5,238.5,0.0,76.8816,3
987,32.9329,247.993,239.3736,0.0695,0.0009,0.8943,253.0,253.0,253.0,0.0393,0.2125,0.7781,0.4611,0.95,0.4891,0.5201,237.0,237.0,237.0,0.0,77.0761,3
988,32.9663,247.9924,239.3717,0.0476,0.0005,0.6284,253.0,253.0,253.0,0.0393,0.2125,0.7781,0.4611,0.95,0.4889,0.5199,237.0,237.0,237.0,0.0,77.1218,3
989,32.9996,247.9929,239.3732,0.0272,0.0002,0.3817,253.0,253.0,253.0,0.0393,0.2125,0.7781,0.4611,0.95,0.489,0.5198,238.0,238.0,238.0,0.0,77.1299,3
990,33.033,247.9931,239.3739,0.0097,0.0001,0.1308,253.0,253.0,253.0,0.0393,0.2125,0.7781,0.4611,0.95,0.489,0.5198,238.0,238.0,238.0,0.0,77.11,3
991,33.0664,247.9926,239.3723,0.001,0.0,0.0124,253.0,253.0,253.0,0.0393,0.2125,0.7781,0.4611,0.95,0.4891,0.5198,238.0,238.0,238.0,0.0,77.0654,3
992,33.0997,247.9929,239.3734,0.0006,0.0,0.0098,253.0,253.0,253.0,0.0393,0.2125,0.7781,0.4611,0.95,0.4891,0.5198,238.0,238.0,238.0,0.0,77.0665,3
993,33.1331,247.9929,239.3734,0.0,0.0,0.0003,253.0,253.0,253.0,0.0393,0.2125,0.7781,0.4611,0.95,0.4891,0.5198,238.0,238.0,238.0,0.0,77.0663,3
994,33.1665,247.993,239.3734,0.0,0.0,0.0001,253.0,253.0,253.0,0.0393,0.2125,0.7781,0.4611,0.95,0.4891,0.5198,238.0,238.0,238.0,0.0,77.066,3
995,33.1998,4.6985,12.7545,246.6363,0.0174,122.6586,0.0,0.0,0.0,0.0363,0.2391,0.7594,0.4639,0.95,0.4943,0.5198,20.0,20.0,20.0,0.0,81.1089,3
996,33.2332,4.6982,12.754,0.001,0.0,0.0154,0.0,0.0,0.0,0.0363,0.2391,0.7594,0.4639,0.95,0.4943,0.5198,20.0,20.0,20.0,0.0,81.107,3
997,33.2666,4.6982,12.754,0.0,0.0,0.0001,0.0,0.0,0.0,0.0363,0.2391,0.7594,0.4639,0.95,0.4943,0.5198,20.0,20.0,20.0,0.0,81.1062,3
998,33.2999,4.6982,12.754,0.0,0.0,0.0,0.0,0.0,0.0,0.0363,0.2391,0.7594,0.4639,0.95,0.4943,0.5198,20.0,20.0,20.0,0.0,81.1062,3
999,33.3333,4.6982,12.754,0.0,0.0,0.0,0.0,0.0,0.0,0.0363,0.2391,0.7594,0.4639,0.95,0.4943,0.5198,20.0,20.0,20.0,0.0,81.1062,3
1000,33.3667,4.6982,12.754,0.0,0.0,0.0,0.0,0.0,0.0,0.0363,0.2391,0.7594,0.4639,0.95,0.4943,0.5198,20.0,20.0,20.0,0.0,81.1062,3
1001,33.4,4.6982,12.754,0.0,0.0,0.0,0.0,0.0,0.0,0.0363,0.2391,0.7594,0.4639,0.95,0.4943,0.5198,20.0,20.0,20.0,0.0,81.1062,3
1002,33.4334,4.6982,12.754,0.0,0.0,0.0,0.0,0.0,0.0,0.0363,0.2391,0.7594,0.4639,0.95,0.4943,0.5198,20.0,20.0,20.0,0.0,81.1062,3
1003,33.4668,4.6982,12.754,0.0,0.0,0.0,0.0,0.0,0.0,0.0363,0.2391,0.7594,0.4639,0.95,0.4943,0.5198,20.0,20.0,20.0,0.0,81.1062,3
1004,33.5001,4.6982,12.754,0.0,0.0,0.0,0.0,0.0,0.0,0.0363,0.2391,0.7594,0.4639,0.95,0.4943,0.5198,20.0,20.0,20.0,0.0,81.1062,3
1005,33.5335,4.6982,12.754,0.0,0.0,0.0,0.0,0.0,0.0,0.0363,0.2391,0.7594,0.4639,0.95,0.4943,0.5198,20.0,20.0,20.0,0.0,81.1062,3
1006,33.5669,4.6982,12.754,0.0,0.0,0.0,0.0,0.0,0.0,0.0363,0.2391,0.7594,0.4639,0.95,0.4943,0.5198,20.0,20.0,20.0,0.0,81.1062,3
1007,33.6002,4.6982,12.754,0.0,0.0,0.0,0.0,0.0,0.0,0.0363,0.2391,0.7594,0.4639,0.95,0.4943,0.5198,20.0,20.0,20.0,0.0,81.1062,3
1008,33.6336,4.6982,12.754,0.0,0.0,0.0,0.0,0.0,0.0,0.0363,0.2391,0.7594,0.4639,0.95,0.4943,0.5198,20.0,20.0,20.0,0.0,81.1062,3
1009,33.667,4.6982,12.754,0.0,0.0,0.0,0.0,0.0,0.0,0.0363,0.2391,0.7594,0.4639,0.95,0.4943,0.5198,20.0,20.0,20.0,0.0,81.1062,3
1010,33.7003,4.6982,12.754,0.0,0.0,0.0,0.0,0.0,0.0,0.0363,0.2391,0.7594,0.4639,0.95,0.4943,0.5198,20.0,20.0,20.0,0.0,81.1062,3
1011,33.7337,4.6982,12.754,0.0,0.0,0.0,0.0,0.0,0.0,0.0363,0.2391,0.7594,0.4639,0.95,0.4943,0.5198,20.0,20.0,20.0,0.0,81.1062,3
1012,33.7671,4.6982,12.754,0.0,0.0,0.0,0.0,0.0,0.0,0.0363,0.2391,0.7594,0.4639,0.95,0.4943,0.5198,20.0,20.0,20.0,0.0,81.1062,3
1013,33.8004,4.6982,12.754,0.0,0.0,0.0,0.0,0.0,0.0,0.0363,0.2391,0.7594,0.4639,0.95,0.4943,0.5198,20.0,20.0,20.0,0.0,81.1062,3
1014,33.8338,4.6982,12.754,0.0,0.0,0.0,0.0,0.0,0.0,0.0363,0.2391,0.7594,0.4639,0.95,0.4943,0.5198,20.0,20.0,20.0,0.0,81.1062,3
1015,33.8672,4.6982,12.754,0.0,0.0,0.0,0.0,0.0,0.0,0.0363,0.2391,0.7594,0.4639,0.95,0.4943,0.5198,20.0,20.0,20.0,0.0,81.1062,3
1016,33.9005,4.6982,12.754,0.0,0.0,0.0,0.0,0.0,0.0,0.0363,0.2391,0.7594,0.4639,0.95,0.4943,0.5198,20.0,20.0,20.0,0.0,81.1062,3
1017,33.9339,4.6982,12.754,0.0,0.0,0.0,0.0,0.0,0.0,0.0363,0.2391,0.7594,0.4639,0.95,0.4943,0.5198,20.0,20.0,20.0,0.0,81.1062,3
1018,33.9673,4.6981,12.7539,0.0,0.0,0.001,0.0,0.0,0.0,0.0363,0.2391,0.7594,0.4639,0.95,0.4943,0.5198,20.0,20.0,20.0,0.0,81.1081,3
1019,34.0006,4.6982,12.7539,0.0,0.0,0.0002,0.0,0.0,0.0,0.0363,0.2391,0.7594,0.4639,0.95,0.4943,0.5198,20.0,20.0,20.0,0.0,81.1076,3
1020,34.034,4.6992,12.7573,0.0082,0.0001,0.1088,0.0,0.0,0.0,0.0363,0.2391,0.7594,0.4639,0.95,0.4943,0.5202,20.0,20.0,20.0,0.0,81.1314,3
1021,34.0674,4.6989,12.7566,0.0006,0.0,0.0112,0.0,0.0,0.0,0.0363,0.2391,0.7594,0.4639,0.95,0.4943,0.5202,20.0,20.0,20.0,0.0,81.1444,3
1022,34.1007,4.6989,12.7566,0.0,0.0,0.0004,0.0,0.0,0.0,0.0363,0.2391,0.7594,0.4639,0.95,0.4943,0.5202,20.0,20.0,20.0,0.0,81.1455,3
1023,34.1341,4.6989,12.7566,0.0,0.0,0.0,0.0,0.0,0.0,0.0363,0.2391,0.7594,0.4639,0.95,0.4943,0.5202,20.0,20.0,20.0,0.0,81.1455,3
1024,34.1675,4.6989,12.7566,0.0,0.0,0.0,0.0,0.0,0.0,0.0363,0.2391,0.7594,0.4639,0.95,0.4943,0.5202,20.0,20.0,20.0,0.0,81.1455,3
1025,34.2008,2.8665,7.2638,4.5061,0.0242,101.8327,0.0,0.0,0.0,0.0212,0.281,0.7049,0.4556,0.9528,0.4932,0.5271,30.0,30.0,30.0,0.0,79.7211,3
1026,34.2342,2.8663,7.2632,0.0003,0.0,0.0104,0.0,0.0,0.0,0.0212,0.281,0.7049,0.4556,0.9528,0.4932,0.5271,30.0,30.0,30.0,0.0,79.7207,3
1027,34.2676,2.8663,7.2632,0.0,0.0,0.0,0.0,0.0,0.0,0.0212,0.281,0.7049,0.4556,0.9528,0.4932,0.5271,30.0,30.0,30.0,0.0,79.7207,3
1028,34.3009,2.8663,7.2632,0.0,0.0,0.0,0.0,0.0,0.0,0.0212,0.281,0.7049,0.4556,0.9528,0.4932,0.5271,30.0,30.0,30.0,0.0,79.7207,3
1029,34.3343,2.8663,7.2632,0.0,0.0,0.0,0.0,0.0,0.0,0.0212,0.281,0.7049,0.4556,0.9528,0.4932,0.5271,30.0,30.0,30.0,0.0,79.7207,3
1030,34.3677,2.8663,7.2632,0.0,0.0,0.0,0.0,0.0,0.0,0.0212,0.281,0.7049,0.4556,0.9528,0.4932,0.5271,30.0,30.0,30.0,0.0,79.7207,3
1031,34.401,2.8663,7.2632,0.0,0.0,0.0,0.0,0.0,0.0,0.0212,0.281,0.7049,0.4556,0.9528,0.4932,0.5271,30.0,30.0,30.0,0.0,79.7207,3
1032,34.4344,2.8663,7.2632,0.0,0.0,0.0,0.0,0.0,0.0,0.0212,0.281,0.7049,0.4556,0.9528,0.4932,0.5271,30.0,30.0,30.0,0.0,79.7207,3
1033,34.4678,2.8663,7.2632,0.0,0.0,0.0,0.0,0.0,0.0,0.0212,0.281,0.7049,0.4556,0.9528,0.4932,0.5271,30.0,30.0,30.0,0.0,79.7207,3
1034,34.5011,2.8663,7.2632,0.0,0.0,0.0,0.0,0.0,0.0,0.0212,0.281,0.7049,0.4556,0.9528,0.4932,0.5271,30.0,30.0,30.0,0.0,79.7207,3
1035,34.5345,2.8663,7.2632,0.0,0.0,0.0,0.0,0.0,0.0,0.0212,0.281,0.7049,0.4556,0.9528,0.4932,0.5271,30.0,30.0,30.0,0.0,79.7207,3
1036,34.5679,2.8663,7.2632,0.0,0.0,0.0,0.0,0.0,0.0,0.0212,0.281,0.7049,0.4556,0.9528,0.4932,0.5271,30.0,30.0,30.0,0.0,79.7207,3
1037,34.6012,2.8663,7.2632,0.0,0.0,0.0,0.0,0.0,0.0,0.0212,0.281,0.7049,0.4556,0.9528,0.4932,0.5271,30.0,30.0,30.0,0.0,79.7207,3
1038,34.6346,2.8663,7.2632,0.0,0.0,0.0,0.0,0.0,0.0,0.0212,0.281,0.7049,0.4556,0.9528,0.4932,0.5271,30.0,30.0,30.0,0.0,79.7207,3
1039,34.668,2.8663,7.2632,0.0,0.0,0.0,0.0,0.0,0.0,0.0212,0.281,0.7049,0.4556,0.9528,0.4932,0.5271,30.0,30.0,30.0,0.0,79.7207,3
1040,34.7013,2.8663,7.2632,0.0,0.0,0.0,0.0,0.0,0.0,0.0212,0.281,0.7049,0.4556,0.9528,0.4932,0.5271,30.0,30.0,30.0,0.0,79.7207,3
1041,34.7347,2.8663,7.2632,0.0,0.0,0.0,0.0,0.0,0.0,0.0212,0.281,0.7049,0.4556,0.9528,0.4932,0.5271,30.0,30.0,30.0,0.0,79.7207,3
1042,34.7681,2.8663,7.2632,0.0,0.0,0.0,0.0,0.0,0.0,0.0212,0.281,0.7049,0.4556,0.9528,0.4932,0.5271,30.0,30.0,30.0,0.0,79.7207,3
1043,34.8014,2.8663,7.2632,0.0,0.0,0.0,0.0,0.0,0.0,0.0212,0.281,0.7049,0.4556,0.9528,0.4932,0.5271,30.0,30.0,30.0,0.0,79.7207,3
1044,34.8348,2.8663,7.2632,0.0,0.0,0.0,0.0,0.0,0.0,0.0212,0.281,0.7049,0.4556,0.9528,0.4932,0.5271,30.0,30.0,30.0,0.0,79.7207,3
1045,34.8682,2.8663,7.2632,0.0,0.0,0.0,0.0,0.0,0.0,0.0212,0.281,0.7049,0.4556,0.9528,0.4932,0.5271,30.0,30.0,30.0,0.0,79.7207,3
1046,34.9015,2.8663,7.2632,0.0,0.0,0.0,0.0,0.0,0.0,0.0212,0.281,0.7049,0.4556,0.9528,0.4932,0.5271,30.0,30.0,30.0,0.0,79.7207,3
1047,34.9349,2.8663,7.2632,0.0,0.0,0.0,0.0,0.0,0.0,0.0212,0.281,0.7049,0.4556,0.9528,0.4932,0.5271,30.0,30.0,30.0,0.0,79.7207,3
1048,34.9683,2.8663,7.2632,0.0,0.0,0.0,0.0,0.0,0.0,0.0212,0.281,0.7049,0.4556,0.9528,0.4932,0.5271,30.0,30.0,30.0,0.0,79.7207,3
1049,35.0016,2.8663,7.2632,0.0,0.0,0.0,0.0,0.0,0.0,0.0212,0.281,0.7049,0.4556,0.9528,0.4932,0.5271,30.0,30.0,30.0,0.0,79.7207,3
1050,35.035,2.8663,7.2632,0.0,0.0,0.0,0.0,0.0,0.0,0.0212,0.281,0.7049,0.4556,0.9528,0.4932,0.5271,30.0,30.0,30.0,0.0,79.7207,3
1051,35.0684,2.8663,7.2632,0.0,0.0,0.0,0.0,0.0,0.0,0.0212,0.281,0.7049,0.4556,0.9528,0.4932,0.5271,30.0,30.0,30.0,0.0,79.7207,3
1052,35.1017,2.8663,7.2632,0.0,0.0,0.0,0.0,0.0,0.0,0.0212,0.281,0.7049,0.4556,0.9528,0.4932,0.5271,30.0,30.0,30.0,0.0,79.7207,3
1053,35.1351,2.8663,7.2632,0.0,0.0,0.0,0.0,0.0,0.0,0.0212,0.281,0.7049,0.4556,0.9528,0.4932,0.5271,30.0,30.0,30.0,0.0,79.7207,3
1054,35.1685,2.8663,7.2632,0.0,0.0,0.0,0.0,0.0,0.0,0.0212,0.281,0.7049,0.4556,0.9528,0.4932,0.5271,30.0,30.0,30.0,0.0,79.7207,3
1055,35.2018,250.5042,246.9036,249.175,0.0093,105.8307,253.0,253.0,253.0,0.017,0.2474,0.7432,0.4639,0.9528,0.4981,0.5291,189.0,189.0,189.0,0.0,82.968,3
1056,35.2352,250.5044,246.9037,0.0006,0.0,0.0223,253.0,253.0,253.0,0.017,0.2473,0.7433,0.4639,0.9528,0.498,0.5288,189.0,189.0,189.0,0.0,82.9164,3
1057,35.2686,250.5044,246.9036,0.0,0.0,0.0023,253.0,253.0,253.0,0.017,0.2473,0.7433,0.4639,0.9528,0.498,0.5288,189.0,189.0,189.0,0.0,82.9161,3
1058,35.3019,250.5044,246.9038,0.0001,0.0,0.0049,253.0,253.0,253.0,0.017,0.2473,0.7433,0.4639,0.9528,0.498,0.5288,189.0,189.0,189.0,0.0,82.9074,3
1059,35.3353,250.5044,246.9039,0.0,0.0,0.0013,253.0,253.0,253.0,0.017,0.2473,0.7433,0.4639,0.9528,0.498,0.5288,189.0,189.0,189.0,0.0,82.9044,3
1060,35.3687,250.5044,246.9039,0.0,0.0,0.0003,253.0,253.0,253.0,0.017,0.2473,0.7433,0.4639,0.9528,0.498,0.5288,189.0,189.0,189.0,0.0,82.9033,3
1061,35.402,250.5044,246.9039,0.0,0.0,0.0,253.0,253.0,253.0,0.017,0.2473,0.7433,0.4639,0.9528,0.498,0.5288,189.0,189.0,189.0,0.0,82.9033,3
1062,35.4354,250.5044,246.9039,0.0,0.0,0.0,253.0,253.0,253.0,0.017,0.2473,0.7433,0.4639,0.9528,0.498,0.5288,189.0,189.0,189.0,0.0,82.9033,3
1063,35.4688,250.5044,246.9039,0.0,0.0,0.0,253.0,253.0,253.0,0.017,0.2473,0.7433,0.4639,0.9528,0.498,0.5288,189.0,189.0,189.0,0.0,82.9033,3
1064,35.5021,250.5044,246.9039,0.0,0.0,0.0,253.0,253.0,253.0,0.017,0.2473,0.7433,0.4639,0.9528,0.498,0.5288,189.0,189.0,189.0,0.0,82.9033,3
1065,35.5355,250.5044,246.9039,0.0,0.0,0.0,253.0,253.0,253.0,0.017,0.2473,0.7433,0.4639,0.9528,0.498,0.5288,189.0,189.0,189.0,0.0,82.9033,3
1066,35.5689,250.5044,246.9039,0.0,0.0,0.0,253.0,253.0,253.0,0.017,0.2473,0.7433,0.4639,0.9528,0.498,0.5288,189.0,189.0,189.0,0.0,82.9033,3
1067,35.6022,250.5044,246.9039,0.0,0.0,0.0,253.0,253.0,253.0,0.017,0.2473,0.7433,0.4639,0.9528,0.498,0.5288,189.0,189.0,189.0,0.0,82.9033,3
1068,35.6356,250.5044,246.9039,0.0,0.0,0.0,253.0,253.0,253.0,0.017,0.2473,0.7433,0.4639,0.9528,0.498,0.5288,189.0,189.0,189.0,0.0,82.9033,3
1069,35.669,250.5044,246.9039,0.0,0.0,0.0,253.0,253.0,253.0,0.017,0.2473,0.7433,0.4639,0.9528,0.498,0.5288,189.0,189.0,189.0,0.0,82.9033,3
1070,35.7023,250.5044,246.9039,0.0,0.0,0.0,253.0,253.0,253.0,0.017,0.2473,0.7433,0.4639,0.9528,0.498,0.5288,189.0,189.0,189.0,0.0,82.9033,3
1071,35.7357,250.5044,246.9039,0.0,0.0,0.0,253.0,253.0,253.0,0.017,0.2473,0.7433,0.4639,0.9528,0.498,0.5288,189.0,189.0,189.0,0.0,82.9033,3
1072,35.7691,250.5044,246.9039,0.0,0.0,0.0,253.0,253.0,253.0,0.017,0.2473,0.7433,0.4639,0.9528,0.498,0.5288,189.0,189.0,189.0,0.0,82.9033,3
1073,35.8024,250.5044,246.9039,0.0,0.0,0.0,253.0,253.0,253.0,0.017,0.2473,0.7433,0.4639,0.9528,0.498,0.5288,189.0,189.0,189.0,0.0,82.9033,3
1074,35.8358,250.5044,246.9039,0.0,0.0,0.0,253.0,253.0,253.0,0.017,0.2473,0.7433,0.4639,0.9528,0.498,0.5288,189.0,189.0,189.0,0.0,82.9033,3
1075,35.8692,250.5044,246.9039,0.0,0.0,0.0,253.0,253.0,253.0,0.017,0.2473,0.7433,0.4639,0.9528,0.498,0.5288,189.0,189.0,189.0,0.0,82.9033,3
1076,35.9025,250.5044,246.9039,0.0,0.0,0.0,253.0,253.0,253.0,0.017,0.2473,0.7433,0.4639,0.9528,0.498,0.5288,189.0,189.0,189.0,0.0,82.9033,3
1077,35.9359,250.5044,246.9039,0.0,0.0,0.0,253.0,253.0,253.0,0.017,0.2473,0.7433,0.4639,0.9528,0.498,0.5288,189.0,189.0,189.0,0.0,82.9033,3
1078,35.9693,250.5044,246.9039,0.0,0.0,0.0,253.0,253.0,253.0,0.017,0.2473,0.7433,0.4639,0.9528,0.498,0.5288,189.0,189.0,189.0,0.0,82.9033,3
1079,36.0026,250.5044,246.9039,0.0,0.0,0.0,253.0,253.0,253.0,0.017,0.2473,0.7433,0.4639,0.9528,0.498,0.5288,189.0,189.0,189.0,0.0,82.9033,3
1080,36.036,250.5051,246.9045,0.007,0.0002,0.1064,253.0,253.0,253.0,0.0169,0.2532,0.7498,0.4639,0.9528,0.4983,0.5288,189.0,189.0,189.0,0.0,82.9104,3
1081,36.0694,250.5053,246.9048,0.0004,0.0,0.0131,253.0,253.0,253.0,0.0169,0.2532,0.7498,0.4639,0.9528,0.4983,0.5287,189.0,189.0,189.0,0.0,82.925,3
1082,36.1027,250.5053,246.9047,0.0001,0.0,0.0028,253.0,253.0,253.0,0.0169,0.2532,0.7498,0.4639,0.9528,0.4983,0.5287,189.0,189.0,189.0,0.0,82.9303,3
1083,36.1361,250.5052,246.9046,0.0,0.0,0.0013,253.0,253.0,253.0,0.0169,0.2532,0.7498,0.4639,0.9528,0.4983,0.5287,189.0,189.0,189.0,0.0,82.9286,3
1084,36.1695,250.5054,246.905,0.0001,0.0,0.0061,253.0,253.0,253.0,0.0169,0.2532,0.7498,0.4639,0.9528,0.4983,0.5287,189.0,189.0,189.0,0.0,82.917,3
