frame,time,luma,center_luma,diff,mask_change,fg_diff,bg_r,bg_g,bg_b,fg_area,x0,x1,y0,y1,cx,cy,fg_r,fg_g,fg_b,fg_sat,sharp,bands
0,0.0,0.0769,0.0,0.0,1.0,255.0,0.0,0.0,0.0,0.0007,0.4375,0.5594,0.9111,0.9194,0.4985,0.9148,94.0,94.0,94.0,0.0,170.057,1
1,0.0167,0.0773,0.0,0.0012,0.0,0.8259,0.0,0.0,0.0,0.0007,0.4375,0.5594,0.9111,0.9194,0.4986,0.9148,95.0,94.0,94.0,0.0,171.0765,1
2,0.0333,3.1151,2.4848,3.3917,0.0002,4.6624,4.0,0.0,0.0,0.0008,0.217,0.9643,0.0881,0.9667,0.5125,0.8586,99.0,86.0,88.0,33.0,169.2161,2
3,0.05,3.1453,2.5211,0.0343,0.0,0.0496,4.0,0.0,0.0,0.0008,0.217,0.9643,0.0881,0.9667,0.5125,0.8586,99.0,86.0,88.0,32.0,169.2167,2
4,0.0667,3.246,2.6866,0.3078,0.0003,0.7118,4.0,0.0,0.0,0.0009,0.0856,0.8317,0.0611,0.967,0.4969,0.8191,97.0,83.0,86.0,32.0,165.4256,2
5,0.0833,3.2534,2.6897,0.0106,0.0,0.6767,4.0,0.0,0.0,0.0009,0.0853,0.8321,0.0611,0.9673,0.4961,0.819,98.0,84.0,86.0,32.0,165.5623,2
6,0.1,3.2597,2.7034,0.2905,0.0004,0.3248,4.0,0.0,0.0,0.0009,0.1259,0.976,0.1107,0.9379,0.5271,0.8078,91.0,81.0,82.0,32.0,164.177,3
7,0.1167,3.7994,4.3184,0.5526,0.0049,0.0841,4.0,0.0,0.0,0.0058,0.4375,0.8698,0.3028,0.9194,0.5538,0.4694,134.0,93.0,94.0,115.0,64.0432,3
8,0.1333,4.2565,5.5617,0.7833,0.0054,42.534,4.0,0.0,0.0,0.0094,0.3061,0.7812,0.2667,0.9194,0.5536,0.4393,141.5,94.0,96.0,120.0,52.4866,6
9,0.15,4.6147,6.6313,0.4227,0.0049,29.8652,4.0,0.0,0.0,0.0117,0.3498,0.7271,0.2833,0.9194,0.5555,0.4269,150.0,98.0,100.0,123.0,43.8972,6
10,0.1667,5.0052,7.6381,0.8111,0.006,21.3811,4.0,0.0,0.0,0.0142,0.2735,0.7078,0.2889,0.9194,0.5554,0.4203,145.0,94.0,95.0,125.0,43.7463,8
11,0.1833,5.295,8.5049,0.3566,0.005,16.4698,4.0,0.0,0.0,0.0162,0.3465,0.6994,0.2955,0.9194,0.5556,0.4135,123.0,87.0,87.0,141.0,40.1944,8
12,0.2,5.4703,9.1825,0.5657,0.0052,13.8529,4.0,0.0,0.0,0.0174,0.4312,0.6875,0.3278,0.9194,0.5563,0.4086,133.0,88.0,89.0,145.0,36.9333,4
13,0.2167,5.7143,9.9116,0.3161,0.0049,9.9893,4.0,0.0,0.0,0.019,0.4297,0.6891,0.325,0.9194,0.5566,0.4046,119.0,83.5,84.0,147.0,34.5981,4
14,0.2333,5.9248,10.5796,0.6279,0.005,8.7197,4.0,0.0,0.0,0.0201,0.4297,0.6875,0.3222,0.9167,0.5556,0.3979,126.0,84.0,84.0,143.0,32.5424,6
15,0.25,6.1272,11.185,0.2848,0.0037,8.1175,4.0,0.0,0.0,0.0209,0.4297,0.6875,0.3194,0.9167,0.5546,0.3958,145.0,86.0,87.0,146.0,33.9764,6
16,0.2667,6.3094,11.7689,0.5073,0.0039,5.8414,4.0,0.0,0.0,0.0215,0.4281,0.6891,0.3194,0.9194,0.5553,0.3969,142.0,89.0,91.0,145.0,33.6033,6
17,0.2833,6.4819,12.2837,0.2213,0.0032,4.7791,4.0,0.0,0.0,0.0221,0.4281,0.6891,0.3167,0.9194,0.5561,0.3954,150.0,88.0,89.0,145.0,34.6023,6
18,0.3,6.5522,12.6595,0.4689,0.004,4.967,4.0,0.0,0.0,0.0223,0.4281,0.6891,0.3167,0.9167,0.5564,0.3927,164.0,94.0,94.0,143.0,32.8571,3
19,0.3167,6.8414,13.5254,0.4432,0.0063,5.5181,4.0,0.0,0.0,0.0244,0.3016,0.6906,0.3139,0.9167,0.537,0.3939,173.0,69.0,70.0,156.0,32.5901,3
20,0.3333,7.1517,14.3673,0.6771,0.0068,8.2975,4.0,0.0,0.0,0.026,0.2969,0.6922,0.3139,0.9167,0.5285,0.3937,176.0,63.0,64.0,158.0,31.6119,4
21,0.35,7.3819,15.0533,0.5247,0.0073,8.8314,4.0,0.0,0.0,0.0273,0.2953,0.6922,0.3139,0.9167,0.5241,0.3922,186.0,60.0,60.0,159.0,33.3462,4
22,0.3667,7.5629,15.6573,0.68,0.008,10.4715,4.0,0.0,0.0,0.0284,0.2938,0.6938,0.3111,0.9167,0.5183,0.391,183.0,58.0,59.0,170.0,31.5269,6
23,0.3833,8.1608,17.4493,1.0193,0.0113,10.5278,4.0,0.0,0.0,0.0317,0.2891,0.6938,0.3111,0.9139,0.5013,0.4025,180.0,62.0,62.0,158.0,33.6618,7
24,0.4,8.6374,18.9048,1.205,0.0125,16.5206,4.0,0.0,0.0,0.0341,0.2859,0.6938,0.3083,0.9139,0.4911,0.4056,183.0,61.0,61.0,165.0,33.1643,3
25,0.4167,9.0588,20.1651,1.0136,0.0124,16.414,4.0,0.0,0.0,0.0365,0.2812,0.6938,0.3056,0.9139,0.483,0.4084,187.0,61.0,61.0,163.0,34.4426,3
26,0.4333,9.4426,21.3136,1.0884,0.0128,15.1851,4.0,0.0,0.0,0.0379,0.2781,0.6953,0.3028,0.9139,0.4747,0.4099,185.0,61.0,61.0,169.0,33.1616,4
27,0.45,9.7825,22.3308,0.8609,0.0119,11.9742,4.0,0.0,0.0,0.0397,0.2766,0.6953,0.3,0.9139,0.4705,0.4094,183.0,61.0,61.0,171.0,33.2224,4
28,0.4667,10.0814,23.2411,0.9747,0.0122,10.4194,4.0,0.0,0.0,0.0407,0.275,0.6953,0.3,0.9139,0.4651,0.4093,179.0,60.0,58.5,180.5,32.3581,5
29,0.4833,10.3529,24.0533,0.7884,0.011,10.0614,4.0,0.0,0.0,0.0422,0.275,0.6953,0.2972,0.9139,0.4619,0.4094,172.0,55.0,56.0,178.0,31.8271,5
30,0.5,10.596,24.7372,0.9816,0.0112,10.1515,4.0,0.0,0.0,0.0427,0.275,0.6953,0.2944,0.9139,0.4608,0.4069,179.0,55.0,56.0,177.0,33.634,4
31,0.5167,10.8015,25.3526,0.868,0.0108,9.9104,4.0,0.0,0.0,0.0438,0.275,0.6953,0.2944,0.9139,0.4582,0.4071,172.0,59.0,58.0,177.0,32.1628,4
32,0.5333,11.0096,25.9288,0.968,0.0108,10.1914,4.0,0.0,0.0,0.0444,0.2766,0.6953,0.2917,0.9139,0.4568,0.4045,174.0,53.0,53.0,179.0,34.1939,5
33,0.55,11.1774,26.4311,0.8318,0.0101,9.3605,4.0,0.0,0.0,0.0449,0.2781,0.6953,0.2917,0.9139,0.4551,0.4035,168.0,51.0,51.0,178.0,31.4994,4
34,0.5667,11.3461,26.9088,1.0474,0.0108,9.0053,4.0,0.0,0.0,0.0455,0.2781,0.6953,0.2917,0.9139,0.4529,0.4016,166.0,49.0,48.0,184.0,32.2106,4
35,0.5833,11.9948,28.8521,1.2842,0.0127,8.1024,4.0,0.0,0.0,0.0493,0.2797,0.6938,0.2889,0.9111,0.4606,0.4085,168.0,52.0,52.0,177.0,35.3524,4
36,0.6,12.4993,30.3633,1.4888,0.0136,11.4079,4.0,0.0,0.0,0.0525,0.2828,0.6938,0.2889,0.9111,0.4674,0.4122,168.0,55.0,56.0,166.0,35.0246,3
37,0.6167,12.9515,31.718,1.2296,0.0121,12.1713,4.0,0.0,0.0,0.0545,0.2828,0.6922,0.2889,0.9111,0.4712,0.413,174.0,61.0,61.0,167.0,35.0316,4
38,0.6333,13.3574,32.9035,1.3974,0.0122,11.6272,4.0,0.0,0.0,0.056,0.2828,0.6922,0.2861,0.9111,0.4745,0.4138,178.0,61.0,61.0,159.0,36.0305,3
39,0.65,13.966,34.7264,1.3161,0.0126,10.2108,4.0,0.0,0.0,0.0592,0.2844,0.6906,0.2861,0.9111,0.4743,0.4203,176.0,60.0,61.0,153.0,36.4401,4
40,0.6667,14.4761,36.2811,1.4615,0.0129,10.629,4.0,0.0,0.0,0.0622,0.2844,0.6906,0.2861,0.9111,0.4755,0.4255,178.0,61.0,63.0,149.0,36.7275,6
41,0.6833,14.9375,37.6635,1.0709,0.0115,9.0823,4.0,0.0,0.0,0.0648,0.2859,0.6906,0.2861,0.9111,0.4778,0.43,174.0,63.0,65.0,145.0,35.4071,6
42,0.7,15.2667,38.8255,1.0691,0.0113,7.3679,4.0,0.0,0.0,0.0671,0.2859,0.6891,0.2861,0.9111,0.4802,0.4331,172.0,62.0,62.0,150.0,35.4899,3
43,0.7167,15.6398,39.9435,0.8247,0.0101,5.8585,4.0,0.0,0.0,0.0692,0.2875,0.6891,0.2861,0.7474,0.4819,0.4351,166.0,61.0,59.0,151.0,34.8037,3
44,0.7333,15.9696,40.9258,0.8713,0.0092,5.1221,4.0,0.0,0.0,0.0713,0.2875,0.6891,0.2861,0.6833,0.4824,0.4368,162.0,61.0,60.0,147.0,34.2862,3
45,0.75,16.2712,41.8293,0.6766,0.0082,4.042,4.0,0.0,0.0,0.0715,0.2875,0.6891,0.2861,0.6861,0.4831,0.438,164.0,61.0,59.0,150.0,33.2583,3
46,0.7667,16.5422,42.6408,0.7578,0.0079,3.8591,4.0,0.0,0.0,0.0723,0.2875,0.6891,0.2861,0.6861,0.4826,0.4391,167.0,61.0,61.0,146.0,34.8101,4
47,0.7833,16.7742,43.3359,0.6052,0.0064,3.614,4.0,0.0,0.0,0.0722,0.2875,0.6891,0.2861,0.6861,0.4833,0.4399,171.0,61.0,61.0,149.0,33.7697,4
48,0.8,16.9836,43.9756,0.7013,0.0069,3.8025,4.0,0.0,0.0,0.0728,0.2875,0.6891,0.2861,0.6833,0.4821,0.4413,169.0,61.0,61.0,138.0,33.7637,4
49,0.8167,17.1719,44.5395,0.5117,0.0063,2.9492,4.0,0.0,0.0,0.073,0.2877,0.6891,0.2861,0.6833,0.483,0.4414,175.0,63.0,63.0,139.5,33.8996,4
50,0.8333,17.351,45.0827,0.5971,0.0059,3.1666,4.0,0.0,0.0,0.0735,0.2891,0.6891,0.2861,0.6806,0.4821,0.4424,172.0,61.0,61.0,134.0,33.9698,2
51,0.85,17.9504,46.8789,0.8656,0.0085,2.6134,4.0,0.0,0.0,0.0771,0.2891,0.6891,0.2861,0.6778,0.485,0.4518,169.0,67.0,67.0,130.0,34.6343,2
52,0.8667,18.4391,48.3273,0.8618,0.0083,4.0406,4.0,0.0,0.0,0.0799,0.2891,0.6891,0.2861,0.6778,0.4877,0.4569,172.0,65.0,65.0,123.0,36.7554,2
53,0.8833,18.8631,49.5975,0.7209,0.007,4.7152,4.0,0.0,0.0,0.0814,0.2891,0.6891,0.2861,0.6778,0.4896,0.4608,175.0,69.0,70.0,121.0,35.7394,2
54,0.9,19.2301,50.6874,0.8616,0.008,4.3356,4.0,0.0,0.0,0.0824,0.2891,0.6891,0.2861,0.675,0.4921,0.4637,176.0,69.0,70.0,123.0,34.7949,3
55,0.9167,19.562,51.6804,0.7067,0.0069,4.8091,4.0,0.0,0.0,0.0842,0.2891,0.6891,0.2861,0.675,0.4935,0.4663,178.0,70.0,70.0,120.0,36.3088,3
56,0.9333,19.8741,52.6033,0.8334,0.0072,5.0015,4.0,0.0,0.0,0.0842,0.2891,0.6891,0.2861,0.675,0.4943,0.4667,180.0,73.0,73.0,118.0,35.0119,3
57,0.95,20.1392,53.3987,0.7151,0.0071,4.4019,4.0,0.0,0.0,0.0852,0.2906,0.6891,0.2861,0.6722,0.4945,0.4684,181.0,76.0,76.0,114.0,35.303,3
58,0.9667,20.4256,54.1254,0.8688,0.0075,4.0378,4.0,0.0,0.0,0.0854,0.2891,0.6891,0.2861,0.6722,0.4952,0.4693,185.0,75.0,76.0,115.0,34.886,3
59,0.9833,20.6195,54.7058,0.6001,0.0063,3.6199,4.0,0.0,0.0,0.0865,0.2906,0.6891,0.2861,0.6722,0.4956,0.4706,183.0,75.0,75.0,115.0,35.3172,3
60,1.0,20.7978,55.2364,0.9324,0.0075,4.3187,4.0,0.0,0.0,0.0872,0.2906,0.6891,0.2861,0.6722,0.4955,0.4713,183.0,75.0,75.0,110.0,34.5625,3
61,1.0167,20.9545,55.7071,0.5108,0.0056,2.5361,4.0,0.0,0.0,0.0873,0.2906,0.6891,0.2861,0.6722,0.4955,0.4711,183.0,75.0,75.0,115.0,34.4156,3
62,1.0333,21.0631,56.0535,0.6203,0.0058,1.8556,4.0,0.0,0.0,0.0879,0.2906,0.6891,0.2861,0.6722,0.4955,0.4719,182.0,76.0,76.0,110.0,34.0395,6
63,1.05,21.1844,56.4163,0.4322,0.0048,1.7585,4.0,0.0,0.0,0.0879,0.2906,0.6891,0.2861,0.6722,0.4952,0.4717,186.0,77.0,77.0,111.0,34.6531,6
64,1.0667,21.307,56.7773,0.6322,0.0049,1.9132,4.0,0.0,0.0,0.0884,0.2906,0.6891,0.2861,0.6722,0.4948,0.4722,187.0,77.0,77.0,106.0,35.0611,4
65,1.0833,21.4059,57.0725,0.3395,0.0038,1.5626,4.0,0.0,0.0,0.0879,0.2898,0.6891,0.2861,0.6722,0.4944,0.4715,189.5,79.0,79.0,109.0,35.27,4
66,1.1,21.5001,57.343,0.5207,0.0042,1.4898,4.0,0.0,0.0,0.0882,0.2891,0.6891,0.2861,0.6722,0.494,0.4714,190.0,79.0,79.0,108.0,35.4278,3
67,1.1167,21.5787,57.577,0.2634,0.0033,1.0562,4.0,0.0,0.0,0.0883,0.2891,0.6891,0.2861,0.6722,0.4937,0.4715,190.0,79.0,77.0,107.0,35.2659,3
68,1.1333,21.6206,57.7492,0.4423,0.0035,1.1639,4.0,0.0,0.0,0.0882,0.2906,0.6891,0.2861,0.6722,0.4942,0.4715,192.0,79.0,79.0,108.0,35.4983,2
69,1.15,21.6874,57.9487,0.1792,0.0021,0.7205,4.0,0.0,0.0,0.0878,0.2906,0.6891,0.2861,0.6722,0.4938,0.4711,189.0,81.0,81.0,108.0,34.7791,2
70,1.1667,21.7249,58.0848,0.3421,0.0027,0.7204,4.0,0.0,0.0,0.088,0.2906,0.6891,0.2861,0.675,0.4935,0.4715,190.0,79.0,79.0,108.0,35.4971,3
71,1.1833,21.7743,58.232,0.1203,0.0017,0.737,4.0,0.0,0.0,0.0882,0.2906,0.6891,0.2861,0.675,0.4934,0.4718,190.0,79.0,79.0,106.0,36.317,3
72,1.2,21.807,58.2954,0.1993,0.0013,0.6463,4.0,0.0,0.0,0.0879,0.2906,0.6891,0.2861,0.675,0.4931,0.4716,190.0,79.0,80.0,102.0,35.4011,3
73,1.2167,21.8333,58.3735,0.0684,0.0008,0.4229,4.0,0.0,0.0,0.0878,0.2906,0.6891,0.2861,0.675,0.493,0.4715,192.0,80.0,80.0,103.0,35.1122,3
74,1.2333,21.9529,58.5154,0.3469,0.0015,0.3574,4.0,0.0,0.0,0.0877,0.2891,0.6891,0.2861,0.675,0.4927,0.4709,189.0,79.0,79.0,103.0,35.3173,4
75,1.25,21.9578,58.5273,0.0142,0.0002,0.0923,4.0,0.0,0.0,0.0876,0.2891,0.6891,0.2861,0.675,0.4927,0.4708,189.0,79.0,79.0,103.0,35.2571,4
76,1.2667,21.9596,58.5282,0.3505,0.0011,0.2377,4.0,0.0,0.0,0.0876,0.2906,0.6891,0.2861,0.675,0.4929,0.471,189.0,79.0,79.5,103.0,35.2439,5
77,1.2833,21.9602,58.5281,0.0101,0.0001,0.0434,4.0,0.0,0.0,0.0876,0.2906,0.6891,0.2861,0.675,0.4928,0.471,188.5,79.0,79.0,103.0,35.2449,5
78,1.3,21.9538,58.5362,0.3681,0.0011,0.1463,4.0,0.0,0.0,0.0876,0.2906,0.6891,0.2861,0.675,0.4926,0.4707,189.0,79.0,79.0,103.0,35.1065,3
79,1.3167,21.9544,58.5368,0.0059,0.0001,0.0309,4.0,0.0,0.0,0.0875,0.2906,0.6891,0.2861,0.675,0.4927,0.4707,189.0,79.0,79.0,103.0,35.0922,3
80,1.3333,21.8722,58.459,0.2959,0.0008,0.0923,4.0,0.0,0.0,0.0873,0.2906,0.6891,0.2861,0.675,0.4925,0.4707,190.0,80.0,80.0,103.0,34.8584,3
81,1.35,21.8706,58.4535,0.0048,0.0,0.0226,4.0,0.0,0.0,0.0873,0.2906,0.6891,0.2861,0.675,0.4925,0.4707,190.0,80.0,80.0,103.0,34.8669,3
82,1.3667,21.8754,58.4512,0.1615,0.0004,0.0486,4.0,0.0,0.0,0.0874,0.2891,0.6891,0.2861,0.675,0.4921,0.4704,190.0,79.0,80.0,103.0,34.8795,4
83,1.3833,21.8749,58.4488,0.0034,0.0,0.014,4.0,0.0,0.0,0.0875,0.2891,0.6891,0.2861,0.675,0.4921,0.4704,190.0,79.0,80.0,103.0,34.8836,4
84,1.4,21.9001,58.4575,0.2467,0.0007,0.0496,4.0,0.0,0.0,0.0875,0.2891,0.6891,0.2861,0.675,0.4924,0.4703,190.0,79.0,80.0,103.0,35.07,3
85,1.4167,21.8991,58.4536,0.0038,0.0,0.0123,4.0,0.0,0.0,0.0875,0.2891,0.6891,0.2861,0.675,0.4924,0.4703,190.0,80.0,80.0,103.0,35.0821,3
86,1.4333,21.8995,58.4303,0.2313,0.0008,0.0569,4.0,0.0,0.0,0.0875,0.2891,0.6891,0.2861,0.675,0.4923,0.4703,189.0,79.0,80.0,103.0,35.0074,6
87,1.45,21.9004,58.4317,0.0025,0.0,0.0106,4.0,0.0,0.0,0.0875,0.2891,0.6891,0.2861,0.675,0.4923,0.4703,189.0,79.0,80.0,103.0,35.014,6
88,1.4667,22.0559,58.5037,0.4014,0.0012,0.0643,4.0,0.0,0.0,0.088,0.2891,0.6891,0.2833,0.675,0.4925,0.4687,185.0,79.0,77.0,102.0,35.5178,17
89,1.4833,22.0566,58.5045,0.0022,0.0,0.0037,4.0,0.0,0.0,0.088,0.2891,0.6891,0.2833,0.675,0.4925,0.4686,185.0,79.0,77.0,102.0,35.5221,17
90,1.5,21.9444,58.4905,0.4359,0.0015,0.0721,4.0,0.0,0.0,0.0877,0.2891,0.6891,0.2861,0.675,0.4924,0.4698,188.0,79.0,79.0,103.0,35.1917,13
91,1.5167,21.9447,58.4907,0.0022,0.0001,0.0092,4.0,0.0,0.0,0.0877,0.2891,0.6891,0.2861,0.675,0.4924,0.4698,188.0,79.0,79.0,103.0,35.1931,13
92,1.5333,21.9133,58.493,0.2095,0.0007,0.0427,4.0,0.0,0.0,0.0876,0.2891,0.6891,0.2861,0.675,0.4921,0.4706,188.0,79.0,80.0,103.0,35.0639,6
93,1.55,21.9133,58.4926,0.0019,0.0,0.0085,4.0,0.0,0.0,0.0876,0.2891,0.6891,0.2861,0.675,0.4922,0.4706,188.0,79.0,79.0,103.0,35.0802,6
94,1.5667,21.843,58.4383,0.2275,0.0006,0.0515,4.0,0.0,0.0,0.0874,0.2906,0.6891,0.2861,0.675,0.4924,0.4707,190.0,79.0,80.0,105.0,34.8074,3
95,1.5833,21.8431,58.4379,0.0026,0.0001,0.011,4.0,0.0,0.0,0.0873,0.2906,0.6891,0.2861,0.675,0.4925,0.4708,190.0,80.0,80.0,105.0,34.8245,3
96,1.6,21.8379,58.4339,0.1452,0.0003,0.0347,4.0,0.0,0.0,0.0873,0.2906,0.6891,0.2861,0.675,0.4925,0.4709,190.0,80.0,80.0,105.0,34.7531,3
97,1.6167,21.8379,58.4336,0.0011,0.0,0.0049,4.0,0.0,0.0,0.0873,0.2906,0.6891,0.2861,0.675,0.4925,0.4709,190.0,80.0,80.0,105.0,34.7569,3
98,1.6333,21.8632,58.4475,0.1906,0.0004,0.0417,4.0,0.0,0.0,0.0874,0.2906,0.6891,0.2861,0.675,0.4926,0.4707,190.0,79.0,80.0,104.0,34.9129,3
99,1.65,21.8637,58.4477,0.0027,0.0,0.0119,4.0,0.0,0.0,0.0874,0.2906,0.6891,0.2861,0.675,0.4926,0.4707,190.0,79.0,80.0,103.5,34.9048,3
100,1.6667,21.8036,58.4157,0.1581,0.0004,0.0387,4.0,0.0,0.0,0.0873,0.2906,0.6891,0.2861,0.6722,0.4926,0.4708,190.0,80.0,80.0,105.0,34.7363,3
101,1.6833,21.8039,58.4159,0.0013,0.0,0.0035,4.0,0.0,0.0,0.0873,0.2906,0.6891,0.2861,0.6722,0.4926,0.4708,190.0,80.0,80.0,105.0,34.7297,3
102,1.7,21.7999,58.4126,0.0463,0.0001,0.0147,4.0,0.0,0.0,0.0873,0.2906,0.6891,0.2861,0.6744,0.4926,0.4708,190.0,80.0,80.0,105.0,34.7736,3
103,1.7167,21.8005,58.4135,0.0016,0.0,0.0068,4.0,0.0,0.0,0.0873,0.2906,0.6891,0.2861,0.6744,0.4926,0.4708,190.0,80.0,80.0,105.0,34.7762,3
104,1.7333,21.785,58.4005,0.0904,0.0002,0.0218,4.0,0.0,0.0,0.0872,0.2906,0.6875,0.2861,0.6722,0.4924,0.4707,190.0,80.0,80.0,105.0,34.6806,2
105,1.75,21.7852,58.4006,0.0009,0.0,0.0023,4.0,0.0,0.0,0.0873,0.2906,0.6875,0.2861,0.6722,0.4924,0.4707,190.0,80.0,80.0,105.0,34.6789,2
106,1.7667,21.7803,58.3969,0.0627,0.0001,0.0199,4.0,0.0,0.0,0.0872,0.2906,0.6875,0.2861,0.6722,0.4924,0.4708,190.0,80.0,80.0,105.0,34.684,2
107,1.7833,21.7804,58.3972,0.0015,0.0,0.0077,4.0,0.0,0.0,0.0872,0.2906,0.6875,0.2861,0.6722,0.4924,0.4708,190.0,80.0,80.0,105.0,34.6821,2
108,1.8,21.8331,58.4831,0.1188,0.0004,0.0363,4.0,0.0,0.0,0.0874,0.2906,0.6891,0.2861,0.6722,0.4925,0.4707,189.0,79.0,80.0,104.0,34.8843,2
109,1.8167,21.8329,58.4819,0.0017,0.0,0.0052,4.0,0.0,0.0,0.0874,0.2906,0.6891,0.2861,0.6722,0.4926,0.4707,190.0,79.0,80.0,104.0,34.8908,2
110,1.8333,21.8839,58.5253,0.2035,0.0006,0.0976,4.0,0.0,0.0,0.0874,0.2906,0.6891,0.2861,0.6722,0.4927,0.4707,189.0,79.0,80.0,103.0,35.0373,2
111,1.85,21.8842,58.5255,0.0015,0.0,0.004,4.0,0.0,0.0,0.0874,0.2906,0.6891,0.2861,0.6722,0.4927,0.4707,189.0,79.0,80.0,103.0,35.0364,2
112,1.8667,21.8557,58.4906,0.129,0.0004,0.0618,4.0,0.0,0.0,0.0873,0.2906,0.6891,0.2861,0.6722,0.4925,0.4708,190.0,80.0,80.0,103.0,34.8483,3
113,1.8833,21.8536,58.4833,0.0075,0.0001,0.0391,4.0,0.0,0.0,0.0873,0.2906,0.6891,0.2861,0.6722,0.4925,0.4708,190.0,80.0,80.0,103.0,34.838,3
114,1.9,21.8425,58.4496,0.1936,0.0005,0.0938,4.0,0.0,0.0,0.0873,0.2906,0.6891,0.2861,0.675,0.4923,0.4709,190.0,80.0,80.0,103.0,34.8819,2
115,1.9167,21.8427,58.4493,0.002,0.0,0.0085,4.0,0.0,0.0,0.0873,0.2906,0.6891,0.2861,0.675,0.4923,0.4709,190.0,80.0,80.0,103.0,34.881,2
116,1.9333,21.8333,58.4424,0.1472,0.0005,0.0685,4.0,0.0,0.0,0.0873,0.2906,0.6891,0.2861,0.6722,0.4923,0.4707,190.0,80.0,80.0,103.0,34.8176,2
117,1.95,21.8267,58.4221,0.0279,0.0004,0.1662,4.0,0.0,0.0,0.0873,0.2906,0.6891,0.2861,0.6722,0.4924,0.4707,190.0,79.0,80.0,103.0,34.7941,2
118,1.9667,21.7964,58.4051,0.1413,0.0005,0.0971,4.0,0.0,0.0,0.0873,0.2906,0.6891,0.2861,0.6722,0.4925,0.4708,190.0,80.0,80.0,103.0,34.7125,2
119,1.9833,21.796,58.4036,0.0026,0.0001,0.0171,4.0,0.0,0.0,0.0874,0.2906,0.6891,0.2861,0.6722,0.4925,0.4707,192.0,80.0,80.0,103.0,34.7115,2
120,2.0,21.7873,58.3902,0.2279,0.0014,0.7044,4.0,0.0,0.0,0.0871,0.2906,0.6875,0.2861,0.6722,0.4925,0.4707,192.0,80.0,80.0,104.0,34.7188,2
121,2.0167,21.7849,58.3842,0.0059,0.0001,0.0281,4.0,0.0,0.0,0.0871,0.2906,0.6875,0.2861,0.6722,0.4925,0.4707,192.0,80.0,80.0,105.0,34.7074,2
122,2.0333,21.7878,58.3608,0.0774,0.0002,0.0343,4.0,0.0,0.0,0.0872,0.2906,0.6875,0.2861,0.6722,0.4924,0.4708,192.0,80.0,80.0,105.0,34.6702,4
123,2.05,21.7866,58.3573,0.0024,0.0,0.0048,4.0,0.0,0.0,0.0872,0.2906,0.6875,0.2861,0.6722,0.4924,0.4708,192.0,80.0,80.0,105.0,34.6666,4
124,2.0667,21.7847,58.3769,0.1126,0.0003,0.0451,4.0,0.0,0.0,0.0871,0.2906,0.6879,0.2861,0.6722,0.4925,0.4708,192.0,80.0,80.0,105.0,34.7595,2
125,2.0833,21.7849,58.3764,0.0012,0.0,0.0037,4.0,0.0,0.0,0.0872,0.2906,0.6878,0.2861,0.6722,0.4925,0.4708,192.0,80.0,80.0,105.0,34.7562,2
126,2.1,21.7888,58.3645,0.1043,0.0003,0.0445,4.0,0.0,0.0,0.0872,0.2906,0.6891,0.2861,0.6722,0.4925,0.4708,192.0,80.0,80.0,105.0,34.6644,2
127,2.1167,21.7892,58.3651,0.0011,0.0,0.003,4.0,0.0,0.0,0.0872,0.2906,0.6891,0.2861,0.6722,0.4925,0.4708,192.0,80.0,80.0,105.0,34.6648,2
128,2.1333,21.7929,58.3652,0.1185,0.0002,0.0242,4.0,0.0,0.0,0.0872,0.2906,0.6875,0.2861,0.6722,0.4924,0.4709,192.0,80.0,80.0,105.5,34.6336,2
129,2.15,21.793,58.3649,0.001,0.0,0.0031,4.0,0.0,0.0,0.0872,0.2906,0.6875,0.2861,0.6722,0.4924,0.4709,192.0,80.0,80.0,105.0,34.6268,2
130,2.1667,21.8225,58.3647,0.1537,0.0002,0.0226,4.0,0.0,0.0,0.0872,0.2906,0.6891,0.2861,0.6722,0.4925,0.4707,192.0,80.0,80.0,105.0,34.6773,2
131,2.1833,21.823,58.3652,0.0012,0.0,0.0019,4.0,0.0,0.0,0.0872,0.2906,0.6891,0.2861,0.6722,0.4925,0.4707,192.0,80.0,80.0,105.0,34.6752,2
132,2.2,21.8166,58.3654,0.0995,0.0002,0.0169,4.0,0.0,0.0,0.0872,0.2906,0.6875,0.2861,0.675,0.4924,0.471,192.0,80.0,80.0,105.0,34.6973,2
133,2.2167,21.817,58.366,0.0008,0.0,0.0018,4.0,0.0,0.0,0.0872,0.2906,0.6875,0.2861,0.675,0.4924,0.471,192.0,80.0,80.0,105.0,34.6947,2
134,2.2333,21.8676,58.3882,0.215,0.0004,0.0288,4.0,0.0,0.0,0.0872,0.2906,0.6875,0.2861,0.675,0.4924,0.4708,190.0,80.0,79.0,105.0,34.8105,3
135,2.25,21.8684,58.3898,0.0015,0.0,0.0045,4.0,0.0,0.0,0.0873,0.2906,0.6875,0.2861,0.675,0.4924,0.4708,190.0,80.0,79.0,105.0,34.8098,3
136,2.2667,21.8712,58.3712,0.2266,0.0005,0.023,4.0,0.0,0.0,0.0874,0.2906,0.6891,0.2861,0.675,0.4926,0.4712,190.0,79.5,79.0,105.0,34.8741,4
137,2.2833,21.8717,58.3716,0.0013,0.0,0.0038,4.0,0.0,0.0,0.0873,0.2906,0.6891,0.2861,0.675,0.4927,0.4712,190.0,80.0,79.0,104.5,34.8715,4
138,2.3,21.8833,58.3998,0.3745,0.0018,0.5726,4.0,0.0,0.0,0.0874,0.2906,0.6891,0.2861,0.675,0.4926,0.4708,190.0,80.0,80.0,102.0,34.8651,5
139,2.3167,21.8818,58.3939,0.103,0.0015,0.5753,4.0,0.0,0.0,0.088,0.2906,0.6891,0.2861,0.675,0.4927,0.471,189.0,82.0,82.0,99.0,34.9382,5
140,2.3333,21.8605,58.41,0.4046,0.0026,0.9809,4.0,0.0,0.0,0.0883,0.2891,0.6875,0.2861,0.675,0.4924,0.471,187.0,80.0,79.0,95.0,35.5399,2
141,2.35,21.8644,58.4218,0.1996,0.0023,1.307,4.0,0.0,0.0,0.0887,0.2891,0.6875,0.2861,0.675,0.4919,0.4704,185.0,77.0,77.0,96.0,37.0005,2
142,2.3667,21.8711,58.4278,0.3621,0.0027,1.5852,4.0,0.0,0.0,0.0888,0.2891,0.6891,0.2889,0.675,0.4916,0.47,186.0,76.0,76.0,102.0,38.7058,4
143,2.3833,21.8817,58.4594,0.2462,0.0029,1.645,4.0,0.0,0.0,0.0886,0.2891,0.6891,0.2889,0.675,0.4918,0.4709,188.0,79.0,79.0,106.0,39.0014,4
144,2.4,21.8299,58.4075,0.4994,0.0047,1.6067,4.0,0.0,0.0,0.0877,0.2906,0.6875,0.2889,0.675,0.4914,0.4715,186.0,79.0,79.0,109.0,36.3778,3
145,2.4167,21.8241,58.3893,0.3489,0.0052,1.4492,4.0,0.0,0.0,0.0872,0.2906,0.6875,0.2889,0.6751,0.4923,0.4736,189.0,80.0,80.0,106.0,34.6901,3
146,2.4333,21.8309,58.4084,0.521,0.0053,1.7696,4.0,0.0,0.0,0.0883,0.2906,0.6875,0.2889,0.6778,0.4923,0.4739,187.0,79.0,80.0,95.0,35.6118,2
147,2.45,21.8315,58.4102,0.4158,0.0049,2.5992,4.0,0.0,0.0,0.0888,0.2906,0.6875,0.2917,0.6778,0.4919,0.473,187.0,77.0,77.0,105.0,38.8491,2
148,2.4667,21.8337,58.4089,0.6339,0.0066,2.3326,4.0,0.0,0.0,0.0876,0.2906,0.6875,0.2917,0.6778,0.4915,0.4742,188.0,79.0,79.0,111.0,36.3084,3
149,2.4833,21.8325,58.4041,0.5205,0.0075,2.0016,4.0,0.0,0.0,0.0877,0.2906,0.6891,0.2917,0.6806,0.4931,0.4763,189.0,81.0,82.0,100.0,34.5893,3
150,2.5,21.8336,58.4096,0.7065,0.0071,2.8077,4.0,0.0,0.0,0.0888,0.2906,0.6875,0.2944,0.6806,0.4923,0.4758,186.0,77.0,77.0,101.0,38.1757,4
151,2.5167,21.8272,58.3901,0.6023,0.0079,2.7371,4.0,0.0,0.0,0.0874,0.2906,0.6875,0.2944,0.6806,0.492,0.4776,189.0,79.0,79.0,109.0,35.8871,4
152,2.5333,21.812,58.3955,0.7266,0.0093,2.6416,4.0,0.0,0.0,0.0885,0.2906,0.6875,0.2944,0.6833,0.4928,0.4785,187.0,79.0,79.0,99.0,35.6886,2
153,2.55,21.8103,58.3902,0.7132,0.0083,3.6883,4.0,0.0,0.0,0.0879,0.2906,0.6875,0.2972,0.6833,0.4921,0.4791,187.0,77.0,79.0,108.0,37.2778,2
154,2.5667,21.7897,58.3591,0.8947,0.0104,3.2353,4.0,0.0,0.0,0.088,0.2906,0.6875,0.2972,0.6861,0.4934,0.4816,188.0,79.0,79.0,99.0,35.1164,3
155,2.5833,21.7917,58.3646,0.8102,0.0098,3.7607,4.0,0.0,0.0,0.0878,0.2906,0.6875,0.3,0.6861,0.4922,0.4824,188.0,77.0,77.0,108.0,37.0408,3
156,2.6,21.7967,58.3779,0.983,0.0113,3.8732,4.0,0.0,0.0,0.0881,0.2906,0.6875,0.3002,0.6889,0.4928,0.4841,186.0,77.0,79.0,102.0,36.0613,2
157,2.6167,21.7899,58.3576,0.9343,0.0115,3.9932,4.0,0.0,0.0,0.0875,0.2906,0.6875,0.3028,0.6889,0.4922,0.4856,190.0,79.0,79.0,107.0,35.5535,2
158,2.6333,21.789,58.3614,1.1198,0.0119,4.818,4.0,0.0,0.0,0.0884,0.2906,0.6875,0.3056,0.6917,0.4925,0.4872,185.0,77.0,77.0,103.0,37.2099,3
159,2.65,21.7843,58.3471,1.0675,0.0125,5.4391,4.0,0.0,0.0,0.0881,0.2906,0.6875,0.3056,0.6944,0.4931,0.4895,186.0,79.0,79.0,102.0,35.6264,3
160,2.6667,21.8211,58.3808,1.2798,0.0137,5.2156,4.0,0.0,0.0,0.0877,0.2906,0.6875,0.3083,0.6944,0.4927,0.492,189.0,79.0,79.0,103.0,35.5469,2
161,2.6833,21.8165,58.3662,1.2199,0.0139,5.8454,4.0,0.0,0.0,0.0878,0.2906,0.6875,0.3111,0.6972,0.4925,0.4935,186.0,77.0,76.0,105.0,36.3758,2
162,2.7,21.9599,58.5422,1.5336,0.016,6.29,4.0,0.0,0.0,0.0883,0.2891,0.6891,0.3111,0.7,0.4934,0.4954,182.0,76.0,76.0,102.0,37.148,7
163,2.7167,21.9591,58.5384,1.3752,0.0154,6.8255,4.0,0.0,0.0,0.0882,0.2891,0.6891,0.3139,0.7028,0.4933,0.4976,183.0,77.0,76.0,102.0,36.9732,7
164,2.7333,21.8901,58.4888,1.8106,0.0172,7.5997,4.0,0.0,0.0,0.0881,0.2891,0.6891,0.3167,0.7056,0.4931,0.5005,187.0,79.0,77.0,102.0,36.8671,2
165,2.75,21.8823,58.4645,1.5523,0.0168,8.0688,4.0,0.0,0.0,0.088,0.2891,0.6891,0.3194,0.7083,0.4932,0.5033,186.5,79.0,77.0,103.0,36.744,2
166,2.7667,21.8808,58.4699,1.9045,0.0187,8.602,4.0,0.0,0.0,0.0878,0.2891,0.6891,0.3222,0.7111,0.4932,0.5065,186.0,79.0,77.0,104.0,36.6325,4
167,2.7833,21.8791,58.4641,1.7429,0.019,9.2486,4.0,0.0,0.0,0.0879,0.2891,0.6891,0.3278,0.7139,0.4929,0.5095,186.0,79.0,77.0,103.0,36.1559,3
168,2.8,21.8579,58.3851,2.1354,0.0203,10.1468,4.0,0.0,0.0,0.0879,0.2891,0.6891,0.3306,0.7167,0.4929,0.5123,185.0,76.0,76.5,102.0,36.1862,3
169,2.8167,21.8477,58.3536,1.9487,0.0205,11.0572,4.0,0.0,0.0,0.0882,0.2891,0.6891,0.3333,0.7194,0.4933,0.5163,183.0,79.0,77.0,101.5,36.7066,3
170,2.8333,21.7762,58.2759,2.2994,0.022,12.1851,4.0,0.0,0.0,0.0874,0.2891,0.6875,0.3389,0.725,0.4933,0.5199,188.0,79.0,77.0,107.0,36.7472,2
171,2.85,21.7723,58.2633,2.193,0.0228,12.8143,4.0,0.0,0.0,0.0876,0.2891,0.6875,0.3417,0.7278,0.4927,0.524,185.0,77.0,77.0,105.0,36.194,2
172,2.8667,21.8102,58.2571,2.4337,0.024,14.04,4.0,0.0,0.0,0.0873,0.2891,0.6875,0.3444,0.7333,0.4936,0.5277,187.0,77.0,77.0,104.0,37.3632,6
173,2.8833,21.8048,58.2411,2.4629,0.0247,15.0609,4.0,0.0,0.0,0.0878,0.2891,0.6875,0.35,0.7361,0.4932,0.5324,186.0,77.0,77.0,103.0,36.6993,6
174,2.9,21.7639,58.1788,2.8231,0.0266,15.8443,4.0,0.0,0.0,0.0871,0.2891,0.6875,0.3556,0.7417,0.4934,0.5368,187.0,76.0,76.0,108.0,36.2807,2
175,2.9167,21.7584,58.162,2.7484,0.0274,16.9974,4.0,0.0,0.0,0.087,0.2891,0.6875,0.3583,0.7472,0.4939,0.5413,187.0,75.0,76.0,109.0,36.7909,2
176,2.9333,21.7495,58.1394,3.0964,0.0287,18.6254,4.0,0.0,0.0,0.0871,0.2891,0.6875,0.3639,0.7528,0.4939,0.5469,188.0,76.0,76.0,109.0,36.751,4
177,2.95,21.7366,57.9979,3.1007,0.0298,20.3959,4.0,0.0,0.0,0.0872,0.2891,0.6875,0.3694,0.7583,0.4938,0.5526,185.5,76.0,75.0,109.0,36.7271,4
178,2.9667,21.7008,57.4153,3.4774,0.0313,22.4402,4.0,0.0,0.0,0.0872,0.2891,0.6875,0.3778,0.7639,0.4946,0.5595,186.0,76.0,76.0,108.5,36.8173,3
179,2.9833,21.6887,56.4764,3.5153,0.0325,24.7455,4.0,0.0,0.0,0.0877,0.2891,0.6875,0.3833,0.7694,0.4944,0.5659,185.0,76.0,76.0,108.0,36.993,3
180,3.0,21.6046,55.2545,3.9269,0.0341,28.081,4.0,0.0,0.0,0.0874,0.2891,0.6875,0.3889,0.7778,0.495,0.5727,190.0,75.0,76.0,112.0,36.8515,4
181,3.0167,21.5912,54.0963,3.9738,0.035,29.9508,4.0,0.0,0.0,0.0875,0.2891,0.6875,0.3972,0.7861,0.4949,0.5801,186.0,75.0,76.0,111.0,36.7473,4
182,3.0333,21.5636,52.8608,4.3341,0.0366,33.6473,4.0,0.0,0.0,0.087,0.2891,0.6859,0.4056,0.7944,0.4954,0.5888,187.0,76.0,76.0,113.0,36.465,3
183,3.05,21.5409,51.5813,4.5846,0.0381,37.7454,4.0,0.0,0.0,0.087,0.2891,0.6859,0.4139,0.8028,0.4956,0.5976,186.0,75.0,75.0,115.0,36.8975,3
184,3.0667,21.5547,50.2084,5.0266,0.0396,42.3069,4.0,0.0,0.0,0.0867,0.2891,0.6875,0.425,0.8111,0.4959,0.6068,185.0,75.0,75.0,118.0,36.7454,4
185,3.0833,21.5254,48.6475,5.312,0.041,47.4759,4.0,0.0,0.0,0.0869,0.2891,0.6875,0.4333,0.8222,0.4963,0.6173,181.0,74.0,74.0,117.0,37.3049,4
186,3.1,21.4973,47.0562,5.8322,0.043,53.0587,4.0,0.0,0.0,0.0867,0.2891,0.6859,0.4444,0.8333,0.4963,0.6289,182.0,74.0,75.0,118.0,36.8907,2
187,3.1167,21.4646,44.9819,6.2269,0.0453,59.3674,4.0,0.0,0.0,0.0867,0.2891,0.6859,0.4583,0.8472,0.4972,0.6419,182.0,75.0,76.0,115.0,36.6204,2
188,3.1333,21.4553,42.5099,6.964,0.0479,65.9085,4.0,0.0,0.0,0.0864,0.2875,0.6875,0.4722,0.8611,0.4972,0.656,182.0,75.0,76.0,115.0,36.4295,4
189,3.15,21.4108,40.6166,7.4686,0.0506,73.0611,4.0,0.0,0.0,0.0868,0.2875,0.6859,0.4861,0.8778,0.4974,0.6724,181.0,76.0,76.0,111.0,36.6065,4
190,3.1667,21.3281,39.0461,8.4632,0.055,80.6933,4.0,0.0,0.0,0.0863,0.2875,0.6859,0.5056,0.8972,0.4979,0.6907,179.0,77.0,77.0,111.0,36.1963,2
191,3.1833,21.2634,35.2842,9.3008,0.06,87.6747,4.0,0.0,0.0,0.085,0.2875,0.6859,0.525,0.9139,0.4974,0.7103,187.5,80.0,80.0,112.0,36.4122,1
192,3.2,21.1351,31.0883,10.6747,0.0669,92.587,4.0,0.0,0.0,0.0845,0.2875,0.6859,0.55,0.9389,0.4977,0.7358,188.0,80.0,80.0,111.0,35.267,1
193,3.2167,21.0402,24.6228,12.2754,0.0759,94.7045,4.0,0.0,0.0,0.0839,0.2875,0.6859,0.5806,0.9694,0.4974,0.7668,190.0,79.0,80.0,111.0,35.3693,1
194,3.2333,20.5681,18.4433,14.0171,0.0809,91.7719,4.0,0.0,0.0,0.0791,0.2859,0.6859,0.6222,0.9917,0.4961,0.8002,189.0,75.0,76.0,119.0,35.7016,3
195,3.25,16.9511,8.5012,15.0966,0.0786,104.3517,4.0,0.0,0.0,0.0666,0.2828,0.6859,0.6889,0.9944,0.4983,0.8462,187.0,69.0,69.0,134.0,35.6367,3
196,3.2667,3.1982,2.6357,14.0522,0.0667,83.2634,4.0,0.0,0.0,0.0008,0.1417,0.8644,0.0361,0.9327,0.4987,0.8627,101.5,89.5,89.0,35.0,166.6009,2
197,3.2833,3.1983,2.6356,0.0015,0.0,0.1975,4.0,0.0,0.0,0.0008,0.1417,0.8644,0.0361,0.9327,0.4987,0.8627,102.0,89.0,89.0,35.0,166.4218,2
198,3.3,3.2324,2.6729,0.1854,0.0003,1.4252,4.0,0.0,0.0,0.0009,0.1286,0.72,0.0249,0.9196,0.4953,0.7938,99.0,87.0,86.5,33.0,164.5266,3
199,3.3167,3.2325,2.673,0.0005,0.0,0.0067,4.0,0.0,0.0,0.0009,0.1286,0.72,0.0249,0.9196,0.4953,0.7938,99.0,87.0,86.5,32.5,164.5356,3
200,3.3333,5.9005,5.7089,5.4749,0.0002,3.1498,4.0,1.0,6.0,0.0007,0.272,0.5793,0.2204,0.951,0.4936,0.8794,103.0,91.0,95.0,28.0,167.8968,1
201,3.35,5.9013,5.7096,0.0021,0.0,0.0,4.0,1.0,6.0,0.0007,0.272,0.5793,0.2204,0.951,0.4936,0.8794,103.0,91.0,95.0,28.0,167.8968,1
202,3.3667,2.9877,3.316,3.8979,0.0002,5.303,0.0,1.0,6.0,0.0008,0.1108,0.7832,0.1878,0.9819,0.4877,0.8668,88.0,90.0,94.0,17.0,166.7469,3
203,3.3833,3.0178,3.4198,0.0516,0.0002,0.0121,0.0,1.0,6.0,0.001,0.143,0.736,0.1942,0.9637,0.4738,0.7902,94.0,97.0,102.0,20.0,159.2937,4
204,3.4,3.1038,3.6306,0.3565,0.001,10.2867,0.0,1.0,6.0,0.0017,0.1756,0.9388,0.0668,0.9972,0.4704,0.6598,94.0,96.0,101.5,24.0,126.34,5
205,3.4167,3.1985,3.9174,0.1582,0.0011,20.4012,0.0,1.0,6.0,0.0023,0.2467,0.9344,0.076,0.9425,0.4549,0.592,94.5,97.0,101.5,26.0,99.8495,5
206,3.4333,3.316,4.287,0.4509,0.002,36.183,0.0,1.0,6.0,0.0031,0.3393,0.8523,0.1473,0.9194,0.4465,0.5377,96.5,98.0,103.0,27.0,83.9532,5
207,3.45,3.4585,4.7135,0.2638,0.0019,35.0924,0.0,1.0,6.0,0.0038,0.3452,0.838,0.1914,0.9194,0.4404,0.5038,100.0,101.0,105.0,27.0,74.596,4
208,3.4667,3.6623,5.2138,0.5865,0.0028,40.3969,0.0,1.0,6.0,0.0045,0.1803,0.8254,0.2161,0.9194,0.4318,0.48,98.0,100.0,104.0,27.0,74.5239,6
209,3.4833,3.8388,5.7432,0.3445,0.0027,36.1335,0.0,1.0,6.0,0.0052,0.2375,0.7125,0.2556,0.9194,0.4293,0.4522,94.0,96.0,110.0,29.0,70.0794,6
210,3.5,4.128,6.3907,0.8165,0.0041,39.7945,0.0,1.0,9.0,0.006,0.1993,0.9522,0.15,0.9194,0.437,0.4297,72.0,74.0,108.0,30.0,66.52,8
211,3.5167,4.2863,6.8631,0.3682,0.003,41.48,0.0,1.0,9.0,0.0061,0.2001,0.9516,0.1504,0.9194,0.4368,0.4217,83.0,86.0,103.0,30.0,67.8379,8
212,3.5333,4.3769,7.3123,0.5824,0.0035,38.8435,0.0,1.0,8.0,0.0063,0.3345,0.758,0.2667,0.9194,0.4292,0.4078,95.0,97.0,103.0,30.0,65.7753,3
213,3.55,4.5761,7.9106,0.378,0.0034,38.7922,0.0,1.0,8.0,0.0068,0.3603,0.7396,0.2528,0.9194,0.4292,0.3979,93.5,96.0,113.0,31.0,64.1485,4
214,3.5667,4.8327,8.6877,0.8355,0.0049,38.1197,0.0,1.0,6.0,0.0079,0.246,0.7433,0.2271,0.9194,0.4311,0.3916,74.0,76.0,143.0,36.0,61.4286,6
215,3.5833,5.1947,9.3844,0.614,0.0056,36.7255,0.0,1.0,6.0,0.0098,0.2765,0.7026,0.2306,0.9194,0.4341,0.3982,66.5,68.0,154.0,38.0,56.7448,5
216,3.6,5.6126,10.0595,1.0803,0.0078,37.7815,0.0,1.0,6.0,0.0119,0.3703,0.7792,0.2122,0.9194,0.438,0.4123,60.0,67.0,152.0,51.0,54.0709,8
217,3.6167,6.0752,10.778,0.9225,0.0085,39.0101,0.0,1.0,6.0,0.0137,0.3672,0.7318,0.2139,0.9194,0.4373,0.4228,55.0,66.0,154.0,54.0,50.969,8
218,3.6333,6.4738,11.5147,1.3147,0.0104,41.2973,0.0,1.0,6.0,0.0156,0.3641,0.5453,0.2111,0.9194,0.4326,0.4329,51.0,65.0,158.0,114.0,45.8688,3
219,3.65,6.9999,12.7051,1.1421,0.0108,39.9044,0.0,1.0,6.0,0.0176,0.3609,0.5398,0.2056,0.9167,0.4317,0.4398,52.0,65.0,159.0,129.0,46.056,3
220,3.6667,7.5466,14.2613,1.4263,0.0121,39.9136,0.0,1.0,6.0,0.0193,0.3578,0.5375,0.2028,0.9167,0.4318,0.44,49.0,63.0,157.0,144.0,46.7644,3
221,3.6833,7.9931,15.7294,1.1768,0.0118,38.686,0.0,1.0,6.0,0.0207,0.3562,0.5344,0.2,0.9167,0.4295,0.4434,37.0,49.0,147.0,186.0,45.4285,4
222,3.7,8.4846,17.1863,1.259,0.0124,35.6116,0.0,1.0,6.0,0.0219,0.3562,0.5359,0.1987,0.9167,0.4301,0.4426,38.0,49.0,143.0,181.0,44.1851,5
223,3.7167,9.0273,18.6032,1.1949,0.0128,32.0043,0.0,1.0,6.0,0.0236,0.3562,0.5594,0.1972,0.9167,0.4324,0.4464,37.0,49.0,133.0,181.0,43.4901,5
224,3.7333,9.7073,20.2234,1.5576,0.0136,31.6493,0.0,1.0,6.0,0.0251,0.3562,0.5984,0.1972,0.9167,0.4365,0.4596,38.0,52.0,143.5,179.0,43.9566,5
225,3.75,10.5133,22.0879,1.5882,0.0155,31.5146,0.0,1.0,6.0,0.0282,0.3545,0.6047,0.1972,0.9167,0.4425,0.4708,44.0,55.0,150.0,165.0,42.5284,3
226,3.7667,11.3881,24.0243,1.9593,0.0168,31.3837,0.0,1.0,6.0,0.0301,0.349,0.6109,0.2,0.9167,0.4492,0.4735,53.0,62.0,151.0,144.0,42.9312,4
227,3.7833,12.1674,26.069,1.7032,0.0169,26.2125,0.0,1.0,8.0,0.0318,0.3469,0.6141,0.2,0.9139,0.4537,0.4757,54.0,65.0,152.0,147.0,41.4095,4
228,3.8,12.7973,28.2051,1.8979,0.0173,25.5275,0.0,1.0,6.0,0.0337,0.3453,0.6172,0.2046,0.9139,0.4571,0.476,55.0,68.0,159.0,150.0,41.3242,2
229,3.8167,13.5186,30.4533,1.6761,0.0175,24.2389,0.0,1.0,6.0,0.0359,0.3438,0.6203,0.2056,0.9139,0.4609,0.4772,52.5,63.0,145.0,147.0,41.3281,2
230,3.8333,14.2502,32.6457,1.8244,0.0183,22.4996,0.0,1.0,6.0,0.0385,0.3438,0.6234,0.2056,0.9139,0.4652,0.4757,46.0,58.0,130.0,154.0,40.1767,3
231,3.85,14.9133,34.5676,1.6713,0.0176,21.8406,0.0,1.0,6.0,0.0401,0.3422,0.6266,0.2028,0.9139,0.467,0.4789,48.0,59.0,131.0,153.0,39.3756,2
232,3.8667,15.5333,36.3525,1.7033,0.0186,19.3223,0.0,1.0,6.0,0.0421,0.3422,0.6297,0.2028,0.9139,0.4691,0.4819,37.0,47.5,109.0,161.5,37.6035,2
233,3.8833,16.1497,38.0685,1.615,0.0181,18.8245,0.0,1.0,6.0,0.0443,0.3422,0.6325,0.2028,0.9139,0.4728,0.4831,34.0,46.0,103.0,159.0,37.5236,2
234,3.9,16.8228,39.7527,1.7446,0.0177,17.9167,0.0,1.0,6.0,0.0458,0.3406,0.6344,0.2028,0.9139,0.4737,0.486,30.0,42.0,87.0,160.0,37.8981,2
235,3.9167,17.3837,41.3649,1.4585,0.0162,14.5452,0.0,1.0,6.0,0.0473,0.3406,0.6359,0.2056,0.9139,0.4782,0.4829,37.0,47.0,94.0,153.5,37.9185,2
236,3.9333,17.8898,42.772,1.5579,0.0156,12.9311,0.0,1.0,6.0,0.0481,0.3406,0.6391,0.2028,0.9139,0.4804,0.4807,40.0,51.0,98.0,150.0,38.0202,3
237,3.95,18.4221,44.2486,1.2832,0.0148,11.7101,0.0,1.0,6.0,0.0487,0.3406,0.6406,0.2028,0.9132,0.4822,0.478,41.0,52.0,101.0,150.0,37.9286,3
238,3.9667,18.9327,45.6061,1.4803,0.0152,10.5428,0.0,1.0,6.0,0.0493,0.3438,0.6406,0.2028,0.9121,0.4853,0.4787,44.0,53.0,109.0,150.0,37.4945,3
239,3.9833,19.4628,46.8449,1.2697,0.0148,9.4255,0.0,1.0,6.0,0.051,0.3438,0.6422,0.2,0.9111,0.4896,0.4808,42.0,53.0,105.0,148.0,37.8627,2
240,4.0,19.8922,47.77,1.5541,0.0148,10.495,0.0,1.0,6.0,0.0531,0.3453,0.6422,0.1972,0.9111,0.4949,0.4842,40.0,52.0,107.0,149.0,38.2058,2
241,4.0167,20.3196,48.7976,1.2786,0.0144,9.9494,0.0,1.0,6.0,0.0549,0.3469,0.6438,0.1972,0.9111,0.4992,0.4866,46.0,55.0,110.0,141.0,37.4677,2
242,4.0333,20.7,50.1336,1.3722,0.0148,9.7219,0.0,1.0,6.0,0.056,0.3484,0.6438,0.1944,0.9111,0.5023,0.4893,46.0,56.0,109.0,138.0,37.0135,2
243,4.05,21.0537,51.4531,1.1886,0.014,9.4346,0.0,1.0,6.0,0.0577,0.35,0.6438,0.1944,0.9111,0.5051,0.4924,41.0,51.0,100.0,144.0,37.1285,2
244,4.0667,21.3836,52.6132,1.3329,0.0143,9.1295,0.0,1.0,6.0,0.0591,0.3516,0.6453,0.1944,0.9111,0.5075,0.496,39.0,47.5,89.0,146.0,37.1142,2
245,4.0833,21.6727,53.6884,1.1831,0.0132,8.831,0.0,1.0,6.0,0.0599,0.3516,0.6469,0.1944,0.9111,0.5084,0.4978,35.0,44.0,82.0,147.0,37.0893,2
246,4.1,21.94,54.6862,1.3343,0.0139,8.5232,0.0,1.0,6.0,0.061,0.3516,0.6469,0.1972,0.9111,0.5091,0.5003,38.0,45.0,84.0,145.0,37.3018,4
247,4.1167,22.1628,55.5885,1.13,0.0134,8.3774,0.0,1.0,6.0,0.0616,0.3547,0.6484,0.1972,0.9111,0.5104,0.5019,35.0,42.0,79.0,151.0,36.9767,4
248,4.1333,22.5214,56.5199,1.4376,0.0133,7.7581,0.0,1.0,9.0,0.0621,0.3516,0.65,0.2,0.9111,0.5096,0.5025,40.0,47.0,77.0,140.0,37.8842,6
249,4.15,22.6384,57.0807,0.973,0.0114,6.6836,0.0,1.0,9.0,0.0619,0.3531,0.6516,0.2,0.9111,0.5096,0.5016,38.0,46.0,76.0,143.0,37.7773,6
250,4.1667,22.5605,57.3323,1.2397,0.0114,5.8319,0.0,1.0,8.0,0.0618,0.3547,0.6516,0.2028,0.9111,0.509,0.5013,37.0,46.0,77.0,145.0,37.0691,2
251,4.1833,22.599,57.5982,0.7958,0.0096,5.0899,0.0,1.0,8.0,0.0618,0.3547,0.6547,0.2056,0.9111,0.5091,0.502,39.0,46.0,80.0,145.0,36.9988,2
252,4.2,22.5355,57.6668,0.8511,0.0096,4.7812,0.0,1.0,6.0,0.0619,0.3562,0.6553,0.2056,0.9111,0.5094,0.5018,38.0,46.0,83.0,148.0,36.5734,2
253,4.2167,22.5246,57.7193,0.698,0.0089,4.3119,0.0,1.0,6.0,0.0624,0.3575,0.6566,0.2083,0.9111,0.5097,0.502,39.0,47.0,83.0,146.0,36.3117,2
254,4.2333,22.526,57.7007,0.8381,0.0091,3.8735,0.0,1.0,6.0,0.0627,0.3562,0.6594,0.2111,0.9111,0.5095,0.5034,40.0,48.0,81.0,147.0,36.6727,3
255,4.25,22.4734,57.5857,0.6022,0.0084,3.4246,0.0,1.0,6.0,0.0634,0.3562,0.6609,0.2111,0.9111,0.5098,0.5033,38.0,46.0,80.0,147.0,36.7406,3
256,4.2667,22.41,57.3971,0.7278,0.008,3.0389,0.0,1.0,6.0,0.064,0.3578,0.6609,0.2139,0.9111,0.5096,0.5038,35.0,45.0,80.0,151.0,36.4559,2
257,4.2833,22.336,57.1844,0.4832,0.0069,2.6735,0.0,1.0,6.0,0.0643,0.3578,0.6609,0.2139,0.9111,0.5095,0.5041,33.0,42.0,77.0,153.0,36.6036,2
258,4.3,22.3175,56.9476,0.7048,0.0072,2.4211,0.0,1.0,6.0,0.0646,0.3578,0.6625,0.2139,0.9111,0.5101,0.5042,34.0,44.0,76.0,153.0,36.7312,4
259,4.3167,22.2424,56.7103,0.45,0.0065,2.3486,0.0,1.0,6.0,0.0647,0.3578,0.6641,0.2139,0.9111,0.5099,0.5044,31.0,42.0,75.5,154.0,36.2513,4
260,4.3333,22.2538,56.5772,0.8464,0.0076,2.4749,0.0,1.0,8.0,0.0652,0.3562,0.6641,0.2139,0.9111,0.5099,0.5045,33.0,42.0,74.0,153.0,36.6546,6
261,4.35,22.1852,56.3387,0.4658,0.0065,2.6182,0.0,1.0,8.0,0.0655,0.3562,0.6625,0.2167,0.9111,0.5098,0.5047,31.0,41.0,74.0,150.0,37.1295,6
262,4.3667,22.0085,55.9684,0.7084,0.0075,2.5933,0.0,1.0,6.0,0.0652,0.3562,0.6609,0.2139,0.9111,0.5092,0.5043,28.0,41.0,74.0,154.0,36.0847,2
263,4.3833,21.9418,55.7176,0.4567,0.0066,2.3952,0.0,1.0,6.0,0.065,0.3562,0.6609,0.2139,0.9111,0.5092,0.5042,31.0,41.0,76.0,155.0,36.2307,2
264,4.4,21.9326,55.5089,0.802,0.0073,2.5675,0.0,1.0,8.0,0.0649,0.354,0.6594,0.2139,0.9111,0.5079,0.5039,32.0,42.0,76.0,153.0,36.6472,4
265,4.4167,21.8708,55.269,0.4422,0.0061,2.5526,0.0,1.0,6.0,0.0652,0.3531,0.6594,0.2139,0.9111,0.5081,0.5042,31.0,42.0,75.0,154.0,37.0711,4
266,4.4333,21.7997,55.0327,0.7687,0.0072,2.4621,0.0,1.0,8.0,0.0648,0.3531,0.6578,0.2139,0.9111,0.508,0.5032,30.0,41.0,76.0,156.0,36.2326,3
267,4.45,21.7451,54.8092,0.4219,0.0056,2.3622,0.0,1.0,8.0,0.0649,0.3531,0.6578,0.2139,0.9111,0.5082,0.5035,33.0,42.0,77.0,153.0,36.2262,3
268,4.4667,21.6594,54.5408,0.7443,0.0067,2.427,0.0,1.0,9.0,0.0652,0.3547,0.6578,0.2139,0.9111,0.5086,0.5044,32.0,42.0,77.0,154.0,36.1021,3
269,4.4833,21.6127,54.3364,0.3865,0.0055,2.3147,0.0,1.0,9.0,0.0653,0.3547,0.6562,0.2111,0.9111,0.5084,0.5042,33.0,42.0,79.0,155.0,36.263,3
270,4.5,21.6711,54.1849,0.7726,0.0062,2.3848,0.0,1.0,9.0,0.0655,0.3531,0.6578,0.2111,0.9111,0.5081,0.5034,33.0,42.0,76.0,152.0,36.9154,5
271,4.5167,21.6419,54.0259,0.3546,0.005,2.0975,0.0,1.0,9.0,0.0653,0.3531,0.6562,0.2111,0.9111,0.5084,0.5027,30.0,41.0,76.0,154.0,36.7153,5
272,4.5333,21.4722,53.7916,0.5331,0.005,2.0535,0.0,1.0,9.0,0.0648,0.3547,0.6562,0.2111,0.9111,0.5092,0.5021,25.0,41.0,74.0,163.5,35.9679,4
273,4.55,21.453,53.6698,0.3251,0.0048,1.8274,0.0,1.0,9.0,0.0652,0.3547,0.6562,0.2111,0.9111,0.509,0.5025,27.0,41.0,75.0,158.0,36.3048,4
274,4.5667,21.4091,53.5473,0.5203,0.0049,1.9027,0.0,1.0,8.0,0.0653,0.3547,0.6562,0.2111,0.9111,0.509,0.5021,28.0,41.0,77.0,155.0,36.4855,5
275,4.5833,21.3978,53.4554,0.2938,0.0042,1.8483,0.0,1.0,6.0,0.0653,0.3547,0.6547,0.2083,0.9111,0.5085,0.5018,30.0,41.0,77.0,155.0,36.615,5
276,4.6,21.3724,53.3696,0.4401,0.0044,1.7753,0.0,1.0,6.0,0.0654,0.3547,0.6547,0.2083,0.9111,0.5087,0.5019,30.0,41.0,79.0,155.0,36.2854,2
277,4.6167,21.3677,53.3034,0.2526,0.0037,1.5586,0.0,1.0,6.0,0.0652,0.3547,0.6547,0.2083,0.9111,0.5087,0.5008,30.0,41.0,77.0,157.0,35.7361,2
278,4.6333,21.3256,53.2016,0.3922,0.004,1.5023,0.0,1.0,9.0,0.065,0.3547,0.6547,0.2083,0.9111,0.509,0.5008,30.0,41.0,77.0,155.0,35.67,4
279,4.65,21.3196,53.1549,0.2238,0.0033,1.3874,0.0,1.0,8.0,0.0649,0.3547,0.6547,0.2083,0.9111,0.5091,0.5005,27.0,41.0,76.0,158.0,36.0785,4
280,4.6667,21.315,53.1335,0.3157,0.0034,1.3935,0.0,1.0,6.0,0.065,0.3547,0.6547,0.2083,0.9111,0.5088,0.5003,27.0,41.0,76.0,157.0,36.3025,3
281,4.6833,21.3186,53.1247,0.196,0.0029,1.2581,0.0,1.0,6.0,0.0651,0.3547,0.6531,0.2083,0.9111,0.5088,0.4997,27.5,41.0,77.0,157.0,36.3,3
282,4.7,21.3177,53.1032,0.2376,0.0028,1.2579,0.0,1.0,6.0,0.0649,0.3547,0.6531,0.2083,0.9111,0.5089,0.4993,28.0,41.0,79.0,156.0,36.2676,3
283,4.7167,21.3231,53.1055,0.1808,0.0027,1.141,0.0,1.0,6.0,0.0649,0.3547,0.6531,0.2083,0.9111,0.5088,0.4992,28.0,41.0,80.0,159.0,36.0214,3
284,4.7333,21.3862,53.1443,0.3398,0.0029,1.1937,0.0,1.0,8.0,0.0651,0.3531,0.6547,0.2056,0.9111,0.5086,0.498,30.0,41.0,79.0,154.0,36.2528,2
285,4.75,21.4124,53.2119,0.4715,0.0083,2.3411,0.0,1.0,6.0,0.065,0.3531,0.6531,0.2056,0.9111,0.5087,0.498,30.0,41.0,77.0,156.0,36.0314,2
286,4.7667,21.4222,53.2287,0.3823,0.0033,1.241,0.0,1.0,8.0,0.065,0.3531,0.6531,0.2056,0.9111,0.5086,0.4974,30.0,41.0,77.0,154.0,36.2647,2
287,4.7833,21.4269,53.2395,0.188,0.0028,1.1339,0.0,1.0,8.0,0.0651,0.3531,0.6531,0.2056,0.9111,0.5084,0.4973,30.0,41.0,79.0,154.0,36.2272,2
288,4.8,21.4149,53.2231,0.3873,0.0033,1.2281,0.0,1.0,8.0,0.065,0.3531,0.6531,0.2056,0.9111,0.5085,0.4975,30.0,41.0,79.0,153.0,36.2426,4
289,4.8167,21.4194,53.2381,0.1909,0.003,1.127,0.0,1.0,8.0,0.065,0.3531,0.6531,0.2056,0.9111,0.5083,0.4971,32.0,41.0,80.0,152.0,36.3299,4
290,4.8333,21.4636,53.2842,0.4373,0.0036,1.2754,0.0,1.0,8.0,0.065,0.3531,0.6531,0.2056,0.9111,0.5085,0.497,32.0,42.0,80.0,151.0,36.2545,5
291,4.85,21.4666,53.2995,0.2021,0.0028,1.1745,0.0,1.0,8.0,0.0649,0.3531,0.6531,0.2056,0.9111,0.5083,0.4967,32.0,42.0,80.0,151.0,36.2564,5
292,4.8667,21.3995,53.2674,0.366,0.0037,1.2879,0.0,1.0,6.0,0.0648,0.3531,0.6516,0.2056,0.9111,0.5078,0.4972,30.0,41.0,79.0,157.0,36.0339,2
293,4.8833,21.3989,53.2806,0.2206,0.0033,1.2969,0.0,1.0,6.0,0.065,0.3531,0.6516,0.2056,0.9111,0.508,0.4966,32.0,42.0,81.0,153.0,36.2944,2
294,4.9,21.4099,53.2821,0.4087,0.0035,1.4355,0.0,1.0,8.0,0.065,0.3531,0.6516,0.2056,0.9111,0.508,0.4972,32.0,42.0,79.0,151.0,36.4684,2
295,4.9167,21.4108,53.3051,0.2267,0.0031,1.3502,0.0,1.0,7.0,0.0648,0.3531,0.6516,0.2056,0.9111,0.5076,0.4974,32.5,42.0,80.0,151.0,36.406,2
296,4.9333,21.4052,53.3102,0.4145,0.0038,1.4125,0.0,1.0,8.0,0.0648,0.3531,0.6516,0.2056,0.9111,0.5074,0.4975,33.0,42.0,81.0,152.0,36.3371,2
297,4.95,21.4051,53.3376,0.2327,0.0035,1.3557,0.0,1.0,8.0,0.0647,0.3531,0.6516,0.2056,0.9111,0.5073,0.4968,33.0,42.0,81.0,151.0,36.566,2
298,4.9667,21.3588,53.317,0.4156,0.0038,1.5467,0.0,1.0,6.0,0.0645,0.3531,0.6516,0.2056,0.9111,0.5069,0.497,33.0,42.0,81.0,153.0,36.677,2
299,4.9833,21.3577,53.3497,0.2404,0.0036,1.4961,0.0,1.0,6.0,0.0645,0.3531,0.65,0.2056,0.9111,0.5068,0.4972,32.0,42.0,80.0,152.0,36.6342,2
300,5.0,21.3085,53.2534,0.4851,0.0047,1.9937,0.0,1.0,6.0,0.0643,0.3531,0.65,0.2056,0.9111,0.5067,0.4972,31.0,42.0,79.0,154.0,36.6332,3
301,5.0167,21.3063,53.2933,0.252,0.0036,1.4233,0.0,1.0,6.0,0.0642,0.3531,0.65,0.2056,0.9111,0.5066,0.4981,31.0,42.0,79.0,154.0,36.2755,3
302,5.0333,21.317,53.3574,0.352,0.004,1.5305,0.0,1.0,6.0,0.0645,0.3531,0.65,0.2056,0.9111,0.5064,0.4982,33.0,44.0,79.0,153.0,36.5599,3
303,5.05,21.3173,53.4095,0.2536,0.0037,1.6181,0.0,1.0,6.0,0.0645,0.3531,0.65,0.2083,0.9111,0.5061,0.4991,32.5,42.0,79.0,153.0,36.6449,3
304,5.0667,21.3153,53.4909,0.4031,0.0043,1.6916,0.0,1.0,6.0,0.0643,0.3516,0.65,0.2083,0.9111,0.5062,0.4985,32.0,42.0,76.0,153.0,36.5308,2
305,5.0833,21.3142,53.5369,0.2598,0.0038,1.5888,0.0,1.0,6.0,0.064,0.3522,0.6494,0.2083,0.9111,0.5062,0.4993,33.0,42.0,77.0,153.0,35.9421,2
306,5.1,21.3037,53.5697,0.382,0.0043,1.5204,0.0,1.0,6.0,0.0639,0.3531,0.6484,0.2083,0.9111,0.5065,0.4995,32.0,42.0,79.0,153.0,35.6561,2
307,5.1167,21.3025,53.6145,0.2607,0.0038,1.5147,0.0,1.0,6.0,0.0639,0.3531,0.6484,0.2083,0.9111,0.5064,0.4994,31.0,42.0,77.0,153.0,35.7408,2
308,5.1333,21.3509,53.6825,0.4341,0.0044,1.6486,0.0,1.0,6.0,0.0641,0.3531,0.6484,0.2083,0.9111,0.5064,0.5007,33.0,44.0,79.0,150.0,36.6069,2
309,5.15,21.3512,53.7252,0.2553,0.0033,1.7636,0.0,1.0,6.0,0.0641,0.3531,0.6484,0.2083,0.9111,0.5061,0.5008,34.0,44.0,79.0,152.0,36.8918,2
310,5.1667,21.3308,53.7538,0.4641,0.0044,1.7387,0.0,1.0,6.0,0.0638,0.3531,0.6484,0.2083,0.9111,0.5063,0.5008,37.0,45.0,80.0,151.0,36.6005,3
311,5.1833,21.3316,53.7957,0.2536,0.004,1.5538,0.0,1.0,6.0,0.0636,0.3531,0.6484,0.2083,0.9111,0.506,0.5021,35.0,44.0,80.0,149.5,36.2129,3
312,5.2,21.3309,53.81,0.3621,0.0041,1.6173,0.0,1.0,6.0,0.0637,0.3547,0.6484,0.2083,0.9111,0.5057,0.5026,34.0,44.0,79.0,153.0,36.3413,2
313,5.2167,21.3302,53.8411,0.2456,0.0037,1.6101,0.0,1.0,6.0,0.0635,0.3547,0.6484,0.2111,0.9111,0.5059,0.5035,32.0,42.0,79.0,153.0,36.2905,2
314,5.2333,21.3259,53.8685,0.4469,0.0038,1.7004,0.0,1.0,6.0,0.0634,0.3547,0.6469,0.2111,0.9111,0.5054,0.504,32.0,42.0,77.0,155.0,35.8426,4
315,5.25,21.3237,53.8908,0.2311,0.0037,1.3489,0.0,1.0,6.0,0.0631,0.3547,0.6469,0.2111,0.9111,0.5054,0.504,31.0,42.0,75.0,154.0,35.34,4
316,5.2667,21.3216,53.9059,0.4184,0.0039,1.4487,0.0,1.0,6.0,0.0629,0.3547,0.6484,0.2111,0.9111,0.5059,0.5035,32.0,42.0,74.0,154.0,35.6113,3
317,5.2833,21.3227,53.9327,0.2252,0.0036,1.3839,0.0,1.0,6.0,0.063,0.3547,0.6469,0.2111,0.9111,0.5058,0.5039,32.0,42.0,75.0,153.0,36.083,3
318,5.3,21.3462,53.9639,0.4633,0.0039,1.5242,0.0,1.0,6.0,0.0634,0.3547,0.6469,0.2111,0.9111,0.5051,0.5038,32.0,42.0,76.0,153.0,36.5691,4
319,5.3167,21.3439,53.9744,0.2131,0.0034,1.5168,0.0,1.0,6.0,0.0633,0.3531,0.6469,0.2111,0.9111,0.505,0.5041,33.0,42.0,75.0,153.0,36.4744,4
320,5.3333,21.2917,53.9202,0.4388,0.0037,1.3944,0.0,1.0,6.0,0.0632,0.3531,0.6469,0.2111,0.9111,0.5052,0.504,33.0,42.0,76.0,153.0,35.6969,2
321,5.35,21.2905,53.9239,0.2093,0.0031,1.276,0.0,1.0,6.0,0.0632,0.3531,0.6469,0.2111,0.9111,0.5051,0.5043,31.0,42.0,74.0,153.0,35.0363,2
322,5.3667,21.2663,53.888,0.305,0.0037,1.2187,0.0,1.0,6.0,0.0631,0.3547,0.6469,0.2111,0.9111,0.505,0.5049,30.0,42.0,77.0,152.0,35.7401,2
323,5.3833,21.2692,53.9024,0.1934,0.003,1.3148,0.0,1.0,6.0,0.0634,0.3547,0.6469,0.2111,0.9111,0.505,0.5054,31.0,42.0,79.0,153.0,36.3707,2
324,5.4,21.269,53.8851,0.3538,0.0032,1.3446,0.0,1.0,6.0,0.0635,0.3547,0.6469,0.2111,0.9111,0.5047,0.5055,32.0,42.0,81.0,153.0,36.658,2
325,5.4167,21.271,53.8879,0.1853,0.0027,1.2797,0.0,1.0,6.0,0.0635,0.3531,0.6469,0.2111,0.9111,0.5045,0.5057,33.0,42.0,81.0,154.0,36.8992,2
326,5.4333,21.2748,53.8787,0.3372,0.0031,1.2941,0.0,1.0,6.0,0.0634,0.3531,0.6469,0.2111,0.9111,0.5043,0.5055,31.0,42.0,81.0,158.0,36.9293,2
327,5.45,21.2746,53.8691,0.1782,0.0028,1.1705,0.0,1.0,6.0,0.0633,0.3531,0.6469,0.2136,0.9111,0.5042,0.5058,31.0,42.0,81.0,157.0,36.839,2
328,5.4667,21.2807,53.8612,0.3475,0.0029,1.2625,0.0,1.0,6.0,0.0633,0.3531,0.6469,0.2139,0.9111,0.5047,0.5059,33.0,42.0,81.0,156.0,36.9942,3
329,5.4833,21.2777,53.8418,0.165,0.0025,1.1454,0.0,1.0,6.0,0.0632,0.3531,0.6469,0.2139,0.9111,0.5046,0.5065,34.0,42.0,82.0,154.0,36.8333,3
330,5.5,21.5283,53.9485,0.5897,0.0033,1.2457,0.0,1.0,9.0,0.0636,0.35,0.6484,0.2111,0.9111,0.5045,0.5076,38.5,45.0,79.0,149.0,37.6007,9
331,5.5167,21.5289,53.9374,0.1536,0.0026,0.9849,0.0,1.0,9.0,0.0634,0.35,0.6484,0.2111,0.9111,0.5046,0.5072,39.0,46.0,80.0,146.0,37.4636,9
332,5.5333,21.4843,53.9025,0.4031,0.0031,1.0878,0.0,1.0,9.0,0.0634,0.35,0.6484,0.2083,0.9111,0.5044,0.5064,38.0,46.0,80.0,145.0,37.2196,5
333,5.55,21.4843,53.8893,0.1391,0.0022,0.8668,0.0,1.0,9.0,0.0634,0.3516,0.6484,0.2083,0.9111,0.5044,0.5063,39.0,46.0,81.0,145.0,37.1693,5
334,5.5667,21.4077,53.8265,0.6153,0.0034,1.0464,0.0,1.0,9.0,0.0631,0.3516,0.6469,0.2083,0.9111,0.5041,0.5058,37.0,42.0,79.0,149.0,37.1815,4
335,5.5833,21.409,53.8126,0.1276,0.002,0.8437,0.0,1.0,9.0,0.0633,0.35,0.6469,0.2083,0.9111,0.504,0.5055,37.0,44.0,79.0,146.0,37.3327,4
336,5.6,21.3952,53.7839,0.4982,0.0028,1.054,0.0,1.0,9.0,0.0636,0.35,0.6469,0.2083,0.9111,0.5031,0.5054,37.0,45.0,80.0,146.0,37.4773,4
337,5.6167,21.4143,53.9566,1.9151,0.0235,15.7472,0.0,1.0,9.0,0.0636,0.3516,0.6469,0.2111,0.9111,0.5049,0.505,31.0,41.0,75.0,151.5,36.1709,4
338,5.6333,21.3333,53.9131,0.5336,0.0039,1.2075,0.0,1.0,9.0,0.0634,0.3547,0.6469,0.2111,0.9111,0.5057,0.5052,31.0,41.0,74.0,153.0,35.2371,3
339,5.65,21.3374,53.9189,0.2071,0.0032,1.2719,0.0,1.0,9.0,0.0633,0.3547,0.6469,0.2111,0.9111,0.5059,0.5041,32.0,42.0,76.0,154.0,35.8844,3
340,5.6667,21.2869,53.8829,0.4186,0.0039,1.4324,0.0,1.0,8.0,0.0634,0.3547,0.6469,0.2111,0.9111,0.5056,0.5038,34.0,42.0,76.0,154.0,36.2482,2
341,5.6833,21.2919,53.8811,0.2216,0.0034,1.5515,0.0,1.0,8.0,0.0632,0.3547,0.6469,0.2111,0.9111,0.5054,0.5036,30.0,41.0,75.0,156.5,36.3624,2
342,5.7,21.2855,53.8634,0.3159,0.0037,1.4757,0.0,1.0,8.0,0.0633,0.3547,0.6469,0.2111,0.9111,0.5057,0.5036,28.0,42.0,75.0,155.0,35.7996,3
343,5.7167,21.2936,53.8605,0.2216,0.0036,1.3757,0.0,1.0,8.0,0.0632,0.3547,0.6469,0.2111,0.9111,0.5057,0.5028,31.0,42.0,75.0,154.0,35.3515,3
344,5.7333,21.2885,53.8301,0.3762,0.0039,1.4422,0.0,1.0,6.0,0.0631,0.3547,0.6469,0.2111,0.9111,0.5059,0.5031,31.0,42.0,76.0,154.0,35.3815,3
345,5.75,21.298,53.828,0.2368,0.0038,1.3919,0.0,1.0,6.0,0.0634,0.3547,0.6484,0.2111,0.9111,0.5058,0.5028,31.0,42.0,77.0,156.0,35.6829,3
346,5.7667,21.2936,53.7914,0.3571,0.0037,1.5815,0.0,1.0,6.0,0.0636,0.3547,0.6484,0.2111,0.9111,0.5058,0.5026,30.0,42.0,79.0,155.0,36.039,3
347,5.7833,21.2997,53.7715,0.2459,0.0036,1.6388,0.0,1.0,6.0,0.0639,0.3547,0.6484,0.2083,0.9111,0.5059,0.5015,33.0,42.0,79.0,153.0,36.0551,3
348,5.8,21.3319,53.788,0.4137,0.0043,1.6514,0.0,1.0,8.0,0.0638,0.3531,0.6484,0.2083,0.9111,0.5064,0.5017,34.0,42.0,77.0,152.0,36.0814,2
349,5.8167,21.3321,53.7502,0.2505,0.004,1.5661,0.0,1.0,8.0,0.0638,0.3531,0.6484,0.2083,0.9111,0.5068,0.5003,35.0,44.0,79.0,150.0,36.4764,2
350,5.8333,21.3355,53.7007,0.4419,0.0042,1.7418,0.0,1.0,6.0,0.064,0.3547,0.6484,0.2083,0.9111,0.507,0.5002,34.0,44.0,78.0,153.0,36.7817,2
351,5.85,21.3359,53.6573,0.264,0.0035,1.8177,0.0,1.0,8.0,0.0639,0.3531,0.6484,0.2083,0.9111,0.5069,0.5001,33.0,42.0,77.0,152.0,36.4932,2
352,5.8667,21.394,53.6407,0.4219,0.0042,1.6472,0.0,1.0,8.0,0.0639,0.3531,0.65,0.2083,0.9111,0.5073,0.4994,33.0,42.0,76.0,153.0,36.0581,4
353,5.8833,21.3959,53.597,0.263,0.0039,1.5337,0.0,1.0,8.0,0.0639,0.3531,0.65,0.2083,0.9111,0.5073,0.4993,34.0,42.0,76.0,153.0,36.0457,4
354,5.9,21.3931,53.5344,0.5349,0.0046,1.5483,0.0,1.0,8.0,0.0641,0.3516,0.65,0.2083,0.9111,0.5062,0.4994,33.0,42.0,76.0,153.0,35.9598,3
355,5.9167,21.3963,53.4907,0.2603,0.0039,1.6131,0.0,1.0,8.0,0.0645,0.3516,0.65,0.2083,0.9111,0.5064,0.4988,33.5,44.0,76.0,154.0,36.5968,3
356,5.9333,21.4021,53.4585,0.4838,0.0043,1.6705,0.0,1.0,8.0,0.0646,0.3516,0.65,0.2056,0.9111,0.5062,0.4983,33.0,44.0,80.0,153.0,36.7079,4
357,5.95,21.4039,53.4114,0.2559,0.0038,1.6617,0.0,1.0,8.0,0.0646,0.3516,0.65,0.2056,0.9111,0.5061,0.4976,34.0,44.0,80.0,154.0,36.6166,4
358,5.9667,21.3606,53.3694,0.4703,0.0042,1.5288,0.0,1.0,8.0,0.0643,0.3519,0.65,0.2056,0.9111,0.5065,0.4978,32.0,42.0,79.0,155.0,36.078,3
359,5.9833,21.3624,53.3295,0.2513,0.0037,1.4725,0.0,1.0,8.0,0.0643,0.3519,0.65,0.2056,0.9111,0.5066,0.4971,32.0,42.0,79.0,154.0,36.6103,3
360,6.0,21.342,53.2493,0.5252,0.0048,1.9812,0.0,1.0,6.0,0.0642,0.3531,0.6516,0.2056,0.9111,0.5068,0.4974,33.0,44.0,80.0,152.0,36.9157,2
361,6.0167,21.3486,53.2334,0.2355,0.0035,1.4658,0.0,1.0,6.0,0.0642,0.3531,0.6516,0.2056,0.9111,0.5071,0.4975,33.0,44.0,81.0,153.0,37.0494,2
362,6.0333,21.3507,53.2167,0.3456,0.0037,1.5366,0.0,1.0,6.0,0.0644,0.3531,0.6516,0.2056,0.9111,0.5071,0.4969,34.0,44.0,80.0,153.0,36.6575,2
363,6.05,21.352,53.1934,0.2305,0.0036,1.3339,0.0,1.0,6.0,0.0645,0.3531,0.6516,0.2056,0.9111,0.5072,0.4974,33.0,42.0,80.0,153.0,36.4505,2
364,6.0667,21.369,53.2016,0.398,0.0037,1.3949,0.0,1.0,6.0,0.0647,0.3531,0.6516,0.2056,0.9111,0.5073,0.4978,33.0,44.0,80.0,152.0,36.6509,3
365,6.0833,21.3723,53.1883,0.2259,0.0034,1.3769,0.0,1.0,6.0,0.0648,0.3531,0.6516,0.2056,0.9111,0.5077,0.4974,32.0,42.0,77.0,153.0,36.5993,3
366,6.1,21.3877,53.208,0.3811,0.0035,1.3911,0.0,1.0,6.0,0.0648,0.3531,0.6531,0.2056,0.9111,0.5082,0.4971,31.0,42.0,79.0,154.0,36.4971,3
367,6.1167,21.3909,53.2024,0.2158,0.0032,1.2832,0.0,1.0,6.0,0.0647,0.3531,0.6531,0.2056,0.9111,0.5081,0.4973,31.0,42.0,77.0,154.0,36.3721,3
368,6.1333,21.4748,53.2893,0.4787,0.0038,1.2716,0.0,1.0,8.0,0.0649,0.3516,0.6531,0.2056,0.9111,0.5082,0.4973,31.0,42.0,77.0,153.0,36.7637,6
369,6.15,21.4762,53.2869,0.2005,0.003,1.1821,0.0,1.0,8.0,0.065,0.3516,0.6547,0.2056,0.9111,0.5085,0.4976,32.0,42.0,77.0,153.0,36.5969,6
370,6.1667,21.4864,53.3289,0.5192,0.0039,1.2537,0.0,1.0,8.0,0.065,0.3531,0.6547,0.2056,0.9111,0.5089,0.4977,32.0,42.0,77.0,153.0,36.6377,5
371,6.1833,21.4848,53.3193,0.1918,0.0029,1.1491,0.0,1.0,8.0,0.065,0.3531,0.6547,0.2056,0.9111,0.509,0.4984,32.0,42.0,77.0,153.0,36.6294,5
372,6.2,21.4724,53.3121,0.3357,0.003,1.1568,0.0,1.0,8.0,0.0651,0.3531,0.6531,0.2056,0.9111,0.5087,0.498,32.0,42.0,77.0,154.0,36.3926,3
373,6.2167,21.4696,53.3054,0.189,0.0029,1.1537,0.0,1.0,8.0,0.065,0.3531,0.6547,0.2056,0.9111,0.5089,0.4983,30.0,42.0,77.0,154.0,36.3644,3
374,6.2333,21.3993,53.2393,0.4632,0.0035,1.2514,0.0,1.0,6.0,0.065,0.3531,0.6547,0.2056,0.9111,0.5087,0.4988,31.0,42.0,77.0,155.0,36.118,3
375,6.25,21.377,53.1805,0.4677,0.0083,2.3181,0.0,1.0,6.0,0.065,0.3531,0.6547,0.2083,0.9111,0.5085,0.4989,31.0,42.0,80.0,154.0,36.3894,3
376,6.2667,21.3751,53.1923,0.3575,0.003,1.1246,0.0,1.0,6.0,0.0649,0.3547,0.6547,0.2083,0.9111,0.5092,0.4988,30.0,41.0,80.0,154.0,36.4125,2
377,6.2833,21.3713,53.1942,0.1794,0.0029,1.1485,0.0,1.0,6.0,0.0649,0.3547,0.6547,0.2083,0.9111,0.5095,0.4987,30.0,41.0,80.0,154.0,36.6163,2
378,6.3,21.3912,53.1923,0.4141,0.0035,1.2245,0.0,1.0,6.0,0.0651,0.3531,0.6547,0.2083,0.9111,0.5094,0.4996,30.0,41.0,77.0,153.0,36.7641,2
379,6.3167,21.3894,53.2084,0.1944,0.0028,1.2786,0.0,1.0,6.0,0.0651,0.3533,0.6547,0.2083,0.9111,0.5094,0.4997,27.5,41.0,76.0,154.0,36.7094,2
380,6.3333,21.3933,53.2649,0.4513,0.0036,1.3991,0.0,1.0,6.0,0.0649,0.3531,0.6547,0.2083,0.9111,0.5093,0.4999,28.0,41.0,75.0,154.0,36.4548,4
381,6.35,21.397,53.3049,0.2237,0.0033,1.3696,0.0,1.0,6.0,0.0648,0.3531,0.6547,0.2083,0.9111,0.5092,0.5003,31.0,41.0,76.0,153.0,36.0867,4
382,6.3667,21.4241,53.3731,0.4109,0.0039,1.498,0.0,1.0,6.0,0.0651,0.3547,0.6547,0.2083,0.9111,0.5093,0.5007,30.0,41.0,77.0,153.0,36.1367,3
383,6.3833,21.4319,53.444,0.2523,0.0037,1.5611,0.0,1.0,6.0,0.0654,0.3547,0.6547,0.2083,0.9111,0.5091,0.5018,31.0,41.0,77.0,154.0,36.4871,3
384,6.4,21.4839,53.5771,0.5916,0.0046,1.7579,0.0,1.0,6.0,0.0651,0.3547,0.6562,0.2083,0.9111,0.509,0.5012,30.0,41.0,77.0,154.0,36.9328,2
385,6.4167,21.497,53.6723,0.2893,0.0041,1.7981,0.0,1.0,6.0,0.0653,0.3547,0.6562,0.2111,0.9111,0.5094,0.5022,30.0,41.0,77.0,153.0,36.8235,2
386,6.4333,21.5192,53.777,0.6117,0.0052,1.9148,0.0,1.0,6.0,0.0652,0.3547,0.6562,0.2111,0.9111,0.5098,0.502,28.0,41.0,74.5,154.0,36.7964,3
387,6.45,21.5383,53.8966,0.3195,0.0048,1.8129,0.0,1.0,6.0,0.0649,0.3547,0.6578,0.2111,0.9111,0.5096,0.502,27.0,41.0,75.0,160.0,36.4,3
388,6.4667,21.498,53.9729,0.6265,0.0055,2.0555,0.0,1.0,6.0,0.0649,0.3562,0.6562,0.2111,0.9111,0.5097,0.5024,27.0,41.0,76.0,161.0,36.2426,3
389,6.4833,21.5304,54.134,0.3526,0.005,2.1177,0.0,1.0,6.0,0.0652,0.3562,0.6578,0.2111,0.9111,0.5092,0.5032,30.0,41.0,77.0,155.0,36.4161,3
390,6.5,21.5417,54.2918,0.5821,0.0055,2.3499,0.0,1.0,6.0,0.0653,0.3562,0.6562,0.2139,0.9111,0.5091,0.5036,30.0,41.0,77.0,160.0,36.0196,2
391,6.5167,21.5863,54.4907,0.3825,0.0054,2.2645,0.0,1.0,6.0,0.0651,0.3562,0.6578,0.2139,0.9111,0.5092,0.5037,31.0,41.0,77.0,154.5,35.8427,2
392,6.5333,21.6018,54.6827,0.505,0.0062,2.3487,0.0,1.0,6.0,0.0646,0.3562,0.6578,0.2139,0.9111,0.5093,0.5037,28.0,41.0,78.0,155.0,35.5544,2
393,6.55,21.6576,54.9098,0.4197,0.0058,2.3204,0.0,1.0,6.0,0.0646,0.3562,0.6578,0.2139,0.9111,0.5091,0.5037,27.0,41.0,76.0,162.0,35.6409,2
394,6.5667,21.7782,55.1759,0.6048,0.0065,2.4052,0.0,1.0,6.0,0.0649,0.3562,0.6594,0.2139,0.9111,0.5096,0.504,27.0,41.0,76.0,155.0,36.8622,5
395,6.5833,21.8386,55.4132,0.4418,0.0059,2.5559,0.0,1.0,6.0,0.0648,0.3562,0.6594,0.2139,0.9111,0.5094,0.5038,30.0,41.0,77.0,156.0,36.4034,5
396,6.6,21.9115,55.6713,0.6504,0.0071,2.4945,0.0,1.0,6.0,0.065,0.3578,0.6609,0.2139,0.9111,0.5095,0.5037,31.0,41.0,77.0,155.0,36.0623,6
397,6.6167,21.9821,55.9257,0.4569,0.0068,2.445,0.0,1.0,6.0,0.0651,0.3578,0.6609,0.2139,0.9111,0.5094,0.5043,28.0,41.0,75.0,155.0,35.9696,6
398,6.6333,22.0394,56.1891,0.6745,0.007,2.5632,0.0,1.0,6.0,0.065,0.3578,0.6609,0.2167,0.9111,0.5094,0.5042,28.0,41.0,74.0,153.0,36.7254,4
399,6.65,22.111,56.4356,0.4641,0.0068,2.6197,0.0,1.0,6.0,0.0649,0.3578,0.6616,0.2139,0.9111,0.5095,0.5036,30.0,41.0,75.0,153.0,36.0934,4
400,6.6667,22.2132,56.7042,0.6868,0.0071,2.4398,0.0,1.0,8.0,0.0645,0.3578,0.6617,0.2139,0.9111,0.5095,0.5038,30.0,41.0,76.0,155.0,35.9072,4
401,6.6833,22.2918,56.9502,0.4481,0.0066,2.2988,0.0,1.0,8.0,0.0643,0.3578,0.6609,0.2139,0.9111,0.5097,0.5035,32.0,42.0,77.0,154.0,36.3116,4
402,6.7,22.339,57.1949,0.5615,0.0067,2.3664,0.0,1.0,8.0,0.0642,0.3578,0.6609,0.2139,0.9111,0.5095,0.5034,35.0,44.0,77.0,153.0,36.6199,2
403,6.7167,22.4153,57.4148,0.4797,0.0071,2.6978,0.0,1.0,8.0,0.0639,0.3578,0.6609,0.2139,0.9111,0.5095,0.5031,35.0,45.0,79.0,151.0,36.4985,2
404,6.7333,22.5121,57.6283,0.7543,0.008,3.0768,0.0,1.0,8.0,0.0631,0.3562,0.6594,0.2111,0.9111,0.5092,0.503,39.0,46.0,81.0,147.0,36.8759,3
405,6.75,22.5659,57.7487,0.599,0.0084,3.3843,0.0,1.0,8.0,0.0627,0.3562,0.6594,0.2111,0.9111,0.509,0.5027,39.0,47.0,81.0,146.0,36.8127,3
406,6.7667,22.5976,57.7725,0.8573,0.0093,3.9565,0.0,1.0,8.0,0.0625,0.3562,0.6578,0.2083,0.9111,0.5092,0.5012,39.0,47.0,82.0,144.0,36.9096,2
407,6.7833,22.6108,57.726,0.696,0.009,4.2959,0.0,1.0,8.0,0.062,0.3562,0.6562,0.2056,0.9111,0.5091,0.5009,38.0,47.0,83.0,146.0,37.0368,2
408,6.8,22.582,57.5688,0.9523,0.0098,4.859,0.0,1.0,6.0,0.0616,0.3547,0.6531,0.2028,0.9111,0.5087,0.5007,38.0,46.0,82.0,146.0,37.0452,3
409,6.8167,22.5444,57.3037,0.7908,0.0096,5.0842,0.0,1.0,6.0,0.0618,0.3547,0.6516,0.2028,0.9111,0.5088,0.5004,37.0,45.0,80.0,145.0,37.1638,3
410,6.8333,22.4693,56.9145,1.0479,0.011,5.8004,0.0,1.0,6.0,0.0615,0.3547,0.65,0.2,0.9111,0.5092,0.5,34.0,42.0,77.0,148.0,36.9151,3
411,6.85,22.351,56.3487,0.9644,0.0113,6.5085,0.0,1.0,6.0,0.0618,0.3531,0.6484,0.2,0.9111,0.5092,0.5007,38.0,45.0,81.0,146.0,37.136,3
412,6.8667,22.1736,55.6027,1.1753,0.0126,7.5583,0.0,1.0,8.0,0.0616,0.3531,0.6484,0.1972,0.9111,0.5098,0.501,33.0,42.0,79.0,153.0,36.6011,3
413,6.8833,21.9525,54.7091,1.1199,0.0132,8.1412,0.0,1.0,8.0,0.0609,0.3516,0.6469,0.1972,0.9111,0.5083,0.4998,38.0,45.0,87.0,145.0,37.1318,3
414,6.9,21.6992,53.7247,1.3435,0.014,8.6627,0.0,1.0,6.0,0.0601,0.3516,0.6453,0.1944,0.9111,0.508,0.4981,37.0,46.0,87.0,145.0,36.9215,4
415,6.9167,21.4116,52.6511,1.176,0.0133,8.9711,0.0,1.0,6.0,0.0592,0.3516,0.6453,0.1944,0.9111,0.5073,0.496,38.0,47.0,89.0,146.0,36.9153,4
416,6.9333,21.095,51.5126,1.3332,0.0142,9.1397,0.0,1.0,8.0,0.0577,0.3484,0.6438,0.1944,0.9111,0.5049,0.4921,41.0,51.0,97.0,142.0,37.1884,2
417,6.95,20.7477,50.207,1.1884,0.014,9.4414,0.0,1.0,8.0,0.0561,0.3469,0.6438,0.1944,0.9111,0.5018,0.4888,46.0,55.0,107.0,136.0,37.1957,2
418,6.9667,20.3699,48.8773,1.4478,0.0151,9.7123,0.0,1.0,6.0,0.0549,0.3469,0.6438,0.1972,0.9111,0.4989,0.4865,44.0,54.0,104.0,141.0,37.2869,3
419,6.9833,19.9441,47.8514,1.2895,0.0142,9.8937,0.0,1.0,6.0,0.0532,0.3453,0.6422,0.1972,0.9111,0.4947,0.4844,40.0,52.0,106.0,146.0,38.0801,3
420,7.0,19.4168,46.7729,1.5582,0.0149,10.5185,0.0,1.0,6.0,0.0508,0.3438,0.6422,0.2,0.9111,0.4894,0.4809,44.0,54.0,109.0,147.0,38.0948,3
421,7.0167,18.8959,45.5596,1.2597,0.0146,9.0986,0.0,1.0,6.0,0.049,0.3438,0.6406,0.2028,0.9111,0.4853,0.4785,42.0,54.0,111.0,149.0,37.5991,4
422,7.0333,18.3339,44.1474,1.35,0.0149,10.4408,0.0,1.0,6.0,0.0486,0.3422,0.6391,0.2056,0.9139,0.4826,0.4791,39.0,49.0,102.0,154.0,37.5152,2
423,7.05,17.8046,42.6807,1.2736,0.0149,11.6339,0.0,1.0,6.0,0.048,0.3422,0.6375,0.2056,0.9139,0.4808,0.4819,38.0,49.0,101.0,153.0,37.7365,2
424,7.0667,17.2899,41.2735,1.4433,0.0152,12.9389,0.0,1.0,6.0,0.0472,0.3422,0.6359,0.2056,0.9139,0.4784,0.4838,36.0,46.0,100.0,157.0,37.4665,2
425,7.0833,16.7331,39.6754,1.4579,0.016,14.6653,0.0,1.0,6.0,0.0456,0.3422,0.6344,0.2056,0.9139,0.4739,0.4867,27.0,41.0,87.0,170.0,37.3959,2
426,7.1,16.1406,38.0743,1.6435,0.0176,17.7734,0.0,1.0,6.0,0.0443,0.3406,0.6328,0.2028,0.9139,0.4726,0.483,35.0,45.0,100.0,161.0,37.5645,3
427,7.1167,15.5237,36.3591,1.6114,0.0182,18.8566,0.0,1.0,6.0,0.042,0.3422,0.6297,0.2028,0.9139,0.4686,0.4816,38.0,48.0,107.0,166.0,37.8259,3
428,7.1333,14.8695,34.5434,1.7125,0.0184,19.2061,0.0,1.0,6.0,0.0399,0.3422,0.6266,0.2028,0.9139,0.4668,0.4788,48.0,60.0,130.0,155.0,39.3062,2
429,7.15,14.2072,32.6231,1.6704,0.0177,22.1001,0.0,1.0,6.0,0.0384,0.3438,0.6234,0.2056,0.9139,0.4647,0.4764,46.0,58.5,133.5,157.0,40.2086,3
430,7.1667,13.488,30.4337,1.7622,0.018,22.545,0.0,1.0,6.0,0.0358,0.3438,0.6203,0.2056,0.9139,0.4603,0.4776,54.0,65.0,145.0,150.0,41.2916,2
431,7.1833,12.7667,28.1876,1.6675,0.0174,24.3191,0.0,1.0,6.0,0.0338,0.3453,0.6156,0.2056,0.9139,0.4565,0.4773,55.0,67.0,157.0,153.0,41.157,2
432,7.2,12.1088,26.0543,1.7978,0.0172,25.3965,0.0,1.0,6.0,0.0314,0.3469,0.6125,0.2028,0.9139,0.4526,0.477,55.0,67.0,156.0,151.0,41.2193,2
433,7.2167,11.3321,24.0133,1.6947,0.0168,26.1115,0.0,1.0,6.0,0.0299,0.35,0.6078,0.2,0.9167,0.4477,0.4751,51.0,62.0,153.0,150.0,42.3389,2
434,7.2333,10.5179,22.153,1.9553,0.0168,31.1924,0.0,1.0,6.0,0.0283,0.3531,0.6047,0.2,0.9167,0.442,0.473,44.0,55.5,146.0,172.0,42.463,3
435,7.25,9.7085,20.2781,1.5829,0.0155,30.9447,0.0,1.0,6.0,0.0252,0.3547,0.5984,0.2,0.9167,0.4358,0.4619,37.0,49.0,137.0,180.0,44.169,4
436,7.2667,9.0724,18.6839,1.5863,0.0137,31.4758,0.0,1.0,8.0,0.0236,0.3562,0.5875,0.1972,0.9167,0.432,0.448,37.0,50.0,117.0,180.0,43.8889,5
437,7.2833,8.5311,17.2682,1.1917,0.0126,31.6871,0.0,1.0,8.0,0.0219,0.3547,0.5375,0.2,0.9167,0.4297,0.4446,37.0,51.0,133.0,180.0,44.8565,6
438,7.3,8.0124,15.7819,1.416,0.0126,35.8677,0.0,1.0,6.0,0.0206,0.3562,0.5453,0.2,0.9167,0.4302,0.4455,37.0,51.0,137.5,184.0,45.6881,8
439,7.3167,7.565,14.3077,1.1753,0.0117,38.5799,0.0,1.0,6.0,0.0193,0.3578,0.5484,0.2028,0.9167,0.4324,0.4422,48.0,60.0,154.0,153.5,46.6986,7
440,7.3333,7.0448,12.7231,1.4917,0.0123,39.7738,0.0,1.0,6.0,0.0176,0.3594,0.5531,0.2083,0.9194,0.4326,0.4441,51.0,64.0,154.5,132.5,46.776,6
441,7.35,6.5211,11.5372,1.1388,0.0108,39.6479,0.0,1.0,6.0,0.0157,0.3625,0.5562,0.2111,0.9194,0.4334,0.4374,51.0,63.0,155.0,117.0,46.9999,6
442,7.3667,6.0153,10.713,1.1958,0.0101,41.008,0.0,1.0,6.0,0.0136,0.3675,0.5543,0.2167,0.9194,0.4335,0.4251,54.5,68.0,161.0,55.0,48.9737,4
443,7.3833,5.5505,9.986,0.921,0.0084,39.5386,0.0,1.0,6.0,0.0117,0.3703,0.5594,0.225,0.9194,0.4334,0.4142,61.0,68.0,160.0,43.0,52.252,4
444,7.4,5.0808,9.3045,0.9836,0.0074,37.6351,0.0,1.0,6.0,0.0097,0.3719,0.5496,0.2333,0.9194,0.4308,0.3958,66.0,68.0,162.0,44.0,54.9346,4
445,7.4167,4.7193,8.606,0.6112,0.0055,37.224,0.0,1.0,6.0,0.0078,0.3734,0.5531,0.2417,0.9194,0.427,0.3887,83.0,86.0,151.5,39.0,58.7096,4
446,7.4333,4.453,7.8107,0.6374,0.0045,38.7998,0.0,1.0,6.0,0.0066,0.3766,0.6284,0.2556,0.9194,0.4271,0.3971,95.5,99.0,118.0,33.0,62.083,4
447,7.45,4.2522,7.2086,0.3772,0.0033,40.2167,0.0,1.0,6.0,0.0061,0.3781,0.6423,0.2667,0.9269,0.4267,0.4071,98.0,101.0,105.0,32.0,62.9646,3
448,7.4667,4.169,6.7796,0.611,0.0034,39.3421,0.0,1.0,6.0,0.0059,0.26,0.822,0.2494,0.9388,0.4293,0.4221,90.0,93.0,108.0,33.5,65.5452,6
449,7.4833,4.0111,6.3056,0.3651,0.003,43.5487,0.0,1.0,6.0,0.0058,0.2579,0.8229,0.2462,0.943,0.4293,0.4298,75.0,77.0,112.0,34.0,63.6898,6
450,7.5,3.8905,5.832,0.7638,0.004,39.8976,0.0,1.0,8.0,0.0053,0.2128,0.7441,0.2111,0.9401,0.4299,0.4536,89.5,93.0,105.0,32.0,71.5788,10
451,7.5167,3.7138,5.3015,0.343,0.0027,35.9206,0.0,1.0,8.0,0.0046,0.211,0.797,0.2059,0.9417,0.4325,0.4808,94.0,96.0,101.0,30.0,76.424,8
452,7.5333,3.7053,4.9422,0.5954,0.0029,35.0581,0.0,1.0,9.0,0.0043,0.1144,0.9091,0.15,0.9794,0.4421,0.5113,83.0,86.0,91.0,31.0,81.201,15
453,7.55,3.5652,4.5212,0.2616,0.0019,29.1975,0.0,1.0,9.0,0.0036,0.1082,0.9389,0.148,0.9881,0.4476,0.5414,75.0,80.0,89.0,31.0,89.877,15
454,7.5667,3.2192,3.9617,0.7292,0.0025,35.9014,0.0,1.0,8.0,0.0024,0.1147,0.9084,0.1323,0.9544,0.4479,0.5846,94.0,96.0,101.0,27.5,98.6489,4
455,7.5833,3.1241,3.6763,0.1569,0.0011,19.6607,0.0,1.0,8.0,0.0017,0.0949,0.9141,0.1218,0.9925,0.4614,0.6533,94.0,96.0,100.0,26.5,125.9272,4
456,7.6,3.0667,3.4968,0.3697,0.0012,10.7133,0.0,1.0,8.0,0.0012,0.1026,0.9254,0.1436,0.9972,0.4768,0.7623,90.0,93.0,98.0,23.0,157.6363,3
457,7.6167,3.0333,3.3958,0.036,0.0002,0.0,0.0,1.0,8.0,0.001,0.0998,0.9476,0.1384,0.9972,0.4895,0.8231,82.0,84.0,89.0,20.0,163.7757,2
458,7.6333,3.042,3.3822,0.3859,0.0005,1.8616,0.0,1.0,8.0,0.0009,0.0638,0.8498,0.0819,0.9972,0.4827,0.8073,83.0,86.0,90.0,20.0,165.6273,4
459,7.65,3.0418,3.3821,0.0021,0.0,0.2144,0.0,1.0,8.0,0.0009,0.0638,0.8498,0.0819,0.9972,0.4827,0.8073,83.0,86.0,90.0,20.0,165.1565,4
460,7.6667,2.9859,3.3298,0.2889,0.0004,0.95,0.0,1.0,6.0,0.0009,0.0133,0.9596,0.0615,0.9194,0.4823,0.8086,83.5,86.5,90.5,19.5,166.8175,4
461,7.6833,2.9862,3.3302,0.0045,0.0,0.0128,0.0,1.0,6.0,0.0009,0.0133,0.9596,0.0615,0.9194,0.4823,0.8086,83.5,86.5,90.5,19.5,166.7698,4
462,7.7,3.1417,3.4665,0.2804,0.0006,0.5865,0.0,1.0,8.0,0.0013,0.0343,0.9706,0.0637,0.9194,0.506,0.7557,67.0,69.0,79.0,25.0,161.139,8
463,7.7167,3.142,3.4667,0.0012,0.0,0.0,0.0,1.0,8.0,0.0013,0.0343,0.9706,0.0637,0.9194,0.506,0.7557,67.0,69.0,79.0,25.0,161.139,8
464,7.7333,2.9906,3.3126,0.363,0.0008,0.0312,0.0,1.0,6.0,0.0009,0.1046,0.9032,0.0637,0.9972,0.5059,0.8356,84.0,87.0,92.0,18.0,167.5494,3
465,7.75,2.9909,3.3129,0.001,0.0,0.0183,0.0,1.0,6.0,0.0009,0.1046,0.9032,0.0637,0.9972,0.5059,0.8356,84.0,87.0,93.0,18.0,167.6063,3
466,7.7667,2.9869,3.319,0.2224,0.0004,0.2547,0.0,1.0,6.0,0.0009,0.0984,0.9264,0.0541,0.9957,0.4992,0.8418,84.0,87.0,91.0,18.0,166.221,3
467,7.7833,2.9873,3.3193,0.0007,0.0,0.0,0.0,1.0,6.0,0.0009,0.0984,0.9264,0.0541,0.9957,0.4992,0.8418,84.0,87.0,91.0,18.0,166.221,3
468,7.8,4.874,5.3231,5.4451,0.0003,10.3439,0.0,1.0,20.0,0.0008,0.0538,0.8844,0.0772,0.9194,0.5053,0.8535,94.0,90.0,122.0,64.0,167.9589,1
469,7.8167,4.8761,5.326,0.0086,0.0,0.4309,0.0,1.0,20.0,0.0008,0.0538,0.8844,0.0772,0.9194,0.5053,0.8535,94.0,91.0,120.0,63.0,167.5607,1
470,7.8333,4.8657,5.3477,0.2652,0.0002,0.4423,0.0,1.0,22.0,0.0008,0.0993,0.8489,0.0806,0.9972,0.4884,0.864,93.0,89.5,119.0,63.0,167.3102,2
471,7.85,4.8662,5.3483,0.001,0.0,0.009,0.0,1.0,22.0,0.0008,0.0993,0.8489,0.0806,0.9972,0.4884,0.864,93.0,89.5,119.0,63.0,167.3039,2
472,7.8667,2.1069,2.2524,5.9384,0.0002,2.1578,0.0,0.0,8.0,0.0009,0.0203,0.9015,0.0812,0.9972,0.4902,0.842,89.5,86.0,112.0,56.0,165.4882,3
473,7.8833,2.1051,2.2513,0.0048,0.0,0.1337,0.0,0.0,8.0,0.0009,0.0203,0.9015,0.0812,0.9972,0.4902,0.842,89.5,86.0,112.0,56.0,165.5289,3
474,7.9,2.0947,2.2572,0.2708,0.0003,0.275,0.0,0.0,5.0,0.0009,0.0218,0.8303,0.0722,0.9972,0.4893,0.8357,90.0,87.0,112.0,55.0,168.2364,2
475,7.9167,2.1522,2.4294,0.0597,0.0003,0.0,0.0,0.0,5.0,0.0012,0.0219,0.8219,0.0869,0.9972,0.5434,0.7333,100.0,96.0,122.0,49.0,150.5952,3
476,7.9333,2.2252,2.6702,0.3091,0.001,8.6254,0.0,0.0,5.0,0.0017,0.0985,0.8527,0.2556,0.9194,0.603,0.6269,101.0,97.0,123.5,49.0,113.8273,3
477,7.95,2.292,2.8687,0.072,0.0007,13.0188,0.0,0.0,5.0,0.0022,0.1016,0.8078,0.2569,0.9194,0.6228,0.5842,101.0,97.0,123.0,49.0,98.7343,3
478,7.9667,2.3455,3.0567,0.2999,0.001,14.7665,0.0,0.0,5.0,0.0026,0.2142,0.8188,0.1413,0.9194,0.6307,0.5624,100.0,96.0,122.0,49.0,89.5958,3
479,7.9833,2.3979,3.2128,0.0576,0.0007,10.6503,0.0,0.0,5.0,0.0029,0.2165,0.7931,0.1939,0.9194,0.6371,0.5474,101.0,96.0,122.5,49.0,83.1574,3
480,8.0,2.6033,3.5993,0.4774,0.0017,10.2179,1.0,0.0,8.0,0.0038,0.1635,0.901,0.0491,0.9194,0.598,0.5157,102.0,68.0,90.5,55.0,79.3934,7
481,8.0167,2.7309,3.9801,0.1449,0.0018,9.4672,1.0,0.0,8.0,0.005,0.183,0.8976,0.0528,0.9194,0.5482,0.4944,111.5,48.0,62.0,74.0,63.1052,6
482,8.0333,2.7376,4.137,0.3593,0.0027,11.3266,1.0,0.0,8.0,0.0058,0.3109,0.7596,0.079,0.9194,0.5248,0.4818,132.0,39.0,54.0,210.0,51.3368,3
483,8.05,2.8339,4.4258,0.1162,0.0021,9.6014,1.0,0.0,8.0,0.0065,0.3094,0.7353,0.0906,0.9194,0.5142,0.4756,141.0,35.0,53.0,212.0,47.9048,3
484,8.0667,2.8755,4.6481,0.3263,0.0026,8.0535,0.0,0.0,8.0,0.0068,0.3078,0.7172,0.2184,0.9194,0.5141,0.4709,158.0,34.0,52.0,211.0,43.8462,2
485,8.0833,2.9701,4.9314,0.1164,0.0023,6.1512,0.0,0.0,8.0,0.0078,0.3062,0.7172,0.3415,0.9194,0.501,0.4649,154.0,32.0,49.0,212.0,42.6644,2
486,8.1,3.1304,5.4253,0.3412,0.0032,7.2252,0.0,0.0,8.0,0.0089,0.3047,0.7179,0.3528,0.9194,0.4983,0.46,157.0,33.0,49.0,210.0,39.7379,2
487,8.1167,3.2703,5.8439,0.1674,0.0031,7.1754,0.0,0.0,8.0,0.0099,0.3031,0.7172,0.35,0.9194,0.494,0.4568,161.0,33.0,49.0,210.0,36.8259,2
488,8.1333,3.3644,6.2006,0.2988,0.0032,6.9023,0.0,0.0,6.0,0.0108,0.3031,0.7172,0.35,0.9194,0.4905,0.4541,171.0,32.0,48.0,211.0,35.1967,2
489,8.15,3.48,6.5476,0.1485,0.0028,5.958,0.0,0.0,6.0,0.0114,0.3031,0.7172,0.3472,0.9194,0.4869,0.451,167.0,32.0,48.0,209.0,34.215,2
490,8.1667,3.6089,6.9192,0.2721,0.0029,5.4417,0.0,0.0,5.0,0.0121,0.3029,0.7172,0.3444,0.9194,0.4847,0.4479,168.0,32.0,48.0,209.0,33.5334,3
491,8.1833,3.8137,7.5343,0.248,0.0039,4.5775,0.0,0.0,5.0,0.0135,0.3016,0.7172,0.3444,0.9194,0.4891,0.4455,166.0,32.0,48.0,208.0,32.8696,3
492,8.2,4.14,8.2547,0.4547,0.0041,6.4053,0.0,0.0,8.0,0.0148,0.3016,0.7653,0.3417,0.9194,0.4948,0.4474,164.0,37.0,53.0,205.0,34.0925,6
493,8.2167,4.2965,8.7238,0.2099,0.0037,6.0788,0.0,0.0,8.0,0.0156,0.3016,0.7519,0.3417,0.9194,0.4964,0.4452,162.0,37.0,52.0,204.0,34.1952,6
494,8.2333,4.4518,9.1149,0.5976,0.0042,5.4739,0.0,0.0,8.0,0.0164,0.3,0.7531,0.3389,0.9194,0.4963,0.4425,165.0,35.0,51.0,204.0,32.7277,4
495,8.25,4.585,9.5127,0.1936,0.0034,4.5693,0.0,0.0,8.0,0.0169,0.3,0.7484,0.3389,0.9194,0.4962,0.4414,167.0,35.0,52.0,204.0,31.6775,4
496,8.2667,4.7725,10.1338,0.6303,0.0049,4.3534,0.0,0.0,8.0,0.0183,0.3,0.7172,0.3389,0.919,0.49,0.4393,171.0,37.0,53.0,203.0,30.3557,3
497,8.2833,4.968,10.716,0.2752,0.0047,5.2697,0.0,0.0,8.0,0.0195,0.3,0.7156,0.3389,0.9167,0.4855,0.4384,171.0,35.0,52.0,202.0,28.6223,3
498,8.3,5.0507,11.1176,0.5513,0.0052,5.1745,0.0,0.0,8.0,0.0205,0.3,0.7141,0.3389,0.9167,0.4821,0.4367,167.0,33.0,49.0,204.0,27.1154,3
499,8.3167,5.2143,11.6047,0.2653,0.0048,4.0925,0.0,0.0,6.0,0.0212,0.3,0.7141,0.3389,0.9167,0.4788,0.4362,165.0,33.0,48.0,205.0,26.3084,3
500,8.3333,5.321,12.0062,0.4371,0.0045,4.1181,0.0,0.0,8.0,0.0216,0.3,0.7141,0.3361,0.9167,0.4798,0.4346,168.0,33.0,49.0,204.0,26.3558,3
501,8.35,5.5814,12.7809,0.3756,0.0052,3.9177,0.0,0.0,8.0,0.0234,0.3,0.7125,0.3361,0.9167,0.4866,0.4329,160.0,35.0,51.0,200.0,27.4196,2
502,8.3667,6.0911,13.5836,0.744,0.0081,6.5446,0.0,0.0,6.0,0.0265,0.0219,0.7125,0.3389,0.9167,0.4495,0.4452,162.0,35.0,51.0,203.0,30.4764,4
503,8.3833,6.7934,14.3103,1.3616,0.0131,10.3926,0.0,0.0,8.0,0.0322,0.0031,0.7109,0.3389,0.9139,0.4005,0.4634,141.0,33.0,48.0,199.0,36.4051,4
504,8.4,7.3498,15.5599,2.04,0.0168,22.3624,0.0,0.0,5.0,0.0358,0.0047,0.7109,0.3417,0.9139,0.3886,0.4724,141.0,37.0,52.0,191.0,39.8677,3
505,8.4167,7.8738,17.3495,2.2105,0.0198,17.0784,0.0,0.0,5.0,0.0389,0.0078,0.7109,0.3417,0.9139,0.3824,0.4804,137.0,33.0,49.0,187.0,41.1003,3
506,8.4333,8.4332,18.9453,3.0999,0.0246,27.925,0.0,0.0,5.0,0.0419,0.0109,0.71,0.3417,0.9139,0.3786,0.4889,132.0,33.0,49.0,191.0,42.3918,3
507,8.45,9.2351,20.5539,3.9128,0.0339,32.0036,0.0,0.0,6.0,0.0471,0.0031,0.7078,0.3417,0.9124,0.3608,0.5035,120.0,31.0,46.0,195.0,42.9877,3
508,8.4667,9.7814,22.1386,4.8821,0.0425,41.1364,0.0,0.0,8.0,0.0501,0.0125,0.7088,0.3361,0.9111,0.3681,0.5082,113.0,30.0,45.0,193.0,42.9651,4
509,8.4833,10.0051,23.3788,5.8157,0.0509,66.8642,0.0,0.0,8.0,0.0508,0.0375,0.7125,0.3306,0.9111,0.3853,0.5003,119.0,33.0,49.0,185.0,43.8197,4
510,8.5,9.9231,23.8207,6.0376,0.0525,52.4396,0.0,0.0,8.0,0.0494,0.0672,0.7188,0.325,0.9111,0.4094,0.4847,124.0,37.0,52.0,187.0,46.2375,4
511,8.5167,9.7269,24.143,7.7115,0.0602,101.5154,0.0,0.0,8.0,0.047,0.1266,0.7125,0.3444,0.9133,0.4346,0.4957,132.0,41.0,56.0,182.0,45.1382,4
512,8.5333,9.7637,25.1013,4.1582,0.0351,23.5148,0.0,0.0,8.0,0.0463,0.1688,0.7109,0.3417,0.9139,0.453,0.4905,126.0,41.0,56.0,183.0,44.0618,8
513,8.55,9.8062,25.226,4.1674,0.036,24.9483,0.0,0.0,6.0,0.0462,0.2016,0.707,0.3417,0.9139,0.465,0.4871,129.0,44.0,60.0,181.0,43.2326,5
514,8.5667,9.7688,25.2725,3.8951,0.0348,19.7637,0.0,0.0,5.0,0.0466,0.2312,0.7047,0.3389,0.9139,0.4768,0.4835,123.0,38.0,54.0,183.0,42.711,3
515,8.5833,9.7989,25.3535,3.6815,0.0324,15.8258,0.0,0.0,5.0,0.046,0.2594,0.7031,0.3361,0.9139,0.4875,0.4795,129.0,40.0,55.0,183.0,42.5378,3
516,8.6,9.8332,25.459,3.728,0.031,15.898,0.0,0.0,5.0,0.0462,0.2828,0.7031,0.3361,0.9139,0.4961,0.4772,123.0,38.0,53.0,183.0,42.6785,6
517,8.6167,9.8623,25.5286,3.5726,0.0287,13.8648,0.0,0.0,6.0,0.0461,0.2984,0.7028,0.3333,0.9139,0.5032,0.4758,120.0,38.0,54.0,184.0,42.4524,4
518,8.6333,9.8816,25.6615,3.4717,0.0263,13.0471,0.0,0.0,5.0,0.0461,0.3,0.7047,0.3333,0.9139,0.5085,0.4741,129.5,41.0,56.0,183.0,42.7347,4
519,8.65,9.9497,25.861,3.2359,0.0247,14.4617,0.0,0.0,5.0,0.0466,0.3,0.7172,0.3333,0.9139,0.5139,0.474,125.0,40.0,55.0,184.0,43.1288,4
520,8.6667,9.9596,25.961,3.261,0.0231,17.4699,0.0,0.0,5.0,0.0464,0.3,0.7297,0.3361,0.9139,0.5196,0.4751,119.0,38.0,53.0,185.0,43.2082,3
521,8.6833,10.0074,26.1027,3.1449,0.022,19.9824,0.0,0.0,5.0,0.0464,0.3,0.7391,0.3361,0.9139,0.522,0.4753,129.0,40.0,55.0,184.0,42.4277,2
522,8.7,10.0658,26.2199,3.1299,0.0206,22.727,0.0,0.0,5.0,0.0472,0.3016,0.7484,0.3361,0.9119,0.5265,0.4761,123.0,38.0,54.0,185.0,45.4292,3
523,8.7167,10.1017,26.3229,2.9377,0.0175,27.4055,0.0,0.0,5.0,0.0474,0.3016,0.7547,0.3361,0.9139,0.5282,0.4757,123.0,40.0,55.0,185.0,43.9972,4
524,8.7333,10.1391,26.4233,2.784,0.0148,28.2336,0.0,0.0,5.0,0.0476,0.3,0.7594,0.3361,0.9111,0.5292,0.4752,125.0,41.0,56.0,183.0,43.067,4
525,8.75,10.1754,26.523,2.094,0.0118,22.1012,0.0,0.0,5.0,0.0473,0.3,0.7641,0.3361,0.9112,0.5298,0.4749,126.0,40.0,55.0,182.0,43.6648,3
526,8.7667,10.1975,26.604,1.6342,0.01,15.1561,0.0,0.0,5.0,0.0474,0.3,0.7656,0.3361,0.9111,0.5312,0.4757,122.0,39.0,55.0,184.0,43.458,3
527,8.7833,10.2167,26.6586,0.9432,0.0079,8.151,0.0,0.0,5.0,0.0474,0.3,0.7672,0.3361,0.9111,0.5315,0.4756,119.0,39.0,54.0,185.0,43.5893,3
528,8.8,10.2371,26.7186,0.6539,0.0059,4.1584,0.0,0.0,5.0,0.0476,0.3,0.7672,0.3361,0.9111,0.5309,0.4748,125.0,40.0,56.0,183.0,43.2387,3
529,8.8167,10.2553,26.7642,0.2533,0.0036,2.4736,0.0,0.0,5.0,0.0478,0.3,0.7672,0.3333,0.9111,0.5303,0.4745,129.0,41.0,59.0,183.0,43.2032,3
530,8.8333,10.236,26.7792,0.7789,0.0069,5.1258,0.0,0.0,5.0,0.048,0.3,0.7656,0.3333,0.9111,0.53,0.4747,125.0,41.0,58.0,183.0,43.4201,3
531,8.85,10.2474,26.8021,0.9369,0.0079,8.1282,0.0,0.0,5.0,0.048,0.3,0.7641,0.3333,0.9111,0.5289,0.4745,124.0,41.0,58.0,184.0,43.7612,3
532,8.8667,10.2424,26.7961,1.2471,0.0085,11.4416,0.0,0.0,5.0,0.0481,0.3,0.7625,0.3333,0.9111,0.5281,0.4743,127.0,39.0,55.0,185.0,44.6341,3
533,8.8833,10.2426,26.7888,1.402,0.0087,14.5667,0.0,0.0,5.0,0.0483,0.2984,0.7605,0.3333,0.9139,0.5279,0.4742,123.0,38.0,53.5,187.0,45.1699,4
534,8.9,10.2228,26.7386,2.184,0.0175,23.7013,0.0,0.0,5.0,0.0488,0.2969,0.7578,0.3333,0.9111,0.5263,0.4738,117.0,35.0,52.0,187.0,46.3958,3
535,8.9167,10.2211,26.7328,1.6813,0.0094,18.7389,0.0,0.0,5.0,0.0489,0.2969,0.7547,0.3306,0.9111,0.5245,0.4734,123.0,35.0,52.0,190.0,47.041,3
536,8.9333,10.2298,26.7393,1.8883,0.01,19.9734,0.0,0.0,5.0,0.0488,0.2969,0.7516,0.3306,0.9111,0.5232,0.4733,122.0,35.0,52.0,190.0,47.1012,3
537,8.95,10.2311,26.7431,1.8696,0.0104,20.8931,0.0,0.0,5.0,0.0487,0.2969,0.7484,0.3306,0.9111,0.5227,0.4734,116.0,35.0,51.0,193.0,47.32,3
538,8.9667,10.2217,26.7245,2.0264,0.0107,21.1714,0.0,0.0,5.0,0.0486,0.2969,0.7453,0.3306,0.9115,0.5211,0.473,119.0,37.0,52.0,193.0,46.9808,3
539,8.9833,10.2294,26.7481,1.9519,0.0106,21.8542,0.0,0.0,5.0,0.0489,0.2969,0.7422,0.3306,0.9111,0.5201,0.4736,116.0,34.0,49.0,196.0,47.9932,3
540,9.0,10.2063,26.6857,2.182,0.0111,23.0511,0.0,0.0,5.0,0.0488,0.2969,0.7375,0.3306,0.9126,0.5192,0.4729,119.0,36.0,52.0,194.0,48.2947,3
541,9.0167,10.207,26.6893,1.9462,0.0102,21.9657,0.0,0.0,5.0,0.0489,0.2969,0.7344,0.3306,0.9121,0.5172,0.4727,119.0,35.0,51.0,196.0,48.4345,3
542,9.0333,10.2138,26.701,1.9819,0.0104,21.9535,0.0,0.0,6.0,0.0489,0.2969,0.7312,0.3296,0.9111,0.5161,0.4726,118.0,35.0,51.0,194.0,48.4744,4
543,9.05,10.2176,26.7124,1.9001,0.0101,21.1134,0.0,0.0,6.0,0.0486,0.2968,0.7266,0.3278,0.9111,0.5152,0.4722,124.0,37.0,52.0,192.0,47.553,4
544,9.0667,10.2186,26.7023,1.9885,0.0105,20.7505,0.0,0.0,8.0,0.0491,0.2969,0.725,0.3278,0.9111,0.5145,0.4727,118.0,34.0,51.0,192.0,48.5672,3
545,9.0833,10.2219,26.712,1.7991,0.0097,20.8877,0.0,0.0,8.0,0.0491,0.2969,0.7203,0.3278,0.9111,0.5137,0.4728,116.0,35.0,52.0,191.0,48.8762,3
546,9.1,10.225,26.714,1.8774,0.0098,20.6012,0.0,0.0,6.0,0.0491,0.2953,0.7172,0.3278,0.9111,0.512,0.4729,117.0,34.0,52.0,194.0,48.7962,3
547,9.1167,10.2236,26.709,1.6826,0.0093,19.241,0.0,0.0,6.0,0.0489,0.2953,0.7141,0.3278,0.9111,0.5102,0.4722,122.0,37.0,53.0,191.0,47.8171,3
548,9.1333,10.2493,26.7301,1.7902,0.0094,18.0562,0.0,0.0,8.0,0.0489,0.2953,0.7125,0.3278,0.9111,0.5098,0.4711,119.0,39.0,54.0,191.0,47.8352,3
549,9.15,10.2498,26.7311,1.539,0.009,16.6194,0.0,0.0,8.0,0.0488,0.2953,0.7109,0.3278,0.9111,0.5087,0.4709,123.5,37.0,53.0,194.0,47.9147,3
550,9.1667,10.2201,26.7091,1.6412,0.0089,16.1947,0.0,0.0,8.0,0.049,0.2953,0.7096,0.3278,0.9139,0.5082,0.4722,113.0,35.0,51.0,196.0,48.0572,3
551,9.1833,10.2168,26.6988,1.3886,0.0085,15.5156,0.0,0.0,8.0,0.0489,0.2953,0.7094,0.3278,0.9139,0.5066,0.4716,118.0,35.0,52.0,197.0,47.8907,3
552,9.2,10.2204,26.7096,1.3994,0.0084,14.2002,0.0,0.0,8.0,0.0489,0.2953,0.7094,0.3266,0.9139,0.506,0.4721,113.0,35.0,52.0,194.0,47.8364,4
553,9.2167,10.2255,26.7245,1.2275,0.0076,12.9977,0.0,0.0,8.0,0.0487,0.2953,0.7094,0.325,0.9139,0.505,0.4719,119.0,34.0,49.0,197.0,47.6474,4
554,9.2333,10.2188,26.7184,1.3295,0.0081,11.8268,0.0,0.0,6.0,0.0487,0.2953,0.7078,0.325,0.9139,0.5044,0.4716,120.0,35.0,52.5,198.0,47.2169,4
555,9.25,10.2237,26.7317,1.0846,0.0076,10.2688,0.0,0.0,6.0,0.049,0.2953,0.7078,0.325,0.9139,0.5038,0.4721,120.0,37.0,53.0,191.0,47.893,4
556,9.2667,10.2212,26.7081,1.1479,0.0073,10.5109,0.0,0.0,6.0,0.0493,0.2953,0.7078,0.325,0.9139,0.5039,0.4717,115.0,34.0,51.5,194.0,48.5968,3
557,9.2833,10.2219,26.7093,0.9376,0.0068,9.464,0.0,0.0,6.0,0.0494,0.2953,0.7078,0.325,0.9139,0.5035,0.4715,115.0,34.0,51.0,188.0,48.7391,3
558,9.3,10.2005,26.6953,1.0,0.0066,8.4274,0.0,0.0,8.0,0.0493,0.2953,0.7062,0.325,0.9139,0.5026,0.4716,118.0,34.0,51.5,193.0,48.3346,5
559,9.3167,10.2022,26.6998,0.8052,0.0063,7.1297,0.0,0.0,8.0,0.0491,0.2953,0.7062,0.325,0.9139,0.5023,0.4709,119.0,35.0,52.0,196.0,47.9712,5
560,9.3333,10.2025,26.6881,0.8618,0.0063,6.6242,0.0,0.0,8.0,0.0493,0.2953,0.7078,0.325,0.9111,0.5021,0.4716,112.0,35.0,52.0,195.5,48.8684,3
561,9.35,10.2038,26.6915,0.6799,0.0054,5.8443,0.0,0.0,8.0,0.0491,0.2953,0.7078,0.325,0.9111,0.5016,0.4715,118.0,34.0,52.0,197.0,48.8581,3
562,9.3667,10.2569,26.7417,0.7709,0.0061,5.2204,0.0,0.0,8.0,0.049,0.2953,0.7062,0.325,0.9139,0.5002,0.4711,118.0,36.0,52.5,188.0,48.2177,4
563,9.3833,10.2573,26.7423,0.5676,0.0057,4.6507,0.0,0.0,8.0,0.049,0.2953,0.7062,0.325,0.9139,0.4997,0.471,119.0,35.0,52.0,188.0,48.5843,4
564,9.4,10.2639,26.7391,0.7355,0.0058,4.1302,0.0,0.0,8.0,0.0491,0.2953,0.7078,0.325,0.9139,0.4994,0.4716,115.0,35.0,52.0,190.0,48.3338,4
565,9.4167,10.2633,26.7365,0.4756,0.0051,3.945,0.0,0.0,8.0,0.0492,0.2953,0.7078,0.325,0.9139,0.4993,0.4716,117.0,34.0,51.0,191.0,48.843,4
566,9.4333,10.2591,26.7457,0.6431,0.0054,3.7692,0.0,0.0,8.0,0.049,0.2953,0.7078,0.325,0.9139,0.4998,0.4717,115.0,37.0,54.0,187.0,48.1169,4
567,9.45,10.257,26.7392,0.3876,0.0042,3.4047,0.0,0.0,8.0,0.0491,0.2953,0.7062,0.325,0.9139,0.4996,0.4724,112.0,37.0,53.0,187.0,49.303,4
568,9.4667,10.2189,26.6899,0.5476,0.0047,3.3725,0.0,0.0,8.0,0.0488,0.2953,0.7062,0.3278,0.9111,0.4996,0.4722,120.0,38.0,54.0,189.0,48.7933,3
569,9.4833,10.2198,26.6914,0.317,0.0041,2.9413,0.0,0.0,8.0,0.0488,0.2953,0.7062,0.3278,0.9111,0.4994,0.4726,117.0,35.0,54.0,192.0,48.7628,3
570,9.5,10.175,26.6249,0.4304,0.0035,2.8068,0.0,0.0,8.0,0.0484,0.2953,0.7062,0.3278,0.9111,0.4997,0.4724,123.0,35.0,54.0,193.0,47.7879,3
571,9.5167,10.1689,26.6064,0.2573,0.0034,2.4353,0.0,0.0,8.0,0.0486,0.2953,0.7062,0.3278,0.9111,0.4995,0.4727,120.0,34.0,52.0,192.0,48.4596,3
572,9.5333,10.1888,26.6085,0.2486,0.0028,1.9333,0.0,0.0,8.0,0.0488,0.2953,0.7047,0.3278,0.9111,0.4995,0.4731,116.0,37.0,53.0,191.0,49.0942,3
573,9.55,10.1905,26.6133,0.1376,0.0023,1.3258,0.0,0.0,8.0,0.049,0.2953,0.7047,0.3278,0.9111,0.4996,0.4731,116.0,37.0,53.5,191.0,49.1093,3
574,9.5667,10.1961,26.6015,0.258,0.0019,0.9552,0.0,0.0,8.0,0.0491,0.2953,0.706,0.3278,0.9111,0.4998,0.4728,115.0,35.0,52.0,190.0,49.0261,3
575,9.5833,10.1926,26.5908,0.1237,0.0021,1.1861,0.0,0.0,8.0,0.049,0.2953,0.7031,0.3306,0.9111,0.4993,0.4729,117.0,37.0,54.0,190.0,48.8666,3
576,9.6,10.1866,26.5655,0.2885,0.0023,1.518,0.0,0.0,8.0,0.0488,0.2953,0.7031,0.3293,0.9124,0.4996,0.4731,117.0,35.0,52.0,191.0,48.4967,3
577,9.6167,10.1877,26.5681,0.1642,0.0023,1.644,0.0,0.0,8.0,0.0485,0.2953,0.7031,0.3306,0.9139,0.4999,0.4735,117.0,38.0,54.0,193.5,48.0603,3
578,9.6333,10.1568,26.5263,0.3132,0.003,1.589,0.0,0.0,8.0,0.0482,0.2953,0.7032,0.3306,0.9139,0.5,0.4738,118.5,35.0,51.0,197.0,47.647,3
579,9.65,10.1548,26.5205,0.1764,0.0023,1.6117,0.0,0.0,8.0,0.0482,0.2953,0.7047,0.3306,0.9139,0.5004,0.4735,118.0,35.0,51.0,199.0,47.5794,3
580,9.6667,10.1656,26.5124,0.317,0.0027,1.6962,1.0,0.0,8.0,0.0484,0.2953,0.7031,0.3306,0.9111,0.4997,0.4734,113.0,34.0,51.0,195.0,47.7964,3
581,9.6833,10.1577,26.4882,0.1795,0.0025,1.7744,1.0,0.0,8.0,0.0484,0.2953,0.7016,0.3306,0.9111,0.5001,0.4735,116.0,35.0,52.0,193.0,48.2174,3
582,9.7,10.1522,26.4671,0.2681,0.003,1.9155,0.0,0.0,6.0,0.0483,0.2953,0.7016,0.3306,0.9134,0.4997,0.4736,117.0,37.0,53.0,190.0,48.5019,3
583,9.7167,10.1525,26.4679,0.1843,0.0029,1.7296,0.0,0.0,6.0,0.0484,0.2953,0.7031,0.3306,0.9123,0.5003,0.4736,119.0,37.0,53.0,189.0,48.3374,3
584,9.7333,10.1496,26.4411,0.3419,0.0028,1.9713,0.0,0.0,5.0,0.0483,0.2953,0.7016,0.3306,0.9111,0.4997,0.4741,120.0,38.0,54.0,189.0,48.6522,3
585,9.75,10.1399,26.4112,0.1835,0.0025,1.7986,0.0,0.0,5.0,0.0482,0.2953,0.7,0.3306,0.9111,0.4994,0.4742,118.0,38.0,53.0,189.0,48.6131,3
586,9.7667,10.1394,26.4107,0.3256,0.0029,1.7887,0.0,0.0,6.0,0.0482,0.2953,0.7016,0.3306,0.9112,0.4992,0.4744,116.0,38.0,54.0,189.0,48.1692,3
587,9.7833,10.1339,26.3945,0.1726,0.0027,1.6719,0.0,0.0,6.0,0.0484,0.2953,0.7016,0.3306,0.9111,0.4992,0.4747,115.0,38.0,53.5,190.0,48.343,3
588,9.8,10.173,26.4436,0.3753,0.0028,1.7011,0.0,0.0,6.0,0.0483,0.2953,0.7016,0.3306,0.9139,0.4997,0.4742,118.0,39.0,54.0,189.0,48.3997,3
589,9.8167,10.1668,26.4244,0.1612,0.0026,1.5906,0.0,0.0,6.0,0.0482,0.2953,0.7,0.3306,0.9139,0.4995,0.474,120.0,39.0,54.0,189.0,47.8748,3
590,9.8333,10.238,26.4439,0.499,0.0028,1.4408,1.0,0.0,8.0,0.048,0.2953,0.7,0.3333,0.9139,0.4989,0.4746,123.0,37.0,52.0,191.0,47.2825,3
591,9.85,10.2318,26.4221,0.1496,0.002,1.4387,1.0,0.0,8.0,0.048,0.2953,0.7,0.3333,0.9139,0.499,0.4745,123.0,37.0,53.0,191.0,47.2284,3
592,9.8667,10.267,26.4645,0.3794,0.002,0.869,1.0,0.0,8.0,0.0481,0.2938,0.7,0.3306,0.9139,0.498,0.474,119.0,37.0,53.0,190.0,47.4408,5
593,9.8833,10.2675,26.4644,0.0077,0.0001,0.0486,1.0,0.0,8.0,0.0482,0.2938,0.7,0.3306,0.9139,0.498,0.474,120.0,38.0,53.0,189.0,47.4653,5
594,9.9,10.2675,26.4571,0.3301,0.0006,0.1005,1.0,0.0,8.0,0.0482,0.2939,0.7,0.3306,0.9139,0.4985,0.4745,120.0,38.0,53.0,189.0,47.3985,4
595,9.9167,10.2683,26.458,0.0017,0.0,0.0031,1.0,0.0,8.0,0.0482,0.2939,0.7,0.3306,0.9139,0.4985,0.4745,120.0,38.0,53.0,189.0,47.4119,4
596,9.9333,10.3269,26.4929,0.3961,0.0009,0.113,1.0,0.0,8.0,0.0483,0.2938,0.7,0.3306,0.9139,0.4981,0.4745,119.0,39.0,54.0,189.0,47.7478,9
597,9.95,10.3271,26.4919,0.0032,0.0,0.021,1.0,0.0,8.0,0.0483,0.2938,0.7,0.3306,0.9139,0.4981,0.4745,119.0,39.0,54.0,189.0,47.7707,9
598,9.9667,10.3915,26.5442,0.4983,0.0012,0.1117,1.0,0.0,8.0,0.0485,0.2938,0.7,0.3306,0.9139,0.4981,0.4751,117.0,40.0,55.0,188.0,48.0787,9
599,9.9833,10.3922,26.5444,0.0023,0.0,0.0062,1.0,0.0,8.0,0.0485,0.2938,0.7,0.3306,0.9139,0.4981,0.4751,117.0,40.0,55.0,188.0,48.0795,9
600,10.0,10.2048,26.3646,0.5439,0.002,1.1637,1.0,0.0,8.0,0.0483,0.2938,0.7,0.3306,0.9139,0.4988,0.4751,120.0,39.0,55.0,189.0,47.4989,5
601,10.0167,10.203,26.3602,0.0068,0.0001,0.0419,1.0,0.0,8.0,0.0483,0.2938,0.7,0.3306,0.9139,0.4988,0.4751,120.0,39.0,55.0,189.0,47.552,5
602,10.0333,10.1893,26.3665,0.3512,0.0008,0.0601,1.0,0.0,8.0,0.0482,0.2938,0.7,0.3306,0.9139,0.4983,0.4738,122.0,39.0,54.0,189.0,47.2549,6
603,10.05,10.1895,26.3659,0.0023,0.0,0.0055,1.0,0.0,8.0,0.0482,0.2938,0.7,0.3306,0.9139,0.4983,0.4738,122.0,39.0,54.0,189.0,47.2591,6
604,10.0667,10.1852,26.3903,0.291,0.0006,0.0474,0.0,0.0,8.0,0.0482,0.2938,0.7,0.3306,0.9139,0.4985,0.4746,122.0,39.0,54.0,189.0,47.3165,4
605,10.0833,10.1852,26.3892,0.0028,0.0,0.0076,0.0,0.0,8.0,0.0482,0.2938,0.7,0.3306,0.9139,0.4985,0.4746,122.0,39.0,54.0,189.0,47.3541,4
606,10.1,10.0915,26.2808,0.2458,0.0005,0.0327,0.0,0.0,8.0,0.0481,0.2953,0.7,0.3306,0.9139,0.4986,0.4741,123.0,38.0,54.0,190.0,46.9659,4
607,10.1167,10.1418,26.4312,1.8637,0.0225,20.7008,0.0,0.0,8.0,0.0474,0.2969,0.7044,0.3333,0.9139,0.5013,0.4756,125.0,40.0,55.0,189.0,47.9691,4
608,10.1333,10.1972,26.5062,0.2687,0.0015,0.572,0.0,0.0,8.0,0.0475,0.2969,0.7031,0.3333,0.9139,0.501,0.4756,125.0,40.0,56.0,188.0,48.1552,5
609,10.15,10.1988,26.5103,0.0763,0.0014,0.6417,0.0,0.0,8.0,0.0475,0.2969,0.7031,0.3333,0.9139,0.5006,0.4756,125.0,40.0,56.0,187.0,48.0274,5
610,10.1667,10.1702,26.4938,0.1819,0.0017,0.7147,0.0,0.0,8.0,0.0475,0.2969,0.7031,0.3333,0.9139,0.5007,0.4758,127.0,41.0,56.0,188.0,47.9278,5
611,10.1833,10.1707,26.4953,0.0722,0.0015,0.6212,0.0,0.0,8.0,0.0475,0.2969,0.7031,0.3333,0.9139,0.5005,0.4759,126.0,40.0,56.0,188.0,47.8114,5
612,10.2,10.1592,26.4821,0.2498,0.0017,0.699,0.0,0.0,6.0,0.0476,0.2969,0.7031,0.3333,0.9139,0.5009,0.4758,126.0,40.0,55.0,189.0,47.6656,4
613,10.2167,10.1593,26.4817,0.0799,0.0015,0.7187,0.0,0.0,6.0,0.0477,0.2969,0.7033,0.3333,0.9139,0.5008,0.4758,125.0,40.0,55.0,188.5,47.5268,4
614,10.2333,10.1596,26.485,0.2392,0.0019,0.8273,0.0,0.0,6.0,0.0477,0.2969,0.7031,0.3333,0.9116,0.5009,0.4758,123.0,39.0,55.0,189.0,47.4449,4
615,10.25,10.159,26.4822,0.0975,0.0018,0.8336,0.0,0.0,6.0,0.0476,0.2953,0.7031,0.3333,0.9117,0.5009,0.476,123.0,39.0,54.0,190.0,47.4962,4
616,10.2667,10.1528,26.4752,0.2839,0.0023,0.9604,0.0,0.0,8.0,0.0476,0.2953,0.7031,0.3333,0.9139,0.5006,0.476,122.5,39.0,54.0,189.0,47.6527,5
617,10.2833,10.1494,26.4644,0.1276,0.0022,1.0721,0.0,0.0,8.0,0.0475,0.2953,0.7047,0.3333,0.9139,0.5009,0.476,122.0,40.0,55.0,189.0,47.9393,5
618,10.3,10.1549,26.4383,0.4698,0.0038,3.0058,0.0,0.0,6.0,0.0478,0.2953,0.7047,0.3333,0.9139,0.5005,0.4767,118.0,40.0,56.0,189.0,48.4323,4
619,10.3167,10.147,26.4147,0.1872,0.0032,1.7135,0.0,0.0,6.0,0.0479,0.2953,0.7031,0.3333,0.9139,0.4998,0.4769,117.0,39.0,53.0,189.0,48.3247,4
620,10.3333,10.1648,26.4179,0.3055,0.0034,1.6943,0.0,0.0,8.0,0.0483,0.2938,0.7042,0.3333,0.9139,0.4995,0.477,117.0,39.0,55.0,188.0,48.5158,5
621,10.35,10.1642,26.4155,0.2055,0.0036,1.7437,0.0,0.0,8.0,0.0484,0.2938,0.7031,0.3333,0.9139,0.4989,0.4772,117.0,39.0,55.0,191.0,48.5475,5
622,10.3667,10.177,26.4234,0.4547,0.0043,1.7213,0.0,0.0,8.0,0.0485,0.2938,0.7031,0.3333,0.9139,0.4985,0.4765,118.0,39.0,54.0,190.0,48.3934,5
623,10.3833,10.1679,26.3948,0.2402,0.004,1.8739,0.0,0.0,8.0,0.0484,0.2922,0.7031,0.3333,0.9139,0.4984,0.4765,117.0,35.0,51.5,189.0,48.52,5
624,10.4,10.1621,26.3749,0.5217,0.0054,2.5808,0.0,0.0,8.0,0.0484,0.2922,0.7031,0.3333,0.9111,0.4979,0.4765,118.0,39.0,55.0,191.0,48.0521,5
625,10.4167,10.1534,26.348,0.3206,0.005,2.5739,0.0,0.0,8.0,0.048,0.2906,0.7022,0.335,0.9111,0.4977,0.4764,118.0,39.0,55.0,190.0,47.6932,5
626,10.4333,10.1487,26.3064,0.5516,0.0053,2.5745,0.0,0.0,8.0,0.0479,0.2906,0.7016,0.3333,0.9139,0.4972,0.476,118.0,37.0,53.0,195.0,46.6249,4
627,10.45,10.1382,26.2737,0.3283,0.0051,2.7414,0.0,0.0,8.0,0.0483,0.2906,0.7,0.3333,0.9139,0.4962,0.4757,119.0,35.0,52.0,192.0,47.3253,4
628,10.4667,10.1314,26.2746,0.6251,0.0055,3.3543,0.0,0.0,8.0,0.0489,0.2891,0.7016,0.3361,0.9111,0.4957,0.4753,117.0,37.0,53.0,190.0,47.8847,6
629,10.4833,10.1229,26.2485,0.3795,0.0053,3.4635,0.0,0.0,8.0,0.0486,0.2891,0.7016,0.3361,0.9111,0.4954,0.4753,119.0,38.0,53.0,191.0,48.1206,6
630,10.5,10.031,26.1566,0.5473,0.0058,3.7344,0.0,0.0,8.0,0.0482,0.2891,0.7,0.3361,0.9111,0.4956,0.4754,120.0,37.0,53.0,190.0,48.0011,3
631,10.5167,10.0239,26.1354,0.4193,0.0056,3.7875,0.0,0.0,8.0,0.0482,0.2875,0.6984,0.3361,0.9111,0.4952,0.4761,116.0,37.0,53.0,191.0,47.0827,3
632,10.5333,10.0198,26.1165,0.5729,0.0058,3.8154,0.0,0.0,8.0,0.0487,0.2875,0.6969,0.3361,0.9111,0.4937,0.4765,115.0,34.0,51.0,197.5,47.539,3
633,10.55,10.0113,26.0906,0.4477,0.0052,4.0593,0.0,0.0,8.0,0.0487,0.2875,0.698,0.3361,0.9111,0.492,0.4752,120.0,32.0,47.0,200.0,47.0329,3
634,10.5667,10.0124,26.0958,0.5861,0.0058,3.9569,0.0,0.0,8.0,0.0489,0.2859,0.6984,0.3361,0.9111,0.4914,0.4748,120.0,34.0,48.0,202.0,46.5947,4
635,10.5833,10.0127,26.0961,0.4093,0.0048,3.5728,0.0,0.0,8.0,0.0489,0.2859,0.6984,0.3361,0.9111,0.4914,0.4757,118.0,34.0,51.0,195.0,47.0444,4
636,10.6,10.0049,26.0824,0.4905,0.0039,3.5458,0.0,0.0,8.0,0.0484,0.2859,0.6984,0.3361,0.9125,0.4912,0.4755,123.0,33.5,49.0,197.0,46.5941,4
637,10.6167,9.9961,26.0561,0.3448,0.004,2.9883,0.0,0.0,8.0,0.0482,0.2859,0.6984,0.3361,0.9139,0.4913,0.4755,123.0,34.0,51.0,193.0,45.7904,4
638,10.6333,9.9995,26.0741,0.4862,0.0044,3.2698,0.0,0.0,5.0,0.0484,0.2859,0.6969,0.3389,0.9111,0.4916,0.4768,119.0,33.0,49.0,195.0,46.517,3
639,10.65,9.9977,26.0684,0.3913,0.005,3.5401,0.0,0.0,5.0,0.0479,0.2859,0.6962,0.3389,0.9111,0.4912,0.4766,125.0,33.0,49.0,197.0,46.268,3
640,10.6667,10.0143,26.1017,0.509,0.0055,3.8058,0.0,0.0,6.0,0.0484,0.2859,0.6984,0.3389,0.9111,0.4924,0.4762,118.0,32.0,48.0,199.0,46.6271,3
641,10.6833,10.0169,26.109,0.447,0.006,3.895,0.0,0.0,6.0,0.0483,0.2859,0.7,0.3389,0.9111,0.4915,0.4752,125.0,33.0,49.0,197.0,45.6197,3
642,10.7,10.0192,26.1056,0.6058,0.0067,3.8617,0.0,0.0,8.0,0.0486,0.2875,0.7,0.3389,0.9111,0.4927,0.4752,124.0,35.0,51.0,196.0,46.2385,3
643,10.7167,10.0335,26.148,0.4783,0.0071,3.9884,0.0,0.0,8.0,0.0483,0.2875,0.7016,0.3389,0.9131,0.495,0.4761,122.0,34.0,51.0,201.0,46.7184,3
644,10.7333,10.0454,26.1719,0.6021,0.0084,3.55,0.0,0.0,6.0,0.0488,0.2891,0.7,0.3389,0.9139,0.4942,0.4763,120.0,35.0,52.0,199.0,47.1733,3
645,10.75,10.0586,26.2106,0.5039,0.0079,4.0885,0.0,0.0,6.0,0.049,0.2891,0.7016,0.3389,0.9139,0.4945,0.4758,118.0,35.0,51.0,194.0,46.7274,3
646,10.7667,10.1389,26.3256,0.8618,0.0105,5.5574,0.0,0.0,8.0,0.0485,0.2906,0.7062,0.3389,0.9139,0.4961,0.4763,116.0,32.0,48.0,200.0,47.36,3
647,10.7833,10.1608,26.39,0.7745,0.0112,6.5078,0.0,0.0,8.0,0.0488,0.2906,0.7078,0.3389,0.9139,0.4967,0.476,120.0,37.0,53.0,193.0,46.4532,3
648,10.8,10.1776,26.4536,1.1891,0.0139,7.9986,0.0,0.0,8.0,0.0485,0.2922,0.7078,0.3389,0.9139,0.4978,0.4762,118.0,33.0,51.0,198.0,46.7872,4
649,10.8167,10.2008,26.5223,1.055,0.0145,9.2882,0.0,0.0,8.0,0.0489,0.2938,0.7094,0.3361,0.9139,0.4996,0.4758,119.0,37.0,51.0,189.0,47.3971,4
650,10.8333,10.2115,26.5666,1.3642,0.016,11.3286,0.0,0.0,8.0,0.0487,0.2953,0.7109,0.3361,0.9139,0.5006,0.4763,120.0,37.0,52.0,196.0,46.9056,5
651,10.85,10.2405,26.6531,1.3673,0.0161,12.7178,0.0,0.0,8.0,0.0489,0.2969,0.7141,0.3361,0.9139,0.5027,0.4755,124.0,34.0,51.0,191.0,46.6948,5
652,10.8667,10.2969,26.8013,1.7701,0.0182,14.938,0.0,0.0,8.0,0.0489,0.2984,0.7141,0.3361,0.9111,0.5044,0.4755,118.0,37.0,52.0,188.0,47.4994,7
653,10.8833,10.3307,26.9019,1.6889,0.0187,17.2819,0.0,0.0,8.0,0.0491,0.3,0.7188,0.3361,0.9111,0.5061,0.4751,119.0,39.0,54.0,192.0,47.7964,6
654,10.9,10.3731,27.0191,2.0596,0.0191,20.31,0.0,0.0,8.0,0.0493,0.3,0.7194,0.3333,0.9111,0.5084,0.4747,117.0,38.0,54.0,191.0,47.3347,5
655,10.9167,10.4074,27.121,1.9863,0.0202,22.0646,0.0,0.0,8.0,0.0491,0.3031,0.7234,0.3333,0.9111,0.5106,0.4742,123.0,41.5,56.0,185.0,47.2191,5
656,10.9333,10.4185,27.2063,2.3454,0.0214,23.073,0.0,0.0,8.0,0.0487,0.3062,0.7234,0.3306,0.9111,0.5132,0.4737,123.0,41.0,58.0,184.0,46.1846,3
657,10.95,10.4538,27.3111,2.2119,0.0219,24.7081,0.0,0.0,8.0,0.0492,0.3078,0.7281,0.3306,0.9111,0.5158,0.4739,122.0,41.0,56.0,187.0,47.0993,3
658,10.9667,10.4867,27.4327,2.5163,0.0217,26.0851,0.0,0.0,8.0,0.0492,0.3109,0.7281,0.3278,0.9111,0.5172,0.4737,125.0,42.0,58.0,187.0,46.2789,4
659,10.9833,10.5171,27.5234,2.3692,0.0216,27.2766,0.0,0.0,8.0,0.0497,0.3125,0.7328,0.3278,0.9111,0.5202,0.4738,116.0,44.0,59.0,187.0,47.7438,4
660,11.0,10.5726,27.6511,2.6132,0.0214,28.0867,0.0,0.0,8.0,0.0493,0.3156,0.7344,0.3278,0.9139,0.5213,0.4743,118.0,45.0,60.0,184.0,47.7279,4
661,11.0167,10.5972,27.7246,2.4007,0.0209,26.9312,0.0,0.0,8.0,0.0493,0.3188,0.7344,0.325,0.9139,0.5244,0.4736,123.0,46.0,62.0,184.0,47.4326,4
662,11.0333,10.736,27.9246,2.6794,0.0205,27.0177,0.0,0.0,8.0,0.0497,0.3203,0.7391,0.3194,0.9139,0.5266,0.473,116.0,46.0,61.0,183.0,48.5282,5
663,11.05,10.7494,27.963,2.2666,0.0187,24.6015,0.0,0.0,8.0,0.0494,0.3219,0.7393,0.3194,0.9139,0.5293,0.4732,116.0,46.0,61.0,182.0,48.358,5
664,11.0667,10.7643,28.0091,2.4835,0.0182,22.5641,0.0,0.0,8.0,0.0497,0.325,0.7406,0.3167,0.9139,0.5305,0.4732,116.0,46.0,62.0,179.0,48.2149,3
665,11.0833,10.7679,28.0186,1.927,0.015,19.7325,0.0,0.0,8.0,0.0495,0.3266,0.7422,0.3167,0.9139,0.5317,0.4732,122.0,48.0,63.0,180.0,48.4517,3
666,11.1,10.7703,28.0445,2.0701,0.0125,17.621,0.0,0.0,8.0,0.0495,0.3281,0.7406,0.3139,0.9139,0.5334,0.4732,119.0,47.0,63.0,180.0,48.0767,3
667,11.1167,10.7666,28.0325,1.5819,0.0115,15.8333,0.0,0.0,8.0,0.0496,0.3281,0.7406,0.3139,0.9139,0.5333,0.4731,119.0,47.0,62.0,180.0,48.0839,3
668,11.1333,10.6669,27.9053,1.961,0.0148,15.9586,0.0,0.0,8.0,0.0493,0.3281,0.7375,0.3139,0.9111,0.5338,0.4732,122.0,48.0,63.0,179.0,47.8793,3
669,11.15,10.6441,27.8366,1.682,0.0163,16.4704,0.0,0.0,8.0,0.0491,0.3266,0.7359,0.3111,0.9111,0.5334,0.473,126.0,47.0,63.0,181.0,47.9697,3
670,11.1667,10.6218,27.754,1.8728,0.0197,16.6473,0.0,0.0,8.0,0.049,0.3234,0.7359,0.3111,0.9117,0.5311,0.4726,122.0,47.0,63.0,181.0,47.8904,3
671,11.1833,10.5869,27.649,1.7,0.0211,18.3923,0.0,0.0,8.0,0.0488,0.3203,0.7328,0.3111,0.9125,0.5296,0.4724,127.0,48.0,65.5,178.0,47.6125,3
672,11.2,10.5618,27.503,2.0107,0.0227,20.6845,0.0,0.0,8.0,0.049,0.3156,0.7297,0.3083,0.9114,0.527,0.4713,124.0,48.0,62.0,183.0,47.8888,7
673,11.2167,10.4944,27.3001,2.394,0.0274,30.1489,0.0,0.0,8.0,0.049,0.3109,0.725,0.3056,0.9114,0.523,0.4715,125.0,46.0,61.0,183.0,47.6255,7
674,11.2333,10.4076,27.0143,3.355,0.0315,42.6251,0.0,0.0,8.0,0.0489,0.3047,0.7203,0.3083,0.9139,0.519,0.4717,125.0,42.0,58.0,187.0,47.3182,6
675,11.25,10.3044,26.7039,3.8449,0.0337,56.9218,0.0,0.0,8.0,0.0491,0.2969,0.7171,0.3083,0.9139,0.5132,0.4714,126.0,42.0,56.0,188.0,47.1477,6
676,11.2667,10.357,26.4661,5.0293,0.0371,71.8712,1.0,0.0,8.0,0.0494,0.2875,0.7156,0.2049,0.9111,0.5068,0.4687,118.0,40.0,54.0,191.0,47.878,19
677,11.2833,10.217,26.0461,5.2705,0.0391,79.5361,1.0,0.0,8.0,0.0492,0.2781,0.712,0.2037,0.9111,0.4994,0.4687,119.0,35.0,49.0,196.0,47.6745,19
678,11.3,9.9607,25.6049,6.2338,0.0419,87.9182,0.0,0.0,8.0,0.0492,0.2688,0.7056,0.3111,0.9128,0.4914,0.4715,122.0,30.0,44.0,204.0,46.7944,12
679,11.3167,9.7903,25.0933,6.0762,0.0435,85.8728,0.0,0.0,8.0,0.0491,0.2578,0.6984,0.3139,0.9136,0.4819,0.4716,123.0,25.0,40.0,210.0,46.2621,12
680,11.3333,9.5878,24.5858,6.5266,0.0464,83.3792,0.0,0.0,8.0,0.0489,0.2453,0.6906,0.3194,0.9139,0.4714,0.4732,123.0,19.0,34.0,217.0,45.6483,5
681,11.35,9.4068,24.0427,6.5005,0.0489,79.779,0.0,0.0,8.0,0.0491,0.2328,0.6812,0.3222,0.9139,0.4597,0.4731,124.0,15.0,30.0,221.0,45.2735,5
682,11.3667,9.1588,23.4639,6.8818,0.052,78.5101,0.0,0.0,8.0,0.0486,0.2188,0.6703,0.325,0.9111,0.4479,0.4731,129.0,9.0,25.0,229.0,44.4817,2
683,11.3833,8.9824,22.9348,6.7564,0.0539,75.2099,0.0,0.0,8.0,0.049,0.2047,0.6594,0.3306,0.9111,0.4341,0.4729,126.0,6.0,23.0,235.0,44.3909,2
684,11.4,8.8095,22.4281,6.9705,0.0559,74.9181,0.0,0.0,8.0,0.0488,0.1891,0.6469,0.3306,0.9139,0.4201,0.4733,129.0,3.0,20.0,243.0,43.5333,4
685,11.4167,8.6433,21.9293,6.8495,0.0572,71.4397,0.0,0.0,8.0,0.0488,0.1734,0.6328,0.3333,0.9139,0.4061,0.474,124.0,2.0,19.0,250.0,42.9764,4
686,11.4333,8.5189,21.3879,7.0414,0.0583,69.1843,0.0,0.0,8.0,0.049,0.1594,0.6188,0.3306,0.9112,0.3918,0.4737,127.0,1.0,19.0,253.0,42.9823,3
687,11.45,8.3763,20.5172,6.7839,0.0584,67.9088,0.0,0.0,8.0,0.0493,0.143,0.6047,0.325,0.9111,0.3772,0.4738,119.0,0.0,19.0,255.0,42.8795,2
688,11.4667,8.1924,19.7261,6.8671,0.0591,67.902,0.0,0.0,8.0,0.0494,0.1281,0.5891,0.3222,0.9111,0.3612,0.4746,122.0,0.0,19.0,255.0,42.4527,3
689,11.4833,8.0723,18.9865,6.5589,0.0586,66.2738,0.0,0.0,8.0,0.0496,0.113,0.5719,0.3167,0.9111,0.3462,0.4749,122.0,0.0,19.0,255.0,42.1639,3
690,11.5,7.9689,18.2812,6.4203,0.0574,66.9764,0.0,0.0,8.0,0.0497,0.1,0.5562,0.3111,0.9111,0.3323,0.4756,122.0,0.0,18.0,255.0,42.1757,3
691,11.5167,7.8743,17.4083,6.1291,0.0558,65.9944,0.0,0.0,8.0,0.0496,0.0875,0.5406,0.3056,0.9111,0.3184,0.476,120.0,0.0,17.0,255.0,42.0342,3
692,11.5333,7.7849,16.8114,5.9215,0.0544,64.6986,0.0,0.0,6.0,0.05,0.0766,0.5266,0.3,0.9111,0.3051,0.4763,118.0,0.0,17.0,255.0,41.7924,2
693,11.55,7.7163,16.3141,5.4408,0.052,59.7104,0.0,0.0,6.0,0.0501,0.0672,0.5125,0.2944,0.9111,0.2937,0.4759,119.0,0.0,17.0,255.0,41.3145,2
694,11.5667,7.6619,15.8547,5.0493,0.0492,53.9444,0.0,0.0,5.0,0.0499,0.0609,0.5031,0.2889,0.9111,0.2845,0.4768,117.0,0.0,17.0,255.0,41.6228,2
695,11.5833,7.6148,15.4566,4.4404,0.044,43.6881,0.0,0.0,5.0,0.05,0.0562,0.4906,0.2833,0.9111,0.2765,0.4767,119.0,0.0,17.0,255.0,40.9706,2
696,11.6,7.6399,15.2701,3.9707,0.0339,32.2772,0.0,0.0,8.0,0.0502,0.0547,0.4891,0.275,0.9111,0.2731,0.477,117.0,0.0,17.0,255.0,40.9795,3
697,11.6167,7.62,15.1055,3.6242,0.0288,35.1362,0.0,0.0,8.0,0.0499,0.0562,0.4859,0.2694,0.9111,0.2711,0.4766,115.0,0.0,17.0,255.0,40.5933,3
698,11.6333,7.6802,15.3603,4.0491,0.0378,52.5386,0.0,0.0,8.0,0.0501,0.0625,0.5057,0.2639,0.9111,0.2738,0.477,112.0,0.0,17.0,255.0,40.3335,2
699,11.65,7.7045,15.6726,3.1184,0.037,39.1437,0.0,0.0,8.0,0.0502,0.0734,0.5051,0.2611,0.9111,0.2783,0.4776,107.0,0.0,17.0,255.0,39.6767,2
700,11.6667,7.7273,16.0307,5.2259,0.0461,71.7396,0.0,0.0,8.0,0.0502,0.0844,0.4984,0.2583,0.9111,0.2871,0.4768,103.0,0.0,17.0,255.0,38.9163,3
701,11.6833,7.81,16.9362,6.6435,0.0561,80.7838,0.0,0.0,8.0,0.0494,0.0969,0.5141,0.2556,0.9111,0.3013,0.4764,107.5,0.0,17.0,255.0,39.0198,3
702,11.7,7.9056,18.0382,7.6449,0.0624,79.3111,0.0,0.0,8.0,0.0481,0.1094,0.5359,0.2528,0.9119,0.3204,0.4747,110.0,0.0,17.0,255.0,39.01,2
703,11.7167,8.1103,19.4695,7.97,0.0638,76.5705,0.0,0.0,8.0,0.0465,0.1281,0.5625,0.2528,0.9139,0.3461,0.4737,109.0,1.0,18.0,253.0,39.2926,2
704,11.7333,8.4459,20.8762,8.2664,0.0635,72.484,0.0,0.0,8.0,0.0458,0.1531,0.5969,0.2556,0.9139,0.3754,0.4726,110.0,4.0,22.0,238.0,40.6209,2
705,11.75,8.9229,22.781,8.0886,0.0633,62.4382,0.0,0.0,8.0,0.0454,0.1828,0.6391,0.2583,0.9139,0.413,0.4714,112.0,13.0,30.0,222.0,41.0885,2
706,11.7667,9.5078,24.6206,8.6492,0.0631,68.1905,0.0,0.0,6.0,0.0451,0.2188,0.6859,0.2639,0.9139,0.4563,0.4709,115.0,28.0,46.0,201.0,42.422,2
707,11.7833,10.2839,26.9456,9.1959,0.0626,76.4897,0.0,0.0,6.0,0.0454,0.2625,0.7406,0.2694,0.9139,0.5056,0.4698,117.0,49.0,68.0,173.0,44.6222,2
708,11.8,11.0882,29.3724,10.0795,0.0612,102.3806,0.0,0.0,6.0,0.046,0.3109,0.7984,0.2806,0.9139,0.5605,0.4694,115.5,73.0,90.0,144.0,46.9382,2
709,11.8167,11.8704,29.0779,10.4364,0.0592,104.5143,0.0,0.0,6.0,0.047,0.3672,0.8641,0.2917,0.9133,0.6213,0.4691,116.0,100.0,118.0,112.0,49.729,2
710,11.8333,12.5823,25.9557,10.7385,0.0603,92.4357,0.0,0.0,6.0,0.0489,0.4297,0.9359,0.3056,0.9139,0.6873,0.4706,116.0,105.0,124.0,81.0,50.9539,3
711,11.85,12.8841,22.0673,10.5822,0.0606,79.3226,1.0,0.0,8.0,0.0485,0.4938,0.9906,0.3222,0.9139,0.7525,0.4723,112.0,107.0,125.0,53.0,53.739,3
712,11.8667,11.3798,17.972,9.6398,0.0568,94.6348,0.0,0.0,8.0,0.043,0.5094,0.9906,0.3278,0.9139,0.7979,0.4825,113.0,110.0,127.0,34.0,58.8603,2
713,11.8833,9.4901,11.3874,9.4114,0.0516,122.3598,0.0,0.0,8.0,0.0367,0.496,0.9969,0.3167,0.9139,0.8464,0.4828,104.0,101.0,119.0,37.0,62.4175,3
714,11.9,7.4592,3.5843,8.4898,0.0416,117.2465,1.0,0.0,8.0,0.0257,0.4766,0.9969,0.2944,0.9167,0.8798,0.4761,98.0,94.5,113.0,37.0,66.6355,3
715,11.9167,4.772,2.3663,5.5455,0.029,81.6161,1.0,0.0,8.0,0.0143,0.4547,0.9984,0.2639,0.9194,0.9077,0.4848,91.0,88.0,109.5,46.0,76.7697,3
716,11.9333,2.4634,2.1879,3.2394,0.0149,87.8678,0.0,0.0,8.0,0.0047,0.4387,0.9984,0.4417,0.9194,0.8817,0.5658,86.5,81.5,104.0,61.0,103.5329,2
717,11.95,2.0389,2.1883,0.4293,0.0039,0.0,0.0,0.0,8.0,0.0007,0.1973,0.9338,0.2742,0.9194,0.497,0.8929,96.0,91.0,117.0,55.0,166.5607,1
718,11.9667,2.0718,2.2022,0.1855,0.0002,0.0422,0.0,0.0,8.0,0.0008,0.0857,0.9112,0.0083,0.9439,0.5051,0.8584,94.0,89.0,113.0,55.0,166.2792,1
719,11.9833,2.072,2.2025,0.0013,0.0,0.0546,0.0,0.0,8.0,0.0008,0.0857,0.9112,0.0083,0.9439,0.5051,0.8584,94.0,89.0,113.0,55.0,166.2826,1
720,12.0,2.0737,2.2188,0.1899,0.0001,1.5333,0.0,0.0,8.0,0.0008,0.0719,0.844,0.0829,0.9711,0.4903,0.8708,94.0,89.0,115.0,56.0,167.3111,1
721,12.0167,2.0735,2.2187,0.0008,0.0,0.0775,0.0,0.0,8.0,0.0008,0.0719,0.844,0.0829,0.9711,0.4903,0.8708,94.0,89.0,115.0,57.0,167.1998,1
722,12.0333,2.1216,2.2421,0.26,0.0003,0.0797,0.0,0.0,8.0,0.0009,0.1343,0.8527,0.0576,0.9233,0.493,0.8295,89.0,84.0,112.0,55.0,166.0059,2
723,12.05,2.1221,2.2425,0.0012,0.0,0.0,0.0,0.0,8.0,0.0009,0.1343,0.8527,0.0576,0.9233,0.493,0.8295,89.0,84.0,112.0,55.0,165.9554,2
724,12.0667,2.1222,2.2197,0.2631,0.0004,0.0566,0.0,0.0,8.0,0.0009,0.0484,0.9716,0.0444,0.9968,0.5067,0.8401,87.0,82.0,108.0,58.0,161.1372,3
725,12.0833,2.1223,2.2198,0.0008,0.0,0.0,0.0,0.0,8.0,0.0009,0.0484,0.9716,0.0444,0.9968,0.5067,0.8401,87.0,82.0,108.0,58.0,161.1372,3
726,12.1,2.1383,2.261,0.3089,0.0006,0.2574,0.0,0.0,8.0,0.001,0.0375,0.8903,0.1425,0.9194,0.482,0.7662,81.0,76.0,101.5,55.0,162.0041,4
727,12.1167,2.1388,2.2614,0.0013,0.0,0.0,0.0,0.0,8.0,0.001,0.0375,0.8903,0.1425,0.9194,0.482,0.7662,81.0,76.0,101.5,55.0,161.9822,4
728,12.1333,2.1043,2.228,0.289,0.0005,0.4875,0.0,0.0,8.0,0.0009,0.0353,0.8469,0.1559,0.9194,0.4614,0.8187,89.0,84.0,111.0,55.0,165.6198,2
729,12.15,2.1047,2.2284,0.0011,0.0,0.0113,0.0,0.0,8.0,0.0009,0.0353,0.8469,0.1559,0.9194,0.4614,0.8187,89.0,84.0,110.0,55.0,165.6107,2
730,12.1667,2.1133,2.2486,0.1741,0.0003,1.288,0.0,0.0,8.0,0.001,0.0239,0.9258,0.1313,0.9194,0.4536,0.7725,83.0,79.0,102.0,54.0,164.8382,4
731,12.1833,2.1135,2.2488,0.0008,0.0,0.0,0.0,0.0,8.0,0.001,0.0239,0.9258,0.1313,0.9194,0.4536,0.7725,83.0,79.0,102.0,54.0,164.8382,4
732,12.2,2.0671,2.2085,0.2334,0.0005,0.0849,0.0,0.0,8.0,0.0008,0.0238,0.909,0.122,0.9329,0.4814,0.8507,90.0,86.0,112.5,55.0,165.2763,2
733,12.2167,2.0677,2.2092,0.001,0.0,0.0,0.0,0.0,8.0,0.0008,0.0238,0.909,0.122,0.9329,0.4814,0.8507,90.0,86.0,112.5,55.0,165.2763,2
734,12.2333,2.0656,2.2016,0.1681,0.0003,0.3882,0.0,0.0,8.0,0.0008,0.1466,0.7002,0.1862,0.9194,0.4803,0.8692,93.5,88.5,114.0,55.0,166.2542,1
735,12.25,2.0659,2.2021,0.001,0.0,0.0,0.0,0.0,8.0,0.0008,0.1466,0.7002,0.1862,0.9194,0.4803,0.8692,93.5,88.5,114.0,55.0,166.2542,1
736,12.2667,2.0653,2.1953,0.1853,0.0003,0.3481,0.0,0.0,6.0,0.0008,0.0316,0.9507,0.0439,0.9694,0.4973,0.821,90.0,86.0,112.0,54.0,165.4888,2
737,12.2833,2.0655,2.1955,0.0007,0.0,0.0,0.0,0.0,6.0,0.0008,0.0316,0.9507,0.0439,0.9694,0.4973,0.821,90.0,86.0,112.0,54.0,165.4888,2
738,12.3,2.0619,2.1944,0.1829,0.0003,0.0892,0.0,0.0,5.0,0.0008,0.1144,0.9182,0.0217,0.9313,0.5021,0.8211,90.0,86.0,112.0,54.0,164.2918,2
739,12.3167,2.0618,2.1946,0.0013,0.0,0.0,0.0,0.0,5.0,0.0008,0.1144,0.9182,0.0217,0.9313,0.5021,0.8211,90.0,86.0,112.0,54.0,164.2918,2
740,12.3333,10.1704,8.6338,10.0309,0.0001,10.5077,1.0,8.0,6.0,0.0008,0.4053,0.9194,0.0861,0.9439,0.5176,0.8503,90.0,94.0,90.0,13.0,165.713,2
741,12.35,10.1773,8.6398,0.0264,0.0,0.4125,1.0,8.0,6.0,0.0008,0.4053,0.9194,0.0861,0.9439,0.5176,0.8503,90.0,94.0,90.0,10.0,165.7551,2
742,12.3667,10.1547,8.6178,0.1775,0.0002,0.3439,1.0,8.0,6.0,0.0008,0.4331,0.8418,0.0823,0.9972,0.5155,0.8791,91.0,96.0,91.0,10.0,169.2134,2
743,12.3833,10.1552,8.6187,0.0034,0.0,0.027,1.0,8.0,6.0,0.0008,0.4331,0.8418,0.0823,0.9972,0.5155,0.8791,91.0,96.0,91.0,10.0,169.2148,2
744,12.4,10.1562,8.6237,0.1134,0.0001,0.5744,1.0,8.0,6.0,0.0007,0.4375,0.8786,0.0937,0.9194,0.5165,0.8853,93.0,96.0,93.5,10.0,168.9401,1
745,12.4167,10.1567,8.6244,0.0028,0.0,0.0853,1.0,8.0,6.0,0.0007,0.4375,0.8786,0.0937,0.9194,0.5165,0.8853,93.0,96.0,93.5,10.0,168.9642,1
746,12.4333,10.1589,8.6377,0.1335,0.0001,0.3186,1.0,8.0,6.0,0.0008,0.4248,0.9526,0.1206,0.9381,0.5236,0.8728,90.0,94.0,91.0,11.0,168.0985,2
747,12.45,10.1591,8.6382,0.0015,0.0,0.0094,1.0,8.0,6.0,0.0008,0.4248,0.9526,0.1206,0.9381,0.5236,0.8728,90.0,94.0,91.0,11.0,168.0939,2
748,12.4667,10.2043,8.6812,0.1691,0.0002,0.3249,1.0,8.0,6.0,0.0008,0.1713,0.9167,0.0486,0.9381,0.5223,0.8457,87.0,89.0,88.0,12.0,165.6922,1
749,12.4833,10.2433,8.7955,0.0426,0.0,0.0524,1.0,8.0,6.0,0.0008,0.1713,0.9167,0.0486,0.9381,0.5223,0.8457,87.0,89.0,89.0,12.0,165.7259,1
750,12.5,10.4307,9.0917,0.2999,0.0006,1.0383,1.0,8.0,6.0,0.0013,0.1886,0.9877,0.0187,0.9194,0.5581,0.6969,70.0,77.0,74.0,13.0,159.0489,10
751,12.5167,10.4317,9.0939,0.0026,0.0,0.0,1.0,8.0,6.0,0.0013,0.1886,0.9877,0.0187,0.9194,0.5581,0.6969,70.0,77.0,74.0,13.0,159.0346,10
752,12.5333,10.3479,9.0054,0.4423,0.0009,0.7233,1.0,8.0,6.0,0.0011,0.1448,0.9642,0.0189,0.9444,0.5395,0.7716,70.0,77.0,75.5,12.0,162.6961,3
753,12.55,10.3486,9.0065,0.0039,0.0,0.0054,1.0,8.0,6.0,0.0011,0.1448,0.9642,0.0189,0.9444,0.5395,0.7716,70.0,77.0,75.5,12.0,162.7084,3
754,12.5667,10.3519,9.0296,0.3437,0.0007,0.3292,1.0,8.0,6.0,0.0011,0.171,0.9984,0.0547,0.9194,0.5381,0.7816,75.0,79.0,77.0,13.0,158.5304,5
755,12.5833,10.3938,9.1541,0.045,0.0,0.0135,1.0,8.0,6.0,0.0011,0.171,0.9984,0.0547,0.9194,0.5381,0.7816,75.0,79.0,77.0,13.0,158.4956,5
756,12.6,10.3858,9.1101,0.3911,0.0008,0.2068,1.0,8.0,6.0,0.0011,0.1298,0.958,0.025,0.9194,0.531,0.7595,74.0,82.0,79.0,13.0,159.7856,4
757,12.6167,10.3876,9.1125,0.0058,0.0,0.0,1.0,8.0,6.0,0.0011,0.1302,0.9578,0.025,0.9194,0.5305,0.7592,73.0,82.0,79.0,13.0,159.7776,4
758,12.6333,10.3131,9.0454,0.3333,0.0006,0.1308,1.0,8.0,6.0,0.0009,0.0993,0.8641,0.0444,0.9194,0.4796,0.8119,86.0,89.0,88.0,12.5,166.5015,1
759,12.65,10.3573,9.1768,0.046,0.0,0.0114,1.0,8.0,6.0,0.0009,0.0993,0.8641,0.0444,0.9194,0.4796,0.8119,86.0,89.0,88.0,12.5,166.5006,1
760,12.6667,10.4261,9.2592,0.1909,0.0003,0.6332,1.0,8.0,6.0,0.001,0.1291,0.9144,0.0217,0.9194,0.4884,0.7535,76.0,84.0,80.0,13.0,162.1553,4
761,12.6833,10.4271,9.261,0.0025,0.0,0.0,1.0,8.0,6.0,0.001,0.1291,0.9144,0.0217,0.9194,0.4884,0.7535,76.0,84.0,80.0,13.0,162.1553,4
762,12.7,10.4127,9.2817,0.3561,0.0005,0.2771,1.0,8.0,6.0,0.0008,0.1214,0.8523,0.0294,0.9261,0.4994,0.8275,87.0,93.0,90.0,12.0,166.3449,1
763,12.7167,10.4135,9.284,0.0028,0.0,0.0,1.0,8.0,6.0,0.0008,0.1214,0.8523,0.0294,0.9261,0.4994,0.8275,87.0,93.0,90.0,12.0,166.3189,1
764,12.7333,10.4623,9.4327,0.2822,0.0003,0.1139,1.0,8.0,6.0,0.0009,0.2268,0.839,0.0251,0.9278,0.507,0.8038,86.0,89.0,87.0,12.0,165.5819,1
765,12.75,10.4644,9.4373,0.0069,0.0,0.0528,1.0,8.0,6.0,0.0009,0.2268,0.839,0.0251,0.9278,0.507,0.8038,86.0,89.0,87.0,11.0,165.5863,1
766,12.7667,10.4323,9.3762,0.2329,0.0003,0.2809,1.0,8.0,6.0,0.0008,0.0183,0.9653,0.0167,0.9972,0.4959,0.8452,87.0,90.0,88.5,10.0,166.7878,2
767,12.7833,10.4777,9.5089,0.0521,0.0,0.0378,1.0,8.0,6.0,0.0008,0.0183,0.9653,0.0167,0.9972,0.4959,0.8452,87.0,90.0,89.5,10.0,166.8035,2
768,12.8,10.4688,9.548,0.2137,0.0002,0.3396,1.0,8.0,6.0,0.0008,0.2206,0.7834,0.0389,0.9972,0.4975,0.8685,90.0,95.0,91.0,10.0,166.5699,2
769,12.8167,10.4689,9.5491,0.0067,0.0,0.1087,1.0,8.0,6.0,0.0008,0.2206,0.7834,0.0389,0.9972,0.4975,0.8685,90.0,95.0,91.0,10.0,166.5693,2
770,12.8333,10.4866,9.6558,0.1242,0.0001,0.3436,1.0,8.0,6.0,0.0007,0.2952,0.6786,0.5284,0.9972,0.4996,0.9047,93.0,96.0,93.0,10.0,168.2915,2
771,12.85,10.4867,9.6565,0.009,0.0,0.1795,1.0,8.0,6.0,0.0007,0.2952,0.6786,0.5284,0.9972,0.4996,0.9047,93.0,96.0,93.0,11.0,168.2997,2
772,12.8667,10.567,9.825,0.1876,0.0002,0.8418,1.0,8.0,6.0,0.0008,0.2934,0.9604,0.0,0.9972,0.5242,0.8686,88.0,94.0,91.0,11.0,166.8879,3
773,12.8833,10.6154,9.9691,0.0546,0.0,0.0285,1.0,8.0,6.0,0.0008,0.2934,0.9604,0.0,0.9972,0.5242,0.8686,88.0,94.0,91.0,10.0,166.8727,3
774,12.9,10.6532,10.0904,0.1969,0.0002,0.8763,1.0,8.0,6.0,0.0008,0.4047,0.8591,0.185,0.9778,0.5137,0.8671,90.0,95.0,91.0,12.0,166.7201,1
775,12.9167,10.6551,10.0945,0.0149,0.0,0.0589,1.0,8.0,6.0,0.0008,0.4047,0.8591,0.185,0.9778,0.5137,0.8671,90.0,95.0,91.0,11.0,166.7122,1
776,12.9333,10.7526,10.2349,0.3429,0.0003,2.1414,1.0,8.0,6.0,0.0008,0.0999,0.9791,0.2033,0.9766,0.5215,0.871,88.0,93.0,91.0,10.0,167.8797,2
777,12.95,10.7869,10.3427,0.0516,0.0,0.0225,1.0,8.0,6.0,0.0008,0.0999,0.9791,0.2033,0.9766,0.5215,0.871,88.0,93.0,91.0,10.0,167.8594,2
778,12.9667,10.7789,10.4316,0.2665,0.0003,0.6876,1.0,8.0,6.0,0.0008,0.1278,0.805,0.1916,0.9653,0.4987,0.8815,90.0,95.0,94.0,10.0,165.7635,1
779,12.9833,10.8087,10.5223,0.0469,0.0,0.0,1.0,8.0,6.0,0.0008,0.1278,0.805,0.1916,0.9653,0.4987,0.8815,90.0,95.0,94.0,10.0,165.7635,1
780,13.0,10.917,10.8215,0.2943,0.0002,1.4213,1.0,8.0,6.0,0.0008,0.3123,0.9441,0.3362,0.9226,0.5102,0.8712,89.0,93.0,93.0,10.0,168.5769,1
781,13.0167,10.9363,10.8868,0.047,0.0,0.0468,1.0,8.0,6.0,0.0008,0.3123,0.9441,0.3362,0.9226,0.5102,0.8712,89.0,93.0,93.0,10.0,168.5067,1
782,13.0333,10.9594,10.9692,0.2605,0.0003,0.438,1.0,8.0,6.0,0.0008,0.2341,0.9054,0.0361,0.9311,0.5064,0.8267,88.5,94.5,93.0,9.5,166.3597,3
783,13.05,10.9867,11.0524,0.0558,0.0,0.0,1.0,8.0,6.0,0.0008,0.2354,0.9047,0.0361,0.9303,0.5063,0.8251,89.0,95.0,93.0,10.0,165.6663,3
784,13.0667,11.0501,11.2791,0.2607,0.0003,0.7173,1.0,8.0,6.0,0.0008,0.1436,0.8587,0.2144,0.928,0.5058,0.8551,90.0,95.0,93.5,10.0,160.0026,3
785,13.0833,11.1216,11.492,0.0917,0.0,0.4018,1.0,8.0,6.0,0.0009,0.1437,0.8503,0.2322,0.921,0.5048,0.8364,90.0,95.0,94.0,10.0,154.7306,4
786,13.1,11.1839,11.6174,0.2808,0.0003,1.4731,1.0,8.0,6.0,0.0009,0.173,0.8284,0.0361,0.9194,0.4985,0.7945,88.0,93.0,91.0,11.0,156.9998,5
787,13.1167,11.2479,11.8081,0.096,0.0,0.0735,1.0,8.0,6.0,0.0009,0.1684,0.8351,0.0361,0.9194,0.4989,0.8022,89.5,94.5,93.0,11.0,159.7882,4
788,13.1333,11.268,11.9581,0.3039,0.0003,1.1561,1.0,8.0,6.0,0.0008,0.2746,0.8117,0.2229,0.9847,0.4986,0.8717,93.0,96.0,96.0,10.0,166.8213,2
789,13.15,11.3376,12.1653,0.1152,0.0,0.2348,1.0,8.0,6.0,0.0008,0.2804,0.8103,0.2287,0.9832,0.4978,0.8497,94.0,97.0,97.0,10.0,160.8089,2
790,13.1667,11.477,12.4658,0.2625,0.0002,0.8602,1.0,8.0,6.0,0.0009,0.2473,0.8618,0.1772,0.9734,0.4993,0.8135,93.0,96.0,96.0,13.0,151.3458,4
791,13.1833,11.5765,12.7625,0.161,0.0001,0.5409,1.0,8.0,6.0,0.001,0.2494,0.8543,0.1796,0.9659,0.4991,0.7877,92.0,96.0,95.0,14.0,141.2611,5
792,13.2,11.7271,13.1243,0.4377,0.0006,1.1173,1.0,8.0,6.0,0.0013,0.2759,0.9578,0.0306,0.9972,0.5156,0.7231,88.0,93.0,93.0,15.0,128.7804,8
793,13.2167,11.8349,13.4449,0.2081,0.0002,0.6581,1.0,8.0,6.0,0.0013,0.2815,0.9576,0.031,0.9972,0.5149,0.7152,88.5,93.0,93.0,15.0,124.6945,10
794,13.2333,11.9807,13.898,0.519,0.0008,1.066,1.0,8.0,6.0,0.0013,0.2692,0.9638,0.0722,0.9381,0.5122,0.7156,81.0,86.0,84.0,15.0,124.8088,10
795,13.25,12.1502,14.4053,0.3221,0.0005,0.757,1.0,8.0,6.0,0.0014,0.2714,0.9628,0.0722,0.9348,0.5113,0.7039,80.5,85.0,84.0,15.0,120.5402,10
796,13.2667,12.4127,15.0744,0.7282,0.0012,2.0518,1.0,8.0,6.0,0.0016,0.2086,0.9781,0.0861,0.9389,0.5117,0.6811,83.5,87.5,87.0,17.0,113.8022,9
797,13.2833,12.707,15.9539,0.5932,0.001,1.5329,1.0,8.0,6.0,0.0019,0.2493,0.9749,0.0936,0.9336,0.5085,0.6527,74.5,79.0,79.0,19.0,103.7877,9
798,13.3,13.1941,17.1814,1.2894,0.0023,4.9896,1.0,8.0,6.0,0.0024,0.1259,0.9812,0.1171,0.9433,0.5229,0.6072,68.0,75.5,74.0,20.0,96.6142,13
799,13.3167,13.9084,19.3179,1.4971,0.0034,6.2993,1.0,8.0,6.0,0.0038,0.1951,0.9756,0.124,0.9194,0.5148,0.5623,61.0,67.5,66.5,25.0,78.4393,12
800,13.3333,17.6578,30.7444,5.79,0.0228,46.7567,1.0,8.0,6.0,0.0227,0.3297,0.6609,0.4111,0.9167,0.5105,0.507,18.0,27.0,25.0,80.0,47.9102,3
801,13.35,18.3274,32.7507,4.4139,0.0266,77.2514,1.0,8.0,6.0,0.03,0.3156,0.675,0.4111,0.9139,0.5033,0.507,39.0,49.0,47.0,45.0,43.6458,4
802,13.3667,18.726,33.9508,3.6351,0.0236,61.1151,1.0,8.0,6.0,0.0341,0.3073,0.6844,0.4111,0.9139,0.5005,0.5071,72.0,77.0,76.5,22.0,41.8642,6
803,13.3833,19.0488,34.9172,2.5982,0.0193,49.5686,1.0,8.0,6.0,0.0377,0.3014,0.6891,0.4111,0.9139,0.4973,0.5066,88.0,93.0,93.0,21.0,43.6546,6
804,13.4,19.3404,35.8092,2.534,0.0171,38.4435,1.0,8.0,6.0,0.0397,0.2953,0.6938,0.4083,0.9139,0.4973,0.5062,93.0,97.5,96.5,20.0,42.6072,8
805,13.4167,19.5062,36.3053,1.8347,0.0155,28.974,1.0,8.0,6.0,0.0401,0.2922,0.6984,0.4083,0.9139,0.4983,0.5063,98.0,103.0,102.0,20.0,41.1298,8
806,13.4333,19.5911,36.7908,1.9433,0.015,21.8937,1.0,8.0,6.0,0.0408,0.2891,0.7,0.4083,0.9139,0.4978,0.506,132.0,138.0,136.0,19.0,41.3272,2
807,13.45,19.7276,37.1993,1.4622,0.0125,20.7329,1.0,8.0,6.0,0.0419,0.2859,0.7031,0.4083,0.9139,0.4971,0.5057,138.0,147.5,146.0,19.0,43.0389,2
808,13.4667,19.8898,37.6421,1.5504,0.0113,18.6805,1.0,8.0,6.0,0.0421,0.2828,0.7062,0.4083,0.9139,0.4981,0.5055,150.0,158.5,157.0,19.0,42.6371,2
809,13.4833,20.0253,38.0466,1.2183,0.0105,16.0661,1.0,8.0,6.0,0.0425,0.2797,0.7094,0.4083,0.9139,0.4981,0.5055,168.0,176.0,175.0,18.0,43.1593,2
810,13.5,20.1358,38.4197,1.2554,0.0103,13.4976,1.0,8.0,6.0,0.0425,0.2781,0.7109,0.4083,0.9139,0.4994,0.5053,178.0,187.5,186.0,18.0,42.9598,2
811,13.5167,20.2274,38.6936,1.018,0.0098,10.2819,1.0,8.0,6.0,0.0427,0.275,0.7125,0.4083,0.9139,0.4991,0.5052,164.5,174.0,172.0,18.0,41.6577,2
812,13.5333,20.36,38.9935,1.1843,0.0099,8.9978,1.0,8.0,6.0,0.0436,0.2734,0.7156,0.4083,0.9139,0.4983,0.5049,181.0,190.0,189.0,17.0,43.524,3
813,13.55,20.4448,39.2467,0.8938,0.0084,8.9347,1.0,8.0,6.0,0.0439,0.2719,0.7172,0.4083,0.9139,0.4998,0.5048,187.0,195.0,193.0,17.0,44.1635,3
814,13.5667,20.5194,39.4357,1.0547,0.0089,7.7616,1.0,8.0,6.0,0.0438,0.2703,0.7188,0.4083,0.9139,0.5002,0.5055,178.0,188.0,186.0,17.0,43.4128,5
815,13.5833,20.625,39.7509,0.8073,0.0081,7.2908,1.0,8.0,6.0,0.0446,0.2688,0.7203,0.4083,0.9139,0.4999,0.5053,190.0,197.0,197.0,17.0,45.3206,5
816,13.6,20.6262,39.9738,0.9821,0.0077,6.74,1.0,8.0,6.0,0.0443,0.2672,0.7203,0.4083,0.9139,0.4993,0.5056,180.0,190.0,189.0,17.0,42.6837,2
817,13.6167,20.6758,40.1222,0.6786,0.0071,5.2911,1.0,8.0,6.0,0.0445,0.2665,0.7219,0.4083,0.9139,0.4997,0.5055,194.0,204.0,203.0,17.0,44.3009,2
818,13.6333,20.7214,40.2448,0.7808,0.007,4.8349,1.0,8.0,6.0,0.0445,0.2656,0.7234,0.4083,0.9139,0.5006,0.5051,193.0,202.0,200.0,17.0,42.6384,2
819,13.65,20.7726,40.3978,0.608,0.0065,4.733,1.0,8.0,6.0,0.0453,0.2641,0.7234,0.4083,0.9139,0.5007,0.505,197.0,208.0,205.0,17.0,44.5024,2
820,13.6667,20.8525,40.6742,0.699,0.0061,5.4384,1.0,8.0,6.0,0.0456,0.2625,0.725,0.4083,0.9139,0.5001,0.5051,192.0,202.0,200.0,17.0,44.3596,2
821,13.6833,20.8971,40.8057,0.5415,0.0063,3.7163,1.0,8.0,6.0,0.0455,0.2625,0.7266,0.4083,0.9139,0.5007,0.5052,198.0,210.0,209.0,17.0,43.6015,2
822,13.7,21.0118,40.9907,0.6951,0.006,3.8888,1.0,8.0,6.0,0.0458,0.2609,0.7266,0.4083,0.9139,0.5,0.5051,197.0,208.0,207.0,17.0,45.4393,2
823,13.7167,21.063,41.1436,0.4877,0.005,3.8804,1.0,8.0,6.0,0.0457,0.2594,0.7281,0.4083,0.9139,0.5,0.5052,188.0,200.0,197.0,17.0,44.2747,2
824,13.7333,21.1092,41.2615,0.6931,0.0058,3.143,1.0,8.0,6.0,0.0459,0.2594,0.7297,0.4083,0.9139,0.5,0.5051,196.0,210.0,208.0,17.0,43.9926,2
825,13.75,21.1257,41.3097,0.4131,0.0047,2.9763,1.0,8.0,6.0,0.046,0.2578,0.7297,0.4083,0.9139,0.5002,0.5052,202.0,210.0,208.0,16.0,44.4178,2
826,13.7667,21.1326,41.4126,0.6504,0.0053,3.3563,1.0,8.0,6.0,0.0463,0.2578,0.7297,0.4083,0.9139,0.4996,0.5051,201.0,210.0,208.0,16.0,45.2034,2
827,13.7833,21.1674,41.5167,0.3932,0.0043,2.9233,1.0,8.0,6.0,0.0463,0.2562,0.7312,0.4083,0.9139,0.499,0.5051,189.0,197.5,197.0,17.0,44.1363,2
828,13.8,21.1945,41.6531,0.5745,0.0045,2.7814,1.0,8.0,6.0,0.0464,0.2562,0.7312,0.4083,0.9139,0.5005,0.505,208.0,216.0,215.0,16.0,44.5466,2
829,13.8167,21.2062,41.6872,0.3435,0.0041,2.8182,1.0,8.0,6.0,0.0471,0.2562,0.7328,0.4083,0.9111,0.4995,0.5049,200.0,209.0,208.0,16.0,45.4227,2
830,13.8333,21.2443,41.8079,0.4616,0.0041,3.0434,1.0,8.0,6.0,0.0469,0.2547,0.7328,0.4083,0.9139,0.5005,0.5052,207.0,215.0,214.0,16.0,45.4,2
831,13.85,21.2505,41.8259,0.3039,0.0033,2.5676,1.0,8.0,6.0,0.047,0.2547,0.7328,0.4083,0.9139,0.5004,0.5052,198.0,209.0,207.5,16.0,45.0206,2
832,13.8667,21.2998,41.96,0.4706,0.0037,2.3493,1.0,8.0,6.0,0.0471,0.2547,0.7344,0.4083,0.9139,0.5002,0.5052,196.0,208.0,205.0,16.0,44.6998,2
833,13.8833,21.3404,42.0809,0.2878,0.0032,2.3895,1.0,8.0,6.0,0.047,0.2547,0.7344,0.4083,0.9139,0.5012,0.5051,211.0,219.0,218.0,16.0,45.0162,2
834,13.9,21.3602,42.1058,0.4358,0.0032,2.2652,1.0,8.0,6.0,0.0473,0.2531,0.7359,0.4083,0.9139,0.5006,0.5057,204.0,212.0,210.0,16.0,45.31,4
835,13.9167,21.3684,42.1302,0.2313,0.0029,2.0669,1.0,8.0,6.0,0.0473,0.2531,0.7359,0.4083,0.9139,0.5004,0.5058,204.0,214.0,212.0,16.0,45.8175,4
836,13.9333,21.5861,42.3939,0.6411,0.0034,2.4767,1.0,8.0,6.0,0.0476,0.2516,0.7375,0.4083,0.9139,0.5005,0.5069,195.0,203.0,203.0,16.0,46.0731,6
837,13.95,21.5984,42.4299,0.203,0.0023,1.7429,1.0,8.0,6.0,0.0474,0.2516,0.7375,0.4083,0.9139,0.501,0.5069,192.0,202.0,200.0,16.0,45.6291,6
838,13.9667,21.4906,42.4183,0.6187,0.0032,2.2717,1.0,8.0,6.0,0.0476,0.2516,0.7359,0.4083,0.9139,0.4996,0.5057,181.5,195.0,192.0,16.0,45.0131,2
839,13.9833,21.4995,42.4451,0.1971,0.0022,1.7945,1.0,8.0,6.0,0.0472,0.2516,0.7375,0.4083,0.9139,0.5,0.5058,202.0,214.0,212.0,16.0,44.528,2
840,14.0,21.4606,42.4563,0.4783,0.0024,2.221,1.0,8.0,6.0,0.0472,0.2516,0.7359,0.4083,0.9139,0.4998,0.5055,210.0,218.5,217.0,16.0,44.6972,2
841,14.0167,21.4742,42.5049,0.1692,0.0019,1.5406,1.0,8.0,6.0,0.0475,0.2516,0.7375,0.4083,0.9139,0.5001,0.5057,208.0,216.0,215.0,16.0,44.714,2
842,14.0333,21.5205,42.5707,0.3777,0.0019,1.5696,1.0,8.0,6.0,0.0476,0.25,0.7375,0.4083,0.9139,0.5004,0.5057,202.0,210.0,209.0,16.0,44.8405,3
843,14.05,21.5236,42.5786,0.1426,0.0019,1.2873,1.0,8.0,6.0,0.0476,0.25,0.7375,0.4083,0.9139,0.5006,0.5056,203.0,213.0,211.0,16.0,45.0053,3
844,14.0667,21.5335,42.5848,0.3349,0.0018,1.3046,1.0,8.0,6.0,0.0477,0.25,0.7375,0.4083,0.9139,0.5004,0.5057,208.0,216.0,215.0,16.0,45.281,2
845,14.0833,21.5517,42.6383,0.1342,0.0015,1.3738,1.0,8.0,6.0,0.0478,0.25,0.7375,0.4083,0.9139,0.5003,0.5058,208.0,217.0,216.0,16.0,45.4209,2
846,14.1,21.649,42.7328,0.4167,0.0016,1.2004,1.0,8.0,6.0,0.048,0.25,0.7391,0.4083,0.9139,0.5007,0.5056,202.0,213.0,210.0,16.0,46.0927,3
847,14.1167,21.6494,42.7334,0.1101,0.0012,1.1148,1.0,8.0,6.0,0.048,0.25,0.7391,0.4083,0.9139,0.5005,0.5056,204.0,214.0,211.0,16.0,45.7528,3
848,14.1333,21.7556,42.892,0.5353,0.0018,0.9518,1.0,8.0,6.0,0.0482,0.25,0.7406,0.4056,0.9139,0.5012,0.5057,198.0,210.0,208.0,16.0,45.7958,10
849,14.15,21.7562,42.8933,0.0838,0.0009,0.7981,1.0,8.0,6.0,0.0481,0.2484,0.7406,0.4056,0.9139,0.5012,0.5057,195.0,207.0,204.0,16.0,45.6077,10
850,14.1667,21.6483,42.7858,0.3566,0.0014,0.7596,1.0,8.0,6.0,0.0479,0.25,0.7391,0.4083,0.9139,0.5,0.5056,193.0,207.0,203.0,16.0,45.3062,2
851,14.1833,21.6591,42.8177,0.0822,0.0008,0.7838,1.0,8.0,6.0,0.048,0.2484,0.7391,0.4083,0.9139,0.4999,0.5056,189.0,200.0,197.0,16.0,45.2132,2
852,14.2,21.7188,42.8868,0.4592,0.0013,0.7214,1.0,8.0,6.0,0.0481,0.2484,0.7391,0.4083,0.9139,0.4994,0.5054,193.0,204.0,203.0,16.0,45.0672,5
853,14.2167,21.7242,42.9016,0.0535,0.0006,0.5065,1.0,8.0,6.0,0.0481,0.2484,0.7391,0.4083,0.9139,0.4994,0.5054,196.0,207.0,205.0,16.0,45.1117,5
854,14.2333,21.7203,42.9194,0.414,0.0011,0.4223,1.0,8.0,6.0,0.0481,0.2484,0.7391,0.4083,0.9139,0.4989,0.505,196.0,207.0,205.0,16.0,45.1841,4
855,14.25,21.724,42.9304,0.047,0.0006,0.4895,1.0,8.0,6.0,0.0479,0.2484,0.7391,0.4083,0.9139,0.4993,0.505,204.0,218.0,215.0,16.0,44.9638,4
856,14.2667,21.6792,42.8688,0.3907,0.0008,0.2672,1.0,8.0,6.0,0.0479,0.2484,0.7391,0.4083,0.9139,0.4997,0.506,204.0,218.0,215.0,16.0,44.8153,3
857,14.2833,21.6789,42.867,0.024,0.0003,0.2262,1.0,8.0,6.0,0.0479,0.2484,0.7391,0.4083,0.9139,0.5,0.5059,205.0,218.0,216.0,16.0,44.8033,3
858,14.3,21.8103,42.9687,0.4703,0.0008,0.1466,1.0,8.0,6.0,0.048,0.2484,0.7391,0.4083,0.9139,0.5004,0.5063,207.0,216.0,214.5,16.0,45.3293,7
859,14.3167,21.8112,42.9692,0.007,0.0,0.0487,1.0,8.0,6.0,0.048,0.2484,0.7391,0.4083,0.9139,0.5004,0.5063,207.0,216.0,214.0,16.0,45.3327,7
860,14.3333,21.647,42.8342,0.2265,0.0003,0.0464,1.0,8.0,6.0,0.0478,0.2484,0.7391,0.4083,0.9139,0.5008,0.5062,211.0,222.0,219.0,16.0,44.9304,4
861,14.35,21.6471,42.8338,0.0062,0.0001,0.0446,1.0,8.0,6.0,0.0478,0.2484,0.7391,0.4083,0.9139,0.5008,0.5062,211.0,222.0,219.0,16.0,44.9182,4
862,14.3667,21.6182,42.8257,0.2657,0.0005,0.0742,1.0,8.0,6.0,0.0478,0.2484,0.7391,0.4083,0.9139,0.5007,0.5057,211.0,222.0,219.0,16.0,44.9224,5
863,14.3833,21.6228,42.8397,0.0097,0.0001,0.0838,1.0,8.0,6.0,0.0478,0.2484,0.7391,0.4083,0.9139,0.5009,0.5057,210.0,219.0,219.0,16.0,44.918,5
864,14.4,21.6204,42.8697,0.2059,0.0005,0.2235,1.0,8.0,6.0,0.0477,0.2484,0.7391,0.4083,0.9112,0.5006,0.5052,211.0,222.0,220.0,16.0,44.7974,4
865,14.4167,21.6305,42.8989,0.0147,0.0002,0.1493,1.0,8.0,6.0,0.0477,0.2484,0.7391,0.4083,0.9111,0.5009,0.5051,211.0,222.0,221.0,16.0,44.8112,4
866,14.4333,21.6025,42.8905,0.2009,0.0007,0.3256,1.0,8.0,6.0,0.0478,0.2484,0.7391,0.4083,0.9139,0.5006,0.5058,211.0,222.5,221.0,16.0,44.5837,3
867,14.45,21.6234,42.9526,0.0284,0.0003,0.3047,1.0,8.0,6.0,0.0478,0.2484,0.7391,0.4083,0.9139,0.5005,0.5057,212.0,222.0,221.0,16.0,44.5792,3
868,14.4667,21.6435,43.0354,0.1591,0.0006,0.4388,1.0,8.0,6.0,0.0477,0.2484,0.7391,0.4083,0.9139,0.5003,0.5054,214.0,222.0,221.0,16.0,44.6246,3
869,14.4833,21.6715,43.1179,0.043,0.0006,0.4682,1.0,8.0,6.0,0.0479,0.2484,0.7391,0.4083,0.9139,0.5003,0.5054,211.0,221.0,219.0,16.0,44.3633,3
870,14.5,21.6995,43.205,0.1109,0.0008,0.6116,1.0,8.0,6.0,0.0479,0.2484,0.7391,0.4083,0.9139,0.5007,0.5052,211.0,222.0,219.0,16.0,44.1025,3
871,14.5167,21.7316,43.3007,0.0559,0.0007,0.5438,1.0,8.0,6.0,0.0479,0.2484,0.7391,0.4056,0.9139,0.5004,0.5051,212.0,223.0,222.0,16.0,44.0224,3
872,14.5333,21.8398,43.4889,0.2443,0.0012,0.7644,1.0,8.0,6.0,0.0481,0.2484,0.7406,0.4056,0.9113,0.5004,0.5043,205.0,214.0,212.0,16.0,44.2288,2
873,14.55,21.8888,43.635,0.0797,0.0011,0.6548,1.0,8.0,6.0,0.048,0.2484,0.7406,0.4056,0.9121,0.5011,0.5043,211.0,218.0,217.0,16.0,44.0106,2
874,14.5667,21.9496,43.8099,0.2974,0.0015,0.9102,1.0,8.0,6.0,0.0483,0.2484,0.7406,0.4056,0.913,0.5007,0.5046,200.0,209.0,207.5,16.0,44.3899,4
875,14.5833,22.0076,43.9817,0.1007,0.0013,0.8931,1.0,8.0,6.0,0.0487,0.2473,0.7406,0.4056,0.9111,0.5007,0.5043,193.0,203.0,201.0,16.0,44.9145,4
876,14.6,22.067,44.1827,0.3263,0.0017,1.1488,1.0,8.0,6.0,0.049,0.2484,0.7406,0.4056,0.9116,0.5012,0.5035,190.0,198.0,197.0,16.0,44.9212,3
877,14.6167,22.1455,44.4177,0.1246,0.0016,1.229,1.0,8.0,6.0,0.0492,0.2469,0.7406,0.4028,0.9111,0.5002,0.5033,196.0,207.0,204.0,16.0,45.2508,3
878,14.6333,22.2818,44.7251,0.401,0.0024,1.4534,1.0,8.0,6.0,0.0495,0.2469,0.7406,0.4028,0.9111,0.5002,0.5029,197.0,210.0,209.0,16.0,45.725,5
879,14.65,22.3779,45.0127,0.1519,0.0017,1.4272,1.0,8.0,6.0,0.0498,0.2469,0.7406,0.4028,0.9111,0.5005,0.5027,202.0,214.0,212.0,16.0,45.7611,5
880,14.6667,22.4281,45.3306,0.3396,0.0026,1.7091,1.0,8.0,6.0,0.05,0.2469,0.7406,0.4028,0.9111,0.4996,0.5023,193.5,203.5,202.0,16.0,44.7352,2
881,14.6833,22.5546,45.7094,0.2004,0.0026,1.7467,1.0,8.0,6.0,0.0499,0.2469,0.7406,0.4,0.9111,0.501,0.5019,200.0,209.0,208.0,16.0,43.7118,2
882,14.7,22.7236,46.1496,0.4292,0.003,1.6209,1.0,8.0,6.0,0.0496,0.2469,0.7422,0.4,0.9111,0.5018,0.5021,202.5,212.0,210.5,16.0,43.1383,4
883,14.7167,22.892,46.6522,0.2564,0.0033,1.7227,1.0,8.0,6.0,0.0503,0.2453,0.7422,0.4,0.9111,0.5008,0.5011,193.0,204.0,202.0,16.0,43.6664,4
884,14.7333,23.0877,47.2374,0.5098,0.0041,2.1694,1.0,8.0,6.0,0.051,0.2453,0.7422,0.3972,0.9111,0.5007,0.5007,192.0,201.0,198.0,16.0,44.4291,3
885,14.75,23.3107,47.9047,0.3451,0.0043,2.8582,1.0,8.0,6.0,0.0519,0.2453,0.7422,0.3972,0.9111,0.5001,0.4995,187.0,195.0,194.0,16.0,44.9086,3
886,14.7667,23.5556,48.7345,0.6497,0.0058,3.1512,1.0,8.0,6.0,0.0517,0.2453,0.7422,0.3944,0.9111,0.5013,0.4989,190.0,201.0,198.0,16.0,44.2821,2
887,14.7833,23.911,49.7993,0.5632,0.0068,3.9829,1.0,8.0,6.0,0.0527,0.2453,0.7422,0.3917,0.9111,0.5003,0.4978,187.0,195.0,194.0,16.0,45.6905,2
888,14.8,24.3844,51.2308,1.0208,0.0098,7.7186,1.0,8.0,6.0,0.0534,0.2438,0.7422,0.3889,0.9111,0.4993,0.496,171.0,179.0,178.0,16.0,44.9772,3
889,14.8167,25.1087,53.4016,2.043,0.0181,23.188,1.0,8.0,6.0,0.0546,0.2453,0.7406,0.3833,0.9111,0.4985,0.4942,152.0,158.0,154.0,17.0,43.8954,3
890,14.8333,28.1428,62.4705,12.268,0.0593,121.5821,1.0,8.0,6.0,0.0572,0.2625,0.7234,0.3639,0.9111,0.5016,0.4826,82.0,87.0,87.0,20.0,45.5583,2
891,14.85,31.7528,73.2751,7.8381,0.048,93.4689,1.0,8.0,6.0,0.0602,0.25,0.7375,0.3444,0.9111,0.5065,0.4717,66.0,73.0,72.0,21.0,45.5623,2
892,14.8667,32.5074,75.5598,2.1187,0.0182,17.6075,1.0,8.0,6.0,0.0592,0.25,0.7359,0.3389,0.9111,0.5079,0.4683,67.0,75.0,74.0,23.0,46.4487,2
893,14.8833,32.9831,76.9704,1.5832,0.0146,13.077,1.0,8.0,6.0,0.0585,0.25,0.7359,0.3361,0.9111,0.5092,0.4661,58.0,67.5,66.0,25.0,47.28,2
894,14.9,33.3071,77.9408,1.4329,0.0126,9.371,1.0,8.0,6.0,0.0571,0.2516,0.7344,0.3333,0.9111,0.5114,0.4643,63.0,72.0,70.0,24.0,45.4564,2
895,14.9167,33.5454,78.6424,1.1123,0.0111,7.7253,1.0,8.0,6.0,0.0569,0.2516,0.7344,0.3306,0.9111,0.5121,0.4632,55.5,65.0,63.0,26.0,46.5832,2
896,14.9333,33.7741,79.201,1.1239,0.0099,5.9968,1.0,8.0,6.0,0.056,0.2531,0.7344,0.3306,0.9111,0.5131,0.4627,63.0,70.0,69.0,23.0,45.081,2
897,14.95,33.921,79.6334,0.8405,0.009,4.8896,1.0,8.0,6.0,0.0561,0.2531,0.7328,0.3278,0.9111,0.5139,0.4619,65.0,72.0,70.0,24.0,46.4664,2
898,14.9667,34.0325,80.0002,0.9442,0.0082,4.6435,1.0,8.0,6.0,0.0556,0.2531,0.7328,0.3278,0.9111,0.5135,0.4616,62.0,69.0,68.0,27.0,46.1705,3
899,14.9833,34.1307,80.2913,0.6588,0.0073,3.7795,1.0,8.0,6.0,0.0552,0.2547,0.7328,0.325,0.9111,0.5143,0.4614,61.0,68.0,67.0,24.0,45.7443,3
900,15.0,34.2154,80.4833,0.9205,0.0071,3.8234,1.0,8.0,6.0,0.0548,0.2547,0.7312,0.325,0.9111,0.5151,0.4613,56.0,66.0,63.0,28.0,45.9416,2
901,15.0167,34.2959,80.7334,0.5058,0.0059,2.9404,1.0,8.0,6.0,0.0547,0.2547,0.7312,0.325,0.9111,0.515,0.4608,60.5,68.0,67.0,25.0,46.1586,2
902,15.0333,34.3527,80.9334,0.6931,0.0056,3.028,1.0,8.0,6.0,0.0546,0.2562,0.7312,0.325,0.9111,0.515,0.4608,60.0,70.0,68.0,27.0,46.4613,4
903,15.05,34.4084,81.0967,0.4202,0.0047,2.8404,1.0,8.0,6.0,0.0544,0.2562,0.7312,0.3222,0.9111,0.5158,0.4605,58.0,66.0,65.0,27.0,46.6909,4
904,15.0667,34.4607,81.2532,0.5691,0.0047,2.8118,1.0,8.0,6.0,0.054,0.2562,0.7297,0.3222,0.9111,0.516,0.4608,61.0,68.0,67.0,28.0,46.6695,3
905,15.0833,34.5016,81.3711,0.3443,0.004,2.3158,1.0,8.0,6.0,0.0536,0.2562,0.7297,0.3222,0.9111,0.516,0.4605,61.0,68.0,66.0,26.0,46.0876,3
906,15.1,34.5704,81.504,0.5626,0.0039,2.1804,1.0,8.0,6.0,0.0533,0.2562,0.7297,0.3222,0.9111,0.5153,0.4602,58.0,66.0,65.0,26.0,45.4103,4
907,15.1167,34.6018,81.597,0.2825,0.003,1.9259,1.0,8.0,6.0,0.0532,0.2562,0.7297,0.3222,0.9111,0.5155,0.4599,58.0,65.0,63.0,28.5,45.3691,4
908,15.1333,34.5896,81.6515,0.4839,0.0032,1.8821,1.0,8.0,6.0,0.0532,0.2571,0.7297,0.3222,0.9111,0.5155,0.4596,62.0,69.0,69.0,28.0,45.489,2
909,15.15,34.613,81.7215,0.2261,0.0026,1.6903,1.0,8.0,6.0,0.0532,0.2578,0.7297,0.3194,0.9111,0.5156,0.4596,63.0,70.0,69.0,28.0,46.0599,2
910,15.1667,34.6206,81.7676,0.3026,0.0024,1.6488,1.0,8.0,6.0,0.0532,0.2578,0.7281,0.3194,0.9111,0.5156,0.4596,63.0,72.0,69.0,28.0,46.417,2
911,15.1833,34.6429,81.832,0.1838,0.002,1.4894,1.0,8.0,6.0,0.0532,0.2578,0.7281,0.3194,0.9111,0.5151,0.4595,62.0,70.0,69.0,28.0,46.5545,2
912,15.2,34.6547,81.8562,0.3234,0.0018,1.1846,1.0,8.0,6.0,0.0532,0.2578,0.7281,0.3194,0.9111,0.5151,0.4595,61.0,70.0,69.0,27.0,46.6282,2
913,15.2167,34.6702,81.9013,0.1502,0.0016,1.286,1.0,8.0,6.0,0.0531,0.2578,0.7281,0.3194,0.9111,0.5151,0.4592,56.0,65.0,63.0,30.0,47.0193,2
914,15.2333,34.6864,81.9306,0.2718,0.0013,0.8917,1.0,8.0,6.0,0.053,0.2578,0.7281,0.3194,0.9111,0.515,0.4591,58.0,67.0,66.0,29.0,47.0001,2
915,15.25,34.7041,81.9825,0.1193,0.0012,0.9395,1.0,8.0,6.0,0.0529,0.2578,0.7281,0.3194,0.9111,0.5147,0.459,55.0,65.0,62.0,32.0,47.1569,3
916,15.2667,34.7339,82.0376,0.2799,0.0012,0.6725,1.0,8.0,6.0,0.053,0.2578,0.7281,0.3194,0.9111,0.5144,0.4588,56.0,65.0,63.0,31.0,47.1988,4
917,15.2833,34.7472,82.0762,0.0932,0.001,0.576,1.0,8.0,6.0,0.0531,0.2578,0.7281,0.3167,0.9111,0.5141,0.4583,58.0,65.0,63.0,33.0,47.2863,4
918,15.3,35.0303,82.2501,0.5454,0.0017,0.4819,1.0,8.0,6.0,0.0538,0.2578,0.7297,0.3139,0.9139,0.5134,0.4594,59.0,66.0,65.0,33.0,48.019,9
919,15.3167,35.0414,82.2823,0.1036,0.0011,0.3539,1.0,8.0,6.0,0.054,0.2578,0.7297,0.3028,0.9125,0.5125,0.4586,60.0,67.0,66.0,33.0,47.9686,9
920,15.3333,35.0536,82.4439,0.4759,0.0021,0.1864,1.0,8.0,6.0,0.054,0.2578,0.7297,0.275,0.9111,0.5119,0.4575,63.0,70.0,69.0,27.0,48.7887,8
921,15.35,35.125,82.6574,0.0764,0.0007,0.0893,1.0,8.0,6.0,0.0541,0.2578,0.7297,0.275,0.9111,0.5122,0.4572,63.0,72.0,69.0,27.0,48.798,9
922,15.3667,35.0705,82.6946,0.5918,0.0017,0.153,1.0,8.0,6.0,0.0543,0.2578,0.7281,0.2778,0.9111,0.5126,0.4552,67.0,75.0,73.0,28.0,48.5955,7
923,15.3833,35.085,82.7363,0.086,0.0009,0.0913,1.0,8.0,6.0,0.0547,0.2578,0.7281,0.2778,0.9111,0.5133,0.4541,72.0,79.0,77.0,26.0,48.8084,7
924,15.4,35.0868,82.7688,0.4614,0.0014,0.1464,1.0,8.0,6.0,0.0549,0.2578,0.7281,0.2778,0.9111,0.5133,0.4535,72.0,81.0,79.0,26.0,48.7628,2
925,15.4167,35.0949,82.7915,0.0669,0.0006,0.1073,1.0,8.0,6.0,0.0551,0.2578,0.7281,0.2778,0.9111,0.5135,0.453,72.0,81.0,79.0,26.0,48.7978,2
926,15.4333,35.0161,82.7684,0.4227,0.0012,0.2052,1.0,8.0,6.0,0.0552,0.2578,0.7281,0.2778,0.9111,0.514,0.4524,75.5,83.0,82.0,25.0,48.5643,4
927,15.45,35.0235,82.7882,0.0567,0.0004,0.2182,1.0,8.0,6.0,0.0551,0.2578,0.7281,0.2778,0.9111,0.5139,0.4526,75.0,83.0,82.0,25.0,48.5679,5
928,15.4667,34.973,82.7706,0.2731,0.0009,0.1662,1.0,8.0,6.0,0.0551,0.2578,0.7281,0.2778,0.9111,0.514,0.4519,77.0,84.0,83.0,25.0,48.5683,3
929,15.4833,34.9791,82.7879,0.0471,0.0004,0.1916,1.0,8.0,6.0,0.0551,0.2578,0.7281,0.2778,0.9111,0.514,0.4519,76.0,84.0,83.0,24.0,48.4871,4
930,15.5,34.9758,82.8023,0.1432,0.0006,0.2199,1.0,8.0,6.0,0.0551,0.2578,0.7281,0.2778,0.9111,0.5139,0.4519,80.0,87.0,86.0,24.0,48.7217,4
931,15.5167,34.98,82.8151,0.041,0.0003,0.1691,1.0,8.0,6.0,0.055,0.2578,0.7281,0.2778,0.9111,0.5138,0.452,78.0,87.0,86.0,24.0,48.6745,5
932,15.5333,34.987,82.8521,0.197,0.0006,0.1685,1.0,8.0,6.0,0.0551,0.2578,0.7281,0.2778,0.9111,0.5141,0.4518,81.0,89.0,88.0,24.0,48.7711,4
933,15.55,34.9914,82.8644,0.0361,0.0002,0.2728,1.0,8.0,6.0,0.0551,0.2578,0.7281,0.2778,0.9111,0.514,0.4519,81.0,89.0,88.0,23.5,48.9046,4
934,15.5667,34.995,82.8792,0.1703,0.0005,0.165,1.0,8.0,6.0,0.055,0.2578,0.7281,0.2778,0.9111,0.514,0.4518,81.0,88.0,87.0,23.0,48.871,3
935,15.5833,34.9982,82.8878,0.0343,0.0003,0.1586,1.0,8.0,6.0,0.0551,0.2578,0.7281,0.275,0.9111,0.5141,0.4516,82.0,90.0,89.0,23.0,49.0053,3
936,15.6,35.0319,82.9475,0.2296,0.0005,0.3384,1.0,8.0,6.0,0.0551,0.2578,0.7281,0.275,0.9111,0.5141,0.4521,82.0,90.0,89.0,23.0,49.1449,4
937,15.6167,35.0348,82.955,0.0329,0.0002,0.1453,1.0,8.0,6.0,0.0551,0.2578,0.7281,0.275,0.9111,0.514,0.4522,80.0,88.5,87.0,23.0,49.0234,4
938,15.6333,35.0297,82.9272,0.2373,0.0006,0.1733,1.0,8.0,6.0,0.0552,0.2578,0.7281,0.2722,0.9111,0.5144,0.4516,82.0,89.0,88.0,23.0,48.8727,3
939,15.65,35.0315,82.9317,0.0289,0.0002,0.2231,1.0,8.0,6.0,0.0551,0.2578,0.7281,0.2722,0.9111,0.5144,0.4518,82.0,90.0,89.0,23.0,49.1447,3
940,15.6667,35.0848,82.9497,0.1987,0.0005,0.2677,1.0,8.0,6.0,0.0552,0.2578,0.7297,0.2722,0.9111,0.5148,0.452,81.0,89.0,88.0,22.0,49.4972,6
941,15.6833,35.0877,82.9578,0.0262,0.0001,0.1641,1.0,8.0,6.0,0.0553,0.2578,0.7297,0.2722,0.9111,0.5148,0.4519,82.0,89.0,88.0,23.0,49.4549,6
942,15.7,35.0704,82.9152,0.3096,0.0007,0.1767,1.0,8.0,6.0,0.0552,0.2578,0.7281,0.2722,0.9111,0.5136,0.4522,81.0,89.0,88.0,23.0,49.3488,4
943,15.7167,35.0726,82.9201,0.0235,0.0002,0.1459,1.0,8.0,6.0,0.0553,0.2578,0.7281,0.2694,0.9111,0.5139,0.4518,82.5,90.0,89.0,23.0,49.2285,4
944,15.7333,35.0724,82.9214,0.2564,0.0005,0.2296,1.0,8.0,6.0,0.0551,0.2578,0.7281,0.2722,0.9111,0.5137,0.4515,83.0,91.0,90.0,23.0,49.2785,4
945,15.75,35.0748,82.927,0.022,0.0001,0.1927,1.0,8.0,6.0,0.0551,0.2578,0.7281,0.2694,0.9111,0.5136,0.4516,83.0,91.0,90.0,23.0,49.3772,4
946,15.7667,35.0289,82.9269,0.2486,0.0003,0.2468,1.0,8.0,6.0,0.055,0.2578,0.7281,0.2722,0.9111,0.5137,0.4518,84.0,93.0,91.0,23.0,49.3319,4
947,15.7833,35.031,82.9321,0.0192,0.0001,0.1165,1.0,8.0,6.0,0.0551,0.2578,0.7281,0.2722,0.9111,0.5136,0.4518,84.0,94.0,91.0,23.0,49.2654,4
948,15.8,35.0175,82.9222,0.2048,0.0003,0.15,1.0,8.0,6.0,0.0551,0.2578,0.7281,0.2694,0.9111,0.5137,0.4517,83.0,91.0,90.0,23.0,49.2117,3
949,15.8167,35.0199,82.9288,0.0201,0.0001,0.1194,1.0,8.0,6.0,0.055,0.2578,0.7281,0.2694,0.9111,0.5137,0.4518,84.0,91.0,90.0,23.0,49.1724,3
950,15.8333,35.0227,82.9374,0.1185,0.0003,0.128,1.0,8.0,6.0,0.0552,0.2578,0.7281,0.2694,0.9111,0.5136,0.4514,86.0,94.0,93.0,23.0,49.1156,3
951,15.85,35.0231,82.9383,0.0165,0.0,0.1668,1.0,8.0,6.0,0.0552,0.2578,0.7281,0.2694,0.9111,0.5136,0.4514,86.0,94.0,93.0,23.0,49.226,3
952,15.8667,35.0342,82.9504,0.1901,0.0004,0.1559,1.0,8.0,6.0,0.0551,0.2578,0.7281,0.2694,0.9139,0.5135,0.4521,84.0,93.5,91.0,23.0,49.3667,5
953,15.8833,35.0369,82.9574,0.0151,0.0001,0.1349,1.0,8.0,6.0,0.0552,0.2578,0.7281,0.2694,0.9139,0.5135,0.4521,84.0,94.0,91.0,23.0,49.43,5
954,15.9,35.0463,82.9814,0.1748,0.0003,0.1736,1.0,8.0,6.0,0.0552,0.2578,0.7281,0.2694,0.9111,0.5138,0.4517,84.0,94.0,91.0,23.0,49.5654,4
955,15.9167,35.0473,82.9839,0.0122,0.0001,0.1208,1.0,8.0,6.0,0.0551,0.2578,0.7281,0.2694,0.9111,0.5138,0.4518,84.0,94.0,91.0,23.0,49.622,4
956,15.9333,35.1081,83.0084,0.264,0.0005,0.1478,1.0,8.0,6.0,0.0552,0.2578,0.7281,0.2694,0.9139,0.5138,0.4524,83.0,93.0,91.0,22.0,49.9125,7
957,15.95,35.1088,83.0101,0.0127,0.0,0.0768,1.0,8.0,6.0,0.0552,0.2578,0.7281,0.2694,0.9139,0.5138,0.4524,83.0,93.0,91.0,23.0,49.8822,7
958,15.9667,35.1187,83.0508,0.3116,0.0007,0.2152,1.0,8.0,6.0,0.0552,0.2578,0.7297,0.2694,0.9111,0.5142,0.4521,84.0,93.0,91.0,23.0,49.8179,6
959,15.9833,35.121,83.0558,0.0125,0.0001,0.0747,1.0,8.0,6.0,0.0552,0.2578,0.7297,0.2694,0.9111,0.5142,0.4521,83.0,91.0,90.0,23.0,49.7837,6
960,16.0,35.1004,82.9958,0.4157,0.0011,0.9078,1.0,8.0,6.0,0.055,0.2578,0.7281,0.2694,0.9111,0.5139,0.452,86.0,94.0,93.0,23.0,49.7362,4
961,16.0167,35.0963,82.9959,0.026,0.0002,0.0779,1.0,8.0,6.0,0.055,0.2578,0.7281,0.2667,0.9111,0.5141,0.4519,84.0,93.0,91.0,23.0,49.7268,4
962,16.0333,35.0249,82.9478,0.278,0.0005,0.1613,1.0,8.0,6.0,0.0551,0.2578,0.7281,0.2667,0.9111,0.514,0.4517,84.0,93.0,91.0,23.0,49.5931,4
963,16.05,35.0268,82.9522,0.0127,0.0,0.0984,1.0,8.0,6.0,0.0551,0.2578,0.7281,0.2667,0.9111,0.5141,0.4516,87.0,94.0,93.0,23.0,49.5551,4
964,16.0667,35.0265,82.9592,0.1946,0.0004,0.1261,1.0,8.0,6.0,0.0551,0.2578,0.7281,0.2667,0.9111,0.5145,0.4511,87.0,95.0,93.5,22.0,49.5879,3
965,16.0833,35.0278,82.9623,0.0081,0.0,0.0736,1.0,8.0,6.0,0.0551,0.2578,0.7281,0.2667,0.9111,0.5145,0.4511,87.0,95.0,94.0,22.0,49.6252,3
966,16.1,35.0456,82.9356,0.2329,0.0005,0.1489,1.0,8.0,6.0,0.0552,0.2578,0.7281,0.2667,0.9111,0.5143,0.4514,87.0,94.0,93.0,23.0,49.8345,3
967,16.1167,35.0463,82.9365,0.0073,0.0,0.057,1.0,8.0,6.0,0.0552,0.2578,0.7281,0.2667,0.9111,0.5143,0.4514,86.5,94.0,93.0,23.0,49.8947,3
968,16.1333,35.0452,82.956,0.2389,0.0005,0.1593,1.0,8.0,6.0,0.0551,0.2578,0.7281,0.2667,0.9111,0.5144,0.4516,86.5,94.0,93.0,23.0,49.8613,5
969,16.15,35.0457,82.9561,0.0069,0.0001,0.0458,1.0,8.0,6.0,0.0551,0.2578,0.7281,0.2667,0.9111,0.5144,0.4516,86.0,94.0,91.0,23.0,49.9219,5
970,16.1667,35.0737,82.9669,0.1675,0.0003,0.0975,1.0,8.0,6.0,0.0551,0.2578,0.7281,0.2667,0.9111,0.5142,0.4515,86.0,94.0,91.0,23.0,49.9406,4
971,16.1833,35.0742,82.9668,0.0061,0.0,0.0429,1.0,8.0,6.0,0.0551,0.2578,0.7281,0.2667,0.9111,0.5143,0.4515,86.0,94.0,91.0,23.0,49.9451,4
972,16.2,35.1232,83.0248,0.3361,0.0006,0.1216,1.0,8.0,6.0,0.0552,0.2578,0.7281,0.2667,0.9111,0.5142,0.4513,84.0,94.0,91.0,23.0,50.0897,4
973,16.2167,35.1239,83.0266,0.0054,0.0,0.0267,1.0,8.0,6.0,0.0552,0.2578,0.7281,0.2667,0.9111,0.5142,0.4513,86.0,94.0,91.0,23.0,50.0985,4
974,16.2333,35.1296,83.021,0.3198,0.0007,0.1234,1.0,8.0,6.0,0.0552,0.2578,0.7297,0.2667,0.9139,0.5146,0.4516,84.0,93.0,90.0,23.0,50.2261,5
975,16.25,35.1306,83.0236,0.0048,0.0,0.025,1.0,8.0,6.0,0.0552,0.2578,0.7297,0.2667,0.9139,0.5146,0.4516,84.0,93.0,91.0,23.0,50.242,5
976,16.2667,35.0546,82.942,0.2955,0.0006,0.1146,1.0,8.0,6.0,0.0551,0.2578,0.7281,0.2667,0.9111,0.5144,0.4511,87.0,94.0,93.0,23.0,49.8962,4
977,16.2833,35.0558,82.9444,0.0047,0.0,0.0168,1.0,8.0,6.0,0.0551,0.2578,0.7281,0.2667,0.9111,0.5144,0.4511,87.0,94.0,93.0,23.0,49.9149,4
978,16.3,35.0299,82.9297,0.2293,0.0003,0.0579,1.0,8.0,6.0,0.055,0.2578,0.7281,0.2667,0.9111,0.5139,0.4514,87.0,95.0,93.0,23.0,49.7537,3
979,16.3167,35.0297,82.9291,0.0026,0.0,0.0048,1.0,8.0,6.0,0.055,0.2578,0.7281,0.2667,0.9111,0.5139,0.4514,87.0,95.0,93.0,23.0,49.7525,3
980,16.3333,34.9897,82.8942,0.1055,0.0001,0.0351,1.0,8.0,6.0,0.0549,0.2578,0.7281,0.2667,0.9111,0.5139,0.4513,88.0,95.0,94.0,23.0,49.6822,3
981,16.35,34.9902,82.8948,0.0021,0.0,0.0024,1.0,8.0,6.0,0.0549,0.2578,0.7281,0.2667,0.9111,0.5139,0.4513,88.0,95.0,94.0,23.0,49.679,3
982,16.3667,35.0567,82.9216,0.1912,0.0003,0.0367,1.0,8.0,6.0,0.0552,0.2578,0.7281,0.2667,0.9111,0.5147,0.4509,86.0,94.0,91.0,23.0,49.9436,6
983,16.3833,35.0579,82.9217,0.0029,0.0,0.0002,1.0,8.0,6.0,0.0552,0.2578,0.7281,0.2667,0.9111,0.5147,0.4509,86.0,94.0,91.0,23.0,49.9438,6
984,16.4,35.0629,82.92,0.216,0.0004,0.0403,1.0,8.0,6.0,0.0551,0.2578,0.7281,0.2667,0.9111,0.5144,0.4507,86.0,94.0,91.0,23.0,49.97,7
985,16.4167,35.0632,82.9201,0.0015,0.0,0.0004,1.0,8.0,6.0,0.0551,0.2578,0.7281,0.2667,0.9111,0.5144,0.4507,86.0,94.0,91.0,23.0,49.9695,7
986,16.4333,35.0482,82.9301,0.2326,0.0004,0.0314,1.0,8.0,6.0,0.0551,0.2578,0.7281,0.2667,0.9111,0.5142,0.4511,87.0,94.0,93.0,23.0,49.8078,4
987,16.45,35.0487,82.9303,0.0025,0.0,0.0008,1.0,8.0,6.0,0.0551,0.2578,0.7281,0.2667,0.9111,0.5142,0.4511,87.0,94.0,93.0,23.0,49.812,4
988,16.4667,35.0723,82.9414,0.2381,0.0003,0.0251,1.0,8.0,6.0,0.055,0.2578,0.7281,0.2667,0.9111,0.514,0.4513,87.0,94.0,93.0,23.0,49.8459,5
989,16.4833,35.0729,82.942,0.0021,0.0,0.0025,1.0,8.0,6.0,0.055,0.2578,0.7281,0.2667,0.9111,0.514,0.4513,87.0,94.0,93.0,23.0,49.8466,5
990,16.5,35.0443,82.9529,0.1374,0.0002,0.0294,1.0,8.0,6.0,0.0551,0.2578,0.7281,0.2667,0.9111,0.5137,0.4514,87.0,94.5,93.0,23.0,49.8058,4
991,16.5167,35.0447,82.953,0.0017,0.0,0.002,1.0,8.0,6.0,0.0551,0.2578,0.7281,0.2667,0.9111,0.5137,0.4514,87.0,94.5,93.0,23.0,49.8078,4
992,16.5333,35.0653,82.9675,0.2362,0.0004,0.021,1.0,8.0,6.0,0.0551,0.2578,0.7281,0.2667,0.9111,0.5136,0.4514,87.0,95.0,93.0,23.0,49.849,7
993,16.55,35.066,82.968,0.0023,0.0,0.0001,1.0,8.0,6.0,0.0551,0.2578,0.7281,0.2667,0.9111,0.5136,0.4514,87.0,95.0,93.0,23.0,49.8507,7
994,16.5667,35.0647,82.9596,0.2287,0.0004,0.0196,1.0,8.0,6.0,0.0551,0.2578,0.7281,0.2667,0.9111,0.5138,0.4512,87.0,95.0,93.0,23.0,49.845,3
995,16.5833,35.0653,82.96,0.002,0.0,0.0016,1.0,8.0,6.0,0.0551,0.2578,0.7281,0.2667,0.9111,0.5138,0.4512,87.0,95.0,93.0,23.0,49.8453,3
996,16.6,35.0456,82.9547,0.2256,0.0004,0.0234,1.0,8.0,6.0,0.0551,0.2578,0.7281,0.2667,0.9111,0.5137,0.4513,87.0,95.0,93.0,23.0,49.8321,5
997,16.6167,35.046,82.9546,0.0022,0.0,0.0003,1.0,8.0,6.0,0.0551,0.2578,0.7281,0.2667,0.9111,0.5137,0.4512,87.0,95.0,93.0,23.0,49.8316,5
998,16.6333,35.0346,82.9376,0.198,0.0003,0.0236,1.0,8.0,6.0,0.055,0.2578,0.7281,0.2667,0.9111,0.5138,0.4512,87.0,95.0,94.0,23.0,49.7075,3
999,16.65,35.035,82.9385,0.0014,0.0,0.0,1.0,8.0,6.0,0.055,0.2578,0.7281,0.2667,0.9111,0.5138,0.4512,87.0,95.0,94.0,23.0,49.7072,3
1000,16.6667,35.0317,82.9468,0.1244,0.0002,0.0299,1.0,8.0,6.0,0.055,0.2578,0.7281,0.2667,0.9111,0.5138,0.4515,87.0,95.0,93.5,23.0,49.7256,4
1001,16.6833,35.0317,82.9454,0.004,0.0,0.0357,1.0,8.0,6.0,0.055,0.2578,0.7281,0.2667,0.9111,0.5138,0.4515,87.0,95.0,93.0,23.0,49.7161,4
1002,16.7,35.0319,82.9476,0.1857,0.0003,0.0588,1.0,8.0,6.0,0.0551,0.2578,0.7281,0.2667,0.9111,0.514,0.4512,87.0,95.0,93.0,23.0,49.7596,5
1003,16.7167,35.0327,82.9478,0.0038,0.0,0.0244,1.0,8.0,6.0,0.0551,0.2578,0.7281,0.2667,0.9111,0.514,0.4513,87.0,95.0,93.0,23.0,49.7528,5
1004,16.7333,35.033,82.9452,0.17,0.0003,0.0722,1.0,8.0,6.0,0.055,0.2578,0.7281,0.2667,0.9111,0.5137,0.4515,87.0,95.0,93.0,23.0,49.7904,3
1005,16.75,35.034,82.9463,0.0062,0.0,0.0329,1.0,8.0,6.0,0.055,0.2578,0.7281,0.2667,0.9111,0.5137,0.4515,87.0,95.0,93.0,23.0,49.7959,3
1006,16.7667,35.0431,82.9507,0.2065,0.0003,0.0967,1.0,8.0,6.0,0.055,0.2578,0.7281,0.2667,0.9111,0.5138,0.4514,87.0,95.0,93.0,23.0,49.6814,4
1007,16.7833,35.045,82.9549,0.0057,0.0,0.033,1.0,8.0,6.0,0.0551,0.2578,0.7281,0.2667,0.9111,0.5139,0.4513,87.0,95.0,93.0,23.0,49.6537,4
1008,16.8,35.0107,82.9316,0.1901,0.0002,0.092,1.0,8.0,6.0,0.0551,0.2578,0.7281,0.2667,0.9111,0.5137,0.4509,88.0,95.0,94.0,23.0,49.6081,3
1009,16.8167,35.0119,82.9352,0.0072,0.0,0.0547,1.0,8.0,6.0,0.0551,0.2578,0.7281,0.2667,0.9111,0.5137,0.451,88.0,95.0,94.0,23.0,49.5698,3
1010,16.8333,35.0022,82.9102,0.1094,0.0001,0.0964,1.0,8.0,6.0,0.0551,0.2578,0.7281,0.2667,0.9111,0.514,0.4514,88.0,95.0,94.0,23.0,49.4594,3
1011,16.85,35.0021,82.9096,0.0071,0.0,0.0556,1.0,8.0,6.0,0.055,0.2578,0.7281,0.2667,0.9111,0.514,0.4514,88.0,95.0,94.0,23.0,49.4085,3
1012,16.8667,34.9829,82.9044,0.1381,0.0001,0.1015,1.0,8.0,6.0,0.055,0.2578,0.7281,0.2667,0.9111,0.5138,0.4512,88.0,96.0,94.0,23.0,49.337,3
1013,16.8833,34.9821,82.9022,0.0102,0.0,0.0885,1.0,8.0,6.0,0.055,0.2578,0.7281,0.2667,0.9111,0.5138,0.4512,86.0,94.0,93.0,23.0,49.3733,3
1014,16.9,34.9809,82.9047,0.1067,0.0002,0.0941,1.0,8.0,6.0,0.055,0.2578,0.7281,0.2667,0.9111,0.5138,0.4514,85.0,94.0,91.0,23.0,49.3934,4
1015,16.9167,34.9803,82.9024,0.0119,0.0001,0.0718,1.0,8.0,6.0,0.0549,0.2578,0.7281,0.2694,0.9111,0.5137,0.4517,86.0,94.0,93.0,23.0,49.4382,4
1016,16.9333,34.9599,82.8827,0.1017,0.0002,0.0813,1.0,8.0,6.0,0.055,0.2578,0.7281,0.2694,0.9111,0.5139,0.4515,86.0,94.0,93.0,23.0,49.3985,3
1017,16.95,34.9608,82.8849,0.0099,0.0,0.087,1.0,8.0,6.0,0.055,0.2578,0.7281,0.2694,0.9111,0.5139,0.4515,87.0,95.0,93.5,23.0,49.4302,3
1018,16.9667,34.9683,82.8908,0.0933,0.0002,0.0972,1.0,8.0,6.0,0.055,0.2578,0.7281,0.2694,0.9111,0.5136,0.4517,86.0,94.0,93.0,23.0,49.6284,3
1019,16.9833,34.9686,82.8908,0.0113,0.0,0.0745,1.0,8.0,6.0,0.055,0.2578,0.7281,0.2694,0.9111,0.5136,0.4518,86.0,94.5,93.0,23.0,49.6468,3
1020,17.0,35.0386,82.9211,0.3241,0.0006,0.5766,1.0,8.0,6.0,0.055,0.2578,0.7281,0.2694,0.9111,0.5137,0.4516,86.5,94.0,91.0,23.0,49.689,3
1021,17.0167,35.0324,82.9175,0.0302,0.0001,0.1187,1.0,8.0,6.0,0.0551,0.2578,0.7281,0.2694,0.9111,0.5138,0.4514,86.0,94.0,91.0,23.0,49.6513,3
1022,17.0333,35.042,82.9145,0.2395,0.0004,0.1899,1.0,8.0,6.0,0.0551,0.2578,0.7281,0.2694,0.9111,0.514,0.452,86.0,94.0,91.0,23.0,49.7664,4
1023,17.05,35.0419,82.9112,0.0154,0.0001,0.1223,1.0,8.0,6.0,0.0551,0.2578,0.7281,0.2694,0.9111,0.5141,0.4519,86.0,93.0,91.0,23.0,49.7074,4
1024,17.0667,35.0484,82.919,0.2363,0.0004,0.246,1.0,8.0,6.0,0.0551,0.2578,0.7281,0.2694,0.9111,0.5138,0.4512,86.5,94.0,91.0,23.0,49.4874,5
1025,17.0833,35.0484,82.9184,0.0171,0.0,0.1535,1.0,8.0,6.0,0.0551,0.2578,0.7281,0.2694,0.9111,0.5138,0.4513,87.0,94.0,93.0,23.0,49.4061,5
1026,17.1,35.0346,82.8958,0.2583,0.0005,0.2218,1.0,8.0,6.0,0.055,0.2578,0.7281,0.2694,0.9111,0.514,0.4523,83.0,93.0,90.0,23.0,49.56,5
1027,17.1167,35.0332,82.8923,0.0187,0.0002,0.0992,1.0,8.0,6.0,0.055,0.2578,0.7281,0.2722,0.9111,0.514,0.4523,84.0,93.0,90.0,23.0,49.5737,5
1028,17.1333,35.0522,82.8821,0.2678,0.0005,0.192,1.0,8.0,6.0,0.0551,0.2578,0.7281,0.2722,0.9111,0.5138,0.4524,84.0,93.0,91.0,23.0,49.7222,5
1029,17.15,35.0495,82.8732,0.022,0.0001,0.155,1.0,8.0,6.0,0.0551,0.2578,0.7281,0.2722,0.9111,0.5138,0.4525,83.0,93.0,90.0,23.0,49.7263,5
1030,17.1667,35.0466,82.8759,0.156,0.0003,0.2086,1.0,8.0,6.0,0.0551,0.2578,0.7281,0.2722,0.9111,0.5138,0.4521,83.5,92.0,90.0,23.0,49.5707,4
1031,17.1833,35.046,82.8723,0.021,0.0001,0.1907,1.0,8.0,6.0,0.0551,0.2578,0.7281,0.2722,0.9111,0.5138,0.452,84.0,93.0,90.0,23.0,49.4724,4
1032,17.2,34.9946,82.8556,0.2386,0.0004,0.2109,1.0,8.0,6.0,0.0551,0.2578,0.7281,0.2722,0.9111,0.5137,0.4515,86.0,93.0,91.0,23.0,49.1257,3
1033,17.2167,34.9918,82.8466,0.0249,0.0002,0.1559,1.0,8.0,6.0,0.055,0.2578,0.7281,0.2722,0.9111,0.5135,0.4519,83.0,93.0,90.0,23.0,49.2312,3
1034,17.2333,34.9895,82.8413,0.1799,0.0004,0.1796,1.0,8.0,6.0,0.055,0.2578,0.7281,0.2722,0.9111,0.514,0.4521,84.0,93.0,91.0,23.0,49.3411,4
1035,17.25,34.9882,82.8362,0.0248,0.0001,0.1696,1.0,8.0,6.0,0.055,0.2578,0.7281,0.2722,0.9111,0.5139,0.4521,83.0,93.0,90.0,23.0,49.3677,4
1036,17.2667,35.0564,82.8574,0.2904,0.0006,0.2911,1.0,8.0,6.0,0.0551,0.2578,0.7281,0.2722,0.9111,0.5139,0.4521,82.0,90.0,89.0,23.0,49.4552,7
1037,17.2833,35.0556,82.8522,0.031,0.0002,0.2418,1.0,8.0,6.0,0.0552,0.2578,0.7281,0.2722,0.9111,0.5141,0.4518,80.0,88.0,87.0,23.0,49.2253,7
1038,17.3,35.1137,82.8964,0.3803,0.0009,0.2484,1.0,8.0,6.0,0.0552,0.2578,0.7281,0.275,0.9133,0.5137,0.4527,79.0,88.0,87.0,23.0,49.4723,8
1039,17.3167,35.1118,82.8888,0.0334,0.0002,0.1644,1.0,8.0,6.0,0.0553,0.2578,0.7281,0.275,0.9127,0.5138,0.4525,79.5,88.0,87.0,23.0,49.5448,8
1040,17.3333,35.2529,82.9658,0.2949,0.0007,0.3223,1.0,8.0,6.0,0.0555,0.2578,0.7281,0.275,0.9139,0.5141,0.4529,76.0,86.0,83.0,23.0,49.8168,12
1041,17.35,35.2491,82.9531,0.0376,0.0003,0.175,1.0,8.0,6.0,0.0555,0.2578,0.7281,0.275,0.9139,0.514,0.4531,75.0,84.0,82.0,23.0,49.6766,12
1042,17.3667,35.033,82.8149,0.524,0.0012,0.2444,1.0,8.0,6.0,0.0551,0.2578,0.7281,0.2778,0.9111,0.5139,0.4518,81.0,89.0,88.0,23.0,49.0928,4
1043,17.3833,35.0294,82.8016,0.0393,0.0002,0.2988,1.0,8.0,6.0,0.0552,0.2578,0.7281,0.2778,0.9111,0.514,0.4517,81.0,88.0,87.0,23.0,48.9691,4
1044,17.4,35.0415,82.8178,0.2998,0.0007,0.2167,1.0,8.0,6.0,0.0551,0.2578,0.7281,0.2778,0.9111,0.5137,0.4525,78.0,87.0,86.0,24.0,48.9837,4
1045,17.4167,35.0373,82.8046,0.0441,0.0003,0.1881,1.0,8.0,6.0,0.0552,0.2578,0.7281,0.2778,0.9111,0.5139,0.4522,79.0,87.0,86.0,24.0,49.013,4
1046,17.4333,35.0266,82.7731,0.362,0.0008,0.2777,1.0,8.0,6.0,0.0552,0.2578,0.7281,0.2778,0.9111,0.5137,0.4519,76.0,86.0,84.0,25.0,48.7679,5
1047,17.45,35.0234,82.7627,0.0495,0.0004,0.1896,1.0,8.0,6.0,0.0552,0.2578,0.7281,0.2778,0.9111,0.5137,0.4519,77.0,86.0,84.0,25.0,48.9035,4
1048,17.4667,34.9723,82.6995,0.3131,0.0009,0.2091,1.0,8.0,6.0,0.0551,0.2578,0.7281,0.2778,0.9111,0.5137,0.452,76.0,86.0,83.0,25.0,48.7194,5
1049,17.4833,34.966,82.6779,0.0581,0.0004,0.2373,1.0,8.0,6.0,0.0552,0.2578,0.7281,0.2778,0.9111,0.5137,0.4519,76.0,86.0,84.0,25.0,48.6869,4
1050,17.5,35.113,82.7642,0.3272,0.0011,0.1595,1.0,8.0,6.0,0.0553,0.2578,0.7297,0.275,0.9111,0.5141,0.4535,72.0,80.0,79.0,25.0,49.305,7
1051,17.5167,35.1055,82.7408,0.0666,0.0006,0.1112,1.0,8.0,6.0,0.0552,0.2578,0.7297,0.275,0.9111,0.5139,0.4539,72.0,79.0,77.0,25.0,49.268,7
1052,17.5333,34.9506,82.5933,0.4233,0.0015,0.1173,1.0,8.0,6.0,0.0547,0.2578,0.7281,0.2778,0.9111,0.5134,0.4533,74.0,81.0,80.0,26.0,48.6524,5
1053,17.55,34.9365,82.5493,0.0889,0.001,0.0841,1.0,8.0,6.0,0.0542,0.2578,0.7281,0.2778,0.9111,0.5128,0.4545,69.5,77.0,75.5,26.0,48.4327,5
1054,17.5667,34.9084,82.4717,0.3019,0.0011,0.0826,1.0,8.0,6.0,0.0537,0.2578,0.7281,0.2778,0.9111,0.512,0.4557,67.0,74.5,73.5,26.0,48.1135,5
1055,17.5833,34.8357,82.253,0.0763,0.0007,0.0842,1.0,8.0,6.0,0.0537,0.2578,0.7281,0.2778,0.9111,0.5118,0.4559,67.0,74.0,73.0,27.0,48.0523,4
1056,17.6,34.7706,82.0817,0.4266,0.0018,0.0886,1.0,8.0,6.0,0.0536,0.2578,0.7281,0.3056,0.9111,0.5121,0.4561,62.0,69.0,68.0,33.0,47.1435,2
1057,17.6167,34.7567,82.0394,0.0811,0.0009,0.1501,1.0,8.0,6.0,0.0534,0.2578,0.7281,0.3139,0.9111,0.5129,0.4568,60.0,68.0,66.0,34.0,47.2008,2
1058,17.6333,34.7406,82.0289,0.309,0.0012,0.4134,1.0,8.0,6.0,0.0533,0.2578,0.7281,0.3167,0.9111,0.5132,0.458,60.0,68.0,67.0,33.0,47.1237,4
1059,17.65,34.7283,81.9902,0.0779,0.0009,0.4681,1.0,8.0,6.0,0.053,0.2578,0.7281,0.3194,0.9111,0.5139,0.4588,59.0,66.0,65.0,32.0,47.0255,4
1060,17.6667,34.7234,81.9471,0.1857,0.0013,0.8,1.0,8.0,6.0,0.0529,0.2578,0.7281,0.3194,0.9111,0.5144,0.4596,55.5,65.0,63.0,30.0,47.0153,5
1061,17.6833,34.7103,81.907,0.0951,0.001,0.7,1.0,8.0,6.0,0.053,0.2578,0.7281,0.3194,0.9111,0.5147,0.4597,56.0,65.0,63.0,30.0,46.9772,5
1062,17.7,34.6987,81.8856,0.3492,0.0017,1.0674,1.0,8.0,6.0,0.0529,0.2578,0.7281,0.3194,0.9111,0.5149,0.4593,55.0,63.0,62.0,30.0,46.9933,3
1063,17.7167,34.6799,81.8286,0.1357,0.0016,1.1649,1.0,8.0,6.0,0.053,0.2578,0.7281,0.3194,0.9111,0.5148,0.4596,56.0,68.0,66.0,29.0,46.7938,3
1064,17.7333,34.6671,81.8099,0.3539,0.0019,1.2359,1.0,8.0,6.0,0.053,0.2578,0.7281,0.3194,0.9111,0.5153,0.4596,60.0,68.0,67.0,28.0,46.8157,2
1065,17.75,34.6405,81.7316,0.1717,0.002,1.4839,1.0,8.0,6.0,0.0531,0.2578,0.7281,0.3194,0.9111,0.5156,0.4597,66.0,72.0,70.0,28.0,46.5415,2
1066,17.7667,34.6052,81.6583,0.4076,0.0024,1.6377,1.0,8.0,6.0,0.0529,0.2578,0.7297,0.3194,0.9111,0.5156,0.4598,63.0,69.0,68.0,28.0,46.0397,4
1067,17.7833,34.5825,81.5908,0.2204,0.0027,1.7216,1.0,8.0,6.0,0.0529,0.2562,0.7297,0.3222,0.9111,0.5157,0.4598,62.0,69.0,68.0,28.0,45.5323,4
1068,17.8,34.6576,81.6084,0.5379,0.0033,1.8988,1.0,8.0,6.0,0.053,0.2562,0.7297,0.3222,0.9111,0.5161,0.4596,56.0,66.0,63.0,29.0,45.4814,4
1069,17.8167,34.6266,81.5147,0.2838,0.0031,1.9124,1.0,8.0,6.0,0.0531,0.2562,0.7297,0.3222,0.9111,0.5159,0.4596,56.0,66.0,63.0,28.0,45.6221,4
1070,17.8333,34.5059,81.2947,0.4975,0.0037,2.1014,1.0,8.0,6.0,0.0535,0.2562,0.7297,0.3222,0.9111,0.5159,0.4598,60.0,68.0,67.0,26.0,45.7988,4
1071,17.85,34.4652,81.1711,0.3437,0.004,2.3725,1.0,8.0,6.0,0.0538,0.2562,0.7299,0.3222,0.9111,0.5158,0.4601,60.5,68.0,67.0,30.0,46.5378,4
1072,17.8667,34.3703,81.0036,0.5739,0.0046,2.6017,1.0,8.0,6.0,0.054,0.2562,0.7297,0.3222,0.9111,0.5157,0.4599,60.0,67.0,66.0,27.0,46.3212,2
1073,17.8833,34.3102,80.8275,0.4279,0.0047,2.8894,1.0,8.0,6.0,0.0544,0.2562,0.7312,0.325,0.9111,0.5149,0.4599,60.0,72.0,68.0,28.0,46.3997,2
1074,17.9,34.2416,80.6333,0.6214,0.0057,3.0683,1.0,8.0,6.0,0.0544,0.2547,0.7312,0.325,0.9111,0.5151,0.4603,60.0,68.0,66.0,26.0,45.9666,2
1075,17.9167,34.1632,80.3995,0.5115,0.0059,3.0514,1.0,8.0,6.0,0.0545,0.2547,0.7312,0.325,0.9111,0.5151,0.4609,56.0,66.0,63.0,28.0,45.8377,2
1076,17.9333,34.0502,80.147,0.7396,0.0069,3.387,1.0,8.0,6.0,0.0548,0.2547,0.7312,0.325,0.9111,0.5146,0.461,62.0,69.0,68.0,26.0,45.123,3
1077,17.95,33.9468,79.8412,0.6406,0.0073,3.7115,1.0,8.0,6.0,0.0551,0.2547,0.7328,0.3278,0.9111,0.5142,0.4615,62.0,69.0,68.0,29.0,45.5395,3
1078,17.9667,33.8331,79.4963,0.8546,0.0081,4.6074,1.0,8.0,6.0,0.0556,0.2531,0.7328,0.3278,0.9111,0.5143,0.4618,66.0,73.0,72.0,26.0,45.9143,2
1079,17.9833,33.6815,79.0475,0.8278,0.0088,4.7738,1.0,8.0,6.0,0.0556,0.2531,0.7328,0.3306,0.9111,0.5136,0.4624,65.0,70.0,69.0,26.0,44.4465,2
1080,18.0,33.678,78.6896,1.3673,0.0101,6.4455,1.0,8.0,6.0,0.057,0.2516,0.7355,0.3306,0.9139,0.5134,0.4648,55.0,62.0,61.0,25.0,46.8996,5
1081,18.0167,33.4211,77.9384,1.0841,0.0112,7.5134,1.0,8.0,6.0,0.0572,0.2516,0.7359,0.3333,0.9139,0.5123,0.4659,60.0,68.0,67.0,24.0,45.8277,5
1082,18.0333,33.1038,76.9354,1.6733,0.0131,9.2103,1.0,8.0,6.0,0.0584,0.2516,0.7375,0.3361,0.9139,0.5111,0.4677,58.0,66.0,63.0,23.0,47.334,4
1083,18.05,32.6263,75.5148,1.5715,0.0146,12.8256,1.0,8.0,6.0,0.0592,0.25,0.7375,0.3389,0.9139,0.5091,0.4698,68.0,74.0,73.0,22.0,46.4395,4
1084,18.0667,31.8489,73.2624,2.2824,0.0186,17.4421,1.0,8.0,6.0,0.06,0.25,0.7391,0.3444,0.9111,0.5085,0.4727,62.0,69.0,68.0,22.0,45.6783,7
1085,18.0833,28.2471,62.4878,7.807,0.048,91.9105,1.0,8.0,6.0,0.057,0.2641,0.725,0.3639,0.9139,0.5034,0.4837,75.0,83.0,82.0,20.0,45.3558,7
1086,18.1,25.1514,53.3752,12.4608,0.0592,121.5941,1.0,8.0,6.0,0.0544,0.2469,0.7406,0.3833,0.9111,0.4992,0.4946,158.5,168.0,167.0,17.0,43.567,3
1087,18.1167,24.4285,51.2087,2.0344,0.0183,22.8784,1.0,8.0,6.0,0.0535,0.2453,0.7422,0.3889,0.9111,0.4999,0.4966,175.0,185.0,182.5,17.0,44.6929,3
1088,18.1333,23.9091,49.7424,1.1017,0.0099,7.6196,1.0,8.0,6.0,0.0529,0.2453,0.7438,0.3917,0.9139,0.501,0.4982,187.0,197.0,195.0,16.0,45.7353,3
1089,18.15,23.5552,48.6817,0.5687,0.0067,4.0313,1.0,8.0,6.0,0.0517,0.2453,0.7434,0.3944,0.9139,0.5018,0.4993,189.0,198.0,196.0,16.0,44.2144,3
1090,18.1667,23.2317,47.805,0.5455,0.0056,3.1919,1.0,8.0,6.0,0.0518,0.2453,0.7422,0.3972,0.9111,0.5004,0.4995,192.0,201.5,200.0,16.0,44.6701,2
1091,18.1833,23.0071,47.1317,0.3521,0.0044,2.9098,1.0,8.0,6.0,0.0509,0.2453,0.7422,0.3972,0.9111,0.5004,0.5008,197.0,205.0,204.0,16.0,44.1889,2
1092,18.2,22.7996,46.5359,0.4329,0.0038,2.2017,1.0,8.0,6.0,0.0502,0.2453,0.7422,0.4,0.9111,0.5006,0.5011,195.0,205.0,202.0,16.0,43.3359,3
1093,18.2167,22.6356,46.0441,0.2624,0.0033,1.7936,1.0,8.0,6.0,0.0496,0.2469,0.7406,0.4,0.9111,0.5015,0.5021,204.0,216.0,214.0,16.0,42.8337,3
1094,18.2333,22.5026,45.6289,0.3199,0.0029,1.5072,1.0,8.0,6.0,0.0498,0.2469,0.7406,0.4028,0.9111,0.5012,0.5023,203.0,215.0,211.0,16.0,43.6636,2
1095,18.25,22.3772,45.2529,0.2012,0.0026,1.6972,1.0,8.0,6.0,0.0499,0.2469,0.7406,0.4028,0.9111,0.4998,0.5026,197.0,205.0,204.0,16.0,44.5838,2
1096,18.2667,22.3169,44.9579,0.3486,0.0027,1.784,1.0,8.0,6.0,0.0497,0.2469,0.7406,0.4028,0.9139,0.4998,0.5037,202.0,215.0,212.0,16.0,45.5182,4
1097,18.2833,22.2187,44.6628,0.1639,0.0018,1.483,1.0,8.0,6.0,0.0494,0.2469,0.7406,0.4028,0.9139,0.4998,0.504,197.0,210.0,208.0,16.0,45.4962,4
1098,18.3,22.1969,44.5005,0.405,0.0025,1.3016,1.0,8.0,6.0,0.0492,0.2469,0.7406,0.4028,0.9139,0.5016,0.5033,200.0,208.0,205.0,16.0,45.2096,6
1099,18.3167,22.1261,44.286,0.1219,0.0013,1.2173,1.0,8.0,6.0,0.049,0.2483,0.7406,0.4028,0.9139,0.5018,0.5036,193.0,200.0,198.0,16.0,45.0346,6
1100,18.3333,22.1184,44.1091,0.3155,0.0017,1.1595,1.0,8.0,6.0,0.0489,0.2484,0.7406,0.4056,0.9139,0.5016,0.5034,189.0,197.0,195.0,16.0,44.9767,5
1101,18.35,22.0644,43.9465,0.0999,0.0013,0.9289,1.0,8.0,6.0,0.0486,0.2484,0.7406,0.4056,0.9139,0.5019,0.5037,193.0,202.0,201.0,16.0,44.5904,5
1102,18.3667,21.9352,43.721,0.4507,0.0017,0.9212,1.0,8.0,6.0,0.0481,0.2484,0.7406,0.4056,0.9111,0.5017,0.5042,210.0,218.0,217.0,16.0,43.6894,2
1103,18.3833,21.8892,43.5833,0.0809,0.0011,0.6758,1.0,8.0,6.0,0.0482,0.2484,0.7406,0.4056,0.9111,0.5012,0.5043,205.0,212.0,211.0,16.0,44.0436,2
1104,18.4,21.8538,43.473,0.355,0.0013,0.7816,1.0,8.0,6.0,0.0481,0.2484,0.7406,0.4056,0.9139,0.5015,0.5046,209.0,218.0,217.0,16.0,44.3323,2
1105,18.4167,21.8177,43.3646,0.0612,0.0006,0.5477,1.0,8.0,6.0,0.0481,0.2484,0.7406,0.4056,0.9139,0.5013,0.5047,205.0,218.0,217.0,16.0,44.4514,2
1106,18.4333,21.765,43.2517,0.3331,0.0013,0.6465,1.0,8.0,6.0,0.048,0.2484,0.7391,0.4056,0.9124,0.5004,0.5049,209.5,221.0,218.0,16.0,44.4292,3
1107,18.45,21.7393,43.1741,0.0496,0.0007,0.538,1.0,8.0,6.0,0.0479,0.2484,0.7391,0.4083,0.9128,0.5004,0.5049,210.0,220.0,217.0,16.0,44.7043,3
1108,18.4667,21.6816,43.0685,0.2586,0.0007,0.4234,1.0,8.0,6.0,0.0478,0.2484,0.7391,0.4083,0.9136,0.5009,0.5055,211.0,222.0,221.0,16.0,44.662,2
1109,18.4833,21.6646,43.0161,0.0301,0.0003,0.2752,1.0,8.0,6.0,0.0478,0.2484,0.7391,0.4083,0.9138,0.5008,0.5057,211.0,222.0,220.0,16.0,44.6288,2
1110,18.5,21.6732,42.9822,0.1713,0.0005,0.3296,1.0,8.0,6.0,0.0479,0.2484,0.7391,0.4083,0.913,0.5011,0.5055,211.0,221.5,218.0,16.0,44.8321,2
1111,18.5167,21.661,42.9446,0.022,0.0003,0.2167,1.0,8.0,6.0,0.0478,0.2484,0.7391,0.4083,0.9134,0.5012,0.5056,210.5,222.0,219.0,16.0,44.8476,2
1112,18.5333,21.6591,42.9311,0.2415,0.0006,0.2066,1.0,8.0,6.0,0.0478,0.2484,0.7391,0.4083,0.9139,0.501,0.5053,211.0,221.0,219.0,16.0,44.9419,4
1113,18.55,21.6521,42.9078,0.0157,0.0002,0.1769,1.0,8.0,6.0,0.0477,0.2484,0.7391,0.4083,0.9139,0.501,0.5053,209.0,223.0,219.0,16.0,44.9746,4
1114,18.5667,21.6461,42.9014,0.2144,0.0006,0.1194,1.0,8.0,6.0,0.0478,0.2484,0.7391,0.4083,0.9139,0.5005,0.5053,209.0,222.0,219.0,16.0,44.9985,5
1115,18.5833,21.6443,42.8961,0.0105,0.0001,0.0901,1.0,8.0,6.0,0.0478,0.2484,0.7391,0.4083,0.9139,0.5005,0.5053,209.0,223.0,219.0,16.0,44.9777,5
1116,18.6,21.65,42.9055,0.2367,0.0005,0.0391,1.0,8.0,6.0,0.0478,0.2484,0.7391,0.4083,0.9139,0.5011,0.5052,210.0,223.0,219.0,16.0,44.9367,4
1117,18.6167,21.6506,42.9054,0.0023,0.0,0.0048,1.0,8.0,6.0,0.0478,0.2484,0.7391,0.4083,0.9139,0.5011,0.5052,210.0,223.0,219.0,16.0,44.9302,4
1118,18.6333,21.6096,42.8725,0.2034,0.0004,0.059,1.0,8.0,6.0,0.0476,0.2484,0.7391,0.4083,0.9139,0.5007,0.5056,210.0,223.0,221.0,16.0,44.6831,3
1119,18.65,21.6094,42.8696,0.0114,0.0002,0.113,1.0,8.0,6.0,0.0476,0.2484,0.7391,0.4083,0.9139,0.5008,0.5057,210.0,223.0,219.0,16.0,44.6907,3
1120,18.6667,21.5944,42.8527,0.0852,0.0004,0.2467,1.0,8.0,6.0,0.0476,0.2484,0.7391,0.4083,0.9139,0.5007,0.5059,209.5,223.0,219.0,16.0,44.6386,3
1121,18.6833,21.595,42.8547,0.0312,0.0004,0.3047,1.0,8.0,6.0,0.0476,0.2484,0.7391,0.4083,0.9139,0.5005,0.5059,209.0,222.0,219.0,16.0,44.6535,3
1122,18.7,21.585,42.8498,0.174,0.0008,0.5378,1.0,8.0,6.0,0.0477,0.2484,0.7391,0.4083,0.9139,0.5001,0.5055,203.0,212.0,211.0,16.0,44.5456,4
1123,18.7167,21.5852,42.8503,0.0441,0.0005,0.4041,1.0,8.0,6.0,0.0478,0.2484,0.7391,0.4083,0.9139,0.5,0.5054,200.0,210.0,207.0,16.0,44.6775,4
1124,18.7333,21.5936,42.8551,0.1686,0.0008,0.6999,1.0,8.0,6.0,0.0479,0.2484,0.7391,0.4083,0.9139,0.4993,0.5053,195.5,207.0,204.0,16.0,44.9378,3
1125,18.75,21.5814,42.8182,0.0683,0.0008,0.6298,1.0,8.0,6.0,0.0479,0.25,0.7391,0.4083,0.9139,0.4993,0.5053,197.0,208.0,206.0,16.0,44.8935,3
1126,18.7667,21.5658,42.785,0.2004,0.0009,0.8631,1.0,8.0,6.0,0.0479,0.25,0.7391,0.4083,0.9139,0.4995,0.5054,198.0,209.0,207.0,16.0,44.8593,2
1127,18.7833,21.5645,42.7808,0.0858,0.001,0.8415,1.0,8.0,6.0,0.0478,0.25,0.7391,0.4083,0.9139,0.4993,0.5054,202.0,215.0,212.0,16.0,45.0107,2
1128,18.8,21.5645,42.8003,0.2056,0.0013,0.9456,1.0,8.0,6.0,0.0477,0.25,0.7375,0.4083,0.9139,0.4996,0.5054,208.0,217.0,216.0,16.0,45.4346,2
1129,18.8167,21.5578,42.78,0.1005,0.001,1.0786,1.0,8.0,6.0,0.0479,0.25,0.7375,0.4083,0.9139,0.4994,0.5054,208.0,219.0,217.0,16.0,45.6417,2
1130,18.8333,21.571,42.8007,0.1838,0.0011,1.1804,1.0,8.0,6.0,0.0479,0.25,0.7375,0.4083,0.9139,0.4999,0.5053,211.0,219.0,217.0,16.0,45.5323,2
1131,18.85,21.5471,42.7285,0.1356,0.0015,1.4224,1.0,8.0,6.0,0.0478,0.25,0.7375,0.4083,0.9139,0.5002,0.5053,210.0,218.0,217.0,16.0,45.3344,2
1132,18.8667,21.5425,42.7009,0.2819,0.0018,1.4561,1.0,8.0,6.0,0.0479,0.25,0.7375,0.4083,0.9139,0.5007,0.5056,204.0,212.0,211.0,16.0,45.2055,2
1133,18.8833,21.5388,42.6893,0.1429,0.0018,1.3943,1.0,8.0,6.0,0.0477,0.25,0.7375,0.4083,0.9139,0.5006,0.5056,202.0,211.0,210.0,16.0,44.9765,2
1134,18.9,21.5364,42.672,0.2808,0.0018,1.5129,1.0,8.0,6.0,0.0477,0.2516,0.7375,0.4083,0.9139,0.5005,0.5059,207.0,216.0,214.0,16.0,45.1235,2
1135,18.9167,21.509,42.589,0.1901,0.002,1.7587,1.0,8.0,6.0,0.0474,0.2516,0.7371,0.4083,0.9139,0.5001,0.5058,210.0,219.0,217.0,16.0,44.9606,2
1136,18.9333,21.5279,42.5942,0.3582,0.0022,1.6858,1.0,8.0,6.0,0.0473,0.2516,0.7359,0.4083,0.9139,0.5006,0.505,205.0,217.0,215.0,16.0,44.6167,2
1137,18.95,21.5239,42.5812,0.1945,0.0023,1.7423,1.0,8.0,6.0,0.0477,0.2516,0.7359,0.4083,0.9139,0.4999,0.505,185.0,196.0,193.0,16.0,45.3218,2
1138,18.9667,21.452,42.4357,0.4046,0.0026,2.0019,1.0,8.0,6.0,0.0473,0.2516,0.7359,0.4083,0.9139,0.5002,0.506,198.0,209.0,208.0,16.0,45.2796,3
1139,18.9833,21.4435,42.4082,0.2195,0.0024,1.9289,1.0,8.0,6.0,0.0475,0.2531,0.7359,0.4083,0.9139,0.5,0.506,202.0,211.0,209.0,16.0,45.8898,3
1140,19.0,21.3834,42.1841,0.5361,0.0029,3.0881,1.0,8.0,6.0,0.0474,0.2531,0.7344,0.4083,0.9139,0.4997,0.5058,201.0,211.0,209.0,16.0,45.6289,3
1141,19.0167,21.3805,42.1832,0.235,0.0028,2.0187,1.0,8.0,6.0,0.0473,0.2531,0.7344,0.4083,0.9139,0.4998,0.5057,202.0,210.0,209.0,16.0,45.3913,3
1142,19.0333,21.3759,42.1917,0.4353,0.0032,2.1095,1.0,8.0,6.0,0.0471,0.2531,0.7344,0.4083,0.9139,0.5013,0.5058,211.0,219.0,217.0,16.0,45.2359,3
1143,19.05,21.36,42.1457,0.2804,0.0031,2.1827,1.0,8.0,6.0,0.0472,0.2547,0.7344,0.4083,0.9139,0.5,0.5059,196.0,208.0,205.0,16.0,44.8616,3
1144,19.0667,21.3226,42.0221,0.4606,0.0037,2.4151,1.0,8.0,6.0,0.0472,0.2547,0.7328,0.4083,0.9139,0.5003,0.5056,194.0,205.0,203.0,16.0,45.4946,2
1145,19.0833,21.3155,41.9986,0.3004,0.0033,2.511,1.0,8.0,6.0,0.0472,0.2562,0.7328,0.4083,0.9139,0.5007,0.5056,205.0,215.5,214.0,16.0,45.9855,2
1146,19.1,21.2637,41.8999,0.468,0.0043,2.7325,1.0,8.0,6.0,0.0471,0.2562,0.7328,0.4083,0.9139,0.4999,0.5056,198.0,209.0,208.0,16.0,45.4189,4
1147,19.1167,21.2574,41.8805,0.3456,0.0039,2.7793,1.0,8.0,6.0,0.0465,0.2562,0.7312,0.4083,0.9139,0.5005,0.5056,208.0,216.0,215.0,16.0,44.9252,4
1148,19.1333,21.2251,41.7847,0.5146,0.0043,2.6446,1.0,8.0,6.0,0.0465,0.2578,0.7312,0.4083,0.9139,0.4998,0.5056,189.0,198.0,196.0,16.0,44.5426,2
1149,19.15,21.1807,41.6502,0.4047,0.0043,3.0658,1.0,8.0,6.0,0.0465,0.2578,0.7297,0.4083,0.9139,0.4999,0.5057,200.0,209.0,207.0,16.0,45.6757,2
1150,19.1667,21.1927,41.584,0.5794,0.0049,3.5518,1.0,8.0,6.0,0.0465,0.2578,0.7297,0.4083,0.9139,0.4995,0.5057,189.0,198.0,197.0,16.0,45.6304,2
1151,19.1833,21.1827,41.5507,0.438,0.0051,3.2262,1.0,8.0,6.0,0.0462,0.2594,0.7281,0.4083,0.9139,0.4992,0.5057,195.0,205.0,203.0,16.0,44.6787,2
1152,19.2,21.1594,41.4451,0.7126,0.0056,3.079,1.0,8.0,6.0,0.046,0.2594,0.7281,0.4083,0.9139,0.4995,0.5059,190.0,199.0,197.0,16.0,45.063,3
1153,19.2167,21.1145,41.3097,0.4941,0.005,3.9176,1.0,8.0,6.0,0.046,0.2609,0.7266,0.4083,0.9139,0.4993,0.5056,196.0,204.0,203.0,16.0,46.102,3
1154,19.2333,21.0632,41.1766,0.7678,0.0063,3.9504,1.0,8.0,6.0,0.0458,0.2609,0.7266,0.4083,0.9139,0.4996,0.506,196.0,208.0,208.0,17.0,44.9766,4
1155,19.25,21.0247,41.0609,0.5457,0.006,3.8832,1.0,8.0,6.0,0.0458,0.2625,0.725,0.4083,0.9139,0.4993,0.506,187.0,198.0,196.0,17.0,45.6807,4
1156,19.2667,20.8899,40.724,0.8448,0.0068,5.4744,1.0,8.0,6.0,0.0455,0.2641,0.7234,0.4083,0.9139,0.4999,0.5054,193.5,203.0,202.0,17.0,45.5808,3
1157,19.2833,20.8357,40.5618,0.6198,0.0064,5.0253,1.0,8.0,6.0,0.045,0.2656,0.7234,0.4083,0.9139,0.4996,0.5056,185.5,195.0,193.5,17.0,43.8011,3
1158,19.3,20.7365,40.3485,0.8085,0.0071,5.0371,1.0,8.0,6.0,0.0447,0.2656,0.7219,0.4083,0.9139,0.4996,0.5056,196.0,205.0,203.0,17.0,44.7146,2
1159,19.3167,20.6913,40.2118,0.6873,0.0075,5.2817,1.0,8.0,6.0,0.0447,0.2672,0.7203,0.4083,0.9139,0.499,0.5054,175.0,187.0,183.0,17.0,43.5524,2
1160,19.3333,20.6181,39.9283,0.8317,0.0073,6.9861,1.0,8.0,6.0,0.0447,0.2688,0.7188,0.4083,0.9139,0.499,0.5056,186.0,196.0,194.0,17.0,45.7685,2
1161,19.35,20.5231,39.6432,0.8183,0.0078,7.7694,1.0,8.0,6.0,0.0441,0.2703,0.7172,0.4083,0.9139,0.4985,0.5056,172.0,181.0,179.0,17.0,44.2842,2
1162,19.3667,20.4795,39.4814,0.9814,0.0086,8.4652,1.0,8.0,6.0,0.0439,0.2719,0.7156,0.4083,0.9139,0.4988,0.5056,186.0,195.0,194.0,17.0,44.9059,3
1163,19.3833,20.4003,39.2436,0.9061,0.0086,9.0297,1.0,8.0,6.0,0.0436,0.2734,0.7141,0.4083,0.9139,0.498,0.5056,180.0,190.0,187.5,17.0,44.5933,3
1164,19.4,20.3139,38.9776,1.1402,0.0097,9.4041,1.0,8.0,6.0,0.043,0.2765,0.7125,0.4083,0.9139,0.4985,0.5058,159.0,169.0,167.0,18.0,43.0078,3
1165,19.4167,20.2255,38.7138,1.042,0.0099,10.8904,1.0,8.0,6.0,0.0429,0.2781,0.7109,0.4083,0.9139,0.4992,0.5058,176.0,186.0,185.0,18.0,44.2254,3
1166,19.4333,20.0536,38.2419,1.3559,0.0105,14.3292,1.0,8.0,6.0,0.0425,0.2797,0.7078,0.4083,0.9139,0.4978,0.506,160.0,171.0,168.0,18.0,44.4811,2
1167,19.45,19.9227,37.8484,1.2402,0.0103,16.7083,1.0,8.0,6.0,0.0425,0.2828,0.7062,0.4083,0.9139,0.4977,0.506,151.0,160.0,158.0,18.0,43.9199,2
1168,19.4667,19.7919,37.4184,1.5228,0.0113,19.4192,1.0,8.0,6.0,0.0421,0.2859,0.7031,0.4083,0.9139,0.497,0.5059,124.5,129.0,127.0,19.0,44.1888,2
1169,19.4833,19.6622,37.0293,1.4889,0.0126,21.5972,1.0,8.0,6.0,0.041,0.2891,0.7,0.4083,0.9139,0.4969,0.5062,120.0,126.0,126.0,19.0,42.888,2
1170,19.5,19.4726,36.4509,1.7703,0.0145,22.7596,1.0,8.0,6.0,0.0399,0.2922,0.6969,0.4109,0.9139,0.4969,0.5065,103.0,108.0,107.5,20.0,41.7981,2
1171,19.5167,19.2864,35.8951,1.8833,0.0156,30.6872,1.0,8.0,6.0,0.0397,0.2953,0.6922,0.4111,0.9139,0.4957,0.5065,98.0,103.0,102.5,20.0,43.2193,2
1172,19.5333,18.9936,34.9903,2.4023,0.0166,39.2472,1.0,8.0,6.0,0.0378,0.3016,0.689,0.4111,0.9139,0.4968,0.5069,91.0,95.0,95.0,21.0,44.5453,2
1173,19.55,18.6708,34.0215,2.6221,0.0194,50.9953,1.0,8.0,6.0,0.0343,0.3078,0.6828,0.4111,0.9139,0.5001,0.5069,79.5,83.5,83.0,22.0,42.4702,2
1174,19.5667,18.2519,32.7729,3.4377,0.0234,61.8398,1.0,8.0,6.0,0.0303,0.3156,0.6737,0.4111,0.9139,0.5036,0.5059,45.0,52.0,51.0,37.0,45.0116,2
1175,19.5833,17.5568,30.6875,4.4464,0.0265,78.4536,1.0,8.0,6.0,0.0229,0.3297,0.6609,0.4111,0.9167,0.5097,0.5063,18.0,27.0,25.0,69.0,48.3581,2
1176,19.6,13.7889,19.2588,5.9232,0.0229,51.3442,1.0,8.0,6.0,0.0035,0.355,0.8982,0.1908,0.9194,0.5057,0.5642,60.0,66.0,65.5,25.5,74.6785,7
1177,19.6167,13.0782,17.1372,1.5073,0.0033,6.8881,1.0,8.0,6.0,0.0021,0.2534,0.9342,0.1222,0.9597,0.5079,0.6202,72.0,80.0,77.0,20.0,92.9076,8
1178,19.6333,12.6843,15.9786,1.1164,0.0021,4.0837,1.0,8.0,6.0,0.0018,0.3115,0.9092,0.1083,0.9194,0.5094,0.6386,75.0,83.0,83.0,19.0,103.0811,7
1179,19.65,12.3956,15.1123,0.5903,0.001,1.5903,1.0,8.0,6.0,0.0015,0.3055,0.9227,0.1083,0.9194,0.5118,0.6711,85.0,89.0,88.0,16.0,113.0795,7
1180,19.6667,12.185,14.4827,0.5846,0.001,2.1989,1.0,8.0,6.0,0.0015,0.2197,0.9244,0.0483,0.9228,0.5075,0.6806,81.0,87.0,86.0,16.0,117.8506,9
1181,19.6833,12.025,14.0015,0.318,0.0006,0.7099,1.0,8.0,6.0,0.0013,0.1944,0.9248,0.0433,0.9244,0.5095,0.6993,80.0,86.0,83.0,15.0,123.1884,8
1182,19.7,11.8178,13.4577,0.5533,0.0008,1.0325,1.0,8.0,6.0,0.0012,0.1292,0.8911,0.1301,0.9267,0.492,0.7273,93.0,97.0,96.5,14.0,121.4146,4
1183,19.7167,11.7202,13.1644,0.2035,0.0002,0.9648,1.0,8.0,6.0,0.0011,0.1268,0.9027,0.128,0.9314,0.4921,0.7472,91.0,97.0,96.0,13.0,129.3048,3
1184,19.7333,11.5962,12.8129,0.3887,0.0004,1.33,1.0,8.0,6.0,0.0011,0.1319,0.8454,0.0439,0.9646,0.4958,0.757,91.0,97.0,96.0,13.0,135.5783,4
1185,19.75,11.5062,12.5423,0.159,0.0001,0.4033,1.0,8.0,6.0,0.001,0.1224,0.8475,0.0329,0.9793,0.4962,0.7825,91.0,95.5,95.5,13.0,145.1879,4
1186,19.7667,11.3792,12.2146,0.3527,0.0003,0.759,1.0,8.0,6.0,0.0008,0.0955,0.7523,0.0107,0.9972,0.4953,0.8446,91.0,97.0,96.0,11.0,159.0862,3
1187,19.7833,11.3157,12.023,0.112,0.0001,0.0377,1.0,8.0,6.0,0.0008,0.0949,0.7589,0.0105,0.9972,0.4959,0.8593,91.0,95.5,95.5,10.0,163.8206,3
1188,19.8,11.2594,11.798,0.3582,0.0003,0.4473,1.0,8.0,6.0,0.0009,0.2151,0.9641,0.2842,0.9667,0.5138,0.8496,89.0,93.0,93.0,10.0,162.5173,3
1189,19.8167,11.1974,11.612,0.0951,0.0,0.1787,1.0,8.0,6.0,0.0009,0.2154,0.9641,0.2852,0.9667,0.5134,0.8454,89.0,93.0,93.0,10.0,160.5808,4
1190,19.8333,11.2056,11.5877,0.3425,0.0004,0.7076,1.0,8.0,6.0,0.0009,0.2385,0.8702,0.1059,0.9651,0.5116,0.8119,86.0,90.0,89.0,10.0,156.0983,4
1191,19.85,11.1355,11.3761,0.0901,0.0,0.1478,1.0,8.0,6.0,0.0009,0.2364,0.8741,0.1056,0.9664,0.5126,0.8274,86.0,90.0,89.0,10.0,161.4391,1
1192,19.8667,11.0766,11.1826,0.372,0.0005,0.1902,1.0,8.0,6.0,0.0009,0.1458,0.9652,0.1104,0.9861,0.5363,0.8212,83.0,87.5,87.0,10.0,164.2563,1
1193,19.8833,11.0547,11.1161,0.0477,0.0,0.0,1.0,8.0,6.0,0.0009,0.1458,0.9651,0.1106,0.9856,0.5361,0.8193,83.0,88.0,87.0,10.0,163.6835,2
1194,19.9,11.076,11.0216,0.4466,0.0007,0.2616,1.0,8.0,6.0,0.0011,0.0648,0.9149,0.1013,0.9972,0.5167,0.7843,70.0,79.0,77.0,11.0,159.3652,7
1195,19.9167,11.0483,10.9384,0.0474,0.0,0.0,1.0,8.0,6.0,0.0011,0.0648,0.9149,0.1013,0.9972,0.5167,0.7843,70.0,79.0,77.0,11.0,159.3652,7
1196,19.9333,11.0477,10.7594,0.5876,0.001,0.3085,1.0,8.0,6.0,0.0013,0.093,0.9375,0.1969,0.9972,0.5182,0.7688,69.0,76.0,75.0,10.0,157.0767,8
1197,19.95,11.0235,10.6844,0.0405,0.0,0.0,1.0,8.0,6.0,0.0013,0.093,0.9375,0.1969,0.9972,0.5182,0.7688,69.0,76.0,75.0,10.0,157.0767,8
1198,19.9667,10.8786,10.4178,0.3372,0.0005,1.4939,1.0,8.0,6.0,0.0011,0.1077,0.9634,0.0196,0.9972,0.5154,0.8131,75.0,81.5,80.0,10.5,163.3719,4
1199,19.9833,10.8386,10.2977,0.0517,0.0,0.0,1.0,8.0,6.0,0.0011,0.1077,0.9634,0.0196,0.9972,0.5154,0.8131,75.0,81.5,80.0,10.5,163.3845,4
1200,20.0,10.8154,10.2122,0.5521,0.0007,2.0955,1.0,8.0,6.0,0.0009,0.1689,0.9287,0.1166,0.9972,0.5054,0.8134,84.0,88.0,88.0,10.0,163.2407,4
1201,20.0167,10.8109,10.2094,0.0207,0.0,0.144,1.0,8.0,6.0,0.0009,0.1689,0.9287,0.1166,0.9972,0.5054,0.8134,83.0,88.0,88.0,10.0,163.169,4
1202,20.0333,10.7531,10.1169,0.3881,0.0005,0.9078,1.0,8.0,6.0,0.001,0.1969,0.9535,0.1142,0.9972,0.5172,0.833,81.0,86.0,86.0,10.0,164.0495,4
1203,20.05,10.7062,9.9771,0.0577,0.0,0.0,1.0,8.0,6.0,0.001,0.1969,0.9535,0.1142,0.9972,0.5172,0.833,81.0,86.0,86.0,10.0,164.0495,4
1204,20.0667,10.5424,9.6909,0.3415,0.0004,0.2785,1.0,8.0,6.0,0.0008,0.2119,0.9178,0.0614,0.9972,0.5062,0.8616,88.5,92.0,92.0,9.0,165.9993,2
1205,20.0833,10.5433,9.6933,0.0075,0.0,0.0,1.0,8.0,6.0,0.0008,0.2119,0.9178,0.0614,0.9972,0.5062,0.8616,88.5,92.0,92.0,9.0,165.9993,2
1206,20.1,10.5627,9.6673,0.2755,0.0003,0.4968,1.0,8.0,6.0,0.0009,0.2724,0.8597,0.0858,0.9972,0.5081,0.8594,87.5,90.5,90.0,10.0,167.4265,4
1207,20.1167,10.5624,9.6659,0.0079,0.0,0.0,1.0,8.0,6.0,0.0009,0.2724,0.8597,0.0858,0.9972,0.5081,0.8594,87.5,90.5,90.0,10.0,167.4104,4
1208,20.1333,10.4909,9.5229,0.1748,0.0002,0.6517,1.0,8.0,6.0,0.0009,0.1803,0.8364,0.3016,0.9972,0.5039,0.8641,86.0,90.0,89.0,10.0,164.7849,6
1209,20.15,10.4486,9.3954,0.0487,0.0,0.0,1.0,8.0,6.0,0.0009,0.1803,0.8364,0.3016,0.9972,0.5039,0.8641,86.0,90.0,89.0,10.0,164.7661,6
1210,20.1667,10.4434,9.4024,0.2068,0.0003,0.0461,1.0,8.0,6.0,0.0008,0.2368,0.9378,0.1134,0.9327,0.5121,0.8721,90.0,94.0,93.5,9.0,168.098,2
1211,20.1833,10.4435,9.4021,0.0046,0.0,0.0,1.0,8.0,6.0,0.0008,0.2368,0.9378,0.1134,0.9327,0.5121,0.8721,90.0,94.0,93.5,9.0,168.0996,2
1212,20.2,10.3969,9.263,0.2231,0.0002,0.1573,1.0,8.0,6.0,0.0008,0.1725,0.9185,0.2021,0.9267,0.5078,0.8619,88.0,94.0,93.0,9.0,166.2257,2
1213,20.2167,10.3966,9.2616,0.0051,0.0,0.0,1.0,8.0,6.0,0.0008,0.1725,0.9185,0.2021,0.9267,0.5078,0.8619,88.0,94.0,93.0,9.0,166.2257,2
1214,20.2333,10.3439,9.1163,0.2468,0.0003,0.0802,1.0,8.0,6.0,0.0008,0.1595,0.8776,0.2228,0.9972,0.5095,0.875,90.0,94.0,94.0,8.0,167.1064,3
1215,20.25,10.3439,9.116,0.0044,0.0,0.0,1.0,8.0,6.0,0.0008,0.1595,0.8776,0.2228,0.9972,0.5095,0.875,90.0,94.0,94.0,8.0,167.1064,3
1216,20.2667,10.3491,9.0868,0.2007,0.0002,0.0,1.0,8.0,6.0,0.0008,0.1365,0.7817,0.2171,0.9972,0.4906,0.8861,90.0,94.0,93.5,9.0,166.075,2
1217,20.2833,10.3029,8.948,0.052,0.0,0.0,1.0,8.0,6.0,0.0008,0.1365,0.7817,0.2171,0.9972,0.4906,0.8861,90.0,94.0,93.5,9.0,166.0904,2
1218,20.3,10.3302,8.9716,0.1424,0.0002,0.3314,1.0,8.0,6.0,0.0009,0.0539,0.9573,0.1177,0.9972,0.5059,0.846,84.0,89.0,88.0,9.0,165.684,3
1219,20.3167,10.3304,8.9716,0.0009,0.0,0.0146,1.0,8.0,6.0,0.0009,0.0539,0.9573,0.1177,0.9972,0.5059,0.846,84.0,89.0,88.0,9.0,165.7452,3
1220,20.3333,11.1647,11.1241,15.8482,0.0005,13.7974,2.0,8.0,10.0,0.0009,0.0395,0.8682,0.0444,0.9245,0.4852,0.7855,90.0,100.0,111.0,40.0,159.0623,3
1221,20.35,11.1634,11.1223,0.0111,0.0,0.1794,2.0,8.0,10.0,0.0009,0.0395,0.8682,0.0444,0.9245,0.4852,0.7855,90.5,100.0,111.0,39.5,158.7746,3
1222,20.3667,11.1514,11.1104,0.2849,0.0005,0.7965,2.0,8.0,10.0,0.0009,0.0282,0.9109,0.0641,0.9194,0.4835,0.8172,92.0,101.5,112.0,40.0,159.2807,4
1223,20.3833,11.1525,11.114,0.012,0.0,0.0248,2.0,8.0,10.0,0.0009,0.0282,0.9109,0.0641,0.9194,0.4835,0.8172,92.0,101.5,112.0,40.0,159.3055,4
1224,20.4,11.1561,11.097,0.3038,0.0004,0.3636,2.0,8.0,10.0,0.0009,0.0318,0.7619,0.0333,0.9972,0.4701,0.77,90.0,100.0,111.0,40.0,157.3719,3
1225,20.4167,11.1567,11.098,0.0103,0.0,0.0016,2.0,8.0,10.0,0.0009,0.0318,0.7619,0.0333,0.9972,0.4701,0.77,90.0,100.0,111.0,40.0,157.3748,3
1226,20.4333,11.1608,11.1354,0.3312,0.0005,0.2749,2.0,8.0,10.0,0.0009,0.0872,0.948,0.0242,0.9194,0.5033,0.7523,89.0,100.0,111.0,40.0,160.8822,3
1227,20.45,11.1635,11.1411,0.0129,0.0,0.0016,2.0,8.0,10.0,0.0009,0.0874,0.9479,0.0243,0.9194,0.5017,0.752,89.0,100.0,111.0,40.0,160.9913,3
1228,20.4667,11.0712,11.0611,0.1847,0.0003,0.3849,2.0,8.0,10.0,0.0008,0.0214,0.9191,0.0329,0.9194,0.4966,0.8218,95.0,104.0,113.0,41.0,160.0061,3
1229,20.4833,11.0722,11.0632,0.0109,0.0,0.0018,2.0,8.0,10.0,0.0008,0.0214,0.9191,0.0329,0.9194,0.4966,0.8218,95.0,104.0,113.0,41.0,160.0146,3
1230,20.5,11.0865,11.0922,0.1738,0.0003,0.0022,2.0,8.0,10.0,0.0008,0.1344,0.895,0.0511,0.9194,0.4922,0.8257,96.0,105.0,115.0,41.0,156.8649,1
1231,20.5167,11.0934,11.1127,0.0176,0.0,0.0018,2.0,8.0,10.0,0.0008,0.1344,0.895,0.0511,0.9194,0.4922,0.8257,96.0,105.0,115.0,41.0,156.8515,1
1232,20.5333,11.1072,11.1563,0.1637,0.0003,0.1039,2.0,8.0,10.0,0.0008,0.0224,0.889,0.0371,0.9194,0.4874,0.8055,95.0,103.5,113.0,41.0,158.1909,2
1233,20.55,11.1105,11.1655,0.0115,0.0,0.0018,2.0,8.0,10.0,0.0008,0.0224,0.889,0.0371,0.9194,0.4874,0.8055,95.0,103.5,113.0,41.0,158.194,2
1234,20.5667,11.1013,11.1521,0.1762,0.0003,0.1364,2.0,8.0,10.0,0.0008,0.0016,0.8231,0.0191,0.9948,0.4694,0.8257,95.0,104.0,113.0,40.0,158.6232,3
1235,20.5833,11.1054,11.1646,0.014,0.0,0.0018,2.0,8.0,10.0,0.0008,0.0016,0.8231,0.0191,0.9948,0.4694,0.8257,95.0,104.0,113.0,40.0,158.6264,3
1236,20.6,11.1087,11.1774,0.1747,0.0003,0.4295,2.0,8.0,10.0,0.0008,0.0432,0.6856,0.3382,0.9327,0.4724,0.8537,96.0,104.5,113.0,41.0,159.7375,1
1237,20.6167,11.1187,11.2063,0.0198,0.0,0.0272,2.0,8.0,10.0,0.0008,0.0432,0.6856,0.3382,0.9327,0.4724,0.8537,96.0,104.5,113.0,41.0,159.668,1
1238,20.6333,11.1365,11.2422,0.132,0.0002,0.506,2.0,8.0,10.0,0.0008,0.1025,0.8346,0.0421,0.9194,0.4896,0.8376,96.0,104.5,113.0,41.0,159.2667,2
1239,20.65,11.1418,11.2578,0.0156,0.0,0.0018,2.0,8.0,10.0,0.0008,0.1025,0.8346,0.0421,0.9194,0.4896,0.8376,96.0,104.5,113.0,41.0,159.27,2
1240,20.6667,11.1401,11.2454,0.1885,0.0003,0.0022,2.0,8.0,10.0,0.0008,0.0984,0.9257,0.0095,0.9889,0.5039,0.8451,96.0,105.0,114.0,41.0,158.7841,1
1241,20.6833,11.1482,11.2698,0.0168,0.0,0.0018,2.0,8.0,10.0,0.0008,0.0984,0.9257,0.0095,0.9889,0.5039,0.8451,96.0,105.0,114.0,41.0,158.7875,1
1242,20.7,11.1655,11.3046,0.171,0.0002,0.0087,2.0,8.0,10.0,0.0008,0.1185,0.8269,0.0111,0.995,0.4873,0.8478,96.5,105.0,115.0,40.0,157.1254,1
1243,20.7167,11.1745,11.3313,0.0178,0.0,0.0315,2.0,8.0,10.0,0.0008,0.1185,0.8269,0.0111,0.995,0.4873,0.8478,96.5,105.0,115.0,41.0,157.1333,1
1244,20.7333,11.2761,11.5053,0.2787,0.0004,0.0087,2.0,8.0,10.0,0.001,0.041,0.9725,0.2311,0.9382,0.5151,0.7937,87.0,97.0,108.5,43.0,156.3913,2
1245,20.75,11.2927,11.5531,0.0262,0.0,0.012,2.0,8.0,10.0,0.001,0.041,0.9725,0.2311,0.9382,0.5151,0.7937,87.0,97.0,108.5,43.0,156.3382,2
1246,20.7667,11.2932,11.5532,0.3501,0.0007,0.3939,2.0,8.0,10.0,0.001,0.0396,0.8838,0.1183,0.9972,0.4843,0.7841,82.5,90.5,102.0,42.0,151.0013,3
1247,20.7833,11.3063,11.5918,0.023,0.0,0.0014,2.0,8.0,10.0,0.001,0.0396,0.8838,0.1183,0.9972,0.4843,0.7841,82.5,90.5,102.0,42.0,151.0039,3
1248,20.8,11.2977,11.5809,0.2195,0.0003,0.3978,2.0,8.0,10.0,0.0009,0.1174,0.8832,0.2098,0.9972,0.4896,0.8442,93.0,102.0,112.0,42.0,157.9762,3
1249,20.8167,11.3106,11.6189,0.0244,0.0,0.0102,2.0,8.0,10.0,0.0009,0.1174,0.8832,0.2098,0.9972,0.4896,0.8442,93.0,102.0,112.0,42.0,157.9744,3
1250,20.8333,11.3479,11.7096,0.3368,0.0004,0.9231,2.0,8.0,10.0,0.0009,0.072,0.8802,0.0722,0.9194,0.4581,0.7762,90.0,100.0,111.0,40.0,159.3173,7
1251,20.85,11.371,11.7777,0.0328,0.0,0.0332,2.0,8.0,10.0,0.0009,0.072,0.8799,0.0722,0.9194,0.4599,0.774,90.0,100.0,111.0,40.0,159.3229,7
1252,20.8667,11.3762,11.7844,0.3027,0.0005,0.5414,2.0,8.0,10.0,0.0009,0.0822,0.9617,0.0847,0.9959,0.4719,0.7802,90.0,100.0,111.0,40.0,160.5657,7
1253,20.8833,11.4015,11.8594,0.0335,0.0,0.0478,2.0,8.0,10.0,0.0009,0.0822,0.9617,0.0847,0.9959,0.4719,0.7802,90.0,100.0,111.0,40.0,160.4896,7
1254,20.9,11.3823,11.8557,0.3169,0.0004,0.2273,2.0,8.0,10.0,0.0008,0.1061,0.9095,0.0533,0.9344,0.4886,0.8071,94.0,103.0,113.0,41.0,159.4315,2
1255,20.9167,11.4062,11.9254,0.0347,0.0,0.0279,2.0,8.0,10.0,0.0008,0.1061,0.9095,0.0538,0.9342,0.4891,0.8024,93.0,103.0,113.0,41.0,158.0555,2
1256,20.9333,11.4127,11.9681,0.2878,0.0004,0.0022,2.0,8.0,10.0,0.0009,0.097,0.8165,0.1,0.9332,0.496,0.7953,91.0,101.5,111.5,42.0,152.2934,3
1257,20.95,11.4365,12.0384,0.0372,0.0,0.0545,2.0,8.0,10.0,0.0009,0.098,0.8109,0.1,0.9321,0.498,0.7782,90.0,100.0,111.0,42.0,147.3155,3
1258,20.9667,11.4532,12.049,0.1866,0.0002,0.4497,2.0,8.0,10.0,0.001,0.0328,0.7915,0.1077,0.9712,0.4875,0.7821,87.5,97.5,106.0,42.0,142.5701,3
1259,20.9833,11.4807,12.1314,0.042,0.0001,0.1719,2.0,8.0,10.0,0.001,0.036,0.7748,0.113,0.9685,0.4915,0.7536,81.5,89.5,101.0,42.0,136.064,4
1260,21.0,11.6605,12.3798,0.5259,0.0007,1.7483,2.0,8.0,10.0,0.0014,0.0915,0.882,0.1152,0.925,0.4942,0.6358,82.0,89.0,97.0,40.0,129.9216,10
1261,21.0167,11.6883,12.4637,0.0505,0.0002,0.6537,2.0,8.0,10.0,0.0015,0.0944,0.8756,0.1161,0.925,0.4958,0.6243,84.0,93.0,101.0,40.0,122.9193,9
1262,21.0333,11.7017,12.5368,0.4761,0.0009,1.9518,2.0,8.0,10.0,0.0017,0.1255,0.92,0.1311,0.9679,0.5161,0.6124,90.5,100.0,107.0,40.0,112.1904,6
1263,21.05,11.7364,12.6395,0.0571,0.0004,1.6198,2.0,8.0,10.0,0.002,0.1281,0.9163,0.1361,0.9589,0.5192,0.5731,97.0,105.0,112.0,38.0,100.8856,6
1264,21.0667,11.7696,12.7566,0.5098,0.0011,3.7493,2.0,8.0,10.0,0.0023,0.0958,0.8865,0.0947,0.9318,0.5146,0.5406,105.0,112.0,119.0,33.0,90.3061,6
1265,21.0833,11.8055,12.8625,0.0598,0.0005,2.7712,2.0,8.0,10.0,0.0026,0.1125,0.8717,0.1083,0.9246,0.5175,0.5141,106.0,115.0,123.5,32.0,85.2685,4
1266,21.1,11.7364,12.8513,0.431,0.0014,5.0042,2.0,8.0,10.0,0.0029,0.2019,0.5609,0.1766,0.9194,0.5174,0.4945,116.5,125.0,133.0,26.0,71.4245,2
1267,21.1167,11.783,12.9901,0.0787,0.0007,4.4203,2.0,8.0,10.0,0.0032,0.224,0.5594,0.1852,0.9194,0.5181,0.4799,111.0,120.0,130.0,29.0,69.2559,2
1268,21.1333,11.8345,13.1247,0.2822,0.0013,6.4724,2.0,8.0,10.0,0.0037,0.1334,0.5609,0.1815,0.9194,0.5144,0.46,116.5,125.0,132.0,24.0,66.5042,4
1269,21.15,11.8791,13.2594,0.0817,0.0008,4.6509,2.0,8.0,10.0,0.0043,0.1693,0.5596,0.1885,0.9194,0.5148,0.4472,120.0,127.0,137.0,24.0,65.9845,4
1270,21.1667,11.9688,13.4534,0.3929,0.0015,7.9822,2.0,8.0,10.0,0.0046,0.1038,0.7667,0.1131,0.9194,0.5147,0.4364,107.0,117.0,126.0,27.0,61.8807,9
1271,21.1833,12.0342,13.6487,0.1134,0.0012,7.9421,2.0,8.0,10.0,0.0052,0.1108,0.7569,0.1164,0.9194,0.5151,0.429,105.0,115.0,124.0,30.0,63.2082,9
1272,21.2,12.1035,13.8318,0.396,0.0014,11.937,2.0,8.0,10.0,0.0056,0.2029,0.6019,0.1027,0.9194,0.517,0.4246,110.0,119.0,129.0,28.0,64.2566,7
1273,21.2167,12.1899,14.0897,0.1559,0.001,17.9185,2.0,8.0,10.0,0.0061,0.2075,0.6001,0.1028,0.9194,0.5166,0.4205,109.0,118.0,129.0,28.0,63.2049,6
1274,21.2333,12.4539,14.452,0.6425,0.0019,22.337,2.0,8.0,10.0,0.007,0.0952,0.8011,0.0556,0.9194,0.5138,0.3983,91.0,101.5,111.0,30.0,66.9174,17
1275,21.25,12.5401,14.7095,0.2601,0.0018,30.4689,2.0,8.0,10.0,0.007,0.0952,0.8011,0.0556,0.9194,0.5109,0.3981,93.0,102.0,112.0,29.0,67.4102,17
1276,21.2667,12.5328,15.0383,0.8701,0.0035,46.2623,2.0,8.0,10.0,0.0065,0.0974,0.8375,0.0583,0.9194,0.5079,0.4161,100.0,109.0,117.0,29.5,65.5251,13
1277,21.2833,12.6613,15.4218,0.4682,0.003,50.6749,2.0,8.0,10.0,0.0067,0.1016,0.8375,0.0583,0.9194,0.5047,0.4152,84.0,94.5,103.0,36.0,60.6017,13
1278,21.3,12.9419,16.3612,0.9806,0.0057,53.2246,2.0,8.0,10.0,0.0077,0.1696,0.5703,0.1101,0.9194,0.5035,0.4163,104.0,115.0,123.0,27.0,54.3198,6
1279,21.3167,14.0061,19.551,2.2555,0.0104,80.0734,2.0,8.0,10.0,0.0124,0.2235,0.5781,0.1519,0.9194,0.4934,0.3988,119.0,126.0,132.0,23.0,53.7642,6
1280,21.3333,15.0741,22.9334,3.1427,0.0145,88.8409,2.0,8.0,10.0,0.0163,0.4,0.5906,0.2929,0.9167,0.4847,0.3896,108.0,114.0,122.0,26.0,48.9247,2
1281,21.35,15.4325,24.0081,1.746,0.0118,72.9916,2.0,8.0,10.0,0.0185,0.3906,0.6,0.2944,0.9167,0.4888,0.3873,143.0,150.0,154.0,24.0,49.4968,2
1282,21.3667,15.7135,24.8571,1.4362,0.0085,50.7831,2.0,8.0,10.0,0.0201,0.3859,0.6016,0.2944,0.9167,0.491,0.3865,157.5,163.0,170.0,19.0,48.6029,3
1283,21.3833,15.937,25.5273,1.028,0.0068,36.9089,2.0,8.0,10.0,0.0214,0.3812,0.6016,0.2944,0.9167,0.492,0.3853,169.0,175.0,182.0,17.0,48.6798,3
1284,21.4,16.1207,26.0177,1.0114,0.0058,23.5024,2.0,8.0,10.0,0.0219,0.3781,0.6016,0.2944,0.9167,0.4914,0.3842,162.0,169.0,175.0,17.0,48.0188,2
1285,21.4167,16.1865,26.2141,0.5239,0.0047,11.6019,2.0,8.0,10.0,0.0217,0.3766,0.5984,0.2944,0.9167,0.4886,0.3843,164.0,169.0,174.0,16.0,48.5334,2
1286,21.4333,16.1551,26.2772,0.651,0.0043,9.4733,2.0,8.0,10.0,0.0217,0.3766,0.5984,0.2944,0.9167,0.4876,0.3845,178.0,185.0,189.0,16.0,48.0099,3
1287,21.45,16.2031,26.4215,0.4159,0.0038,6.6811,2.0,8.0,10.0,0.0217,0.375,0.5969,0.2944,0.9167,0.4876,0.3847,170.5,178.0,183.5,16.0,48.5411,3
1288,21.4667,16.2637,26.6107,0.4438,0.0034,7.2172,2.0,8.0,10.0,0.022,0.3734,0.5953,0.2944,0.9167,0.486,0.3842,150.0,157.0,162.0,17.0,48.186,3
1289,21.4833,16.3244,26.7919,0.3531,0.0031,6.2838,2.0,8.0,10.0,0.0217,0.3719,0.5953,0.2944,0.9167,0.4845,0.3843,154.0,160.0,166.0,17.0,48.7882,3
1290,21.5,16.3565,26.9268,0.4248,0.0037,3.7421,2.0,8.0,10.0,0.0218,0.3719,0.6045,0.2944,0.9167,0.4853,0.3835,153.5,159.5,167.5,17.0,48.4768,2
1291,21.5167,16.4262,27.1359,0.3099,0.0031,3.4335,2.0,8.0,10.0,0.0221,0.3703,0.6158,0.2944,0.9167,0.484,0.3833,126.0,133.0,143.0,22.0,48.8957,2
1292,21.5333,16.4872,27.3296,0.3636,0.0032,3.1962,2.0,8.0,10.0,0.0222,0.3703,0.6188,0.2944,0.9167,0.4858,0.3833,118.0,125.0,132.0,26.0,48.2487,2
1293,21.55,16.5506,27.5196,0.2704,0.0029,3.2912,2.0,8.0,10.0,0.0224,0.3688,0.6203,0.2944,0.9167,0.4848,0.3831,124.0,131.0,139.0,25.0,48.1432,2
1294,21.5667,16.6765,27.8164,0.4023,0.0031,3.1408,2.0,8.0,10.0,0.0229,0.3672,0.6234,0.2944,0.9167,0.4876,0.3844,130.0,136.0,144.0,24.0,48.522,4
1295,21.5833,16.739,28.0026,0.2399,0.0026,3.4433,2.0,8.0,10.0,0.0231,0.3672,0.6234,0.2944,0.9167,0.4868,0.3842,138.0,145.0,152.0,23.0,49.8694,4
1296,21.6,16.874,28.2901,0.4883,0.0028,3.3123,2.0,8.0,10.0,0.0232,0.3672,0.6266,0.2944,0.9167,0.4884,0.3835,138.0,146.0,153.5,24.0,47.8981,3
1297,21.6167,16.9307,28.4583,0.2138,0.0026,2.6234,2.0,8.0,10.0,0.0237,0.3656,0.6281,0.2944,0.9167,0.4906,0.3833,137.0,145.0,152.0,24.0,49.1172,3
1298,21.6333,16.9697,28.6331,0.3871,0.0023,3.2686,2.0,8.0,10.0,0.0238,0.3656,0.6266,0.2944,0.9167,0.4891,0.3828,150.0,155.0,162.0,22.0,49.8108,2
1299,21.65,17.023,28.7919,0.191,0.0022,2.5617,2.0,8.0,10.0,0.0236,0.3656,0.6281,0.2944,0.9167,0.4902,0.383,147.5,155.0,161.5,22.0,47.5029,2
1300,21.6667,17.0664,28.9237,0.4424,0.0023,2.4563,2.0,8.0,10.0,0.0239,0.3641,0.6281,0.2944,0.9167,0.4902,0.3831,148.0,154.0,161.0,22.0,48.0118,4
1301,21.6833,17.128,29.1084,0.1898,0.0019,2.7683,2.0,8.0,10.0,0.0244,0.3641,0.6297,0.2944,0.9167,0.4902,0.3825,148.0,154.5,160.5,22.0,50.4947,4
1302,21.7,17.1807,29.2828,0.3518,0.002,3.0566,2.0,8.0,10.0,0.0243,0.3641,0.6297,0.2944,0.9167,0.4896,0.3827,147.0,154.0,160.0,22.0,49.2165,2
1303,21.7167,17.2375,29.4527,0.1749,0.0017,2.2251,2.0,8.0,10.0,0.0242,0.3625,0.6312,0.2944,0.9167,0.4906,0.3829,144.0,151.0,155.0,22.0,47.8029,2
1304,21.7333,17.273,29.6411,0.3527,0.0021,2.1211,2.0,8.0,10.0,0.0244,0.3625,0.6312,0.2944,0.9167,0.4905,0.3824,154.0,161.5,168.5,20.0,48.7282,2
1305,21.75,17.3233,29.7913,0.1569,0.0014,2.6401,2.0,8.0,10.0,0.0246,0.3625,0.6312,0.2944,0.9167,0.4912,0.3819,150.0,155.0,162.0,21.0,50.035,2
1306,21.7667,17.3735,29.9565,0.2867,0.0019,2.4237,2.0,8.0,10.0,0.0247,0.3625,0.6328,0.2944,0.9167,0.493,0.3821,148.0,154.0,159.5,21.0,49.1796,2
1307,21.7833,17.4276,30.1181,0.1583,0.0014,2.2245,2.0,8.0,10.0,0.0248,0.3625,0.6328,0.2944,0.9167,0.4928,0.3823,145.0,151.5,157.0,22.0,48.9383,2
1308,21.8,17.5039,30.3133,0.255,0.0017,2.1144,2.0,8.0,10.0,0.0249,0.3609,0.6328,0.2944,0.9167,0.4917,0.3821,150.0,157.0,161.0,20.0,48.795,3
1309,21.8167,17.5669,30.5011,0.1538,0.0011,2.2003,2.0,8.0,10.0,0.0249,0.3609,0.6328,0.2917,0.9167,0.4921,0.3819,143.0,150.0,154.5,21.0,48.7058,3
1310,21.8333,17.6308,30.7102,0.2899,0.0017,1.9291,2.0,8.0,10.0,0.025,0.3609,0.6344,0.2917,0.9167,0.4931,0.3823,143.0,151.0,157.0,22.0,48.6209,2
1311,21.85,17.6888,30.8832,0.1458,0.0013,1.9801,2.0,8.0,10.0,0.0251,0.3594,0.6344,0.2917,0.9167,0.4931,0.3824,137.0,144.5,151.0,23.0,48.9988,2
1312,21.8667,17.7472,31.0414,0.2712,0.0014,1.9759,2.0,8.0,10.0,0.0254,0.3594,0.6359,0.2917,0.9167,0.4928,0.3825,151.0,157.0,161.0,21.0,49.0544,2
1313,21.8833,17.8077,31.2227,0.1512,0.0014,1.9626,2.0,8.0,10.0,0.0256,0.3594,0.6359,0.2917,0.9167,0.493,0.3823,137.0,145.0,153.0,22.0,49.1198,2
1314,21.9,17.8852,31.4436,0.2991,0.0014,2.0221,2.0,8.0,10.0,0.0254,0.3594,0.6359,0.2917,0.9167,0.4938,0.3821,138.5,146.0,154.0,21.0,48.4109,2
1315,21.9167,17.9392,31.6047,0.1461,0.0011,1.8382,2.0,8.0,10.0,0.0255,0.3594,0.6359,0.2917,0.9167,0.494,0.3823,141.0,148.0,154.0,23.0,48.8722,2
1316,21.9333,18.0378,31.8035,0.3359,0.0015,1.8162,2.0,8.0,10.0,0.0258,0.3578,0.6375,0.2917,0.9167,0.4932,0.382,144.5,151.0,157.0,23.0,49.3398,2
1317,21.95,18.1017,31.9948,0.1567,0.0011,2.2344,2.0,8.0,10.0,0.0258,0.3578,0.6375,0.2917,0.9167,0.493,0.3822,136.0,143.0,151.0,23.0,49.6829,2
1318,21.9667,18.1657,32.2011,0.2819,0.0014,1.855,2.0,8.0,10.0,0.0259,0.3578,0.6375,0.2917,0.9167,0.4937,0.3829,125.0,133.0,143.0,24.0,48.3873,2
1319,21.9833,18.2306,32.3949,0.1594,0.0013,1.6018,2.0,8.0,10.0,0.0259,0.3578,0.6375,0.2917,0.9167,0.4946,0.383,123.5,132.5,143.0,23.0,48.3782,2
1320,22.0,18.3672,32.6538,0.5744,0.0017,2.4941,2.0,8.0,10.0,0.0263,0.3562,0.6391,0.2917,0.9167,0.4931,0.3826,132.0,138.0,146.0,23.0,49.816,4
1321,22.0167,18.43,32.8419,0.1648,0.0015,1.9269,2.0,8.0,10.0,0.0264,0.3547,0.6391,0.2917,0.9167,0.4928,0.3827,124.0,131.0,140.0,24.0,50.2345,4
1322,22.0333,18.5089,33.0704,0.4786,0.002,1.9797,2.0,8.0,10.0,0.0264,0.3531,0.6406,0.2917,0.9167,0.494,0.3841,119.0,127.0,137.0,23.0,48.9421,6
1323,22.05,18.5885,33.3075,0.1974,0.002,1.4104,2.0,8.0,10.0,0.0266,0.3453,0.6406,0.2917,0.9167,0.4944,0.3844,117.5,126.0,139.0,23.0,48.2443,7
1324,22.0667,18.6854,33.5969,0.5382,0.0026,1.8682,2.0,8.0,10.0,0.0273,0.3156,0.6406,0.2889,0.9167,0.4909,0.3839,110.0,119.0,136.0,27.0,49.4145,6
1325,22.0833,18.779,33.8761,0.2272,0.0021,2.3026,2.0,8.0,10.0,0.0277,0.3109,0.6406,0.2889,0.9167,0.4896,0.3847,101.0,110.0,130.0,30.0,49.8744,7
1326,22.1,18.856,34.176,0.558,0.0031,2.1452,2.0,8.0,10.0,0.0278,0.3109,0.6422,0.2915,0.9139,0.4896,0.3859,96.0,104.0,130.0,32.0,48.537,6
1327,22.1167,18.96,34.4869,0.2745,0.0027,1.9637,2.0,8.0,10.0,0.0282,0.3109,0.6422,0.2889,0.9139,0.4887,0.3862,101.0,109.0,138.0,30.0,49.3956,6
1328,22.1333,19.0786,34.8318,0.4862,0.0033,2.814,2.0,8.0,10.0,0.0289,0.3109,0.6422,0.2889,0.9139,0.486,0.3875,87.0,98.0,131.5,38.0,49.424,8
1329,22.15,19.2052,35.2118,0.3447,0.0039,2.5742,2.0,8.0,10.0,0.0295,0.3094,0.6438,0.2889,0.9139,0.4846,0.3902,81.0,93.0,134.0,42.0,48.3157,6
1330,22.1667,19.2723,35.532,0.6409,0.0049,2.8898,2.0,8.0,10.0,0.0303,0.3106,0.6425,0.2889,0.9139,0.4811,0.3932,83.0,96.0,151.0,44.0,46.678,3
1331,22.1833,19.4034,35.9252,0.471,0.0051,3.2645,2.0,8.0,10.0,0.0305,0.3094,0.6438,0.2889,0.9139,0.4794,0.3969,86.0,100.0,139.0,56.5,44.746,3
1332,22.2,19.5361,36.3206,0.7188,0.0063,3.3808,2.0,8.0,10.0,0.0313,0.3094,0.6438,0.2889,0.9139,0.4765,0.4008,90.0,104.0,156.0,71.5,45.1141,5
1333,22.2167,19.7107,36.8414,0.6772,0.0074,4.1853,2.0,8.0,10.0,0.0321,0.3094,0.6453,0.2889,0.9139,0.4753,0.4058,95.0,108.0,159.0,80.0,45.0367,4
1334,22.2333,19.9937,37.6772,0.8871,0.0071,5.6654,2.0,8.0,10.0,0.0332,0.3094,0.6469,0.2889,0.9139,0.4728,0.4069,97.0,112.0,164.0,87.0,45.8867,4
1335,22.25,20.5703,39.4049,0.8039,0.0034,5.03,2.0,8.0,10.0,0.0336,0.3094,0.6484,0.2889,0.9139,0.474,0.4064,97.0,112.0,161.0,81.0,46.3461,4
1336,22.2667,22.1828,44.2496,3.0259,0.0103,4.7413,2.0,8.0,10.0,0.0387,0.3094,0.6484,0.2889,0.9139,0.4687,0.4341,97.0,112.0,164.0,99.0,41.4211,4
1337,22.2833,24.5757,51.4224,2.7385,0.0082,5.1674,2.0,8.0,10.0,0.0423,0.3094,0.65,0.2861,0.9139,0.4735,0.4409,97.0,112.0,150.0,101.0,41.5687,4
1338,22.3,25.2399,53.4641,1.859,0.0113,10.3321,2.0,8.0,10.0,0.0448,0.3094,0.6531,0.2861,0.9139,0.4777,0.4476,97.0,112.0,162.0,98.0,40.9212,4
1339,22.3167,26.6563,57.7086,3.3088,0.0235,45.6763,2.0,8.0,10.0,0.047,0.3094,0.6625,0.2806,0.9128,0.4791,0.4461,97.0,112.0,160.0,98.0,40.3985,4
1340,22.3333,28.0539,61.9378,3.2662,0.022,42.428,2.0,8.0,10.0,0.0493,0.3109,0.6734,0.275,0.9111,0.4794,0.4415,96.0,110.0,157.0,94.0,40.6002,3
1341,22.35,28.5587,63.4498,1.0315,0.0079,8.9501,2.0,8.0,10.0,0.0505,0.3109,0.675,0.275,0.9111,0.4789,0.4393,96.0,109.0,157.0,91.0,42.5633,3
1342,22.3667,28.9396,64.5881,0.874,0.0063,5.4678,2.0,8.0,10.0,0.0504,0.3109,0.6781,0.2722,0.9111,0.4785,0.4398,96.0,108.0,148.0,85.0,41.4445,3
1343,22.3833,29.2474,65.5104,0.64,0.0056,4.0642,2.0,8.0,10.0,0.051,0.3109,0.6797,0.2722,0.9111,0.4808,0.4392,96.0,108.0,148.0,90.0,40.9136,3
1344,22.4,29.5281,66.3512,0.6841,0.0053,3.1119,2.0,8.0,10.0,0.0516,0.3109,0.6812,0.2722,0.9111,0.4827,0.4395,94.0,107.0,143.0,93.0,41.121,3
1345,22.4167,29.7634,67.0559,0.5018,0.0051,2.5485,2.0,8.0,10.0,0.0519,0.3109,0.6828,0.2722,0.9111,0.4827,0.4402,90.0,103.0,132.0,92.0,40.8169,3
1346,22.4333,30.0188,67.7391,0.6121,0.0045,2.4825,2.0,8.0,10.0,0.0523,0.3094,0.6838,0.2722,0.9111,0.483,0.4413,95.0,106.0,144.0,93.5,40.4785,3
1347,22.45,30.2154,68.3277,0.4296,0.0043,2.1551,2.0,8.0,10.0,0.0524,0.3094,0.6844,0.2694,0.9111,0.4842,0.4414,90.0,102.0,130.0,93.0,40.5275,3
1348,22.4667,30.5473,69.041,0.6335,0.0044,1.6646,2.0,8.0,10.0,0.0529,0.3094,0.6859,0.2694,0.9111,0.4859,0.4408,88.0,100.0,125.0,93.0,41.1765,10
1349,22.4833,30.7133,69.5374,0.3625,0.004,1.7266,2.0,8.0,10.0,0.0538,0.3094,0.6859,0.2694,0.9111,0.4858,0.4401,90.0,102.0,132.0,90.0,41.7196,9
1350,22.5,30.7938,69.9497,0.7096,0.0046,1.6847,2.0,8.0,10.0,0.0536,0.3094,0.6859,0.2694,0.9111,0.4874,0.442,93.0,103.0,133.0,93.0,40.7343,3
1351,22.5167,30.9352,70.3724,0.3279,0.0036,1.3874,2.0,8.0,10.0,0.0537,0.3094,0.6875,0.2694,0.9111,0.486,0.442,89.0,101.0,127.0,94.0,40.8399,3
1352,22.5333,31.0728,70.7908,0.5916,0.0037,1.682,2.0,8.0,10.0,0.054,0.3078,0.6875,0.2694,0.9111,0.4864,0.4423,87.0,98.0,124.0,94.0,41.1882,5
1353,22.55,31.1948,71.1555,0.2803,0.0029,1.4118,2.0,8.0,10.0,0.0539,0.3078,0.6875,0.2694,0.9111,0.4875,0.4426,84.0,96.0,120.0,95.0,40.3752,5
1354,22.5667,31.3028,71.4661,0.6019,0.004,1.1235,2.0,8.0,10.0,0.0543,0.3078,0.6875,0.2694,0.9111,0.4891,0.4434,87.0,97.0,124.0,94.0,40.065,4
1355,22.5833,31.4064,71.7763,0.2579,0.0031,1.0803,2.0,8.0,10.0,0.0546,0.3078,0.6891,0.2694,0.9111,0.4889,0.4436,89.0,100.0,127.0,93.0,40.2402,4
1356,22.6,31.4387,72.0231,0.5153,0.0034,1.3556,2.0,8.0,10.0,0.0553,0.3078,0.6875,0.2694,0.9111,0.4879,0.4436,90.0,101.0,127.0,93.0,40.8953,4
1357,22.6167,31.5296,72.2943,0.2357,0.0025,1.4216,2.0,8.0,10.0,0.0557,0.3062,0.6891,0.2694,0.9111,0.4888,0.4439,91.0,102.0,127.0,89.0,41.319,4
1358,22.6333,31.6739,72.5981,0.3758,0.0032,1.2875,2.0,8.0,10.0,0.0558,0.3062,0.6891,0.268,0.9111,0.4902,0.4442,91.0,102.0,130.0,93.0,40.9286,7
1359,22.65,31.7518,72.832,0.2153,0.0024,1.0766,2.0,8.0,10.0,0.0557,0.3062,0.6891,0.2667,0.9111,0.4911,0.4449,90.0,101.0,130.0,95.0,40.9042,7
1360,22.6667,31.7919,73.018,0.48,0.0029,1.1266,2.0,8.0,10.0,0.0558,0.3062,0.6891,0.2667,0.9111,0.4917,0.445,91.0,103.0,130.0,97.0,40.8401,4
1361,22.6833,31.8547,73.205,0.1972,0.0024,0.9987,2.0,8.0,10.0,0.0562,0.3062,0.6891,0.2667,0.9111,0.4908,0.4446,91.0,103.0,134.0,96.0,41.0085,4
1362,22.7,31.9194,73.4017,0.3997,0.0024,1.0979,2.0,8.0,10.0,0.0567,0.3062,0.6891,0.2667,0.9111,0.4908,0.4444,89.5,100.0,125.0,96.0,40.9624,5
1363,22.7167,31.9762,73.572,0.1851,0.0021,1.0384,2.0,8.0,10.0,0.0571,0.3062,0.6906,0.2667,0.9111,0.4918,0.4447,90.0,100.5,124.0,92.0,40.8134,5
1364,22.7333,32.0042,73.6984,0.3808,0.0026,1.0163,2.0,8.0,10.0,0.0571,0.3062,0.6891,0.2667,0.9111,0.493,0.4461,89.0,100.0,125.5,94.0,40.5829,3
1365,22.75,32.0581,73.8589,0.1753,0.0023,0.9293,2.0,8.0,10.0,0.057,0.3062,0.6906,0.2667,0.9111,0.4939,0.4461,89.0,100.0,127.0,95.0,40.437,3
1366,22.7667,32.0728,73.9823,0.3191,0.002,0.8827,2.0,8.0,10.0,0.0572,0.3062,0.6906,0.2667,0.9111,0.4947,0.4468,91.0,103.0,130.0,95.0,40.1224,3
1367,22.7833,32.1123,74.1011,0.1531,0.0017,0.7476,2.0,8.0,10.0,0.0573,0.3062,0.6906,0.2667,0.9111,0.4952,0.447,90.0,101.0,127.0,97.0,39.9927,3
1368,22.8,32.1363,74.2286,0.2072,0.0015,0.6875,2.0,8.0,10.0,0.0573,0.3062,0.6906,0.2667,0.9111,0.4956,0.4473,90.0,102.0,129.0,97.0,39.8418,2
1369,22.8167,32.1814,74.3635,0.1449,0.0019,0.682,2.0,8.0,10.0,0.0577,0.3062,0.6906,0.2667,0.9111,0.4955,0.4475,93.0,105.0,134.0,97.0,39.971,3
1370,22.8333,32.2423,74.4754,0.2508,0.0016,0.7241,2.0,8.0,10.0,0.0576,0.3062,0.6906,0.2667,0.9111,0.4959,0.4477,94.0,104.0,136.0,96.0,40.0832,4
1371,22.85,32.2709,74.5603,0.1236,0.0018,0.5999,2.0,8.0,10.0,0.058,0.3047,0.6906,0.2667,0.9111,0.4958,0.4477,91.0,104.0,134.0,97.0,40.1382,4
1372,22.8667,32.3101,74.6884,0.254,0.0017,0.6996,2.0,8.0,10.0,0.0583,0.3047,0.6906,0.2667,0.9111,0.4957,0.4475,91.0,103.0,130.0,95.0,40.2213,3
1373,22.8833,32.3463,74.7971,0.1144,0.0014,0.6356,2.0,8.0,10.0,0.0585,0.3047,0.6906,0.2667,0.9111,0.496,0.4476,91.0,102.0,131.0,95.0,40.365,2
1374,22.9,32.399,74.8748,0.2702,0.0015,0.6146,2.0,8.0,10.0,0.0587,0.3047,0.6906,0.2667,0.9111,0.4963,0.4484,90.5,102.0,129.0,94.0,40.2343,4
1375,22.9167,32.4274,74.9577,0.1016,0.001,0.5641,2.0,8.0,10.0,0.0585,0.3047,0.6906,0.2667,0.9111,0.4963,0.4484,90.0,101.0,130.0,93.0,40.3468,4
1376,22.9333,32.4298,75.0245,0.2589,0.0017,0.5451,2.0,8.0,10.0,0.0587,0.3047,0.6906,0.2667,0.9111,0.497,0.4491,88.0,98.0,125.0,95.0,40.2816,2
1377,22.95,32.4614,75.1193,0.0978,0.0012,0.4987,2.0,8.0,10.0,0.0588,0.3047,0.6906,0.2667,0.9111,0.4971,0.449,90.0,101.0,126.0,94.0,40.3532,2
1378,22.9667,32.489,75.2092,0.178,0.0013,0.501,2.0,8.0,10.0,0.0584,0.3047,0.6906,0.2667,0.9111,0.4975,0.449,91.0,103.0,130.0,94.0,40.1566,2
1379,22.9833,32.5021,75.2481,0.0766,0.0012,0.4511,2.0,8.0,10.0,0.0587,0.3047,0.6906,0.2667,0.9111,0.4981,0.4498,90.0,101.0,130.0,95.0,40.3625,2
1380,23.0,32.5113,75.2548,0.4364,0.0022,1.3171,2.0,8.0,10.0,0.0587,0.3047,0.6906,0.2667,0.9111,0.4983,0.4489,89.0,100.0,129.0,95.0,40.738,4
1381,23.0167,32.5246,75.2931,0.063,0.0007,0.2715,2.0,8.0,10.0,0.0586,0.3047,0.6906,0.2667,0.9111,0.4981,0.4487,90.0,101.0,130.0,94.0,40.756,4
1382,23.0333,32.5298,75.3649,0.209,0.001,0.4198,2.0,8.0,10.0,0.0585,0.3047,0.6906,0.2667,0.9111,0.4974,0.4488,90.0,101.0,131.0,94.0,40.7698,2
1383,23.05,32.5391,75.3939,0.0584,0.0006,0.3545,2.0,8.0,10.0,0.0585,0.3047,0.6922,0.2667,0.9111,0.4974,0.4491,89.0,101.0,133.0,94.0,40.7258,2
1384,23.0667,32.577,75.4328,0.2203,0.0012,0.376,2.0,8.0,10.0,0.0588,0.3047,0.6922,0.2667,0.9111,0.4977,0.4492,89.0,100.5,132.0,94.0,40.9465,6
1385,23.0833,32.5891,75.4687,0.0535,0.0006,0.3237,2.0,8.0,10.0,0.0588,0.3047,0.6914,0.2667,0.9111,0.4978,0.4492,90.0,101.0,133.0,94.0,41.0134,6
1386,23.1,32.5652,75.4921,0.196,0.0008,0.3071,2.0,8.0,10.0,0.0587,0.3047,0.6922,0.2667,0.9111,0.4976,0.449,90.0,102.0,133.0,95.0,40.9429,4
1387,23.1167,32.5707,75.5079,0.0426,0.0005,0.2549,2.0,8.0,10.0,0.0587,0.3047,0.6922,0.2667,0.9111,0.4975,0.449,93.0,104.0,137.0,94.0,40.9276,4
1388,23.1333,32.6227,75.5467,0.1355,0.0008,0.2417,2.0,8.0,10.0,0.0589,0.3047,0.6922,0.2667,0.9111,0.4966,0.4493,93.0,104.0,140.0,94.0,41.2171,5
1389,23.15,32.6392,75.5958,0.0445,0.0004,0.2192,2.0,8.0,10.0,0.0588,0.3047,0.6922,0.2667,0.9111,0.4964,0.4489,93.0,105.0,141.0,94.0,41.1777,6
1390,23.1667,32.6785,75.6228,0.2382,0.0007,0.2169,2.0,8.0,10.0,0.0589,0.3047,0.6922,0.2667,0.9111,0.4967,0.4488,93.0,105.0,140.0,94.0,41.3167,6
1391,23.1833,32.6803,75.6285,0.0267,0.0003,0.1711,2.0,8.0,10.0,0.0589,0.3047,0.6922,0.2667,0.9111,0.4967,0.4489,91.0,104.0,140.5,94.0,41.3521,6
1392,23.2,32.6857,75.6602,0.2337,0.0007,0.1899,2.0,8.0,10.0,0.0588,0.3047,0.6922,0.2667,0.9111,0.4965,0.4487,93.0,104.0,141.0,94.0,41.4059,6
1393,23.2167,32.689,75.6695,0.0198,0.0003,0.1546,2.0,8.0,10.0,0.059,0.3031,0.6922,0.2667,0.9111,0.4967,0.4489,93.0,104.0,143.0,94.0,41.5286,6
1394,23.2333,32.7394,75.7003,0.2787,0.0008,0.0975,2.0,8.0,10.0,0.0592,0.3031,0.6922,0.2667,0.9111,0.4968,0.4495,93.0,104.0,143.0,94.0,41.6602,6
1395,23.25,32.7425,75.7079,0.013,0.0002,0.0828,2.0,8.0,10.0,0.0593,0.3031,0.6922,0.2667,0.9111,0.4968,0.4496,93.0,104.0,144.0,94.0,41.692,6
1396,23.2667,32.8345,75.7588,0.4192,0.0011,0.1462,2.0,8.0,10.0,0.0594,0.3031,0.6922,0.2667,0.9111,0.4972,0.4492,91.0,103.0,141.0,93.0,42.1718,10
1397,23.2833,32.8358,75.7611,0.0047,0.0001,0.0237,2.0,8.0,10.0,0.0594,0.3031,0.6922,0.2667,0.9111,0.4973,0.4492,91.0,103.0,141.0,93.0,42.1439,10
1398,23.3,32.7732,75.7516,0.2316,0.0006,0.0795,2.0,8.0,10.0,0.0593,0.3031,0.6922,0.2667,0.9111,0.497,0.4493,93.0,104.0,144.0,94.0,41.8307,5
1399,23.3167,32.7734,75.7517,0.0021,0.0,0.0067,2.0,8.0,10.0,0.0593,0.3031,0.6922,0.2667,0.9111,0.497,0.4492,93.0,104.0,144.0,94.0,41.8339,5
1400,23.3333,32.7649,75.7353,0.3515,0.0007,0.0671,2.0,8.0,10.0,0.0594,0.3031,0.6922,0.2667,0.9111,0.497,0.4491,91.0,104.0,143.0,94.0,41.7956,7
1401,23.35,32.7648,75.7354,0.0026,0.0,0.0006,2.0,8.0,10.0,0.0594,0.3031,0.6922,0.2667,0.9111,0.497,0.4491,91.0,104.0,143.0,94.0,41.7949,7
1402,23.3667,32.7685,75.7567,0.3025,0.0007,0.0488,2.0,8.0,10.0,0.0594,0.3031,0.6922,0.2667,0.9111,0.4974,0.4487,91.0,104.0,143.0,93.0,41.9974,6
1403,23.3833,32.7689,75.7569,0.0021,0.0,0.0013,2.0,8.0,10.0,0.0594,0.3031,0.6922,0.2667,0.9111,0.4974,0.4487,91.0,104.0,143.0,93.0,41.9932,6
1404,23.4,32.6679,75.6896,0.2632,0.0007,0.0728,2.0,8.0,10.0,0.0592,0.3031,0.6922,0.2667,0.9111,0.4972,0.4486,93.0,104.5,144.0,94.0,41.542,4
1405,23.4167,32.6678,75.6885,0.0041,0.0,0.0099,2.0,8.0,10.0,0.0592,0.3031,0.6922,0.2667,0.9111,0.4972,0.4486,93.0,105.0,144.0,94.0,41.5561,4
1406,23.4333,32.6882,75.695,0.1983,0.0003,0.0172,2.0,8.0,10.0,0.0592,0.3031,0.6922,0.2667,0.9111,0.4971,0.4487,93.0,104.0,144.0,94.0,41.5831,5
1407,23.45,32.6882,75.6948,0.0016,0.0,0.0019,2.0,8.0,10.0,0.0592,0.3031,0.6922,0.2667,0.9111,0.4971,0.4488,93.0,104.5,144.0,94.0,41.5859,5
1408,23.4667,32.6685,75.6841,0.1122,0.0002,0.0167,2.0,8.0,10.0,0.0592,0.3031,0.6922,0.2667,0.9111,0.4972,0.4488,93.0,105.0,144.0,94.0,41.515,4
1409,23.4833,32.6688,75.6842,0.0011,0.0,0.0003,2.0,8.0,10.0,0.0592,0.3031,0.6922,0.2667,0.9111,0.4972,0.4488,93.0,105.0,144.0,94.0,41.5155,4
1410,23.5,32.7063,75.7001,0.212,0.0004,0.026,2.0,8.0,10.0,0.0593,0.3031,0.6922,0.2667,0.9111,0.4972,0.4483,93.0,104.0,143.0,94.0,41.7262,5
1411,23.5167,32.7061,75.6989,0.002,0.0,0.0004,2.0,8.0,10.0,0.0593,0.3031,0.6922,0.2667,0.9111,0.4972,0.4483,93.0,104.0,143.0,94.0,41.7303,5
1412,23.5333,32.7214,75.7142,0.2316,0.0005,0.0302,2.0,8.0,10.0,0.0594,0.3031,0.6922,0.2667,0.9111,0.4972,0.4488,91.0,104.0,143.0,94.0,41.823,6
1413,23.55,32.7218,75.7148,0.0009,0.0,0.0001,2.0,8.0,10.0,0.0594,0.3031,0.6922,0.2667,0.9111,0.4972,0.4488,91.0,104.0,143.0,94.0,41.8266,6
1414,23.5667,32.637,75.675,0.207,0.0004,0.0205,2.0,8.0,10.0,0.0592,0.3047,0.6922,0.2667,0.9111,0.4971,0.4491,93.0,105.0,144.0,94.0,41.4959,4
1415,23.5833,32.6371,75.6746,0.0014,0.0,0.0008,2.0,8.0,10.0,0.0592,0.3047,0.6922,0.2667,0.9111,0.4971,0.4492,93.0,105.0,144.0,94.0,41.4896,4
1416,23.6,32.6415,75.6749,0.1931,0.0012,0.4882,2.0,8.0,10.0,0.0593,0.3031,0.6922,0.2667,0.9111,0.497,0.4492,93.0,105.0,144.0,95.0,41.2351,4
1417,23.6167,32.6489,75.696,0.1334,0.0022,0.9504,2.0,8.0,10.0,0.0595,0.3033,0.6922,0.2667,0.9111,0.4972,0.4497,95.0,107.0,143.0,94.0,41.6581,4
1418,23.6333,32.6378,75.6924,0.2267,0.0025,1.0388,2.0,8.0,10.0,0.0591,0.3031,0.6922,0.2667,0.9111,0.497,0.4502,93.0,104.0,136.0,96.0,41.1701,4
1419,23.65,32.6397,75.6976,0.1952,0.0029,1.2284,2.0,8.0,10.0,0.0589,0.3031,0.6922,0.2667,0.9111,0.497,0.4499,93.0,104.0,134.0,97.0,41.3082,4
1420,23.6667,32.7162,75.7579,0.4216,0.0034,1.4448,2.0,8.0,10.0,0.0591,0.3031,0.6922,0.2694,0.9111,0.4965,0.4499,91.0,103.0,133.0,94.0,41.3808,6
1421,23.6833,32.7219,75.7732,0.2816,0.0043,1.5474,2.0,8.0,10.0,0.0589,0.3031,0.6922,0.2694,0.9111,0.4959,0.4494,91.0,103.0,139.0,92.0,41.7839,6
1422,23.7,32.7347,75.7893,0.5361,0.0058,1.8286,2.0,8.0,10.0,0.0596,0.3031,0.6922,0.2694,0.9111,0.4964,0.4518,94.0,105.0,145.0,93.0,41.9626,5
1423,23.7167,32.7283,75.7706,0.3824,0.0057,2.1042,2.0,8.0,10.0,0.0591,0.3031,0.6922,0.2694,0.9111,0.4962,0.4523,91.0,102.0,131.0,96.0,41.5704,5
1424,23.7333,32.6909,75.7528,0.6394,0.0064,2.0628,2.0,8.0,10.0,0.059,0.3031,0.6922,0.2722,0.9111,0.4963,0.4522,91.0,104.0,136.0,94.0,41.3821,4
1425,23.75,32.6885,75.7474,0.4594,0.0071,2.2798,2.0,8.0,10.0,0.0594,0.3031,0.6922,0.2722,0.9111,0.4966,0.454,95.0,105.0,145.0,93.0,41.6686,4
1426,23.7667,32.6608,75.729,0.7027,0.0085,2.4602,2.0,8.0,10.0,0.059,0.3031,0.6922,0.2722,0.9111,0.497,0.4555,93.0,104.0,132.0,96.0,41.1955,4
1427,23.7833,32.652,75.7037,0.5841,0.0085,2.7602,2.0,8.0,10.0,0.059,0.3031,0.6922,0.275,0.9111,0.497,0.4559,94.0,105.0,146.0,93.0,41.505,4
1428,23.8,32.6437,75.6913,0.7552,0.0097,2.9552,2.0,8.0,10.0,0.0589,0.3031,0.6922,0.275,0.9111,0.4968,0.4583,93.0,103.0,134.0,97.0,41.2848,4
1429,23.8167,32.6484,75.7053,0.7038,0.0099,3.5969,2.0,8.0,10.0,0.0591,0.3031,0.6922,0.2778,0.9111,0.4975,0.4591,94.0,105.0,145.0,93.0,41.6797,4
1430,23.8333,32.6569,75.7168,0.8991,0.0106,3.8245,2.0,8.0,10.0,0.0588,0.3031,0.6922,0.2806,0.9111,0.4973,0.4603,94.0,104.0,136.0,94.0,41.4138,4
1431,23.85,32.6492,75.6951,0.8226,0.0114,4.1813,2.0,8.0,10.0,0.0589,0.3031,0.6922,0.2806,0.9111,0.4972,0.4629,91.0,102.0,136.0,96.0,41.5342,4
1432,23.8667,32.6449,75.6582,1.0119,0.0118,4.753,2.0,8.0,10.0,0.0589,0.3031,0.6922,0.2833,0.9111,0.4976,0.4645,94.0,104.0,143.0,92.0,41.6225,4
1433,23.8833,32.6457,75.661,0.9322,0.0124,5.482,2.0,8.0,10.0,0.0589,0.3031,0.6922,0.2861,0.9111,0.497,0.4661,94.0,105.0,141.0,92.0,41.7406,4
1434,23.9,32.7997,75.7473,1.3557,0.0138,6.1762,2.0,8.0,10.0,0.059,0.3031,0.6922,0.2889,0.9111,0.4967,0.4694,89.0,98.0,127.0,94.0,42.109,6
1435,23.9167,32.7955,75.7337,1.0691,0.0138,6.5414,2.0,8.0,10.0,0.059,0.3031,0.6922,0.2889,0.9111,0.4973,0.4723,89.0,100.0,127.0,94.0,41.8626,6
1436,23.9333,32.6665,75.643,1.4855,0.0155,7.36,2.0,8.0,10.0,0.0587,0.3031,0.6922,0.2917,0.9111,0.4972,0.4739,93.0,103.0,132.0,94.0,41.5329,4
1437,23.95,32.6554,75.6075,1.2198,0.0155,8.0574,2.0,8.0,10.0,0.0588,0.3031,0.6922,0.2944,0.9111,0.4974,0.4765,90.0,101.0,129.0,93.0,41.4599,4
1438,23.9667,32.5847,75.5346,1.3931,0.0163,8.9906,2.0,8.0,10.0,0.0587,0.3031,0.6922,0.2972,0.9111,0.4971,0.4792,91.0,102.0,133.0,94.0,41.2655,4
1439,23.9833,32.5771,75.5141,1.3895,0.0168,10.4965,2.0,8.0,10.0,0.0587,0.3031,0.6922,0.3028,0.9111,0.4967,0.4815,91.0,102.0,137.0,92.0,41.7127,4
1440,24.0,32.581,75.4056,1.8198,0.0176,13.2584,2.0,8.0,10.0,0.0589,0.3031,0.6922,0.3056,0.9111,0.4967,0.4849,88.0,100.0,129.0,93.0,42.2364,5
1441,24.0167,32.5807,75.4113,1.5614,0.0177,13.7117,2.0,8.0,10.0,0.0586,0.3031,0.6922,0.3083,0.9111,0.497,0.4888,90.0,101.0,127.0,93.0,41.739,5
1442,24.0333,32.5632,75.3484,1.8513,0.0195,14.1954,2.0,8.0,10.0,0.0584,0.3031,0.6922,0.3111,0.9111,0.4969,0.4918,90.0,102.0,129.0,91.0,41.5809,4
1443,24.05,32.5537,75.2536,1.7506,0.0196,16.263,2.0,8.0,10.0,0.0586,0.3031,0.6922,0.3167,0.9111,0.4969,0.4965,89.0,100.0,132.0,94.0,41.5715,4
1444,24.0667,32.6117,75.0723,2.1441,0.0211,17.6604,2.0,8.0,10.0,0.0585,0.3031,0.6922,0.3194,0.9111,0.4968,0.4997,87.0,98.0,124.0,90.0,41.9972,4
1445,24.0833,32.6016,74.7371,1.9717,0.0214,19.1293,2.0,8.0,10.0,0.0587,0.3031,0.6922,0.325,0.9111,0.4972,0.5052,88.0,98.0,125.0,91.0,41.6618,4
1446,24.1,32.6877,74.3922,2.4881,0.0229,21.1545,2.0,8.0,10.0,0.0586,0.3031,0.6938,0.3278,0.9111,0.4977,0.5092,87.0,97.0,120.0,91.0,42.065,12
1447,24.1167,32.6722,73.7063,2.2085,0.0234,22.9774,2.0,8.0,10.0,0.0587,0.3031,0.6938,0.3333,0.9111,0.4976,0.5142,87.0,97.0,120.0,90.0,42.0655,12
1448,24.1333,32.5653,72.8185,2.6033,0.0245,25.3157,2.0,8.0,10.0,0.0585,0.3031,0.6922,0.3389,0.9111,0.4975,0.5203,88.0,100.0,124.0,91.0,41.6853,3
1449,24.15,32.5524,71.9449,2.4729,0.025,26.972,2.0,8.0,10.0,0.0583,0.3031,0.6922,0.3444,0.9111,0.4972,0.5256,87.0,97.0,124.0,92.0,41.6654,3
1450,24.1667,32.5943,71.0328,3.0135,0.0269,29.255,2.0,8.0,10.0,0.0586,0.3031,0.6922,0.35,0.9111,0.4957,0.5313,86.0,96.0,122.0,91.0,41.8426,8
1451,24.1833,32.5793,70.0074,2.7833,0.0271,32.0341,2.0,8.0,10.0,0.0589,0.3031,0.6922,0.3583,0.9111,0.4953,0.5375,84.0,96.0,122.0,92.0,42.5242,8
1452,24.2,32.5526,68.8866,3.3221,0.0289,34.7404,2.0,8.0,10.0,0.0584,0.3016,0.6922,0.3639,0.9111,0.4948,0.5439,86.0,96.0,119.0,92.0,41.7872,6
1453,24.2167,32.5346,67.7166,3.1429,0.0296,37.1459,2.0,8.0,10.0,0.0589,0.3016,0.6922,0.3722,0.9111,0.4949,0.5515,83.0,95.0,119.0,93.0,42.191,6
1454,24.2333,32.4677,66.444,3.6827,0.0314,41.2437,2.0,8.0,10.0,0.0588,0.3031,0.6922,0.3806,0.9111,0.4959,0.5605,87.0,97.0,123.0,92.5,42.014,4
1455,24.25,32.4418,65.2176,3.5424,0.032,44.1921,2.0,8.0,10.0,0.0586,0.3031,0.6922,0.3889,0.9111,0.4956,0.5683,88.0,98.0,122.5,93.0,41.7879,4
1456,24.2667,32.5232,63.9214,4.1919,0.0341,47.5321,2.0,8.0,10.0,0.0585,0.3016,0.6922,0.3972,0.9111,0.4949,0.576,83.0,95.0,118.0,93.0,41.9529,8
1457,24.2833,32.5034,62.452,4.0098,0.0352,50.9839,2.0,8.0,10.0,0.0585,0.3016,0.6922,0.4056,0.9111,0.4951,0.5863,87.0,97.0,125.0,93.0,41.8158,8
1458,24.3,32.3189,60.76,4.4739,0.0373,55.9521,2.0,8.0,10.0,0.0584,0.3031,0.6922,0.4167,0.9111,0.4963,0.5966,89.0,100.0,126.0,93.0,41.7728,5
1459,24.3167,32.2872,59.1009,4.5668,0.0384,60.7436,2.0,8.0,10.0,0.0583,0.3031,0.6922,0.4278,0.9111,0.4966,0.6073,88.0,98.0,123.5,94.0,41.6866,4
1460,24.3333,32.2241,57.3543,5.1071,0.0409,65.6997,2.0,8.0,10.0,0.0581,0.3031,0.6922,0.4389,0.9111,0.4967,0.6189,89.0,100.0,124.5,93.0,41.3222,4
1461,24.35,32.196,55.6307,5.2456,0.0426,69.1601,2.0,8.0,10.0,0.0582,0.3031,0.6922,0.4528,0.9111,0.4964,0.6321,87.0,97.0,122.0,95.0,41.3015,3
1462,24.3667,32.1412,53.6928,5.8093,0.0453,73.294,2.0,8.0,10.0,0.0581,0.3031,0.6922,0.4667,0.9111,0.4972,0.6465,83.0,95.0,116.0,97.0,41.0549,2
1463,24.3833,32.088,51.6471,6.0657,0.0477,75.6682,2.0,8.0,10.0,0.0579,0.3031,0.6922,0.4806,0.9139,0.4971,0.659,82.0,94.0,119.0,97.0,41.3285,2
1464,24.4,31.9752,49.6563,6.6888,0.0505,76.2824,2.0,8.0,10.0,0.0574,0.3031,0.6922,0.4972,0.9222,0.497,0.675,87.0,98.0,134.0,96.0,40.7016,4
1465,24.4167,31.92,48.3904,7.1146,0.0536,74.82,2.0,8.0,10.0,0.0567,0.3031,0.6922,0.5139,0.9389,0.4969,0.6921,86.0,98.0,132.0,97.0,40.1146,5
1466,24.4333,31.8475,48.1752,7.8565,0.0572,70.6609,2.0,8.0,10.0,0.0566,0.3031,0.6922,0.5333,0.9583,0.4967,0.7125,88.0,100.0,133.0,98.0,40.0978,2
1467,24.45,31.7617,46.865,8.4834,0.0621,62.694,2.0,8.0,10.0,0.0565,0.3031,0.6922,0.5556,0.9917,0.4966,0.7354,81.0,93.0,116.0,100.0,40.1787,1
1468,24.4667,31.079,42.045,8.8652,0.0657,53.88,2.0,8.0,10.0,0.0544,0.3031,0.6922,0.5806,0.9917,0.4957,0.752,72.0,82.0,105.0,101.0,40.9421,1
1469,24.4833,29.6166,35.533,9.1678,0.0667,49.238,2.0,8.0,10.0,0.0521,0.3031,0.6922,0.6111,0.9917,0.4968,0.7712,76.0,89.0,112.0,98.0,41.445,1
1470,24.5,27.9846,29.0416,10.303,0.0668,49.6658,2.0,8.0,10.0,0.0491,0.3031,0.6938,0.6417,0.9917,0.4967,0.7909,74.0,84.0,104.0,92.0,42.6228,1
1471,24.5167,25.9609,20.8588,11.4847,0.0632,57.8935,2.0,8.0,10.0,0.0451,0.3031,0.6938,0.6806,0.9944,0.4964,0.817,76.0,86.0,102.5,80.0,44.4295,1
1472,24.5333,23.5152,11.3422,13.3367,0.0533,103.4721,2.0,8.0,10.0,0.0396,0.3031,0.6938,0.7333,0.9944,0.4931,0.8529,86.0,97.0,126.0,59.0,45.5589,2
1473,24.55,21.5236,11.0813,11.8924,0.0472,102.9801,2.0,8.0,10.0,0.0278,0.3016,0.6969,0.8083,0.9944,0.4972,0.897,70.0,80.0,90.0,43.0,48.1299,3
1474,24.5667,11.1294,11.0753,10.7461,0.0284,91.3694,2.0,8.0,10.0,0.0009,0.0445,0.9231,0.0368,0.9194,0.479,0.7818,90.0,101.0,110.0,40.0,157.6209,2
1475,24.5833,11.1287,11.0744,0.0076,0.0,0.2023,2.0,8.0,10.0,0.0009,0.0445,0.9231,0.0368,0.9194,0.479,0.7818,90.0,101.0,110.5,40.0,157.142,2
1476,24.6,11.1841,11.153,0.3062,0.0005,0.1009,2.0,8.0,10.0,0.0009,0.0906,0.7835,0.0189,0.9902,0.4744,0.7552,90.0,100.0,109.0,39.0,157.4765,6
1477,24.6167,11.1848,11.1527,0.0034,0.0,0.0095,2.0,8.0,10.0,0.0009,0.0906,0.7835,0.0189,0.9902,0.4744,0.7552,90.0,100.0,109.0,39.0,157.4645,6
1478,24.6333,11.1094,11.1091,0.1915,0.0002,0.5049,2.0,8.0,10.0,0.0008,0.089,0.774,0.0259,0.9194,0.491,0.8195,95.0,104.0,114.0,41.0,159.0908,1
1479,24.65,11.1088,11.1083,0.002,0.0,0.0145,2.0,8.0,10.0,0.0008,0.089,0.774,0.0259,0.9194,0.491,0.8195,95.0,104.0,114.0,41.0,158.9865,1
1480,24.6667,11.1336,11.1144,0.231,0.0003,0.0,2.0,8.0,10.0,0.0008,0.1525,0.8038,0.0557,0.9358,0.4956,0.851,96.0,105.0,115.5,41.0,158.5283,2
1481,24.6833,11.1338,11.115,0.0023,0.0,0.0,2.0,8.0,10.0,0.0008,0.1525,0.8038,0.0557,0.9358,0.4956,0.851,96.0,105.0,115.5,41.0,158.5283,2
1482,24.7,11.13,11.1028,0.229,0.0003,0.2727,2.0,8.0,10.0,0.0008,0.0168,0.9441,0.1241,0.9263,0.4838,0.8304,93.5,103.0,112.0,40.0,158.6978,2
1483,24.7167,11.1303,11.1031,0.0015,0.0,0.0,2.0,8.0,10.0,0.0008,0.0168,0.9441,0.1241,0.9263,0.4838,0.8304,93.5,103.0,112.0,40.0,158.6791,2
1484,24.7333,11.0809,11.0476,0.219,0.0003,0.0392,2.0,8.0,10.0,0.0007,0.08,0.8676,0.0504,0.9194,0.4815,0.8623,98.0,107.0,116.5,40.5,159.9888,1
1485,24.75,11.0816,11.0483,0.0015,0.0,0.0,2.0,8.0,10.0,0.0007,0.08,0.8676,0.0504,0.9194,0.4815,0.8623,98.0,107.0,116.5,40.5,159.9354,1
1486,24.7667,11.0652,11.0192,0.1589,0.0002,0.0,2.0,8.0,10.0,0.0008,0.0863,0.9097,0.0378,0.925,0.4855,0.8391,96.0,105.0,115.0,40.0,157.49,3
1487,24.7833,11.0655,11.0191,0.0013,0.0,0.0,2.0,8.0,10.0,0.0008,0.0863,0.9097,0.0378,0.925,0.4855,0.8391,96.0,105.0,115.0,40.0,157.49,3
1488,24.8,11.0832,11.0477,0.1084,0.0001,0.4067,2.0,8.0,10.0,0.0008,0.0529,0.563,0.0418,0.9292,0.4708,0.8423,95.5,104.5,114.0,40.0,155.7049,2
1489,24.8167,11.0834,11.0477,0.0006,0.0,0.0,2.0,8.0,10.0,0.0008,0.0529,0.563,0.0418,0.9292,0.4708,0.8423,95.5,104.5,114.0,40.0,155.7049,2
1490,24.8333,11.0883,11.0888,0.1817,0.0003,0.122,2.0,8.0,10.0,0.0008,0.0481,0.8949,0.034,0.9222,0.4658,0.8188,94.0,103.0,112.5,40.0,159.1834,1
1491,24.85,11.0888,11.0893,0.0017,0.0,0.0,2.0,8.0,10.0,0.0008,0.0481,0.8949,0.034,0.9222,0.4658,0.8188,94.0,103.0,112.5,40.0,159.1834,1
1492,24.8667,11.0802,11.0841,0.1572,0.0003,0.0175,2.0,8.0,10.0,0.0008,0.09,0.7187,0.1477,0.9194,0.4776,0.8562,97.5,106.0,116.0,40.0,159.976,1
1493,24.8833,11.0804,11.0846,0.0021,0.0,0.0,2.0,8.0,10.0,0.0008,0.09,0.7187,0.1477,0.9194,0.4776,0.8562,97.5,106.0,116.0,40.0,159.976,1
1494,24.9,11.1301,11.1155,0.2129,0.0003,0.4474,2.0,8.0,10.0,0.0009,0.0794,0.8878,0.0443,0.9194,0.4869,0.8091,91.0,102.0,112.0,40.0,156.5212,2
1495,24.9167,11.1305,11.1157,0.0009,0.0,0.0,2.0,8.0,10.0,0.0009,0.0794,0.8878,0.0443,0.9194,0.4869,0.8091,91.0,102.0,112.0,40.0,156.5212,2
1496,24.9333,9.0534,7.6516,6.672,0.0004,11.0784,1.0,8.0,6.0,0.0009,0.0784,0.8797,0.1765,0.9972,0.4863,0.8356,87.0,95.0,93.5,17.0,164.2257,4
1497,24.95,9.0586,7.6652,0.0194,0.0,0.2172,1.0,8.0,6.0,0.0009,0.0784,0.8797,0.1765,0.9972,0.4863,0.8356,87.0,95.0,93.5,16.0,163.9151,4
1498,24.9667,9.0621,7.6577,0.1495,0.0002,0.6054,1.0,8.0,6.0,0.0008,0.0651,0.8852,0.0919,0.9946,0.4991,0.8439,89.0,94.5,93.5,17.0,162.9023,2
1499,24.9833,9.0619,7.6578,0.0031,0.0,0.0395,1.0,8.0,6.0,0.0008,0.0651,0.8852,0.0919,0.9946,0.4991,0.8439,89.0,94.5,93.5,17.0,162.8966,2
1500,25.0,9.0791,7.7025,0.3137,0.0004,1.5505,1.0,8.0,6.0,0.0009,0.0375,0.7875,0.1785,0.9608,0.491,0.8387,86.0,90.0,90.0,16.0,161.5947,3
1501,25.0167,9.0789,7.7041,0.0109,0.0,0.11,1.0,8.0,6.0,0.0009,0.0375,0.7875,0.1785,0.9608,0.491,0.8387,86.0,90.0,90.0,16.0,161.4107,3
1502,25.0333,9.0804,7.7173,0.2436,0.0004,0.3652,1.0,8.0,6.0,0.0009,0.1324,0.8791,0.1371,0.9603,0.5037,0.8161,85.0,90.0,90.0,17.0,161.264,5
1503,25.05,9.0847,7.7306,0.0077,0.0,0.0148,1.0,8.0,6.0,0.0009,0.132,0.8793,0.1368,0.9606,0.5039,0.8177,86.0,90.0,90.0,17.0,161.2519,5
1504,25.0667,9.1288,7.7931,0.3133,0.0005,0.3398,1.0,8.0,6.0,0.0009,0.0389,0.6576,0.1744,0.9926,0.4597,0.7993,83.0,89.5,88.0,15.0,162.6554,5
1505,25.0833,9.1393,7.8245,0.0141,0.0,0.0,1.0,8.0,6.0,0.0009,0.0393,0.6576,0.1748,0.9923,0.4584,0.7976,83.0,89.0,88.0,15.0,162.6944,5
1506,25.1,9.0987,7.7999,0.2835,0.0005,0.303,1.0,8.0,6.0,0.0009,0.0265,0.7771,0.0908,0.9811,0.4708,0.8177,87.5,92.0,90.5,15.0,163.7532,2
1507,25.1167,9.113,7.8426,0.0168,0.0,0.0152,1.0,8.0,6.0,0.0009,0.0265,0.7771,0.0908,0.9811,0.4708,0.8177,87.5,92.0,90.5,15.0,163.7536,2
1508,25.1333,9.0994,7.8314,0.1323,0.0002,0.4518,1.0,8.0,6.0,0.0008,0.0554,0.7413,0.2111,0.9194,0.4839,0.8699,91.0,97.5,95.0,15.0,165.2967,1
1509,25.15,9.1166,7.883,0.0216,0.0,0.0,1.0,8.0,6.0,0.0008,0.0554,0.7413,0.2111,0.9194,0.4839,0.8699,91.0,97.5,95.0,15.0,165.2967,1
1510,25.1667,9.1318,7.9138,0.1998,0.0002,0.0256,1.0,8.0,6.0,0.0008,0.1307,0.8293,0.0861,0.9769,0.5017,0.8536,90.5,96.0,94.0,16.0,164.2409,2
1511,25.1833,9.1489,7.9651,0.0203,0.0,0.0,1.0,8.0,6.0,0.0008,0.1307,0.8293,0.0861,0.9769,0.5017,0.8536,90.5,96.0,94.0,16.0,164.2409,2
1512,25.2,9.1806,8.0406,0.1981,0.0002,0.0064,1.0,8.0,6.0,0.0008,0.0701,0.8597,0.1631,0.9567,0.4908,0.8578,90.0,96.0,94.0,15.0,165.3514,2
1513,25.2167,9.2017,8.1047,0.0258,0.0,0.0,1.0,8.0,6.0,0.0008,0.0701,0.8597,0.1631,0.9567,0.4908,0.8578,90.0,96.0,94.0,15.0,165.3514,2
1514,25.2333,9.2364,8.181,0.2258,0.0003,0.3846,1.0,8.0,6.0,0.0008,0.0909,0.8716,0.0736,0.9901,0.512,0.8517,90.0,96.0,94.0,16.0,163.01,2
1515,25.25,9.2566,8.2411,0.0251,0.0,0.0,1.0,8.0,6.0,0.0008,0.0909,0.8716,0.0736,0.9901,0.512,0.8517,90.0,96.0,94.0,16.0,163.01,2
1516,25.2667,9.5665,8.5131,0.5272,0.0008,1.2194,1.0,8.0,6.0,0.0013,0.0364,0.9344,0.0197,0.9578,0.4786,0.7559,68.0,79.0,77.0,16.5,155.5911,10
1517,25.2833,9.6008,8.6142,0.0375,0.0,0.0,1.0,8.0,6.0,0.0013,0.0364,0.9344,0.0197,0.9578,0.4786,0.7559,68.0,79.0,77.0,16.5,155.5879,10
1518,25.3,9.5638,8.6191,0.321,0.0005,1.9889,1.0,8.0,6.0,0.0013,0.0402,0.9364,0.011,0.9308,0.4891,0.7549,69.0,79.0,76.0,17.0,155.5695,7
1519,25.3167,9.6059,8.7438,0.044,0.0,0.0,1.0,8.0,6.0,0.0013,0.0402,0.9364,0.011,0.9308,0.4891,0.7549,69.0,79.0,76.0,17.0,155.5695,7
1520,25.3333,9.554,8.7792,0.5829,0.001,0.3523,1.0,8.0,6.0,0.0011,0.0299,0.9007,0.0252,0.9972,0.4716,0.7482,74.0,82.0,81.0,16.0,160.252,7
1521,25.35,9.5844,8.8695,0.0374,0.0,0.217,1.0,8.0,6.0,0.0011,0.0299,0.9007,0.0252,0.9972,0.4716,0.7482,73.0,82.0,81.0,15.0,160.3225,7
1522,25.3667,9.6287,9.0215,0.4886,0.0008,0.6941,1.0,8.0,6.0,0.0011,0.0309,0.9123,0.0182,0.9288,0.4582,0.7495,73.0,81.0,77.0,15.0,159.2075,3
1523,25.3833,9.6585,9.1101,0.0345,0.0,0.0,1.0,8.0,6.0,0.0011,0.0311,0.9164,0.0183,0.9286,0.46,0.7468,73.0,80.5,77.0,15.0,159.1485,3
1524,25.4,9.6057,9.1796,0.4543,0.0007,0.1274,1.0,8.0,6.0,0.0009,0.1085,0.9149,0.06,0.9972,0.4932,0.8184,84.0,90.0,90.0,15.0,164.3259,5
1525,25.4167,9.6439,9.2941,0.0437,0.0,0.0203,1.0,8.0,6.0,0.0009,0.1085,0.9149,0.06,0.9972,0.4932,0.8184,84.0,90.0,90.0,15.0,164.4189,5
1526,25.4333,9.6399,9.4147,0.3054,0.0004,0.1793,1.0,8.0,6.0,0.0008,0.1578,0.8893,0.1,0.9972,0.4871,0.8359,88.0,93.0,91.0,15.0,160.6412,3
1527,25.45,9.6871,9.5548,0.0536,0.0,0.0085,1.0,8.0,6.0,0.0009,0.1594,0.8838,0.1014,0.9966,0.4858,0.8189,86.0,91.0,90.0,16.0,154.194,4
1528,25.4667,9.7314,9.7122,0.1816,0.0004,0.1742,1.0,8.0,6.0,0.001,0.16,0.7922,0.1113,0.9911,0.4867,0.778,74.5,83.0,81.5,17.0,133.5413,5
1529,25.4833,9.7913,9.8925,0.0694,0.0002,0.1317,1.0,8.0,6.0,0.0012,0.1607,0.7922,0.1251,0.9836,0.4813,0.7376,69.0,75.0,74.0,19.0,115.6444,5
1530,25.5,9.842,10.0618,0.2385,0.0004,0.2244,1.0,8.0,6.0,0.0014,0.0884,0.8447,0.1023,0.9879,0.4797,0.7118,66.0,73.0,72.0,20.0,114.9236,4
1531,25.5167,9.9054,10.25,0.0737,0.0001,0.2583,1.0,8.0,6.0,0.0014,0.0912,0.8348,0.1051,0.977,0.4788,0.7021,66.0,74.0,72.0,20.0,111.6104,5
1532,25.5333,9.9775,10.4734,0.2279,0.0004,0.6946,1.0,8.0,6.0,0.0015,0.1591,0.8726,0.1057,0.9194,0.4807,0.6893,66.0,73.0,72.0,21.5,108.4685,5
1533,25.55,10.0491,10.6883,0.0845,0.0001,0.8319,1.0,8.0,6.0,0.0016,0.1937,0.8502,0.1093,0.9194,0.4783,0.676,67.5,74.5,73.0,20.0,104.704,5
1534,25.5667,10.1605,10.9863,0.2935,0.0007,1.4271,1.0,8.0,6.0,0.002,0.1196,0.8626,0.4111,0.9194,0.4771,0.6545,77.0,87.0,84.0,17.0,98.2363,7
1535,25.5833,10.2439,11.2364,0.1031,0.0007,2.0931,1.0,8.0,6.0,0.0025,0.223,0.8567,0.4111,0.9194,0.4722,0.6231,91.0,97.0,96.0,16.0,88.8766,11
1536,25.6,10.3191,11.4486,0.332,0.0012,3.5534,1.0,8.0,6.0,0.0031,0.4172,0.8467,0.2729,0.9194,0.4722,0.5948,100.0,104.5,104.5,15.0,77.9158,3
1537,25.6167,10.4056,11.7065,0.1115,0.0009,3.8746,1.0,8.0,6.0,0.0038,0.4156,0.8072,0.4017,0.9194,0.4686,0.5787,102.0,108.0,107.0,14.0,73.0102,2
1538,25.6333,10.5799,12.0699,0.3277,0.0015,5.3136,1.0,8.0,6.0,0.0048,0.166,0.8718,0.1389,0.9194,0.466,0.5592,93.0,100.0,98.0,14.0,69.8101,5
1539,25.65,10.6881,12.3933,0.1409,0.0012,4.9401,1.0,8.0,6.0,0.0055,0.2016,0.8596,0.141,0.9194,0.464,0.5517,90.0,96.0,95.0,15.0,66.0399,5
1540,25.6667,10.7818,12.6682,0.4856,0.0018,6.024,1.0,8.0,6.0,0.0062,0.0545,0.688,0.1009,0.9194,0.4533,0.5477,94.0,100.5,99.0,13.0,62.7498,3
1541,25.6833,10.8983,13.017,0.1616,0.0013,5.9205,1.0,8.0,6.0,0.0068,0.0698,0.6718,0.1073,0.9194,0.4526,0.5436,93.0,100.0,98.0,13.0,60.4295,3
1542,25.7,11.0437,13.4563,0.4586,0.0019,7.6368,1.0,8.0,6.0,0.0074,0.1286,0.5594,0.2208,0.9194,0.4532,0.5403,96.0,102.0,101.0,12.0,58.5381,6
1543,25.7167,11.1899,13.8939,0.2073,0.0015,7.6638,1.0,8.0,6.0,0.0081,0.1388,0.5594,0.346,0.9194,0.4522,0.5373,95.0,102.0,101.0,13.0,58.3395,6
1544,25.7333,11.3076,14.3891,0.4977,0.002,9.63,1.0,8.0,6.0,0.0086,0.4062,0.5547,0.4025,0.9194,0.4522,0.5371,96.5,102.0,101.0,13.0,57.1944,3
1545,25.75,11.4925,14.9421,0.2713,0.0017,10.7245,1.0,8.0,6.0,0.0093,0.4062,0.5531,0.4,0.9194,0.4508,0.5347,103.0,109.5,108.5,12.0,56.8915,3
1546,25.7667,11.674,15.5151,0.5103,0.002,13.3581,1.0,8.0,6.0,0.0099,0.4047,0.55,0.4,0.9194,0.4495,0.5312,103.0,109.0,108.0,12.0,57.405,3
1547,25.7833,11.8461,16.03,0.4058,0.0025,20.0455,1.0,8.0,6.0,0.01,0.4016,0.55,0.4,0.9194,0.4472,0.5312,102.0,108.0,105.0,12.0,57.4986,3
1548,25.8,12.0278,16.5805,0.6111,0.0033,27.1464,1.0,8.0,6.0,0.0099,0.3984,0.5531,0.4,0.9194,0.4442,0.5329,96.0,102.0,101.0,13.0,56.9038,2
1549,25.8167,12.2549,17.2608,0.5618,0.0037,30.1163,1.0,8.0,6.0,0.0095,0.3952,0.5531,0.4,0.9194,0.44,0.5347,96.0,102.0,101.0,13.0,56.5275,2
1550,25.8333,12.5961,18.2605,0.8611,0.005,34.3729,1.0,8.0,6.0,0.0099,0.3792,0.5549,0.4,0.9194,0.4393,0.5347,101.0,108.0,107.0,16.0,55.6452,3
1551,25.85,12.9589,19.3475,0.8094,0.0074,45.2866,1.0,8.0,6.0,0.0124,0.3844,0.5515,0.4,0.9194,0.4477,0.5269,108.0,113.0,112.5,13.0,53.3186,3
1552,25.8667,13.8223,21.9323,1.5231,0.0099,57.2449,1.0,8.0,6.0,0.0156,0.3766,0.5484,0.4028,0.9194,0.4549,0.5212,107.0,112.0,111.0,13.0,50.6819,4
1553,25.8833,16.5888,30.2255,5.0489,0.0236,89.9308,1.0,8.0,6.0,0.0219,0.3406,0.575,0.4028,0.9167,0.453,0.5169,103.0,110.0,109.0,13.0,52.423,4
1554,25.9,19.4575,38.6719,6.6468,0.0283,89.1471,1.0,8.0,6.0,0.0277,0.3031,0.6078,0.4028,0.9167,0.4513,0.5097,100.0,104.0,104.0,12.0,50.307,6
1555,25.9167,19.9725,40.2146,3.4516,0.0174,83.1412,1.0,8.0,6.0,0.0281,0.2938,0.6062,0.4028,0.9167,0.4435,0.5098,97.0,103.0,102.0,12.0,50.82,6
1556,25.9333,20.3125,41.2547,2.7002,0.0158,59.1396,1.0,8.0,6.0,0.0299,0.2891,0.6438,0.4028,0.9167,0.449,0.509,102.0,109.0,107.0,18.0,51.0023,3
1557,25.95,20.684,42.3682,1.945,0.0123,42.4807,1.0,8.0,6.0,0.0314,0.2844,0.6453,0.4028,0.9159,0.4532,0.5087,101.0,107.0,105.0,17.0,50.5851,3
1558,25.9667,20.9985,43.3392,1.7732,0.0104,31.32,1.0,8.0,6.0,0.032,0.2812,0.6453,0.4028,0.9139,0.4541,0.5086,97.0,104.0,103.0,15.0,49.1869,3
1559,25.9833,21.3043,44.2552,1.4086,0.0094,24.3798,1.0,8.0,6.0,0.033,0.2781,0.6453,0.4028,0.9139,0.4563,0.5085,103.0,109.0,108.0,14.0,48.9948,3
1560,26.0,21.4913,44.95,1.4689,0.0079,17.3871,1.0,8.0,6.0,0.0334,0.2766,0.6453,0.4028,0.9139,0.456,0.5087,107.0,112.0,110.5,13.0,50.0963,3
1561,26.0167,21.6777,45.5104,0.7645,0.0057,7.3477,1.0,8.0,6.0,0.0335,0.275,0.6438,0.4028,0.9139,0.4553,0.5087,103.0,108.0,107.0,13.0,50.416,3
1562,26.0333,21.8532,46.0481,0.8942,0.0057,6.5224,1.0,8.0,6.0,0.0334,0.2734,0.6422,0.4028,0.9139,0.4547,0.5077,104.0,109.0,108.0,13.0,49.7675,2
1563,26.05,22.0247,46.5611,0.6459,0.0052,4.6967,1.0,8.0,6.0,0.0331,0.2719,0.6422,0.4028,0.9139,0.4521,0.5074,108.0,112.0,112.0,13.0,50.1365,2
1564,26.0667,22.1997,47.0057,0.8286,0.0053,4.5159,1.0,8.0,6.0,0.0333,0.2719,0.6406,0.4028,0.9139,0.4519,0.5079,102.0,107.0,105.0,13.0,49.9566,2
1565,26.0833,22.3507,47.4569,0.5432,0.0047,3.7881,1.0,8.0,6.0,0.0332,0.2703,0.6438,0.4028,0.9139,0.4517,0.5077,100.0,105.0,104.0,13.0,49.8783,2
1566,26.1,22.4865,47.8927,0.7581,0.0051,3.5547,1.0,8.0,6.0,0.0338,0.2703,0.6847,0.4028,0.9139,0.453,0.5077,91.0,102.0,100.0,14.0,49.8275,4
1567,26.1167,22.6326,48.3296,0.4787,0.0044,3.3495,1.0,8.0,6.0,0.0339,0.2688,0.6906,0.4028,0.9139,0.4544,0.5076,97.0,107.0,104.0,15.0,49.2781,4
1568,26.1333,22.7887,48.7343,0.6324,0.0051,2.9811,1.0,8.0,6.0,0.0347,0.2688,0.7062,0.4028,0.9139,0.4584,0.5075,100.0,110.0,109.0,17.0,49.5226,2
1569,26.15,22.9176,49.1185,0.4346,0.0047,3.1109,1.0,8.0,6.0,0.0352,0.2688,0.7219,0.4028,0.9139,0.4612,0.5074,104.0,112.0,111.0,23.0,49.8882,2
1570,26.1667,23.0908,49.5364,0.744,0.0048,2.6858,1.0,8.0,6.0,0.0358,0.2672,0.725,0.4,0.9139,0.466,0.5068,101.5,110.0,109.0,24.0,49.5262,3
1571,26.1833,23.2032,49.872,0.3738,0.0041,2.7485,1.0,8.0,6.0,0.0365,0.2672,0.7266,0.4,0.9139,0.4682,0.5066,101.0,108.0,105.0,26.0,49.9693,3
1572,26.2,23.3159,50.2014,0.7232,0.0046,3.0493,1.0,8.0,6.0,0.0369,0.2672,0.7281,0.4027,0.9139,0.4699,0.5075,103.0,110.0,108.0,24.0,49.9836,6
1573,26.2167,23.4187,50.509,0.3325,0.0036,2.4936,1.0,8.0,6.0,0.0373,0.2656,0.7281,0.4028,0.9139,0.4733,0.5073,104.0,112.0,111.0,23.0,49.1085,6
1574,26.2333,23.4433,50.718,0.6486,0.004,2.5975,1.0,8.0,6.0,0.0377,0.2656,0.7281,0.4028,0.9139,0.4753,0.5062,109.0,117.0,115.0,22.0,48.8256,2
1575,26.25,23.5331,50.9866,0.3024,0.0032,2.6384,1.0,8.0,6.0,0.0381,0.2656,0.7297,0.4028,0.9139,0.477,0.506,108.0,117.0,115.0,22.0,49.1422,2
1576,26.2667,23.597,51.2333,0.5317,0.0032,2.5967,1.0,8.0,6.0,0.0382,0.2656,0.7297,0.4028,0.9139,0.4774,0.5064,111.0,122.0,119.0,21.0,48.8462,2
1577,26.2833,23.6741,51.4642,0.269,0.003,2.1765,1.0,8.0,6.0,0.0383,0.2656,0.7297,0.4028,0.9139,0.4795,0.5063,112.0,123.0,120.0,21.0,48.4353,2
1578,26.3,23.7226,51.6933,0.3782,0.0028,2.2693,1.0,8.0,6.0,0.0388,0.2656,0.7297,0.4028,0.9139,0.481,0.5062,115.0,124.0,122.0,20.0,48.3287,2
1579,26.3167,23.8,51.9249,0.2504,0.0025,2.3239,1.0,8.0,6.0,0.0392,0.2644,0.7312,0.4028,0.9139,0.4821,0.506,116.0,126.0,124.0,20.0,48.7315,2
1580,26.3333,23.9286,52.1346,0.4146,0.0027,2.2708,1.0,8.0,6.0,0.0395,0.2641,0.7328,0.4028,0.9139,0.483,0.505,113.0,123.0,122.0,19.0,49.5671,6
1581,26.35,24.0109,52.3807,0.2324,0.0022,2.2026,1.0,8.0,6.0,0.0396,0.2641,0.7328,0.4028,0.9139,0.4837,0.5049,117.0,124.0,123.0,19.0,49.2658,6
1582,26.3667,24.0702,52.5427,0.4177,0.0027,1.8346,1.0,8.0,6.0,0.0397,0.2641,0.7328,0.4028,0.9139,0.4852,0.505,117.5,126.0,124.0,18.0,48.8237,7
1583,26.3833,24.1418,52.7556,0.2114,0.0023,1.7964,1.0,8.0,6.0,0.04,0.2641,0.7328,0.4028,0.9139,0.4864,0.5051,112.0,116.0,116.0,19.0,48.822,7
1584,26.4,24.1777,52.9083,0.4229,0.0022,1.8568,1.0,8.0,6.0,0.0403,0.2641,0.7328,0.4028,0.9139,0.4866,0.505,116.0,122.0,119.5,18.0,48.9518,4
1585,26.4167,24.2372,53.0852,0.1859,0.0019,1.8527,1.0,8.0,6.0,0.0405,0.2641,0.7328,0.4028,0.9139,0.4873,0.5049,113.0,119.5,118.0,19.0,49.246,4
1586,26.4333,24.3175,53.2629,0.4177,0.002,1.8395,1.0,8.0,6.0,0.0406,0.2625,0.7328,0.4028,0.9139,0.4873,0.5053,108.0,115.0,112.5,18.0,49.4834,4
1587,26.45,24.3678,53.4125,0.1642,0.0017,1.7233,1.0,8.0,6.0,0.0407,0.2625,0.7344,0.4028,0.9139,0.4872,0.5053,110.0,116.0,115.5,18.0,49.5024,4
1588,26.4667,24.3874,53.5809,0.294,0.0016,1.5153,1.0,8.0,6.0,0.0407,0.2625,0.7344,0.4028,0.9139,0.4875,0.5055,112.5,117.5,117.0,18.0,49.2089,2
1589,26.4833,24.4173,53.6706,0.1417,0.0016,1.3346,1.0,8.0,6.0,0.0406,0.2625,0.7344,0.4028,0.9139,0.4882,0.5054,116.5,123.5,122.5,17.0,48.6923,2
1590,26.5,24.4942,53.8388,0.3983,0.0019,1.4366,1.0,8.0,6.0,0.0409,0.2609,0.7344,0.4028,0.9139,0.4887,0.5056,110.0,116.0,115.0,17.0,48.8524,4
1591,26.5167,24.5348,53.9593,0.1238,0.0013,1.1518,1.0,8.0,6.0,0.0411,0.2609,0.7344,0.4028,0.9139,0.4893,0.5057,109.0,115.0,113.0,17.0,48.84,4
1592,26.5333,24.5682,54.0516,0.3539,0.0019,1.2687,1.0,8.0,6.0,0.0413,0.2609,0.7344,0.4028,0.9139,0.4901,0.5049,109.0,115.0,113.0,17.0,48.8848,2
1593,26.55,24.5962,54.1348,0.1104,0.0011,1.1472,1.0,8.0,6.0,0.0413,0.2609,0.7344,0.4028,0.9139,0.49,0.5049,107.0,112.0,112.0,17.0,49.1361,2
1594,26.5667,24.6101,54.2319,0.3559,0.0017,1.3425,1.0,8.0,6.0,0.0416,0.2609,0.7344,0.4028,0.9139,0.4905,0.5047,108.0,112.5,112.0,17.0,49.2547,3
1595,26.5833,24.6525,54.3575,0.1204,0.001,1.2359,1.0,8.0,6.0,0.0417,0.2609,0.7344,0.4028,0.9139,0.4908,0.5046,108.0,115.0,113.0,17.0,49.3101,3
1596,26.6,24.6683,54.4274,0.3206,0.0014,1.2874,1.0,8.0,6.0,0.0417,0.2609,0.7359,0.4028,0.9139,0.4909,0.5048,109.0,115.0,115.0,16.0,49.2421,3
1597,26.6167,24.6915,54.497,0.0998,0.0011,1.1206,1.0,8.0,6.0,0.0419,0.2609,0.7359,0.4028,0.9139,0.4907,0.5048,108.5,114.0,113.0,16.0,49.1898,3
1598,26.6333,24.7185,54.5988,0.231,0.0011,1.1503,1.0,8.0,6.0,0.0417,0.2609,0.7359,0.4028,0.9139,0.4908,0.5051,108.0,113.0,112.0,16.0,49.0438,2
1599,26.65,24.7482,54.6868,0.103,0.0011,0.9692,1.0,8.0,6.0,0.0418,0.2609,0.7359,0.4028,0.9139,0.4904,0.5051,112.0,117.0,116.0,16.0,49.3779,2
1600,26.6667,24.7762,54.7768,0.2971,0.0014,1.1246,1.0,8.0,6.0,0.0417,0.2609,0.7359,0.4028,0.9139,0.4911,0.5048,110.0,116.0,115.0,16.0,49.4487,3
1601,26.6833,24.8124,54.8847,0.1136,0.001,1.1646,1.0,8.0,6.0,0.0417,0.2609,0.7359,0.4028,0.9139,0.4913,0.5047,110.0,116.0,115.0,16.0,49.4769,3
1602,26.7,24.8466,54.9795,0.2858,0.0013,1.1091,1.0,8.0,6.0,0.0418,0.2609,0.7359,0.4028,0.9139,0.4909,0.5048,111.0,116.0,115.0,16.0,49.3266,3
1603,26.7167,24.8743,55.0638,0.1083,0.0012,1.037,1.0,8.0,6.0,0.0419,0.2609,0.7359,0.4028,0.9139,0.4914,0.5047,115.0,120.0,119.0,15.0,49.0459,3
1604,26.7333,24.9157,55.1649,0.3197,0.0015,1.0334,1.0,8.0,6.0,0.0419,0.2609,0.7359,0.4028,0.9139,0.4923,0.5049,117.0,123.0,122.0,15.0,48.782,3
1605,26.75,24.9371,55.2279,0.102,0.0012,0.9185,1.0,8.0,6.0,0.0418,0.2609,0.7359,0.4,0.9139,0.4924,0.5047,116.0,123.0,122.0,15.0,48.9267,3
1606,26.7667,24.9314,55.2869,0.2985,0.0013,1.0262,1.0,8.0,6.0,0.0419,0.2609,0.7359,0.4,0.9139,0.492,0.5039,116.0,123.0,120.0,15.0,48.9207,5
1607,26.7833,24.9506,55.3441,0.1083,0.0012,1.0039,1.0,8.0,6.0,0.0419,0.2609,0.7359,0.4,0.9139,0.4924,0.5037,117.0,124.5,123.0,15.0,48.5919,5
1608,26.8,24.9613,55.3869,0.2179,0.0014,0.883,1.0,8.0,6.0,0.0419,0.2609,0.7359,0.4,0.9139,0.4928,0.5045,118.0,126.0,125.0,15.0,48.4641,2
1609,26.8167,24.9907,55.4744,0.1227,0.0012,0.9325,1.0,8.0,6.0,0.0419,0.2609,0.7359,0.4,0.9139,0.4928,0.5044,124.0,130.0,129.0,15.0,48.7592,2
1610,26.8333,25.0025,55.5506,0.2431,0.0013,0.9285,1.0,8.0,6.0,0.0419,0.2609,0.7359,0.4,0.9139,0.4926,0.504,123.5,130.0,129.0,16.0,48.3469,2
1611,26.85,25.0252,55.6175,0.1274,0.0014,0.9172,1.0,8.0,6.0,0.0419,0.2609,0.7359,0.3972,0.9139,0.4929,0.5039,124.0,131.0,130.0,16.0,48.3225,2
1612,26.8667,25.0457,55.6857,0.2298,0.0013,0.8914,1.0,8.0,6.0,0.0419,0.2609,0.7359,0.3972,0.9139,0.4929,0.5036,123.5,129.5,129.0,16.0,48.3669,3
1613,26.8833,25.0622,55.7343,0.1238,0.0013,0.787,1.0,8.0,6.0,0.0419,0.2609,0.7359,0.3944,0.9139,0.4927,0.5035,118.0,124.0,123.0,16.0,48.3141,3
1614,26.9,25.0678,55.8025,0.2423,0.0014,0.996,1.0,8.0,6.0,0.0419,0.2609,0.7359,0.3944,0.9139,0.4929,0.5033,123.5,129.5,129.0,16.0,48.5021,2
1615,26.9167,25.0784,55.8337,0.1343,0.0014,0.9395,1.0,8.0,6.0,0.0419,0.2609,0.7359,0.3917,0.9139,0.493,0.5031,116.0,123.0,121.0,16.0,48.1356,2
1616,26.9333,25.1109,55.9126,0.2404,0.0016,1.0578,1.0,8.0,6.0,0.042,0.2609,0.7359,0.3917,0.9139,0.4922,0.5031,116.0,123.0,122.0,16.0,48.5297,2
1617,26.95,25.1364,55.9885,0.1699,0.0016,1.2059,1.0,8.0,6.0,0.042,0.2609,0.7359,0.3889,0.9139,0.4921,0.5028,111.0,118.0,117.0,16.0,48.1604,2
1618,26.9667,25.2147,56.1004,0.2805,0.0018,1.1785,1.0,8.0,6.0,0.0422,0.2609,0.7359,0.3861,0.9139,0.492,0.5019,108.0,115.0,113.0,16.0,48.3046,3
1619,26.9833,25.2377,56.1689,0.1894,0.0017,1.3607,1.0,8.0,6.0,0.0421,0.2609,0.7359,0.3861,0.9139,0.492,0.5018,108.0,115.0,113.0,16.0,48.5199,3
1620,27.0,25.2846,56.2237,0.5523,0.0024,2.2222,1.0,8.0,6.0,0.0423,0.2609,0.7359,0.3833,0.9139,0.4924,0.502,108.0,113.0,112.0,16.0,48.5708,3
1621,27.0167,25.2974,56.2623,0.2114,0.0019,1.6168,1.0,8.0,6.0,0.0422,0.2609,0.7359,0.3806,0.9139,0.4928,0.5019,108.0,113.0,112.0,16.0,48.7413,3
1622,27.0333,25.3158,56.318,0.4634,0.0023,1.9774,1.0,8.0,6.0,0.0421,0.2609,0.7375,0.3778,0.9139,0.4928,0.5014,109.0,116.0,113.0,15.0,48.8115,4
1623,27.05,25.3289,56.356,0.2382,0.0021,2.0926,1.0,8.0,6.0,0.0421,0.2609,0.7375,0.375,0.9139,0.4929,0.5012,110.0,116.0,115.0,15.0,48.735,4
1624,27.0667,25.3153,56.3311,0.4975,0.0025,2.2053,1.0,8.0,6.0,0.042,0.2609,0.7375,0.3722,0.9139,0.4937,0.5016,110.0,117.0,116.0,15.0,48.7233,4
1625,27.0833,25.3246,56.3581,0.2647,0.0023,2.4241,1.0,8.0,6.0,0.042,0.2609,0.7375,0.3694,0.9139,0.4934,0.501,109.0,115.0,113.0,15.0,48.7433,4
1626,27.1,25.3487,56.3635,0.5428,0.0027,2.8972,1.0,8.0,6.0,0.042,0.2609,0.7359,0.3694,0.9139,0.4933,0.5012,109.0,115.5,113.0,15.0,48.5346,4
1627,27.1167,25.3365,56.3268,0.2819,0.0024,2.9234,1.0,8.0,6.0,0.042,0.2609,0.7359,0.3667,0.9139,0.4931,0.5005,111.0,117.0,116.0,15.0,48.4519,4
1628,27.1333,25.322,56.2927,0.4467,0.0028,3.4108,1.0,8.0,6.0,0.0421,0.2609,0.7359,0.3639,0.9139,0.4921,0.4994,111.0,117.0,116.0,15.0,48.3437,2
1629,27.15,25.3032,56.2355,0.3153,0.0028,3.6742,1.0,8.0,6.0,0.0422,0.2609,0.7359,0.3611,0.9139,0.4918,0.4986,111.0,116.0,115.0,15.0,48.3783,2
1630,27.1667,25.2412,56.1742,0.5588,0.0033,4.2503,1.0,8.0,6.0,0.0422,0.2609,0.7359,0.3583,0.9139,0.4919,0.4979,111.0,116.0,115.5,15.0,48.3791,2
1631,27.1833,25.2277,56.1346,0.3598,0.0031,4.8167,1.0,8.0,6.0,0.0422,0.2609,0.7359,0.3556,0.9139,0.4918,0.497,111.0,116.0,116.0,15.0,48.2905,2
1632,27.2,25.2169,56.1011,0.5455,0.0036,5.118,1.0,8.0,6.0,0.042,0.2609,0.7363,0.3521,0.9139,0.4928,0.4969,109.0,115.0,113.0,15.0,48.1502,3
1633,27.2167,25.1934,56.0294,0.4104,0.0034,5.8687,1.0,8.0,6.0,0.0419,0.2609,0.7375,0.3472,0.9139,0.4929,0.4962,105.0,111.0,110.0,15.0,48.236,3
1634,27.2333,25.2413,55.9963,0.7147,0.004,6.2801,1.0,8.0,6.0,0.0421,0.2609,0.7375,0.3417,0.9139,0.4925,0.4953,100.0,107.0,105.0,15.0,48.4997,4
1635,27.25,25.2119,55.9061,0.477,0.0041,6.8064,1.0,8.0,6.0,0.0424,0.2609,0.7375,0.3361,0.9139,0.4911,0.4937,101.0,107.0,105.0,15.0,48.1526,4
1636,27.2667,25.2794,55.9786,0.8866,0.0051,7.4836,1.0,8.0,6.0,0.0428,0.2609,0.7359,0.3306,0.9139,0.4902,0.4927,96.0,102.0,101.0,15.0,48.501,12
1637,27.2833,25.3244,56.112,0.5272,0.004,8.306,1.0,8.0,6.0,0.0429,0.2609,0.7363,0.325,0.9139,0.4898,0.4917,98.0,104.0,103.0,15.0,48.6392,12
1638,27.3,25.5374,56.3969,0.8838,0.0049,9.4919,1.0,8.0,6.0,0.0434,0.2594,0.736,0.3167,0.9139,0.4885,0.4911,96.0,102.0,101.0,15.0,49.2379,14
1639,27.3167,25.6123,56.6182,0.6372,0.0047,10.3597,1.0,8.0,6.0,0.0439,0.2594,0.7359,0.3083,0.9139,0.487,0.4903,97.0,102.0,102.0,15.0,48.9436,14
1640,27.3333,25.4813,56.7308,1.2441,0.0059,12.0637,1.0,8.0,6.0,0.0438,0.2609,0.736,0.3056,0.9139,0.4867,0.4886,105.0,111.0,110.0,15.0,48.061,4
1641,27.35,25.607,57.107,0.8022,0.0054,13.6462,1.0,8.0,6.0,0.0444,0.2609,0.7359,0.2972,0.9139,0.4849,0.4882,105.0,111.0,110.0,15.0,47.8264,4
1642,27.3667,25.7669,57.5703,1.1198,0.0064,13.7605,1.0,8.0,6.0,0.045,0.2609,0.7359,0.2889,0.9139,0.4829,0.4883,105.0,111.0,110.0,15.0,47.4553,4
1643,27.3833,25.9809,58.2108,0.5398,0.0047,6.9379,1.0,8.0,6.0,0.0457,0.2609,0.7359,0.2889,0.9139,0.4814,0.4897,104.0,110.0,108.0,15.0,47.3413,4
1644,27.4,26.2035,58.8857,0.9331,0.0051,6.4078,1.0,8.0,6.0,0.0461,0.2609,0.7359,0.2889,0.9139,0.4804,0.4892,103.0,107.5,107.0,16.0,47.5356,5
1645,27.4167,26.3656,59.3704,0.6515,0.0048,6.3102,1.0,8.0,6.0,0.0466,0.2609,0.7359,0.2889,0.9139,0.4793,0.4893,101.0,105.0,105.0,16.0,47.1087,5
1646,27.4333,26.5423,59.9915,0.9394,0.006,3.8571,1.0,8.0,6.0,0.0469,0.2609,0.7359,0.2889,0.9139,0.4791,0.4875,100.0,105.0,104.0,16.0,47.2424,5
1647,27.45,26.9108,61.0959,0.9094,0.0067,3.8232,1.0,8.0,6.0,0.0482,0.2609,0.7359,0.2889,0.9111,0.4766,0.4852,100.5,107.0,105.0,16.0,47.2705,5
1648,27.4667,27.383,62.1631,2.1088,0.0133,13.0562,1.0,8.0,6.0,0.0507,0.2609,0.7375,0.2861,0.9111,0.4717,0.4799,90.0,97.0,95.0,16.0,46.6182,8
1649,27.4833,28.2372,64.7224,7.0868,0.0245,7.4799,1.0,8.0,6.0,0.0539,0.2609,0.7359,0.2861,0.9111,0.4734,0.4658,94.0,100.0,98.0,16.0,46.1598,8
1650,27.5,29.7826,69.6733,4.221,0.0238,12.2981,1.0,8.0,6.0,0.0606,0.2625,0.7344,0.2861,0.9111,0.4703,0.4742,87.0,93.0,91.0,16.0,44.6212,3
1651,27.5167,31.394,74.5038,2.7588,0.0153,3.843,1.0,8.0,6.0,0.0651,0.2625,0.7344,0.2861,0.9111,0.4733,0.4851,86.0,91.0,90.5,16.0,43.8844,3
1652,27.5333,31.7437,75.5718,1.1657,0.0075,3.2205,1.0,8.0,6.0,0.0651,0.2625,0.7344,0.2861,0.9111,0.4735,0.4838,95.0,102.0,101.0,16.0,43.6083,2
1653,27.55,32.2882,77.2027,1.1376,0.0081,3.9324,1.0,8.0,6.0,0.0675,0.2625,0.7344,0.2861,0.9111,0.4772,0.4854,88.0,95.0,94.0,16.0,43.0336,2
1654,27.5667,32.7855,78.7131,1.3468,0.0084,4.7006,1.0,8.0,6.0,0.0688,0.2625,0.7344,0.2861,0.8434,0.4796,0.4853,93.0,100.0,98.0,16.0,42.9786,2
1655,27.5833,33.2722,80.1716,1.119,0.0082,4.8689,1.0,8.0,6.0,0.0698,0.2625,0.7344,0.2861,0.7289,0.4814,0.4856,83.0,89.0,88.0,16.0,43.2753,2
1656,27.6,33.486,80.8485,1.5748,0.0116,8.2181,1.0,8.0,6.0,0.0717,0.2625,0.7328,0.2861,0.9111,0.4838,0.4858,75.0,82.0,80.0,16.0,43.0637,3
1657,27.6167,33.6122,81.2261,1.2225,0.0095,10.1866,1.0,8.0,6.0,0.0729,0.2626,0.7328,0.2861,0.9084,0.4854,0.4861,75.0,82.0,81.0,16.0,42.9839,3
1658,27.6333,33.6807,81.4066,0.5935,0.0049,3.8723,1.0,8.0,6.0,0.0725,0.2625,0.7328,0.2861,0.8556,0.4844,0.4852,76.0,83.0,82.0,16.0,42.872,4
1659,27.65,33.703,81.473,0.4642,0.0045,3.4491,1.0,8.0,6.0,0.072,0.2625,0.7328,0.2861,0.8684,0.4835,0.4846,81.0,87.0,86.0,16.0,42.9961,4
1660,27.6667,33.6907,81.4502,0.6318,0.0048,2.6791,1.0,8.0,6.0,0.0713,0.2625,0.7344,0.2861,0.9111,0.482,0.484,84.0,91.0,90.0,16.0,42.8707,3
1661,27.6833,33.6687,81.3831,0.3705,0.0043,2.0458,1.0,8.0,6.0,0.0711,0.2625,0.7344,0.2861,0.9111,0.4816,0.4831,84.0,92.0,90.0,16.0,42.8669,3
1662,27.7,33.6739,81.417,0.5363,0.0042,1.8003,1.0,8.0,6.0,0.0709,0.2625,0.7344,0.2861,0.8444,0.4813,0.4821,84.0,90.0,89.0,16.0,42.7965,3
1663,27.7167,33.7418,81.6198,0.3407,0.0039,1.6334,1.0,8.0,6.0,0.0706,0.2625,0.7344,0.2861,0.8644,0.4806,0.4811,89.0,97.0,95.0,16.0,43.0936,3
1664,27.7333,33.8173,81.8827,0.5429,0.0038,1.8001,1.0,8.0,6.0,0.0709,0.2625,0.7344,0.2861,0.7746,0.4813,0.4805,89.0,98.0,97.0,17.0,43.1548,6
1665,27.75,33.9218,82.1955,0.3411,0.0038,1.7204,1.0,8.0,6.0,0.0709,0.2625,0.7344,0.2861,0.7706,0.4814,0.4803,94.0,100.0,98.0,17.0,43.0989,6
1666,27.7667,34.1274,82.6026,0.6209,0.0046,1.5097,1.0,8.0,6.0,0.0713,0.2625,0.7344,0.2861,0.8174,0.4818,0.4798,93.0,100.0,98.0,17.0,43.4907,5
1667,27.7833,34.2308,82.9105,0.3381,0.0039,1.7307,1.0,8.0,6.0,0.0716,0.2625,0.7344,0.2861,0.8117,0.4826,0.4796,93.0,100.0,98.0,17.0,43.6015,5
1668,27.8,34.2648,83.1447,0.508,0.0043,1.6554,1.0,8.0,6.0,0.0715,0.2625,0.7344,0.2861,0.8397,0.483,0.4797,94.0,101.0,98.0,17.0,43.1671,3
1669,27.8167,34.3712,83.4649,0.3258,0.0041,1.26,1.0,8.0,6.0,0.0715,0.2625,0.7344,0.2861,0.8394,0.4832,0.4796,91.0,100.0,97.0,17.0,43.091,3
1670,27.8333,34.4326,83.7478,0.4995,0.0045,1.0218,1.0,8.0,6.0,0.0717,0.2625,0.7328,0.2861,0.6889,0.4837,0.4795,90.0,99.0,97.0,17.0,43.004,2
1671,27.85,34.5314,84.043,0.3014,0.004,0.9428,1.0,8.0,6.0,0.0718,0.2625,0.7328,0.2861,0.6889,0.4841,0.4794,89.0,97.0,95.0,17.0,42.989,2
1672,27.8667,34.6147,84.308,0.4279,0.0042,1.0081,1.0,8.0,6.0,0.0719,0.2625,0.7328,0.2861,0.6889,0.4844,0.4797,89.0,98.0,97.0,17.0,42.8983,2
1673,27.8833,34.7018,84.5672,0.281,0.0038,1.0052,1.0,8.0,6.0,0.0719,0.2625,0.7328,0.2861,0.6889,0.4845,0.4796,89.0,98.0,97.0,17.0,43.0667,2
1674,27.9,34.7487,84.7835,0.4153,0.0037,1.128,1.0,8.0,6.0,0.072,0.2641,0.7328,0.2861,0.6889,0.4851,0.4798,91.0,100.0,98.0,17.0,43.0822,2
1675,27.9167,34.821,84.9993,0.2887,0.0036,1.3055,1.0,8.0,6.0,0.0724,0.2641,0.7328,0.2861,0.6889,0.486,0.4798,93.0,100.0,98.0,17.0,43.4363,2
1676,27.9333,34.9001,85.222,0.3894,0.0034,1.3442,1.0,8.0,6.0,0.0725,0.2641,0.7328,0.2861,0.6889,0.4859,0.4798,91.0,98.0,97.0,17.0,43.3141,2
1677,27.95,34.9679,85.4247,0.2766,0.0035,1.0141,1.0,8.0,6.0,0.0724,0.2641,0.7328,0.2861,0.6889,0.4858,0.4797,85.0,91.0,90.0,17.0,43.2543,2
1678,27.9667,35.1653,85.7348,0.4656,0.0036,1.1445,1.0,8.0,6.0,0.0728,0.2641,0.7344,0.2861,0.9111,0.4867,0.4805,82.0,89.0,88.0,17.0,43.8306,5
1679,27.9833,35.2283,85.9223,0.2595,0.003,1.2,1.0,8.0,6.0,0.0729,0.2641,0.7344,0.2861,0.9111,0.4869,0.4804,79.0,88.0,86.0,17.0,43.8964,5
1680,28.0,35.3134,86.0703,0.7615,0.0041,1.7507,1.0,8.0,6.0,0.0731,0.2641,0.7344,0.2861,0.9111,0.4875,0.4805,81.0,89.0,87.0,17.0,43.8665,3
1681,28.0167,35.3602,86.2115,0.2426,0.0028,1.1166,1.0,8.0,6.0,0.0735,0.2641,0.7344,0.2861,0.9111,0.4883,0.4804,83.0,91.0,89.0,17.0,43.9416,3
1682,28.0333,35.3968,86.3811,0.5767,0.0033,1.1087,1.0,8.0,6.0,0.0737,0.2641,0.7344,0.2861,0.9111,0.4887,0.4803,81.0,89.0,88.0,17.0,43.6439,5
1683,28.05,35.4456,86.5275,0.2194,0.0026,0.9335,1.0,8.0,6.0,0.074,0.2641,0.7344,0.2861,0.9111,0.4895,0.4802,83.0,90.0,89.0,17.0,43.8025,6
1684,28.0667,35.4053,86.5823,0.5174,0.003,0.9587,1.0,8.0,6.0,0.0739,0.2641,0.7328,0.2861,0.7074,0.4891,0.4799,83.0,90.0,88.5,17.0,43.4936,3
1685,28.0833,35.4485,86.7103,0.1994,0.0025,0.818,1.0,8.0,6.0,0.0742,0.2641,0.7328,0.2861,0.7138,0.4897,0.4799,82.0,90.0,88.0,17.0,43.5079,3
1686,28.1,35.4443,86.784,0.4131,0.0027,0.8035,1.0,8.0,6.0,0.0743,0.2641,0.7328,0.2861,0.8498,0.4899,0.48,82.0,89.0,88.0,17.0,43.4608,3
1687,28.1167,35.4831,86.8993,0.1828,0.0024,0.7087,1.0,8.0,6.0,0.0746,0.2641,0.7328,0.2861,0.8476,0.4906,0.4801,82.0,89.0,88.0,17.0,43.4963,3
1688,28.1333,35.4849,86.9895,0.2679,0.0024,0.766,1.0,8.0,6.0,0.0746,0.2641,0.7328,0.2861,0.6889,0.4906,0.4797,81.0,89.0,88.0,17.0,43.503,2
1689,28.15,35.5143,87.077,0.1616,0.002,0.7278,1.0,8.0,6.0,0.0747,0.2641,0.7328,0.2861,0.6889,0.4908,0.4798,82.0,89.0,88.0,17.0,43.4685,2
1690,28.1667,35.5236,87.1332,0.2679,0.0025,0.5907,1.0,8.0,6.0,0.075,0.2641,0.7328,0.2861,0.6889,0.4913,0.4796,83.5,91.0,90.0,17.0,43.4888,3
1691,28.1833,35.5474,87.2036,0.15,0.0019,0.7064,1.0,8.0,6.0,0.0752,0.2641,0.7328,0.2861,0.6889,0.4917,0.4796,81.5,88.5,88.0,16.5,43.6999,3
1692,28.2,35.5763,87.2694,0.231,0.0021,0.649,1.0,8.0,6.0,0.0754,0.2641,0.7328,0.2861,0.6889,0.492,0.4799,80.0,87.0,84.0,17.0,43.575,2
1693,28.2167,35.5964,87.3299,0.1334,0.0017,0.6274,1.0,8.0,6.0,0.0755,0.2641,0.7328,0.2861,0.6889,0.4921,0.4799,77.0,87.0,84.0,17.0,43.4662,2
1694,28.2333,35.6507,87.378,0.2747,0.002,0.5071,1.0,8.0,6.0,0.0757,0.2625,0.7328,0.2861,0.8079,0.492,0.48,77.0,87.0,84.0,17.0,43.6522,4
1695,28.25,35.6693,87.4333,0.1149,0.0016,0.5774,1.0,8.0,6.0,0.0759,0.2625,0.7328,0.2861,0.8039,0.4925,0.4802,74.0,82.0,81.0,17.0,43.7076,4
1696,28.2667,35.7246,87.5104,0.3236,0.0018,0.5685,1.0,8.0,6.0,0.0759,0.2641,0.7328,0.2861,0.6889,0.4932,0.4798,77.0,86.5,84.0,17.0,43.7186,3
1697,28.2833,35.7346,87.5376,0.098,0.0013,0.5042,1.0,8.0,6.0,0.076,0.2641,0.7328,0.2861,0.6889,0.4933,0.4801,81.0,89.0,88.0,17.0,43.696,3
1698,28.3,35.8015,87.5894,0.252,0.0016,0.504,1.0,8.0,6.0,0.0762,0.2641,0.7344,0.2861,0.6889,0.4937,0.4801,77.0,87.0,84.0,17.0,43.7597,4
1699,28.3167,35.8118,87.6189,0.0795,0.0011,0.4068,1.0,8.0,6.0,0.0761,0.2641,0.7344,0.2861,0.6889,0.4934,0.48,75.0,86.0,83.0,17.0,43.6832,4
1700,28.3333,35.7633,87.6298,0.3734,0.0015,0.3865,1.0,8.0,6.0,0.0761,0.2641,0.7328,0.2861,0.6889,0.4936,0.4799,83.0,90.0,89.0,16.0,43.503,2
1701,28.35,35.7728,87.6574,0.0657,0.0009,0.3524,1.0,8.0,6.0,0.0763,0.2641,0.7328,0.2861,0.6889,0.494,0.4799,82.0,90.0,88.0,17.0,43.6118,2
1702,28.3667,35.7827,87.6806,0.2758,0.0012,0.3639,1.0,8.0,6.0,0.0764,0.2625,0.7328,0.2861,0.6889,0.494,0.4799,81.0,89.0,88.0,16.0,43.7241,2
1703,28.3833,35.7863,87.6902,0.0476,0.0006,0.3022,1.0,8.0,6.0,0.0765,0.2625,0.7328,0.2861,0.6889,0.4942,0.48,76.0,86.0,83.0,17.0,43.7068,2
1704,28.4,35.7713,87.6941,0.2796,0.0011,0.3196,1.0,8.0,6.0,0.0765,0.2641,0.7328,0.2861,0.6889,0.4943,0.4802,80.5,88.5,87.0,16.0,43.7033,2
1705,28.4167,35.7739,87.7009,0.0305,0.0004,0.1934,1.0,8.0,6.0,0.0765,0.2641,0.7328,0.2861,0.6889,0.4942,0.4801,81.0,89.0,88.0,16.0,43.7148,2
1706,28.4333,35.7432,87.6764,0.197,0.0003,0.0256,1.0,8.0,6.0,0.0764,0.2641,0.7328,0.2861,0.6889,0.4945,0.4802,83.0,90.0,88.5,17.0,43.5843,2
1707,28.45,35.7436,87.6765,0.0018,0.0,0.0037,1.0,8.0,6.0,0.0764,0.2641,0.7328,0.2861,0.6889,0.4945,0.4802,83.0,90.0,88.5,17.0,43.5851,2
1708,28.4667,35.7698,87.6906,0.124,0.0002,0.0149,1.0,8.0,6.0,0.0765,0.2641,0.7328,0.2861,0.7071,0.4945,0.4803,81.0,89.0,87.0,17.0,43.7421,2
1709,28.4833,35.7702,87.6909,0.0012,0.0,0.003,1.0,8.0,6.0,0.0765,0.2641,0.7328,0.2861,0.7071,0.4945,0.4803,81.0,89.0,87.0,17.0,43.7431,2
1710,28.5,35.7777,87.6965,0.2054,0.0004,0.0169,1.0,8.0,6.0,0.0765,0.2641,0.7328,0.2861,0.6889,0.4942,0.4799,80.0,88.0,87.0,16.0,43.7808,2
1711,28.5167,35.7778,87.6966,0.002,0.0,0.0025,1.0,8.0,6.0,0.0765,0.2641,0.7328,0.2861,0.6889,0.4942,0.4799,80.0,88.0,87.0,16.0,43.7836,2
1712,28.5333,35.7723,87.6983,0.1857,0.0004,0.0176,1.0,8.0,6.0,0.0765,0.2641,0.7328,0.2861,0.6917,0.4941,0.48,79.0,87.0,86.0,17.0,43.8145,3
1713,28.55,35.7725,87.6977,0.0015,0.0,0.004,1.0,8.0,6.0,0.0765,0.2641,0.7328,0.2861,0.6917,0.4941,0.48,80.0,87.0,86.0,17.0,43.8114,3
1714,28.5667,35.774,87.6915,0.2012,0.0004,0.0191,1.0,8.0,6.0,0.0765,0.2641,0.7328,0.2861,0.6917,0.4943,0.4801,80.0,88.0,86.0,17.0,43.7143,4
1715,28.5833,35.7749,87.6922,0.0026,0.0,0.0045,1.0,8.0,6.0,0.0765,0.2641,0.7328,0.2861,0.6917,0.4943,0.48,80.0,88.0,86.0,17.0,43.7189,4
1716,28.6,35.7399,87.6779,0.1719,0.0003,0.0201,1.0,8.0,6.0,0.0764,0.2641,0.7328,0.2861,0.6889,0.4943,0.4801,83.0,90.0,88.0,17.0,43.6224,2
1717,28.6167,35.7403,87.6779,0.0009,0.0,0.0,1.0,8.0,6.0,0.0764,0.2641,0.7328,0.2861,0.6889,0.4943,0.4801,83.0,90.0,88.0,17.0,43.6222,2
1718,28.6333,35.7274,87.667,0.0531,0.0001,0.0082,1.0,8.0,6.0,0.0764,0.2641,0.7328,0.2861,0.6889,0.4944,0.4804,83.0,90.0,88.0,17.0,43.5636,3
1719,28.65,35.7273,87.6672,0.0007,0.0,0.0025,1.0,8.0,6.0,0.0764,0.2641,0.7328,0.2861,0.6889,0.4944,0.4803,83.0,90.0,88.0,17.0,43.5599,3
1720,28.6667,35.729,87.6976,0.183,0.0011,0.3641,1.0,8.0,6.0,0.0765,0.2641,0.7328,0.2861,0.6889,0.4945,0.4802,83.0,90.0,88.0,17.0,43.567,2
1721,28.6833,35.7297,87.6989,0.0015,0.0,0.0041,1.0,8.0,6.0,0.0765,0.2641,0.7328,0.2861,0.6889,0.4945,0.4802,83.0,90.0,88.5,17.0,43.5641,2
1722,28.7,35.7365,87.7036,0.1022,0.0001,0.0075,1.0,8.0,6.0,0.0765,0.2641,0.7328,0.2861,0.6889,0.4944,0.4802,83.0,90.0,88.0,17.0,43.575,2
1723,28.7167,35.737,87.7043,0.0011,0.0,0.0036,1.0,8.0,6.0,0.0765,0.2641,0.7328,0.2861,0.6889,0.4944,0.4802,82.5,89.5,88.0,17.0,43.5777,2
1724,28.7333,35.7314,87.6964,0.1134,0.0001,0.0105,1.0,8.0,6.0,0.0765,0.2641,0.7328,0.2861,0.6889,0.4944,0.4801,82.5,89.5,88.0,17.0,43.5848,2
1725,28.75,35.7314,87.6967,0.001,0.0,0.002,1.0,8.0,6.0,0.0765,0.2641,0.7328,0.2861,0.6889,0.4944,0.4802,82.5,89.5,88.0,17.0,43.5905,2
1726,28.7667,35.7247,87.6973,0.1096,0.0001,0.0073,1.0,8.0,6.0,0.0764,0.2641,0.7328,0.2861,0.6889,0.4945,0.4802,83.0,90.0,89.0,17.0,43.5525,2
1727,28.7833,35.7249,87.6972,0.0007,0.0,0.0008,1.0,8.0,6.0,0.0764,0.2641,0.7328,0.2861,0.6889,0.4945,0.4802,83.0,90.0,89.0,17.0,43.5524,2
1728,28.8,35.7342,87.7081,0.0646,0.0001,0.0095,1.0,8.0,6.0,0.0764,0.2641,0.7328,0.2861,0.6889,0.4944,0.4802,83.0,90.0,89.0,17.0,43.5506,2
1729,28.8167,35.7344,87.7084,0.0006,0.0,0.0009,1.0,8.0,6.0,0.0764,0.2641,0.7328,0.2861,0.6889,0.4944,0.4802,83.0,90.0,89.0,17.0,43.5511,2
1730,28.8333,35.7368,87.7027,0.1255,0.0001,0.0094,1.0,8.0,6.0,0.0765,0.2641,0.7328,0.2861,0.6889,0.4946,0.4803,82.0,90.0,88.0,17.0,43.5838,2
1731,28.85,35.7371,87.7027,0.0009,0.0,0.0012,1.0,8.0,6.0,0.0765,0.2641,0.7328,0.2861,0.6889,0.4946,0.4803,82.0,90.0,88.0,17.0,43.5837,2
1732,28.8667,35.7405,87.7034,0.1163,0.0002,0.0091,1.0,8.0,6.0,0.0765,0.2641,0.7328,0.2861,0.6917,0.4943,0.4805,82.0,89.0,88.0,17.0,43.6359,2
1733,28.8833,35.741,87.7034,0.0014,0.0,0.0008,1.0,8.0,6.0,0.0765,0.2641,0.7328,0.2861,0.6917,0.4943,0.4805,82.0,89.0,88.0,17.0,43.6358,2
1734,28.9,35.7654,87.7247,0.1602,0.0002,0.0086,1.0,8.0,6.0,0.0765,0.2641,0.7328,0.2861,0.6889,0.4946,0.48,82.5,90.0,88.5,17.0,43.6185,2
1735,28.9167,35.7659,87.7249,0.0011,0.0,0.0014,1.0,8.0,6.0,0.0765,0.2641,0.7328,0.2861,0.6889,0.4946,0.48,83.0,90.0,89.0,17.0,43.6226,2
1736,28.9333,35.7367,87.7093,0.1633,0.0002,0.0084,1.0,8.0,6.0,0.0765,0.2641,0.7328,0.2861,0.6917,0.4943,0.4805,82.0,89.0,88.0,16.0,43.6381,3
1737,28.95,35.7373,87.7096,0.0012,0.0,0.0012,1.0,8.0,6.0,0.0765,0.2641,0.7328,0.2861,0.6917,0.4943,0.4805,82.0,89.0,88.0,16.0,43.6332,3
1738,28.9667,35.7421,87.7172,0.0749,0.0002,0.009,1.0,8.0,6.0,0.0765,0.2641,0.7328,0.2861,0.6917,0.4945,0.4806,83.0,90.0,88.5,17.0,43.6243,4
1739,28.9833,35.7424,87.7175,0.0008,0.0,0.0002,1.0,8.0,6.0,0.0765,0.2641,0.7328,0.2861,0.6917,0.4945,0.4806,83.0,90.0,88.5,17.0,43.623,4
1740,29.0,35.7353,87.7089,0.287,0.0008,0.5171,1.0,8.0,6.0,0.0766,0.2641,0.7328,0.2861,0.6917,0.4946,0.4806,81.0,89.0,88.0,17.0,43.6052,3
1741,29.0167,35.7356,87.7095,0.0098,0.0,0.019,1.0,8.0,6.0,0.0765,0.2641,0.7328,0.2861,0.6917,0.4946,0.4806,81.0,89.0,88.0,17.0,43.6189,3
1742,29.0333,35.7332,87.7026,0.1375,0.0002,0.0194,1.0,8.0,6.0,0.0766,0.2641,0.7328,0.2861,0.6917,0.4947,0.4805,81.0,89.0,88.0,17.0,43.6567,2
1743,29.05,35.7334,87.702,0.0033,0.0,0.0024,1.0,8.0,6.0,0.0766,0.2641,0.7328,0.2861,0.6917,0.4947,0.4805,81.0,89.0,88.0,17.0,43.6545,2
1744,29.0667,35.7123,87.6896,0.1266,0.0002,0.0205,1.0,8.0,6.0,0.0765,0.2641,0.7328,0.2861,0.6889,0.4946,0.4805,83.0,90.0,89.0,17.0,43.5679,4
1745,29.0833,35.713,87.6902,0.0029,0.0,0.002,1.0,8.0,6.0,0.0765,0.2641,0.7328,0.2861,0.6889,0.4946,0.4805,83.0,90.0,89.0,17.0,43.5706,4
1746,29.1,35.7171,87.6905,0.1143,0.0002,0.0203,1.0,8.0,6.0,0.0765,0.2641,0.7328,0.2861,0.6889,0.4946,0.4805,83.0,90.0,89.0,17.0,43.6358,2
1747,29.1167,35.7171,87.6908,0.0018,0.0,0.0009,1.0,8.0,6.0,0.0765,0.2641,0.7328,0.2861,0.6889,0.4946,0.4805,83.0,90.0,89.0,17.0,43.6357,2
1748,29.1333,35.7674,87.7255,0.1239,0.0002,0.0235,1.0,8.0,6.0,0.0766,0.2625,0.7328,0.2861,0.6917,0.4942,0.4805,79.5,87.0,86.0,17.0,43.7603,2
1749,29.15,35.768,87.7272,0.0021,0.0,0.0019,1.0,8.0,6.0,0.0766,0.2625,0.7328,0.2861,0.6917,0.4941,0.4805,80.0,87.0,86.0,17.0,43.7639,2
1750,29.1667,35.779,87.7307,0.2003,0.0004,0.0338,1.0,8.0,6.0,0.0766,0.2641,0.7328,0.2861,0.6917,0.4943,0.4804,80.0,87.0,86.0,17.0,43.7485,2
1751,29.1833,35.7793,87.7311,0.0015,0.0,0.0022,1.0,8.0,6.0,0.0766,0.2641,0.7328,0.2861,0.6917,0.4943,0.4804,80.0,87.0,86.0,17.0,43.7527,2
1752,29.2,35.7743,87.7386,0.1959,0.0005,0.0312,1.0,8.0,6.0,0.0767,0.2625,0.7328,0.2861,0.6917,0.4942,0.4805,77.0,86.0,83.0,17.0,43.7572,4
1753,29.2167,35.7749,87.739,0.0016,0.0,0.0026,1.0,8.0,6.0,0.0767,0.2625,0.7328,0.2861,0.6917,0.4942,0.4805,77.0,85.0,83.0,17.0,43.7613,4
1754,29.2333,35.7452,87.7271,0.1877,0.0004,0.0296,1.0,8.0,6.0,0.0765,0.2641,0.7328,0.2861,0.6889,0.4946,0.4804,81.0,89.0,88.0,17.0,43.6613,2
1755,29.25,35.7463,87.7282,0.0038,0.0,0.0049,1.0,8.0,6.0,0.0765,0.2641,0.7328,0.2861,0.6889,0.4946,0.4804,82.0,89.0,88.0,17.0,43.6656,2
1756,29.2667,35.7104,87.689,0.1343,0.0002,0.0105,1.0,8.0,6.0,0.0765,0.2641,0.7328,0.2861,0.6889,0.4946,0.4803,83.0,90.0,88.0,17.0,43.554,2
1757,29.2833,35.7106,87.689,0.0013,0.0,0.0014,1.0,8.0,6.0,0.0765,0.2641,0.7328,0.2861,0.6889,0.4946,0.4803,83.0,90.0,88.0,17.0,43.5533,2
1758,29.3,35.7348,87.6979,0.0617,0.0001,0.0044,1.0,8.0,6.0,0.0765,0.2641,0.7328,0.2861,0.6889,0.4945,0.4803,82.0,89.0,88.0,17.0,43.5814,2
1759,29.3167,35.7352,87.6987,0.0007,0.0,0.0017,1.0,8.0,6.0,0.0765,0.2641,0.7328,0.2861,0.6889,0.4945,0.4803,82.0,89.0,88.0,17.0,43.5812,2
1760,29.3333,35.7459,87.6951,0.1417,0.0001,0.0042,1.0,8.0,6.0,0.0765,0.2641,0.7328,0.2861,0.6889,0.4946,0.4803,83.0,90.0,88.0,17.0,43.5662,2
1761,29.35,35.7463,87.6954,0.0014,0.0,0.0002,1.0,8.0,6.0,0.0765,0.2641,0.7328,0.2861,0.6889,0.4946,0.4803,83.0,90.0,88.0,17.0,43.5659,2
1762,29.3667,35.7498,87.7043,0.1386,0.0001,0.0061,1.0,8.0,6.0,0.0765,0.2641,0.7328,0.2861,0.6889,0.4947,0.4802,83.0,90.0,88.0,17.0,43.5755,2
1763,29.3833,35.7501,87.7045,0.0011,0.0,0.0,1.0,8.0,6.0,0.0765,0.2641,0.7328,0.2861,0.6889,0.4947,0.4802,83.0,90.0,88.0,17.0,43.5755,2
1764,29.4,35.7251,87.6848,0.1382,0.0001,0.0049,1.0,8.0,6.0,0.0765,0.2641,0.7328,0.2861,0.6889,0.4946,0.4803,83.0,90.0,89.0,17.0,43.5594,2
1765,29.4167,35.7252,87.6847,0.0012,0.0,0.0001,1.0,8.0,6.0,0.0765,0.2641,0.7328,0.2861,0.6889,0.4946,0.4803,83.0,90.0,89.0,17.0,43.5593,2
1766,29.4333,35.7488,87.7018,0.1409,0.0002,0.0065,1.0,8.0,6.0,0.0766,0.2641,0.7328,0.2861,0.6917,0.4942,0.4803,81.0,89.0,88.0,17.0,43.6718,2
1767,29.45,35.7493,87.7027,0.0018,0.0,0.0007,1.0,8.0,6.0,0.0766,0.2641,0.7328,0.2861,0.6917,0.4942,0.4803,81.0,89.0,88.0,17.0,43.6723,2
1768,29.4667,35.7476,87.694,0.0755,0.0001,0.0029,1.0,8.0,6.0,0.0765,0.2641,0.7328,0.2861,0.6917,0.4944,0.4804,82.5,89.5,88.0,17.0,43.6643,2
1769,29.4833,35.7476,87.6939,0.0006,0.0,0.0,1.0,8.0,6.0,0.0765,0.2641,0.7328,0.2861,0.6917,0.4944,0.4804,82.5,89.5,88.0,17.0,43.6643,2
1770,29.5,35.7563,87.6965,0.1514,0.0002,0.0083,1.0,8.0,6.0,0.0766,0.2641,0.7328,0.2861,0.6917,0.4945,0.4803,81.0,89.0,87.0,17.0,43.6753,2
1771,29.5167,35.7566,87.6968,0.0007,0.0,0.0006,1.0,8.0,6.0,0.0766,0.2641,0.7328,0.2861,0.6917,0.4945,0.4803,81.0,89.0,87.0,17.0,43.675,2
1772,29.5333,35.7559,87.6961,0.1472,0.0002,0.0075,1.0,8.0,6.0,0.0766,0.2641,0.7328,0.2861,0.6917,0.4945,0.4804,80.0,88.0,87.0,17.0,43.6759,2
1773,29.55,35.7558,87.696,0.0013,0.0,0.0003,1.0,8.0,6.0,0.0766,0.2641,0.7328,0.2861,0.6917,0.4945,0.4804,80.0,88.0,87.0,17.0,43.6758,2
1774,29.5667,35.7881,87.7288,0.1997,0.0003,0.0148,1.0,8.0,6.0,0.0766,0.2641,0.7328,0.2861,0.6917,0.4947,0.4804,80.0,87.0,86.0,17.0,43.7515,3
1775,29.5833,35.7886,87.7292,0.0013,0.0,0.001,1.0,8.0,6.0,0.0766,0.2641,0.7328,0.2861,0.6917,0.4947,0.4804,80.0,87.0,86.0,17.0,43.7514,3
1776,29.6,35.7976,87.7296,0.2158,0.0004,0.0197,1.0,8.0,6.0,0.0766,0.2641,0.7328,0.2861,0.6917,0.4946,0.4801,78.0,86.5,84.0,17.0,43.7569,4
1777,29.6167,35.7981,87.7304,0.0023,0.0,0.004,1.0,8.0,6.0,0.0766,0.2641,0.7328,0.2861,0.6917,0.4946,0.4801,79.0,87.0,84.0,17.0,43.7593,4
1778,29.6333,35.8045,87.7458,0.1303,0.0002,0.0083,1.0,8.0,6.0,0.0767,0.2641,0.7328,0.2861,0.7,0.4947,0.4803,76.5,86.5,84.0,17.0,43.789,3
1779,29.65,35.8047,87.7457,0.0009,0.0,0.0005,1.0,8.0,6.0,0.0767,0.2641,0.7328,0.2861,0.7,0.4947,0.4803,76.5,86.5,84.0,17.0,43.7893,3
1780,29.6667,35.7821,87.7238,0.2339,0.0004,0.0149,1.0,8.0,6.0,0.0766,0.2641,0.7328,0.2861,0.6889,0.4944,0.4803,81.0,88.5,87.5,17.0,43.6449,2
1781,29.6833,35.7889,87.7436,0.0615,0.0009,0.3813,1.0,8.0,6.0,0.0765,0.2641,0.7328,0.2861,0.6889,0.4945,0.4803,83.0,90.0,89.0,17.0,43.4775,2
1782,29.7,35.7835,87.7548,0.2869,0.002,0.7306,1.0,8.0,6.0,0.0761,0.2641,0.7328,0.2861,0.6917,0.4948,0.4797,87.0,93.0,91.0,17.0,43.1248,3
1783,29.7167,35.7824,87.7507,0.1053,0.0012,0.6313,1.0,8.0,6.0,0.076,0.2641,0.7328,0.2861,0.6917,0.4949,0.4793,86.0,91.0,90.0,17.0,43.2312,3
1784,29.7333,35.7574,87.717,0.4765,0.0011,0.4812,1.0,6.0,5.0,0.0759,0.2641,0.7328,0.2861,0.6917,0.4952,0.4796,84.0,93.0,90.0,17.0,43.1462,2
1785,29.75,35.7632,87.7258,0.0196,0.0001,0.076,1.0,6.0,5.0,0.0759,0.2641,0.7328,0.2861,0.6917,0.4952,0.4795,83.0,92.0,90.0,17.0,43.1985,2
1786,29.7667,35.7886,87.7589,0.4073,0.0006,0.1886,1.0,8.0,6.0,0.076,0.2641,0.7343,0.2861,0.6917,0.4952,0.4794,84.0,93.0,90.0,17.0,43.2214,2
1787,29.7833,35.8016,87.7896,0.1899,0.002,1.0063,1.0,8.0,6.0,0.0761,0.2641,0.7328,0.2861,0.6917,0.495,0.4797,87.0,93.0,91.0,17.0,43.1738,2
1788,29.8,35.8208,87.8157,0.5468,0.0045,1.7328,1.0,8.0,6.0,0.0768,0.2641,0.7328,0.2861,0.7419,0.4942,0.4812,70.0,80.0,77.0,17.0,44.0624,2
1789,29.8167,35.8271,87.8316,0.4847,0.0053,2.8355,1.0,8.0,6.0,0.0769,0.2625,0.7328,0.2861,0.7344,0.4942,0.4805,79.0,86.0,84.0,17.0,44.1338,2
1790,29.8333,35.8818,87.8375,0.9752,0.009,3.0535,1.0,8.0,6.0,0.076,0.2625,0.7328,0.2861,0.8961,0.4952,0.4794,73.0,82.0,80.0,18.0,43.1956,4
1791,29.85,35.8786,87.8265,0.8523,0.0099,3.2733,1.0,8.0,6.0,0.0768,0.2609,0.7312,0.2861,0.8694,0.4942,0.4811,69.0,77.0,76.0,17.0,43.8884,4
1792,29.8667,35.9477,87.8564,1.432,0.0126,4.5976,1.0,8.0,6.0,0.0758,0.2594,0.7297,0.2861,0.9111,0.4949,0.4805,75.0,83.0,81.0,17.0,43.6789,7
1793,29.8833,35.9484,87.8533,0.8548,0.01,3.4162,1.0,8.0,6.0,0.0766,0.2594,0.7297,0.2861,0.9111,0.4939,0.4815,74.0,83.0,81.0,16.0,44.5579,7
1794,29.9,35.8776,87.8044,1.0378,0.0103,3.8122,1.0,8.0,6.0,0.0759,0.2594,0.7281,0.2861,0.9111,0.4948,0.4809,77.0,84.0,83.0,18.0,43.6507,5
1795,29.9167,35.8814,87.8148,0.7253,0.0088,2.8709,1.0,8.0,6.0,0.0758,0.2578,0.7281,0.2833,0.9111,0.4952,0.4808,80.0,88.0,87.0,17.0,43.3492,5
1796,29.9333,35.8685,87.8251,0.9083,0.0073,2.9196,1.0,8.0,6.0,0.0765,0.2578,0.7281,0.2833,0.7251,0.4941,0.4804,80.0,87.5,86.0,17.0,44.0879,4
1797,29.95,35.8642,87.8106,0.3036,0.0036,1.8874,1.0,8.0,6.0,0.0762,0.2578,0.7266,0.2833,0.7353,0.4942,0.4808,81.0,87.0,86.0,17.0,44.0307,4
1798,29.9667,35.8557,87.8203,0.2864,0.0006,0.1101,1.0,8.0,6.0,0.0762,0.2578,0.7266,0.2833,0.8473,0.4943,0.4811,81.0,87.0,86.0,17.0,44.0233,3
1799,29.9833,35.8645,87.8446,0.4671,0.0054,2.648,1.0,8.0,6.0,0.0763,0.2578,0.7281,0.2833,0.8363,0.4945,0.4805,84.0,91.0,90.0,17.0,43.9437,3
1800,30.0,35.7373,87.6709,1.2907,0.0117,4.1822,1.0,8.0,6.0,0.0755,0.2594,0.7281,0.2861,0.6944,0.4949,0.4798,81.0,89.0,88.0,16.0,43.1716,3
1801,30.0167,35.7538,87.7191,1.5067,0.0156,7.58,1.0,8.0,6.0,0.0755,0.2609,0.7297,0.2861,0.6917,0.4956,0.4797,86.0,94.0,91.0,16.0,42.8986,3
1802,30.0333,35.8045,87.7758,2.3095,0.0191,13.126,1.0,8.0,6.0,0.0759,0.2625,0.7312,0.2861,0.6917,0.4953,0.4792,80.0,88.5,87.0,16.0,42.9825,3
1803,30.05,35.8133,87.8017,2.7088,0.0216,21.7125,1.0,8.0,6.0,0.077,0.2656,0.7344,0.2861,0.6917,0.4936,0.4805,70.0,79.0,76.5,17.0,43.8861,3
1804,30.0667,35.778,87.772,3.3957,0.0252,28.9588,1.0,8.0,6.0,0.0769,0.2688,0.7375,0.2861,0.6917,0.4953,0.4801,69.0,77.0,75.0,19.0,43.1163,3
1805,30.0833,35.7917,87.8123,3.8335,0.028,35.2154,1.0,8.0,6.0,0.0771,0.2719,0.741,0.2833,0.6917,0.4946,0.4801,65.0,73.0,72.0,18.0,43.3179,3
1806,30.1,35.7843,87.8141,4.4451,0.0308,41.5207,1.0,8.0,6.0,0.0763,0.275,0.7453,0.2833,0.6944,0.4943,0.4801,76.0,83.0,82.0,17.0,43.3056,2
1807,30.1167,35.7789,87.7967,4.5595,0.032,45.5923,1.0,8.0,6.0,0.0761,0.2797,0.75,0.2806,0.6965,0.4954,0.4806,81.0,88.0,87.0,17.0,43.934,2
1808,30.1333,35.7779,87.7899,4.7954,0.033,47.1836,1.0,8.0,6.0,0.0749,0.2844,0.7547,0.2778,0.6972,0.4949,0.4804,90.5,97.0,96.0,16.0,43.5635,2
1809,30.15,35.7707,87.7665,4.4715,0.0319,44.7933,1.0,8.0,6.0,0.0746,0.2875,0.7594,0.275,0.7,0.4946,0.4802,90.0,97.0,96.0,16.0,44.0907,2
1810,30.1667,35.7487,87.7152,4.1251,0.0293,38.6076,1.0,8.0,6.0,0.074,0.2906,0.7625,0.275,0.7028,0.4945,0.4801,95.5,102.0,101.0,16.0,44.1887,2
1811,30.1833,35.7369,87.6788,3.0717,0.0238,26.7403,1.0,8.0,6.0,0.0733,0.2922,0.7656,0.2722,0.7028,0.4941,0.48,95.0,102.0,101.0,16.0,44.4337,2
1812,30.2,35.7486,87.6648,1.8817,0.0167,10.8134,1.0,8.0,6.0,0.0733,0.2922,0.7672,0.2722,0.8631,0.4941,0.4809,97.0,104.0,103.0,16.0,44.3183,3
1813,30.2167,35.7501,87.6689,0.1823,0.0022,1.1495,1.0,8.0,6.0,0.0733,0.2922,0.7672,0.2722,0.8666,0.4938,0.481,97.0,104.5,103.0,16.0,44.2096,3
1814,30.2333,35.7795,87.7023,2.6613,0.0213,20.3035,1.0,8.0,6.0,0.0737,0.2906,0.7656,0.2722,0.7973,0.494,0.4805,93.5,100.0,98.0,16.0,44.7118,3
1815,30.25,35.798,87.7577,5.1405,0.0349,55.6929,1.0,8.0,6.0,0.0745,0.2891,0.7594,0.275,0.7722,0.4943,0.4808,87.0,95.0,93.0,16.0,44.2713,3
1816,30.2667,35.8178,87.7861,8.1189,0.0477,90.6313,1.0,8.0,6.0,0.0756,0.2812,0.7516,0.2778,0.6972,0.494,0.4802,77.0,84.0,84.0,16.0,43.8174,3
1817,30.2833,35.818,87.785,10.5535,0.0604,104.9102,1.0,8.0,6.0,0.0775,0.2703,0.7406,0.2833,0.6917,0.4932,0.4811,75.0,82.0,81.0,17.0,42.9713,3
1818,30.3,35.8076,87.7532,13.1227,0.0737,110.7758,1.0,8.0,6.0,0.0757,0.2562,0.725,0.2833,0.6944,0.4947,0.4808,82.0,89.0,87.5,17.0,43.7025,4
1819,30.3167,35.7927,87.7069,14.5099,0.0831,105.2632,1.0,8.0,6.0,0.0736,0.2391,0.7078,0.2778,0.7028,0.495,0.4797,91.0,97.0,96.0,16.0,44.5634,3
1820,30.3333,35.7581,87.57,15.7466,0.0877,94.5615,1.0,8.0,6.0,0.0732,0.2188,0.7156,0.2639,0.727,0.4927,0.4796,98.0,105.0,104.0,16.0,45.0609,3
1821,30.35,35.7284,87.3441,16.3617,0.0891,89.2946,1.0,8.0,6.0,0.0734,0.1969,0.7359,0.25,0.7222,0.4884,0.4791,101.0,107.0,105.0,16.0,44.5968,3
1822,30.3667,35.818,87.1256,17.2143,0.0911,93.9438,1.0,8.0,6.0,0.0739,0.1734,0.7578,0.2333,0.7333,0.4841,0.479,105.0,112.0,111.0,16.0,45.5814,4
1823,30.3833,35.9814,85.5692,17.4144,0.0934,99.9092,1.0,8.0,6.0,0.0748,0.15,0.7797,0.2167,0.7417,0.4782,0.4786,107.0,113.0,112.0,15.0,45.6007,4
1824,30.4,36.0156,82.2975,17.56,0.0959,102.7296,1.0,8.0,6.0,0.0766,0.1281,0.8,0.2,0.75,0.4734,0.4766,111.0,118.0,117.0,15.0,45.7205,2
1825,30.4167,36.0625,79.1724,16.8189,0.0947,109.8173,1.0,8.0,6.0,0.0769,0.1094,0.8188,0.1865,0.7583,0.4695,0.4754,113.0,122.0,120.0,15.0,45.8257,2
1826,30.4333,36.0783,76.4353,14.9161,0.0865,133.007,1.0,8.0,6.0,0.0769,0.0938,0.8328,0.175,0.7667,0.4659,0.4747,124.0,130.0,130.0,16.0,46.2896,3
1827,30.45,36.0793,74.5345,9.347,0.0554,110.0549,1.0,8.0,6.0,0.0767,0.0859,0.8391,0.1694,0.7694,0.464,0.4741,123.0,131.0,130.0,16.0,46.2557,3
1828,30.4667,36.0915,74.7729,1.2315,0.0129,5.275,1.0,8.0,6.0,0.0767,0.0872,0.8391,0.1722,0.7694,0.4646,0.4741,117.0,124.0,123.0,16.0,46.4103,2
1829,30.4833,36.0942,77.4483,12.9314,0.075,132.5001,1.0,8.0,6.0,0.0767,0.0984,0.8281,0.1806,0.7639,0.4669,0.475,129.5,137.0,135.0,15.0,45.9977,2
1830,30.5,36.0558,81.8063,19.4181,0.1019,115.9497,1.0,8.0,6.0,0.0768,0.1234,0.8047,0.2,0.7528,0.4717,0.4752,123.0,131.0,130.0,15.0,45.6705,2
1831,30.5167,35.8286,87.042,19.7337,0.0947,98.5522,1.0,8.0,6.0,0.0738,0.1656,0.7656,0.2278,0.7361,0.4799,0.4779,122.0,129.0,127.0,15.0,45.4931,2
1832,30.5333,35.6626,87.5206,22.1201,0.1016,122.6367,1.0,8.0,6.0,0.0728,0.225,0.7094,0.2694,0.7083,0.4937,0.4792,104.0,111.0,110.0,15.0,44.5944,2
1833,30.55,35.657,87.5089,24.611,0.1023,133.6205,1.0,8.0,6.0,0.0724,0.2859,0.7781,0.2667,0.7083,0.4947,0.4808,100.0,107.0,104.0,16.0,44.8293,2
1834,30.5667,35.7891,81.9121,27.2351,0.104,103.6144,1.0,8.0,6.0,0.0762,0.1922,0.8766,0.2056,0.7472,0.5073,0.4811,100.0,108.5,107.0,20.0,44.7906,2
1835,30.5833,35.4776,59.2906,35.7943,0.1238,111.7503,1.0,8.0,6.0,0.0751,0.0906,0.9844,0.1333,0.7861,0.5103,0.4799,102.0,111.0,110.0,16.0,45.9655,2
1836,30.6,31.9715,26.3212,40.7044,0.1189,100.4901,1.0,8.0,6.0,0.0629,0.0109,0.9859,0.0639,0.9111,0.4557,0.4564,84.0,93.0,91.0,4.0,45.4611,3
1837,30.6167,20.5896,7.5804,33.9271,0.0888,97.1273,2.0,12.0,10.0,0.0318,0.0016,0.9969,0.0056,0.9139,0.4337,0.3394,101.5,109.5,108.0,0.0,49.1004,3
1838,30.6333,17.671,17.1475,20.4339,0.0312,14.1024,1.0,22.0,23.0,0.0007,0.1195,0.7745,0.0094,0.9739,0.484,0.8734,89.0,113.0,119.0,63.0,156.6541,1
1839,30.65,17.6708,17.1481,0.0029,0.0,0.151,1.0,22.0,23.0,0.0007,0.1188,0.775,0.0094,0.9742,0.4842,0.8731,89.0,112.5,119.0,62.0,157.2885,1
1840,30.6667,9.2398,9.9871,8.4505,0.0006,2.6311,0.0,5.0,8.0,0.0012,0.0605,0.9815,0.2325,0.9972,0.5275,0.8327,88.0,109.0,115.5,59.0,140.0204,3
1841,30.6833,9.3362,9.9809,0.1764,0.0013,4.8074,0.0,5.0,8.0,0.0019,0.0866,0.9472,0.3026,0.9639,0.5168,0.8638,91.0,112.5,120.0,56.0,110.9849,2
1842,30.7,9.44,9.9492,0.7282,0.0037,7.2813,0.0,5.0,8.0,0.003,0.079,0.8768,0.2302,0.9806,0.4969,0.8292,91.0,112.0,119.5,52.5,92.667,3
1843,30.7167,9.5961,10.1587,0.6756,0.005,0.038,0.0,5.0,8.0,0.004,0.1,0.8191,0.3028,0.9611,0.4968,0.778,94.0,114.0,122.5,51.5,84.5213,4
1844,30.7333,9.7793,11.7308,1.2251,0.0073,0.5352,0.0,5.0,8.0,0.0048,0.1958,0.7583,0.3532,0.9246,0.4953,0.7258,103.0,123.0,131.0,50.0,78.7278,4
1845,30.75,10.0228,12.4847,1.4926,0.0085,2.0173,0.0,5.0,8.0,0.0057,0.2216,0.6534,0.3722,0.9194,0.4948,0.6623,112.0,132.0,139.0,43.0,72.1704,4
1846,30.7667,10.3072,13.3264,2.2616,0.0104,61.3951,0.0,5.0,8.0,0.007,0.1657,0.5594,0.3028,0.9194,0.4908,0.5963,128.0,145.5,154.0,33.0,69.2549,8
1847,30.7833,10.5877,14.1671,2.2018,0.0102,73.14,0.0,5.0,8.0,0.0078,0.1672,0.5641,0.3137,0.9194,0.4908,0.5485,138.0,159.0,166.0,32.0,66.8087,8
1848,30.8,10.8777,15.024,2.3621,0.0107,78.5997,0.0,5.0,8.0,0.0088,0.2159,0.5688,0.3,0.9194,0.4928,0.5086,158.0,173.0,178.0,27.0,65.2472,7
1849,30.8167,11.1665,15.8893,1.7762,0.0103,88.5989,0.0,5.0,8.0,0.0096,0.2318,0.5719,0.3028,0.9194,0.4927,0.4809,161.0,176.0,179.0,26.0,63.4062,5
1850,30.8333,11.4268,16.7234,1.6344,0.0094,95.2621,0.0,5.0,8.0,0.0105,0.4172,0.575,0.3311,0.9194,0.4941,0.4624,176.0,192.0,194.0,25.0,61.4022,2
1851,30.85,11.7229,17.6102,0.8962,0.0061,59.782,0.0,5.0,8.0,0.0114,0.4046,0.5781,0.3167,0.9194,0.493,0.4549,179.0,194.0,198.0,24.0,59.9248,2
1852,30.8667,12.0103,18.4978,0.9688,0.006,32.9096,0.0,5.0,8.0,0.0124,0.3422,0.5828,0.3167,0.9194,0.4913,0.4581,173.0,188.0,193.5,25.0,57.667,3
1853,30.8833,12.3053,19.3826,1.416,0.01,69.5243,0.0,5.0,8.0,0.0135,0.3359,0.5875,0.3278,0.9194,0.4883,0.4663,158.5,174.0,178.5,27.0,56.0015,3
1854,30.9,12.5922,20.2052,2.1526,0.0135,96.1166,0.0,5.0,8.0,0.0144,0.3312,0.5922,0.35,0.9194,0.4841,0.4814,141.0,157.0,162.0,30.0,54.2204,4
1855,30.9167,12.8781,21.062,2.4913,0.0156,101.8387,0.0,5.0,8.0,0.0156,0.3281,0.5984,0.375,0.9194,0.4813,0.4966,123.0,138.0,145.0,35.0,52.1343,4
1856,30.9333,13.289,22.0696,3.1402,0.0181,103.1844,0.0,5.0,8.0,0.0169,0.325,0.6062,0.3083,0.9194,0.4803,0.5112,104.0,123.0,141.0,40.5,52.4133,5
1857,30.95,13.5604,22.8815,2.98,0.0191,95.2917,0.0,5.0,8.0,0.0181,0.3219,0.6094,0.3167,0.9173,0.4762,0.527,88.5,107.5,141.0,48.0,50.3444,5
1858,30.9667,13.8196,23.6564,3.3671,0.0205,89.5137,0.0,5.0,8.0,0.0195,0.3203,0.6141,0.3583,0.9167,0.4731,0.5428,72.0,90.0,138.0,56.5,47.871,2
1859,30.9833,14.0766,24.4263,2.8734,0.0202,78.72,0.0,5.0,8.0,0.0207,0.3188,0.6156,0.3678,0.9167,0.4704,0.5557,67.0,83.5,139.0,63.0,45.3029,3
1860,31.0,14.3505,25.1943,3.1955,0.0204,72.605,0.0,5.0,8.0,0.0216,0.3156,0.6177,0.3639,0.9167,0.4669,0.5648,63.0,80.0,138.0,77.0,44.5192,7
1861,31.0167,14.6014,25.9501,2.3516,0.0184,61.2753,0.0,5.0,8.0,0.0227,0.3156,0.6203,0.3583,0.9167,0.4662,0.5727,63.0,80.0,137.0,81.0,44.025,7
1862,31.0333,14.7246,26.5342,2.335,0.017,51.603,0.0,5.0,8.0,0.0235,0.3156,0.6219,0.3639,0.9167,0.4647,0.5792,62.0,79.0,139.0,90.0,42.5859,4
1863,31.05,14.9499,27.2118,1.5405,0.014,36.0851,0.0,5.0,8.0,0.0243,0.3141,0.6219,0.3611,0.9167,0.4646,0.5827,62.0,79.0,138.0,95.0,42.2904,4
1864,31.0667,15.1717,27.8625,1.2288,0.0113,18.07,0.0,5.0,8.0,0.0251,0.3141,0.6237,0.3583,0.9167,0.4637,0.5821,62.0,79.0,138.0,101.0,42.1463,4
1865,31.0833,15.3847,28.501,0.6035,0.0068,7.7285,0.0,5.0,8.0,0.0259,0.3141,0.6266,0.3583,0.9167,0.4635,0.5814,62.0,79.0,138.0,101.0,41.5877,4
1866,31.1,15.6075,29.1042,0.9717,0.008,11.1839,0.0,5.0,8.0,0.0266,0.3141,0.6281,0.35,0.9167,0.4641,0.5764,61.0,79.0,138.0,102.0,42.0684,7
1867,31.1167,15.8041,29.6934,1.0382,0.0104,20.3864,0.0,5.0,8.0,0.0275,0.3141,0.6312,0.35,0.9167,0.4653,0.5725,61.0,80.0,138.0,101.0,42.4246,7
1868,31.1333,16.0057,30.2713,1.565,0.013,28.1043,0.0,5.0,8.0,0.028,0.3141,0.6328,0.3528,0.9167,0.4659,0.5668,62.0,80.0,139.0,103.0,42.505,7
1869,31.15,16.2039,30.8653,1.5114,0.0137,31.7097,0.0,5.0,8.0,0.0285,0.3156,0.6344,0.35,0.9167,0.4668,0.5607,63.0,82.0,139.0,100.0,42.878,7
1870,31.1667,16.5495,31.5009,2.0532,0.0156,33.2941,0.0,6.0,9.0,0.0296,0.3141,0.6375,0.1278,0.9139,0.4692,0.5483,63.0,82.0,139.0,91.0,44.0078,18
1871,31.1833,16.7342,32.0526,1.6884,0.0149,32.2864,0.0,6.0,9.0,0.0303,0.3141,0.6406,0.1278,0.9139,0.4727,0.5434,67.0,86.0,140.0,85.0,44.6193,18
1872,31.2,16.7901,32.5445,2.1411,0.0161,31.2306,0.0,5.0,8.0,0.0306,0.3156,0.6562,0.2762,0.9139,0.4739,0.5404,68.0,87.0,140.0,86.0,43.9583,16
1873,31.2167,16.9664,33.0736,1.6178,0.0146,26.9147,0.0,5.0,8.0,0.0314,0.3156,0.6636,0.2907,0.9139,0.4781,0.5339,70.0,89.0,141.0,85.0,43.935,16
1874,31.2333,17.103,33.5775,1.7154,0.0151,22.7704,0.0,5.0,8.0,0.0326,0.3172,0.6688,0.3444,0.9139,0.4823,0.5298,70.0,88.0,141.0,86.0,43.2086,6
1875,31.25,17.2596,34.0474,1.3117,0.0132,16.8342,0.0,5.0,8.0,0.0334,0.3172,0.6734,0.3444,0.9139,0.4844,0.5248,70.0,89.0,141.0,86.0,43.7596,6
1876,31.2667,17.3236,34.4132,1.3236,0.0119,13.1835,0.0,5.0,8.0,0.0344,0.3188,0.6766,0.3472,0.9139,0.4892,0.5206,73.0,91.0,143.0,86.0,43.3098,3
1877,31.2833,17.4563,34.8105,0.8374,0.0092,8.3125,0.0,5.0,8.0,0.0352,0.3188,0.6781,0.3472,0.9139,0.4926,0.5171,73.0,91.0,144.0,87.0,42.8012,3
1878,31.3,17.5702,35.1595,0.7442,0.0074,4.9684,0.0,5.0,8.0,0.0359,0.3203,0.6797,0.3472,0.9139,0.4951,0.5146,73.0,91.0,144.0,87.0,43.0782,5
1879,31.3167,17.6703,35.459,0.4027,0.0045,3.2924,0.0,5.0,8.0,0.0365,0.3203,0.6812,0.3472,0.9139,0.4971,0.513,74.0,93.0,144.0,86.0,42.9185,4
1880,31.3333,17.778,35.7235,0.6273,0.0056,3.6067,0.0,5.0,8.0,0.0368,0.3203,0.6828,0.3444,0.9139,0.4988,0.512,74.0,91.0,144.0,85.0,42.9974,2
1881,31.35,17.848,35.9326,0.494,0.0062,4.3614,0.0,5.0,8.0,0.0372,0.3203,0.6828,0.3444,0.9139,0.4987,0.5127,76.0,95.0,144.0,83.0,43.1138,2
1882,31.3667,17.8464,36.0761,0.7097,0.007,5.2056,0.0,5.0,8.0,0.0372,0.3203,0.6828,0.3444,0.9139,0.4997,0.5145,77.0,96.0,144.0,82.0,42.7568,2
1883,31.3833,17.8959,36.2251,0.583,0.0075,5.5194,0.0,5.0,8.0,0.0371,0.3219,0.6844,0.3472,0.9139,0.4992,0.5159,79.0,97.0,144.0,83.0,42.2895,3
1884,31.4,17.9239,36.3192,0.6567,0.0078,6.1675,0.0,5.0,8.0,0.0371,0.3219,0.6844,0.3472,0.9139,0.4987,0.5186,80.0,98.0,143.0,81.0,42.4525,4
1885,31.4167,17.962,36.4335,0.5891,0.0072,6.1194,0.0,5.0,8.0,0.037,0.3219,0.6844,0.3472,0.9139,0.4979,0.5206,80.0,97.0,143.0,81.0,41.9256,3
1886,31.4333,17.9687,36.4868,0.6656,0.0076,6.1741,0.0,5.0,8.0,0.0367,0.3219,0.6828,0.35,0.9139,0.4969,0.5222,81.0,98.0,141.0,79.5,41.6428,2
1887,31.45,17.99,36.5505,0.5148,0.0066,5.5395,0.0,5.0,8.0,0.0366,0.3219,0.6828,0.3507,0.9139,0.4947,0.5249,83.0,101.0,141.0,77.0,42.1426,2
1888,31.4667,17.9968,36.5805,0.522,0.0058,5.0815,0.0,5.0,8.0,0.0362,0.321,0.6828,0.3528,0.9139,0.4933,0.5272,83.0,101.0,140.0,77.0,42.4211,2
1889,31.4833,18.0063,36.6099,0.3808,0.0047,3.9057,0.0,5.0,8.0,0.0362,0.3203,0.6828,0.3556,0.9139,0.4925,0.5282,86.0,103.0,141.0,76.0,42.3643,2
1890,31.5,18.0628,36.7032,0.4295,0.0042,2.9386,0.0,5.0,8.0,0.0362,0.3203,0.6828,0.3556,0.9139,0.4911,0.5304,86.0,103.0,141.0,74.0,42.228,3
1891,31.5167,18.0665,36.7154,0.2235,0.0028,2.5204,0.0,5.0,8.0,0.0363,0.3203,0.6812,0.3583,0.9139,0.4905,0.5314,84.0,102.0,140.0,75.0,42.6724,4
1892,31.5333,18.1234,36.7757,0.3759,0.0025,1.8942,0.0,5.0,8.0,0.0362,0.3203,0.6812,0.3583,0.9139,0.4902,0.5317,82.0,101.0,139.0,76.0,42.4966,3
1893,31.55,18.1274,36.788,0.1275,0.0016,1.4004,0.0,5.0,8.0,0.0361,0.3203,0.6812,0.3583,0.9139,0.4893,0.5323,81.0,100.0,141.0,76.0,42.6079,3
1894,31.5667,18.0983,36.7505,0.3121,0.0023,2.0241,0.0,5.0,8.0,0.0358,0.3203,0.6806,0.3611,0.9139,0.4883,0.533,82.0,101.0,144.0,76.0,42.2127,4
1895,31.5833,18.0959,36.7425,0.1929,0.0026,2.1159,0.0,5.0,8.0,0.0355,0.3203,0.6797,0.3611,0.9139,0.4877,0.5328,82.0,101.0,143.0,77.0,41.9797,4
1896,31.6,18.0802,36.701,0.4183,0.0031,2.2923,0.0,5.0,8.0,0.0356,0.3203,0.6797,0.3611,0.9139,0.4873,0.5324,81.0,101.0,144.0,78.0,42.4738,2
1897,31.6167,18.0801,36.7007,0.2253,0.0027,2.5247,0.0,5.0,8.0,0.0354,0.3188,0.6797,0.3611,0.9139,0.4863,0.5322,82.0,101.0,145.0,79.0,42.553,2
1898,31.6333,18.072,36.6915,0.3721,0.003,2.2703,0.0,5.0,8.0,0.0356,0.3188,0.6797,0.3611,0.9139,0.4856,0.5317,81.0,100.0,144.0,80.0,42.8806,3
1899,31.65,18.07,36.6857,0.2093,0.0026,2.245,0.0,5.0,8.0,0.0355,0.3188,0.6797,0.3611,0.9139,0.4846,0.5314,82.0,100.0,145.0,80.0,43.1308,3
1900,31.6667,18.0358,36.6609,0.3402,0.0025,2.2407,0.0,5.0,8.0,0.0357,0.3203,0.6797,0.3611,0.9139,0.486,0.5314,81.0,98.0,146.0,81.0,43.5509,2
1901,31.6833,18.033,36.6525,0.177,0.0024,2.2741,0.0,5.0,8.0,0.0358,0.3203,0.6797,0.3611,0.9139,0.4851,0.531,82.0,100.0,144.0,82.0,42.5197,2
1902,31.7,18.0279,36.6484,0.2678,0.002,1.8567,0.0,5.0,8.0,0.0357,0.3203,0.6797,0.3611,0.9139,0.4849,0.5303,81.0,98.0,143.0,83.0,42.2023,2
1903,31.7167,18.0258,36.6424,0.1248,0.0016,1.4991,0.0,5.0,8.0,0.0359,0.3203,0.6797,0.3611,0.9139,0.4849,0.5298,80.0,98.0,143.0,85.0,42.2897,2
1904,31.7333,18.03,36.622,0.1783,0.0013,1.3582,0.0,5.0,8.0,0.0357,0.3203,0.6797,0.3611,0.9139,0.4853,0.5295,80.0,97.0,143.0,85.0,42.389,3
1905,31.75,18.0293,36.62,0.0634,0.0007,0.8464,0.0,5.0,8.0,0.0357,0.3203,0.6797,0.3611,0.9139,0.4853,0.5296,80.0,98.0,143.0,85.0,42.2276,3
1906,31.7667,18.0288,36.6355,0.1747,0.0008,0.6941,0.0,5.0,8.0,0.0357,0.3192,0.6797,0.3611,0.9139,0.4855,0.5297,80.0,97.0,140.0,85.0,42.1971,2
1907,31.7833,18.0261,36.6269,0.0723,0.0008,0.9328,0.0,5.0,8.0,0.0358,0.3188,0.6797,0.3611,0.9139,0.4854,0.5299,81.0,97.0,140.0,86.0,42.0783,2
1908,31.8,18.0212,36.5935,0.194,0.0011,1.1183,0.0,5.0,8.0,0.0359,0.3188,0.6797,0.3611,0.9139,0.4852,0.53,80.0,97.0,139.0,85.0,41.8848,2
1909,31.8167,18.0205,36.5907,0.0915,0.0012,1.1649,0.0,5.0,8.0,0.0359,0.3188,0.6797,0.3611,0.9139,0.4847,0.5302,80.0,97.0,137.0,85.0,41.9048,2
1910,31.8333,18.0212,36.5756,0.2177,0.0012,1.0711,0.0,5.0,8.0,0.0358,0.3188,0.6797,0.3611,0.9139,0.4841,0.5303,80.0,97.0,136.0,85.0,41.5168,2
1911,31.85,18.0195,36.57,0.0876,0.001,1.114,0.0,5.0,8.0,0.0358,0.3188,0.6797,0.3611,0.9139,0.484,0.5304,80.0,97.0,133.0,86.0,41.5824,3
1912,31.8667,18.0496,36.5731,0.2474,0.0012,0.9393,0.0,5.0,8.0,0.0359,0.3188,0.6797,0.3604,0.9139,0.484,0.53,79.0,97.0,133.0,86.0,41.6745,4
1913,31.8833,18.0473,36.5665,0.0717,0.001,0.8627,0.0,5.0,8.0,0.0361,0.3188,0.6797,0.3583,0.9139,0.4845,0.53,77.0,96.0,132.0,86.0,41.9084,5
1914,31.9,18.0406,36.5627,0.1793,0.0012,0.9423,0.0,5.0,8.0,0.0361,0.3188,0.6797,0.3583,0.9139,0.4842,0.5302,77.0,96.0,130.0,85.0,42.2688,4
1915,31.9167,18.0376,36.5532,0.0503,0.0006,0.6357,0.0,5.0,8.0,0.0362,0.3188,0.6797,0.3583,0.9139,0.4844,0.5299,77.0,96.0,130.0,86.0,42.3887,3
1916,31.9333,18.0865,36.5744,0.2921,0.0009,0.642,0.0,5.0,8.0,0.0362,0.3188,0.6797,0.3583,0.9139,0.4846,0.5297,77.0,96.0,130.0,85.0,42.6916,4
1917,31.95,18.0843,36.5668,0.0391,0.0004,0.4894,0.0,5.0,8.0,0.0363,0.3188,0.6797,0.3583,0.9139,0.4847,0.5294,77.0,96.0,129.0,86.0,42.5743,4
1918,31.9667,18.0898,36.5508,0.287,0.001,0.507,0.0,5.0,8.0,0.0364,0.3172,0.6812,0.3583,0.9139,0.4856,0.53,76.0,95.0,130.0,85.0,42.6634,5
1919,31.9833,18.0901,36.5513,0.0348,0.0004,0.4401,0.0,5.0,8.0,0.0364,0.3172,0.6812,0.3583,0.9139,0.4856,0.53,76.0,95.0,130.0,86.0,42.7005,5
1920,32.0,18.1065,36.5566,0.55,0.0017,1.7539,0.0,5.0,8.0,0.0363,0.3172,0.6812,0.3556,0.9139,0.4852,0.5288,75.0,94.0,127.0,85.0,42.8726,5
1921,32.0167,18.1075,36.5668,0.0289,0.0003,0.2483,0.0,5.0,8.0,0.0363,0.3172,0.6812,0.3556,0.9139,0.4853,0.5289,75.0,94.0,129.0,85.0,42.8543,5
1922,32.0333,18.0642,36.5376,0.3351,0.0009,0.442,0.0,5.0,8.0,0.0362,0.3172,0.6812,0.3583,0.9139,0.4851,0.5293,75.0,94.0,129.0,84.5,42.7477,3
1923,32.05,18.0687,36.5517,0.0328,0.0003,0.3146,0.0,5.0,8.0,0.0362,0.3172,0.6812,0.3583,0.9139,0.4849,0.5295,75.0,94.0,131.0,85.0,42.7028,3
1924,32.0667,18.078,36.5741,0.2038,0.0006,0.4022,0.0,5.0,8.0,0.0362,0.3172,0.6812,0.3556,0.9139,0.485,0.5287,75.0,93.0,130.0,84.0,43.1451,6
1925,32.0833,18.0821,36.5869,0.0351,0.0004,0.3979,0.0,5.0,8.0,0.0362,0.3172,0.6812,0.3556,0.9139,0.4853,0.5289,74.0,93.0,131.0,84.0,43.1979,6
1926,32.1,18.0329,36.5524,0.2611,0.0008,0.469,0.0,5.0,8.0,0.0359,0.3188,0.6812,0.3583,0.9139,0.4871,0.5301,74.0,91.0,133.0,84.0,42.7676,4
1927,32.1167,18.0358,36.5618,0.0346,0.0004,0.3823,0.0,5.0,8.0,0.036,0.3188,0.6812,0.3583,0.9139,0.4874,0.5298,74.0,91.0,133.0,83.0,42.807,4
1928,32.1333,18.0381,36.568,0.1922,0.0007,0.4604,0.0,5.0,8.0,0.036,0.3188,0.6812,0.3583,0.9139,0.4876,0.5298,74.0,91.0,133.0,83.0,42.9689,3
1929,32.15,18.0396,36.5723,0.0351,0.0004,0.4225,0.0,5.0,8.0,0.036,0.3188,0.6812,0.3583,0.9139,0.4878,0.53,74.0,91.0,133.0,83.0,42.9527,3
1930,32.1667,18.046,36.5781,0.2119,0.0007,0.5161,0.0,5.0,8.0,0.036,0.3188,0.6812,0.3556,0.9139,0.4885,0.5295,73.0,90.0,133.0,83.0,42.9562,3
1931,32.1833,18.0486,36.5857,0.0355,0.0004,0.4271,0.0,5.0,8.0,0.0359,0.3188,0.6812,0.3556,0.9139,0.4886,0.5298,73.0,90.0,134.0,83.0,43.0065,3
1932,32.2,18.045,36.5876,0.2106,0.0006,0.4281,0.0,5.0,8.0,0.0359,0.3188,0.6812,0.3556,0.9139,0.4894,0.5298,73.0,90.0,134.0,83.0,43.0742,5
1933,32.2167,18.0455,36.589,0.0388,0.0002,0.5085,0.0,5.0,8.0,0.0359,0.3188,0.6812,0.3556,0.9139,0.4894,0.5298,72.5,90.0,134.0,82.0,43.1215,5
1934,32.2333,18.0305,36.5897,0.0921,0.0005,0.448,0.0,5.0,8.0,0.0359,0.3188,0.6812,0.3556,0.9139,0.4895,0.5293,72.0,89.0,134.0,83.0,43.0772,4
1935,32.25,18.0292,36.5861,0.0355,0.0005,0.4574,0.0,5.0,8.0,0.0359,0.3188,0.6828,0.3556,0.9139,0.4898,0.5294,72.0,89.0,134.0,82.0,43.0561,4
1936,32.2667,18.0106,36.5654,0.1598,0.0006,0.4926,0.0,5.0,8.0,0.0358,0.3188,0.6828,0.3556,0.9139,0.4904,0.5302,70.0,89.0,134.0,82.0,42.9434,3
1937,32.2833,18.0107,36.5653,0.0392,0.0003,0.5269,0.0,5.0,8.0,0.0357,0.3188,0.6828,0.3556,0.9139,0.4908,0.5304,70.0,89.0,134.0,82.0,43.0628,3
1938,32.3,18.0118,36.5626,0.1268,0.0005,0.4094,0.0,5.0,8.0,0.0356,0.3188,0.6828,0.3556,0.9139,0.491,0.5304,72.0,89.0,136.0,81.0,43.1408,3
1939,32.3167,18.0131,36.5665,0.0331,0.0003,0.3846,0.0,5.0,8.0,0.0356,0.3188,0.6828,0.3556,0.9139,0.4913,0.5305,70.0,89.0,136.0,81.0,43.1115,3
1940,32.3333,18.0075,36.5518,0.1464,0.0005,0.4191,0.0,5.0,8.0,0.0355,0.3188,0.6828,0.3556,0.9139,0.4915,0.5308,70.0,88.5,136.0,80.0,43.206,3
1941,32.35,18.0095,36.5563,0.0359,0.0004,0.4124,0.0,5.0,8.0,0.0355,0.3188,0.6828,0.3556,0.9139,0.4919,0.531,70.0,88.0,136.0,80.0,43.2379,3
1942,32.3667,18.0454,36.579,0.1842,0.0008,0.4346,0.0,5.0,8.0,0.0355,0.3188,0.6828,0.3556,0.9139,0.492,0.5314,69.0,88.0,136.0,79.0,43.3618,3
1943,32.3833,18.0415,36.5676,0.0347,0.0004,0.3853,0.0,5.0,8.0,0.0354,0.3188,0.6828,0.3556,0.9139,0.4922,0.5317,69.0,87.0,136.0,79.0,43.4031,3
1944,32.4,18.1773,36.7158,0.2754,0.0011,0.4596,0.0,5.0,8.0,0.0354,0.3188,0.6828,0.3528,0.9139,0.493,0.5307,69.0,87.0,136.0,77.0,44.3823,8
1945,32.4167,18.1748,36.7078,0.0425,0.0005,0.4559,0.0,5.0,8.0,0.0354,0.3188,0.6828,0.3528,0.9139,0.4931,0.5309,69.0,87.0,136.0,76.0,44.4501,8
1946,32.4333,18.1029,36.6505,0.4027,0.0014,0.5119,0.0,5.0,8.0,0.035,0.3188,0.6828,0.3583,0.9139,0.4928,0.5338,72.0,90.0,134.0,76.0,44.231,4
1947,32.45,18.0993,36.6396,0.0425,0.0006,0.4489,0.0,5.0,8.0,0.0349,0.3188,0.6828,0.3583,0.9139,0.4936,0.534,74.0,91.0,136.0,75.0,44.3689,4
1948,32.4667,18.0951,36.635,0.3294,0.0014,0.491,0.0,5.0,8.0,0.0347,0.3188,0.6828,0.3583,0.9139,0.4936,0.535,77.0,95.0,137.0,73.0,44.5207,6
1949,32.4833,18.0906,36.6215,0.0482,0.0005,0.5545,0.0,5.0,8.0,0.0347,0.3188,0.6828,0.3583,0.9139,0.4939,0.535,79.0,95.0,137.0,73.0,44.5751,6
1950,32.5,18.0725,36.5529,0.3635,0.0014,0.5921,0.0,5.0,8.0,0.0344,0.3188,0.6828,0.3583,0.9139,0.4938,0.5347,82.0,98.0,138.0,71.0,44.8465,4
1951,32.5167,18.0667,36.5349,0.0501,0.0005,0.5331,0.0,5.0,8.0,0.0344,0.3188,0.6828,0.3583,0.9139,0.494,0.5351,82.0,100.0,138.0,71.0,44.7265,4
1952,32.5333,17.9941,36.4594,0.3151,0.0011,0.5169,0.0,5.0,8.0,0.0341,0.3188,0.6812,0.3611,0.9139,0.4925,0.5366,83.0,101.0,139.0,71.0,44.4009,3
1953,32.55,17.9838,36.4288,0.0535,0.0005,0.5382,0.0,5.0,8.0,0.0341,0.3188,0.6812,0.3611,0.9139,0.4928,0.5366,84.0,103.0,139.0,71.0,44.4,3
1954,32.5667,18.0304,36.4454,0.1955,0.0008,0.6658,0.0,5.0,8.0,0.0341,0.3188,0.6812,0.3597,0.9139,0.4932,0.5363,87.0,104.0,139.0,69.0,44.9101,7
1955,32.5833,18.024,36.4251,0.0487,0.0005,0.6155,0.0,5.0,8.0,0.034,0.3188,0.6812,0.3611,0.9139,0.4933,0.5364,88.0,105.0,139.0,69.0,44.8137,7
1956,32.6,17.9769,36.3425,0.3184,0.0011,0.6804,0.0,5.0,8.0,0.0337,0.3188,0.6812,0.3611,0.9139,0.4932,0.5378,89.0,108.0,139.0,69.0,44.2123,4
1957,32.6167,17.9647,36.3072,0.0523,0.0004,0.5588,0.0,5.0,8.0,0.0336,0.3188,0.6812,0.3611,0.9139,0.4929,0.5382,89.0,108.0,138.0,69.0,43.9827,4
1958,32.6333,17.9588,36.2916,0.2549,0.0009,0.552,0.0,5.0,8.0,0.0336,0.3188,0.6812,0.3583,0.9139,0.4928,0.5373,89.0,107.0,137.0,67.5,44.2269,4
1959,32.65,17.9466,36.2552,0.0482,0.0005,0.5889,0.0,5.0,8.0,0.0334,0.3188,0.6797,0.3584,0.9139,0.4925,0.5378,89.0,108.0,137.0,67.0,44.167,4
1960,32.6667,17.9039,36.1683,0.2539,0.0011,0.5695,0.0,5.0,8.0,0.0332,0.3188,0.6797,0.3611,0.9139,0.4925,0.5401,91.0,109.5,137.0,67.0,43.7305,3
1961,32.6833,17.8929,36.1348,0.0492,0.0005,0.558,0.0,5.0,8.0,0.0331,0.3188,0.6797,0.3611,0.9139,0.4923,0.5404,91.0,110.0,137.0,67.0,43.6029,3
1962,32.7,17.8457,36.0674,0.2051,0.0008,0.6217,0.0,5.0,8.0,0.0329,0.3188,0.6797,0.3611,0.9139,0.4927,0.541,95.0,112.0,136.0,66.0,43.508,4
1963,32.7167,17.8319,36.0255,0.0511,0.0006,0.5807,0.0,5.0,8.0,0.0327,0.3188,0.6797,0.3611,0.9139,0.4926,0.5414,95.0,112.0,136.0,66.0,43.3882,4
1964,32.7333,17.8023,35.9872,0.114,0.0006,0.5901,0.0,5.0,8.0,0.0326,0.3188,0.6781,0.3611,0.9139,0.493,0.5423,96.0,113.0,134.0,65.0,43.0767,3
1965,32.75,17.7967,35.9702,0.0476,0.0006,0.5761,0.0,5.0,8.0,0.0325,0.3188,0.6781,0.3611,0.9139,0.4927,0.5427,96.0,113.0,133.0,66.0,43.0336,3
1966,32.7667,17.8136,35.9542,0.1647,0.0007,0.5928,0.0,5.0,8.0,0.0325,0.3188,0.6797,0.3611,0.9139,0.4935,0.5429,96.0,113.0,131.0,65.0,43.0828,4
1967,32.7833,17.8013,35.9167,0.0488,0.0005,0.5793,0.0,5.0,8.0,0.0324,0.3188,0.6797,0.3611,0.9139,0.4939,0.5432,95.0,112.0,129.0,66.0,43.1258,4
1968,32.8,17.7869,35.8899,0.1703,0.0009,0.5148,0.0,5.0,8.0,0.0322,0.3188,0.6781,0.3639,0.9139,0.4937,0.5441,94.0,111.0,127.0,65.0,43.1146,5
1969,32.8167,17.7778,35.8625,0.0468,0.0005,0.6168,0.0,5.0,8.0,0.0321,0.3188,0.6781,0.3639,0.9139,0.4937,0.5447,91.0,108.0,125.0,65.0,43.057,5
1970,32.8333,17.8004,35.8503,0.2072,0.001,0.5166,0.0,5.0,8.0,0.0318,0.3188,0.6781,0.3639,0.9139,0.4939,0.5463,90.0,105.0,123.0,65.0,43.5511,4
1971,32.85,17.7886,35.8148,0.049,0.0006,0.5568,0.0,5.0,8.0,0.0316,0.3188,0.6781,0.3639,0.9139,0.4945,0.5474,88.0,104.0,121.0,65.0,43.6092,4
1972,32.8667,17.7491,35.7637,0.2124,0.0008,0.5342,0.0,5.0,8.0,0.0314,0.3188,0.6781,0.3639,0.9139,0.4943,0.5478,86.0,102.0,120.0,65.0,43.4914,3
1973,32.8833,17.7403,35.7374,0.0415,0.0004,0.5323,0.0,5.0,8.0,0.0312,0.3188,0.6781,0.3639,0.9139,0.4941,0.5485,82.0,98.0,120.0,65.0,43.4976,3
1974,32.9,17.7368,35.7266,0.1352,0.0006,0.4785,0.0,5.0,8.0,0.031,0.3188,0.6781,0.3639,0.9139,0.4941,0.5495,80.0,96.0,122.0,66.0,43.5266,3
1975,32.9167,17.7247,35.6908,0.038,0.0005,0.4356,0.0,5.0,8.0,0.0308,0.3188,0.6781,0.3639,0.9139,0.4934,0.5504,77.0,94.0,122.0,66.0,43.6471,3
1976,32.9333,17.72,35.664,0.1969,0.0006,0.4427,0.0,5.0,8.0,0.0306,0.3188,0.6766,0.3611,0.9139,0.4923,0.5502,77.0,95.0,122.0,66.0,43.7055,4
1977,32.95,17.7147,35.6482,0.0359,0.0004,0.4105,0.0,5.0,8.0,0.0304,0.3188,0.675,0.3611,0.9139,0.4913,0.5509,80.5,97.0,122.0,67.0,43.7073,4
1978,32.9667,17.6995,35.6352,0.1675,0.0007,0.3867,0.0,5.0,8.0,0.0301,0.3188,0.6734,0.3639,0.9139,0.4895,0.553,82.0,101.0,122.0,67.0,43.7983,4
1979,32.9833,17.6885,35.6023,0.037,0.0006,0.3456,0.0,5.0,8.0,0.0298,0.3188,0.6688,0.3639,0.9139,0.4873,0.5546,87.0,105.0,123.0,67.0,44.0966,4
1980,33.0,17.7287,35.6082,0.3944,0.0014,1.3683,0.0,5.0,8.0,0.0294,0.3172,0.6516,0.3611,0.9139,0.485,0.5553,90.0,108.0,119.0,67.0,44.7327,5
1981,33.0167,17.726,35.6065,0.0181,0.0002,0.1263,0.0,5.0,8.0,0.0294,0.3172,0.6516,0.3611,0.9139,0.4851,0.5551,90.0,108.0,119.0,67.0,44.7493,5
1982,33.0333,17.6597,35.5135,0.2072,0.0006,0.2837,0.0,5.0,8.0,0.0292,0.3172,0.65,0.3639,0.9139,0.4842,0.5562,91.0,110.0,123.0,67.0,44.5737,3
1983,33.05,17.6572,35.5046,0.0215,0.0002,0.1649,0.0,5.0,8.0,0.0292,0.3172,0.65,0.3639,0.9139,0.4837,0.5562,93.0,110.0,124.0,66.0,44.5465,3
1984,33.0667,17.6889,35.4942,0.1218,0.0004,0.2167,0.0,5.0,8.0,0.0293,0.3172,0.65,0.3639,0.9139,0.484,0.5568,91.0,110.0,125.0,67.0,44.8158,5
1985,33.0833,17.6871,35.4876,0.0204,0.0002,0.2164,0.0,5.0,8.0,0.0293,0.3172,0.65,0.3639,0.9139,0.484,0.5568,91.0,110.0,127.0,67.0,44.8009,5
1986,33.1,17.7215,35.5078,0.2348,0.0006,0.2632,0.0,5.0,8.0,0.0295,0.3172,0.65,0.3611,0.9139,0.4843,0.556,90.0,109.0,126.0,67.0,45.0173,6
1987,33.1167,17.7201,35.5034,0.0234,0.0002,0.2688,0.0,5.0,8.0,0.0295,0.3172,0.65,0.3611,0.9139,0.4845,0.5559,90.0,109.0,129.0,67.0,45.0238,6
1988,33.1333,17.7142,35.5024,0.2322,0.0007,0.2293,0.0,5.0,8.0,0.0293,0.3172,0.65,0.3611,0.9139,0.4849,0.5563,91.0,110.0,131.0,67.0,45.2393,4
1989,33.15,17.715,35.5061,0.0276,0.0002,0.2945,0.0,5.0,8.0,0.0293,0.3172,0.65,0.3611,0.9139,0.4851,0.5563,93.0,111.0,132.0,67.0,45.3199,4
1990,33.1667,17.7642,35.5521,0.2888,0.0006,0.2713,0.0,5.0,8.0,0.0294,0.3172,0.65,0.3611,0.9139,0.4847,0.5563,93.0,110.0,132.0,66.0,45.3939,6
1991,33.1833,17.7655,35.5551,0.02,0.0001,0.2003,0.0,5.0,8.0,0.0294,0.3172,0.65,0.3611,0.9139,0.4849,0.5562,94.0,111.0,134.0,66.0,45.4228,6
1992,33.2,17.8635,35.6188,0.4332,0.0009,0.2964,0.0,5.0,8.0,0.0296,0.3158,0.6516,0.3556,0.9139,0.4861,0.5554,94.0,111.0,132.5,66.0,46.2509,12
1993,33.2167,17.8686,35.6338,0.0284,0.0002,0.3011,0.0,5.0,8.0,0.0296,0.3158,0.6516,0.3556,0.9139,0.4863,0.5553,95.0,112.0,133.0,65.0,46.3201,12
1994,33.2333,17.8061,35.6186,0.2532,0.0007,0.2691,0.0,5.0,8.0,0.0294,0.3172,0.65,0.3611,0.9139,0.4855,0.5566,97.0,115.0,139.0,65.0,45.6648,5
1995,33.25,17.8142,35.6432,0.0303,0.0003,0.2718,0.0,5.0,8.0,0.0293,0.3172,0.65,0.3611,0.9139,0.4859,0.5569,100.0,117.0,141.0,64.0,45.6976,5
1996,33.2667,17.8097,35.6489,0.3768,0.0007,0.2549,0.0,5.0,8.0,0.0293,0.3156,0.65,0.3611,0.9139,0.4859,0.5562,101.0,118.0,143.0,64.0,45.6307,5
1997,33.2833,17.8171,35.6716,0.0307,0.0002,0.3008,0.0,5.0,8.0,0.0293,0.3156,0.6516,0.3611,0.9139,0.4863,0.5562,102.0,119.0,144.0,64.0,45.6371,5
1998,33.3,17.8311,35.7214,0.3384,0.001,0.3504,0.0,5.0,8.0,0.0296,0.3156,0.6516,0.3583,0.9139,0.4879,0.5556,103.0,120.0,141.0,65.0,46.172,7
1999,33.3167,17.8366,35.7368,0.0247,0.0003,0.2138,0.0,5.0,8.0,0.0296,0.3156,0.6516,0.3583,0.9139,0.4886,0.5553,103.0,122.0,140.5,65.0,46.2442,7
2000,33.3333,17.7446,35.6866,0.2902,0.0012,0.3666,0.0,5.0,8.0,0.0296,0.3172,0.6713,0.3611,0.9139,0.4906,0.5549,105.0,123.0,143.0,65.0,45.2624,3
2001,33.35,17.7537,35.7135,0.0331,0.0006,0.2116,0.0,5.0,8.0,0.0299,0.3172,0.675,0.3611,0.9139,0.4921,0.5536,104.0,122.0,137.0,64.0,45.0243,3
2002,33.3667,17.785,35.7523,0.2272,0.0009,0.3609,0.0,5.0,8.0,0.0301,0.3172,0.6766,0.3611,0.9139,0.4941,0.5524,102.0,120.0,132.0,65.0,45.0785,4
2003,33.3833,17.7965,35.7868,0.038,0.0007,0.3352,0.0,5.0,8.0,0.0303,0.3172,0.6781,0.3611,0.9139,0.4961,0.5518,100.5,118.0,130.0,64.0,45.0867,4
2004,33.4,17.7906,35.8158,0.1449,0.0009,0.4868,0.0,5.0,8.0,0.0305,0.3172,0.6781,0.3611,0.9139,0.4983,0.5511,97.0,116.0,129.0,64.0,45.0308,3
2005,33.4167,17.8009,35.8471,0.0407,0.0007,0.4409,0.0,5.0,8.0,0.0306,0.3188,0.6797,0.3611,0.9139,0.4998,0.5509,97.0,116.0,126.0,63.0,45.1363,3
2006,33.4333,17.8536,35.9086,0.2546,0.001,0.5612,0.0,5.0,8.0,0.0308,0.3172,0.6797,0.3611,0.9139,0.5014,0.5495,94.5,113.0,123.5,61.0,45.5277,4
2007,33.45,17.8624,35.9335,0.0406,0.0006,0.4651,0.0,5.0,8.0,0.0309,0.3188,0.6797,0.3611,0.9139,0.5022,0.5492,94.0,112.0,123.0,61.0,45.6334,4
2008,33.4667,17.8882,35.9829,0.275,0.0012,0.6077,0.0,5.0,8.0,0.031,0.3188,0.6797,0.3611,0.9139,0.5031,0.5498,94.0,112.0,122.5,60.0,46.0454,8
2009,33.4833,17.8979,36.0111,0.0419,0.0005,0.5054,0.0,5.0,8.0,0.031,0.3188,0.6797,0.3611,0.9139,0.5036,0.5498,95.0,112.0,123.0,59.0,46.2533,8
2010,33.5,17.8294,36.0055,0.2522,0.0008,0.6452,0.0,5.0,8.0,0.0309,0.3203,0.6797,0.3639,0.9139,0.5038,0.5506,97.0,115.0,124.0,59.0,45.6116,3
2011,33.5167,17.8359,36.0259,0.0446,0.0004,0.4913,0.0,5.0,8.0,0.0309,0.3203,0.6797,0.3639,0.9139,0.5046,0.5504,100.0,116.0,125.0,58.0,45.6372,3
2012,33.5333,17.8509,36.0597,0.1776,0.0007,0.6061,0.0,5.0,8.0,0.0308,0.3297,0.6797,0.3639,0.9139,0.5064,0.5505,103.0,119.0,129.0,57.0,45.862,3
2013,33.55,17.859,36.084,0.0443,0.0008,0.5134,0.0,5.0,8.0,0.0307,0.3312,0.6797,0.3639,0.9139,0.5082,0.5508,107.0,124.0,132.0,56.0,46.2431,3
2014,33.5667,17.8587,36.1159,0.1167,0.0007,0.6358,0.0,5.0,8.0,0.0307,0.3312,0.6797,0.3639,0.9139,0.5089,0.5507,110.0,126.0,136.0,57.0,46.3673,3
2015,33.5833,17.872,36.1555,0.0477,0.0006,0.6081,0.0,5.0,8.0,0.031,0.3312,0.6812,0.3611,0.9139,0.5097,0.5496,112.0,129.0,139.0,56.0,46.4666,2
2016,33.6,17.9668,36.2737,0.2383,0.0011,0.5386,0.0,5.0,8.0,0.0313,0.3312,0.6812,0.3611,0.9139,0.5096,0.5475,113.0,130.0,140.0,56.0,47.0208,4
2017,33.6167,17.979,36.3109,0.0464,0.0006,0.6836,0.0,5.0,8.0,0.0316,0.3312,0.6812,0.3583,0.9139,0.51,0.5465,115.0,132.0,143.0,56.0,47.3289,4
2018,33.6333,17.9977,36.3459,0.2798,0.0015,0.6832,0.0,5.0,8.0,0.0317,0.3297,0.6812,0.3583,0.9139,0.5101,0.5462,118.0,134.0,146.0,56.0,47.5557,3
2019,33.65,18.0091,36.379,0.0459,0.0006,0.6092,0.0,5.0,8.0,0.0318,0.3297,0.6812,0.3583,0.9139,0.5103,0.5454,120.0,137.0,150.0,56.0,47.6098,3
2020,33.6667,17.9703,36.3504,0.2335,0.0006,0.0844,0.0,5.0,8.0,0.0318,0.3312,0.6812,0.3583,0.9139,0.5109,0.5458,120.0,137.0,150.0,57.0,47.4011,2
2021,33.6833,17.9706,36.3508,0.0023,0.0,0.0063,0.0,5.0,8.0,0.0317,0.3312,0.6812,0.3583,0.9139,0.5108,0.5459,120.0,137.0,150.0,57.0,47.4412,2
2022,33.7,17.9502,36.348,0.1857,0.0004,0.06,0.0,5.0,8.0,0.0317,0.3312,0.6812,0.3583,0.9139,0.512,0.546,120.0,137.0,150.0,57.0,47.3211,2
2023,33.7167,17.9508,36.3485,0.0015,0.0,0.0014,0.0,5.0,8.0,0.0317,0.3312,0.6812,0.3583,0.9139,0.512,0.546,120.0,137.0,150.0,57.0,47.3191,2
2024,33.7333,17.9423,36.3336,0.1214,0.0002,0.0435,0.0,5.0,8.0,0.0317,0.3312,0.6812,0.3583,0.9139,0.5118,0.5464,120.0,137.0,150.0,57.0,47.1229,2
2025,33.75,17.9429,36.3345,0.0013,0.0,0.0032,0.0,5.0,8.0,0.0317,0.3312,0.6812,0.3583,0.9139,0.5118,0.5464,120.0,137.0,150.0,57.0,47.1246,2
2026,33.7667,17.9571,36.3637,0.1637,0.0003,0.0163,0.0,5.0,8.0,0.0317,0.3312,0.6812,0.3583,0.9139,0.5121,0.5462,120.0,137.0,150.0,57.0,47.3374,2
2027,33.7833,17.957,36.3639,0.0018,0.0,0.003,0.0,5.0,8.0,0.0317,0.3312,0.6812,0.3583,0.9139,0.5121,0.5462,120.0,137.0,150.0,57.0,47.3356,2
2028,33.8,17.9653,36.3627,0.1657,0.0005,0.009,0.0,5.0,8.0,0.0318,0.3312,0.6812,0.3583,0.9139,0.5124,0.5468,120.0,137.0,150.0,57.0,47.4361,2
2029,33.8167,17.9653,36.363,0.0014,0.0,0.0004,0.0,5.0,8.0,0.0318,0.3312,0.6812,0.3583,0.9139,0.5124,0.5468,120.0,137.0,150.0,57.0,47.4403,2
2030,33.8333,18.155,36.5781,0.3837,0.0009,0.0307,0.0,5.0,8.0,0.0321,0.3297,0.6828,0.3583,0.9167,0.5111,0.5473,119.0,136.0,148.0,57.0,48.2421,4
2031,33.85,18.1558,36.579,0.002,0.0,0.0,0.0,5.0,8.0,0.0321,0.3297,0.6828,0.3583,0.9167,0.5111,0.5473,119.0,136.0,148.0,57.0,48.2406,4
2032,33.8667,18.0088,36.4273,0.38,0.0008,0.0386,0.0,5.0,8.0,0.0318,0.3312,0.6812,0.3583,0.9139,0.5118,0.5466,120.0,137.0,150.0,57.0,47.5939,3
2033,33.8833,18.0089,36.4273,0.0027,0.0,0.0,0.0,5.0,8.0,0.0318,0.3312,0.6812,0.3583,0.9139,0.5118,0.5467,120.0,137.0,150.0,57.0,47.5753,3
2034,33.9,18.2624,37.3186,0.9808,0.0097,5.023,0.0,5.0,8.0,0.0378,0.3203,0.6797,0.3611,0.9139,0.4954,0.5254,86.0,104.0,153.0,86.0,45.791,2
2035,33.9167,18.2622,37.3174,0.0295,0.0003,0.3359,0.0,5.0,8.0,0.0378,0.3203,0.6797,0.3611,0.9139,0.4954,0.5253,86.0,104.0,153.0,85.0,45.7535,2
2036,33.9333,18.2963,37.3339,0.2531,0.001,0.8028,0.0,5.0,8.0,0.038,0.3203,0.6812,0.3611,0.9139,0.4959,0.5251,84.0,102.0,152.0,85.0,45.9064,4
2037,33.95,18.307,37.3648,0.0862,0.0011,1.1964,0.0,5.0,8.0,0.0379,0.3203,0.6812,0.3611,0.9139,0.4965,0.525,84.0,102.0,152.0,85.0,46.1358,4
2038,33.9667,18.3174,37.37,0.2947,0.0016,1.4202,0.0,5.0,8.0,0.0377,0.3203,0.6812,0.3611,0.9139,0.4975,0.5248,84.0,102.0,151.0,85.0,46.0186,4
2039,33.9833,18.3183,37.3727,0.125,0.0016,1.6474,0.0,5.0,8.0,0.0375,0.3203,0.6812,0.3611,0.9139,0.498,0.5254,86.0,103.0,151.0,85.0,45.397,4
2040,34.0,18.3788,37.3405,0.6137,0.0034,2.7375,0.0,5.0,8.0,0.0374,0.3203,0.6812,0.3611,0.9139,0.4989,0.5256,80.0,96.5,146.0,86.0,45.225,3
2041,34.0167,18.3804,37.3502,0.1518,0.0021,1.4349,0.0,5.0,8.0,0.0374,0.3203,0.6812,0.3611,0.9139,0.499,0.5263,81.0,98.0,146.0,86.0,44.7566,4
2042,34.0333,18.4694,37.4977,0.6208,0.0033,1.9934,0.0,5.0,8.0,0.0379,0.3203,0.6844,0.3611,0.9139,0.5002,0.5265,81.5,99.0,145.0,86.0,45.4435,12
2043,34.05,18.4703,37.5019,0.2241,0.0032,2.452,0.0,5.0,8.0,0.0382,0.3203,0.6844,0.3611,0.9139,0.5001,0.5271,81.0,98.0,143.0,85.0,46.7617,12
2044,34.0667,18.3596,37.3673,0.5133,0.0036,3.1287,0.0,5.0,8.0,0.0377,0.3203,0.6828,0.3639,0.9139,0.5001,0.5277,83.0,102.0,141.0,86.0,46.1971,5
2045,34.0833,18.3533,37.3492,0.2716,0.0038,2.7376,0.0,5.0,8.0,0.0374,0.3203,0.6828,0.3639,0.9139,0.5012,0.5286,82.0,101.0,139.0,87.0,44.6159,5
2046,34.1,18.3974,37.3612,0.6867,0.0049,2.9167,0.0,5.0,8.0,0.0378,0.3188,0.6828,0.3639,0.9139,0.4999,0.5293,84.0,102.0,138.0,83.0,45.5446,6
2047,34.1167,18.3924,37.3444,0.3281,0.0043,3.5032,0.0,5.0,8.0,0.0378,0.3188,0.6828,0.3639,0.9139,0.4991,0.5302,81.0,98.0,134.0,83.0,46.5548,6
2048,34.1333,18.3791,37.3329,0.7167,0.0056,3.3909,0.0,5.0,8.0,0.0375,0.3172,0.6812,0.3639,0.9139,0.4995,0.5312,83.0,101.0,133.0,83.0,45.0122,7
2049,34.15,18.3702,37.3072,0.3915,0.0055,3.4552,0.0,5.0,8.0,0.0377,0.3172,0.6814,0.3667,0.9139,0.5,0.5332,87.0,103.0,131.0,80.0,45.6349,7
2050,34.1667,18.3118,37.2104,0.7807,0.006,4.4688,0.0,5.0,8.0,0.0373,0.3188,0.6828,0.3694,0.9139,0.5011,0.5356,86.0,103.0,130.0,83.0,45.3605,3
2051,34.1833,18.3074,37.1975,0.4508,0.0063,3.8887,0.0,5.0,8.0,0.0371,0.3188,0.6828,0.3694,0.9139,0.5021,0.5373,87.0,104.0,129.0,81.0,44.8091,3
2052,34.2,18.4188,37.2556,0.9128,0.0068,4.9618,0.0,5.0,8.0,0.0373,0.3186,0.6828,0.3694,0.9139,0.5021,0.5391,84.0,102.0,126.0,83.0,46.0099,6
2053,34.2167,18.4099,37.2275,0.5165,0.0069,4.3925,0.0,5.0,8.0,0.0371,0.3179,0.6828,0.3722,0.9139,0.5019,0.5413,84.0,102.0,124.0,79.0,45.465,6
2054,34.2333,18.2441,37.0826,0.759,0.0071,5.4392,0.0,5.0,8.0,0.0368,0.3188,0.6844,0.375,0.9139,0.5046,0.5432,83.0,101.0,123.0,82.5,44.6093,4
2055,34.25,18.2353,37.0572,0.5879,0.0076,5.2359,0.0,5.0,8.0,0.0367,0.3188,0.6844,0.3778,0.9139,0.5045,0.5458,81.0,98.0,122.0,83.0,44.7632,4
2056,34.2667,18.1975,37.011,0.8462,0.0084,5.2512,0.0,5.0,8.0,0.0363,0.3188,0.6828,0.3778,0.9139,0.5048,0.5468,81.0,98.0,123.0,81.0,44.3757,4
2057,34.2833,18.184,36.9698,0.6685,0.0085,6.0038,0.0,5.0,8.0,0.0362,0.3188,0.6844,0.3806,0.9139,0.5044,0.5498,81.0,98.0,122.0,80.0,44.5748,4
2058,34.3,18.162,36.9406,0.8739,0.0092,6.3909,0.0,5.0,8.0,0.0361,0.3188,0.6844,0.3833,0.9139,0.5045,0.5522,81.0,100.0,122.0,78.0,44.3017,3
2059,34.3167,18.151,36.9076,0.7405,0.009,7.4351,0.0,5.0,8.0,0.0359,0.3188,0.6844,0.3861,0.9139,0.5046,0.5551,81.0,100.0,122.0,78.0,44.2641,3
2060,34.3333,18.1065,36.8446,0.9445,0.01,8.1437,0.0,5.0,8.0,0.0356,0.3188,0.6828,0.3889,0.9139,0.5054,0.5585,81.0,98.0,119.0,77.0,43.7909,3
2061,34.35,18.0939,36.807,0.8357,0.0102,8.8353,0.0,5.0,8.0,0.0356,0.3188,0.6844,0.3917,0.9139,0.5058,0.5617,80.0,97.0,120.0,77.0,43.7978,3
2062,34.3667,18.084,36.7974,0.9835,0.0107,9.6239,0.0,5.0,8.0,0.0354,0.3188,0.6828,0.3944,0.9139,0.5053,0.5646,80.0,97.0,122.0,77.0,43.818,3
2063,34.3833,18.0719,36.7626,0.9365,0.011,10.3526,0.0,5.0,8.0,0.0353,0.3188,0.6828,0.3972,0.9139,0.5054,0.5677,80.0,97.0,123.0,76.0,44.1385,2
2064,34.4,18.0558,36.7148,1.0297,0.0114,11.5818,0.0,5.0,8.0,0.0351,0.3188,0.6844,0.4,0.9139,0.5056,0.5708,80.0,97.0,124.0,76.0,44.4384,3
2065,34.4167,18.0464,36.6877,1.0439,0.0116,12.4692,0.0,5.0,8.0,0.0351,0.3188,0.6828,0.4028,0.9139,0.5058,0.5745,79.0,96.0,125.0,76.0,44.2454,2
2066,34.4333,18.0947,36.6989,1.2626,0.0128,12.6482,0.0,5.0,8.0,0.0348,0.3188,0.6844,0.4056,0.9139,0.5061,0.5772,79.0,96.0,126.0,75.0,43.9506,2
2067,34.45,18.0825,36.6619,1.1698,0.0134,13.5151,0.0,5.0,8.0,0.0351,0.3188,0.6844,0.4111,0.9139,0.5051,0.5818,79.0,96.0,125.0,72.0,43.9374,2
2068,34.4667,18.0798,36.6453,1.4216,0.0141,15.4123,0.0,5.0,8.0,0.0347,0.3172,0.6844,0.4139,0.9139,0.5043,0.5864,79.0,96.0,125.0,74.0,43.9702,4
2069,34.4833,18.0678,36.6088,1.3067,0.0143,16.2242,0.0,5.0,8.0,0.0347,0.3172,0.6828,0.4194,0.9139,0.5042,0.5915,81.0,98.0,127.0,72.0,44.2298,4
2070,34.5,18.0398,36.5496,1.5672,0.0155,18.294,0.0,5.0,8.0,0.0345,0.3172,0.6828,0.425,0.9139,0.504,0.5955,81.0,98.0,127.0,73.0,44.0283,4
2071,34.5167,18.0236,36.4999,1.4576,0.0156,19.228,0.0,5.0,8.0,0.0343,0.3172,0.6812,0.4278,0.9139,0.503,0.6014,82.0,101.0,129.0,73.0,44.0689,4
2072,34.5333,18.0731,36.5456,1.782,0.0166,21.4947,0.0,5.0,8.0,0.0342,0.3172,0.6812,0.4333,0.9139,0.503,0.6062,82.0,101.0,130.0,74.0,44.2865,7
2073,34.55,18.0535,36.4882,1.634,0.0172,23.2652,0.0,5.0,8.0,0.0341,0.3172,0.6812,0.4389,0.9139,0.5024,0.6122,82.0,101.0,130.0,75.0,44.2658,7
2074,34.5667,17.9735,36.3856,1.8747,0.0181,25.4762,0.0,5.0,8.0,0.0338,0.3172,0.6812,0.4472,0.9139,0.5017,0.6195,84.0,103.0,131.0,76.0,44.0749,2
2075,34.5833,17.9572,36.1719,1.8289,0.0186,27.853,0.0,5.0,8.0,0.0337,0.3172,0.6812,0.4528,0.9139,0.5015,0.6256,84.0,102.5,131.0,76.0,43.7058,2
2076,34.6,17.9652,35.6785,2.1378,0.0199,30.2944,0.0,5.0,8.0,0.0336,0.3172,0.6812,0.4611,0.9139,0.5016,0.6328,82.0,101.0,130.0,77.0,43.658,2
2077,34.6167,17.9423,34.7574,2.0684,0.0206,32.9084,0.0,5.0,8.0,0.0335,0.3172,0.6812,0.4667,0.9139,0.5007,0.6404,83.0,102.0,131.0,77.0,43.402,2
2078,34.6333,17.9299,33.4586,2.3808,0.0219,36.2104,0.0,5.0,8.0,0.0337,0.3172,0.6812,0.475,0.9139,0.5005,0.6475,82.0,101.0,131.0,77.0,43.6096,2
2079,34.65,17.9055,31.8209,2.3426,0.0228,39.2241,0.0,5.0,8.0,0.0336,0.3172,0.6797,0.4833,0.9139,0.4994,0.6564,84.0,103.0,132.0,76.0,43.5922,2
2080,34.6667,17.8372,29.9796,2.6764,0.0241,43.3603,0.0,5.0,8.0,0.0335,0.3172,0.6797,0.4944,0.9139,0.4979,0.6655,84.0,103.0,132.0,77.0,42.9715,2
2081,34.6833,17.8155,28.0922,2.6555,0.0248,48.013,0.0,5.0,8.0,0.0334,0.3172,0.6797,0.5028,0.9139,0.4971,0.6752,84.0,103.0,132.0,78.0,43.0712,2
2082,34.7,17.7855,26.22,2.9851,0.0259,52.9125,0.0,5.0,8.0,0.0332,0.3156,0.6797,0.5139,0.9139,0.4972,0.6845,83.0,102.0,131.0,78.0,43.1667,3
2083,34.7167,17.7607,24.1308,3.0451,0.027,56.9654,0.0,5.0,8.0,0.0331,0.3156,0.6797,0.525,0.9139,0.4965,0.696,84.0,103.0,131.0,79.0,42.9116,2
2084,34.7333,17.7521,22.0439,3.3526,0.0283,61.5749,0.0,5.0,8.0,0.033,0.3156,0.6797,0.5361,0.9139,0.495,0.7083,82.5,103.0,131.0,81.0,42.9454,2
2085,34.75,17.7218,19.6847,3.5097,0.0295,65.9165,0.0,5.0,8.0,0.033,0.3156,0.6781,0.55,0.9139,0.4948,0.7222,81.0,102.0,130.0,83.0,43.1231,2
2086,34.7667,17.7061,17.2086,3.9415,0.0313,68.9448,0.0,5.0,8.0,0.0329,0.3156,0.6781,0.5639,0.9139,0.4947,0.7366,80.0,102.0,130.0,85.0,42.5371,2
2087,34.7833,17.6723,14.7245,4.1254,0.0331,72.0252,0.0,5.0,8.0,0.0332,0.3147,0.6781,0.5806,0.9139,0.494,0.7536,80.0,102.0,130.0,86.0,42.3239,1
2088,34.8,17.6195,13.0964,4.6544,0.0359,74.0681,0.0,5.0,8.0,0.0327,0.3141,0.6781,0.6,0.9167,0.4932,0.7729,79.0,100.0,130.0,91.0,41.8425,1
2089,34.8167,17.5243,12.3949,4.9673,0.0387,72.619,0.0,5.0,8.0,0.0319,0.3141,0.6766,0.6222,0.9417,0.4925,0.7927,77.0,100.0,131.0,92.0,40.7472,1
2090,34.8333,17.4831,11.9576,5.776,0.0425,64.6504,0.0,5.0,8.0,0.0316,0.3141,0.6781,0.6444,0.9694,0.4923,0.8178,77.0,98.0,132.0,95.0,39.9931,2
2091,34.85,17.3189,11.3114,6.3675,0.0439,67.0197,0.0,5.0,8.0,0.0306,0.3131,0.6766,0.675,0.9944,0.4883,0.8453,73.0,97.0,132.0,100.0,40.8425,2
2092,34.8667,16.0704,10.4834,6.6996,0.0411,78.9693,0.0,5.0,8.0,0.0263,0.3125,0.6766,0.7139,0.9944,0.4818,0.8686,70.0,95.0,134.0,105.0,42.489,2
2093,34.8833,12.7358,9.8665,5.8018,0.0348,92.7716,0.0,5.0,8.0,0.02,0.3094,0.6781,0.7694,0.9972,0.4758,0.8993,69.0,95.0,133.0,111.0,44.3219,2
2094,34.9,9.13,9.8641,3.8647,0.0195,11.2323,0.0,5.0,8.0,0.0008,0.0647,0.9578,0.0901,0.9948,0.5008,0.8473,86.0,105.0,113.0,60.0,158.7489,2
2095,34.9167,9.1297,9.8653,0.0037,0.0,0.0053,0.0,5.0,8.0,0.0008,0.0647,0.9578,0.0901,0.9948,0.5008,0.8473,86.0,105.0,113.0,60.0,158.7473,2
2096,34.9333,9.1571,9.9035,0.367,0.0004,2.3642,0.0,5.0,8.0,0.0009,0.0371,0.8636,0.1705,0.9478,0.4939,0.8339,84.0,103.5,110.0,59.0,155.7347,2
2097,34.95,9.154,9.9005,0.0069,0.0,0.1246,0.0,5.0,8.0,0.0009,0.0372,0.8627,0.1711,0.9476,0.4931,0.8343,84.0,103.0,110.0,60.0,155.3254,2
2098,34.9667,9.1491,9.9018,0.2224,0.0004,0.3677,0.0,5.0,8.0,0.0009,0.1174,0.8924,0.0711,0.9621,0.5034,0.8084,84.0,104.0,110.0,58.0,156.5047,5
2099,34.9833,9.1493,9.902,0.0027,0.0,0.0051,0.0,5.0,8.0,0.0009,0.1174,0.8924,0.0711,0.9621,0.5034,0.8084,84.0,104.0,110.0,58.0,156.4933,5
2100,35.0,9.1817,9.9306,0.3796,0.0005,1.6429,0.0,5.0,8.0,0.0009,0.0389,0.942,0.1744,0.9926,0.4632,0.7953,81.0,101.0,109.0,57.0,156.8533,5
2101,35.0167,9.1818,9.9317,0.004,0.0,0.1821,0.0,5.0,8.0,0.0009,0.0389,0.942,0.1744,0.9926,0.4632,0.7953,81.0,101.0,109.0,58.0,156.4374,5
2102,35.0333,9.1216,9.8563,0.2617,0.0005,0.2366,0.0,5.0,8.0,0.0009,0.0265,0.9876,0.0914,0.9668,0.4791,0.8124,83.5,103.0,111.0,57.5,155.3634,1
2103,35.05,9.1213,9.8563,0.0018,0.0,0.0,0.0,5.0,8.0,0.0009,0.0265,0.9876,0.0914,0.9668,0.4791,0.8124,83.5,103.0,111.0,57.5,155.3584,1
2104,35.0667,18.407,20.2348,9.8611,0.0002,14.1583,0.0,15.0,19.0,0.0007,0.0498,0.9177,0.2441,0.9194,0.4983,0.8809,87.0,126.0,139.0,95.0,152.2644,1
2105,35.0833,18.4079,20.2343,0.0137,0.0,0.3066,0.0,15.0,19.0,0.0007,0.0498,0.9177,0.2441,0.9194,0.4982,0.8809,86.0,126.0,139.0,96.0,152.34,1
2106,35.1,18.4227,20.2411,0.1842,0.0002,0.9463,0.0,15.0,19.0,0.0007,0.1276,0.7751,0.0844,0.9194,0.4975,0.8555,85.0,126.0,138.0,95.0,150.9389,1
2107,35.1167,18.4226,20.2414,0.0059,0.0,0.2569,0.0,15.0,19.0,0.0007,0.1276,0.7751,0.0844,0.9194,0.4975,0.8555,86.5,126.0,138.0,94.0,150.7563,1
2108,35.1333,18.427,20.2404,0.1587,0.0002,0.1501,0.0,15.0,19.0,0.0007,0.0683,0.8701,0.1475,0.9194,0.4941,0.8656,87.0,126.0,138.0,94.0,151.4265,1
2109,35.15,18.4364,20.2683,0.0118,0.0001,0.0198,0.0,15.0,19.0,0.0009,0.0715,0.8518,0.175,0.9194,0.4958,0.7913,87.5,122.0,133.5,97.0,136.3119,2
2110,35.1667,9.5361,10.6897,9.4846,0.0005,15.1188,0.0,8.0,9.0,0.0011,0.3012,0.9562,0.0596,0.9631,0.5255,0.7113,95.0,93.0,101.0,70.0,120.4664,4
2111,35.1833,9.5622,10.7723,0.0465,0.0005,5.2533,0.0,8.0,9.0,0.0016,0.3743,0.9553,0.1133,0.9363,0.5187,0.6118,95.0,79.5,83.5,86.5,94.9198,4
2112,35.2,9.8597,11.0578,0.5389,0.0014,14.3469,0.0,8.0,9.0,0.0024,0.0507,0.9439,0.0507,0.9225,0.5027,0.5706,77.0,73.0,76.0,92.0,92.6647,7
2113,35.2167,9.8971,11.1663,0.0654,0.0009,10.9762,0.0,8.0,9.0,0.0027,0.0518,0.9412,0.0588,0.9194,0.5021,0.5405,82.0,68.0,73.0,113.0,81.5496,7
2114,35.2333,9.8808,11.243,0.3539,0.0015,14.5028,0.0,8.0,9.0,0.003,0.1094,0.8756,0.0352,0.9194,0.5018,0.4975,90.0,66.0,67.0,174.0,71.16,5
2115,35.25,9.922,11.3645,0.0789,0.0013,12.4466,0.0,8.0,9.0,0.0033,0.1124,0.8742,0.0416,0.9194,0.5017,0.4799,94.0,63.0,65.0,179.0,64.7373,5
2116,35.2667,9.8914,11.4454,0.6019,0.0023,13.7469,0.0,8.0,9.0,0.0036,0.0723,0.8816,0.0802,0.9194,0.4947,0.448,98.0,56.0,59.0,185.0,58.1287,5
2117,35.2833,9.9504,11.6205,0.1053,0.0017,11.8721,0.0,8.0,9.0,0.0039,0.0734,0.8783,0.1019,0.9194,0.4954,0.4428,108.5,58.0,58.0,186.0,55.935,6
2118,35.3,10.0,11.8026,0.5187,0.0025,12.6975,0.0,8.0,9.0,0.0045,0.1115,0.834,0.0899,0.9194,0.4937,0.4253,138.0,55.0,56.0,186.0,52.3068,3
2119,35.3167,10.0664,11.9986,0.1325,0.0021,11.5022,0.0,8.0,9.0,0.005,0.1233,0.7961,0.0999,0.9194,0.4938,0.4247,115.5,49.0,49.0,188.0,48.1754,3
2120,35.3333,10.0489,12.1568,0.5157,0.003,10.7362,0.0,8.0,9.0,0.0053,0.3625,0.7738,0.2017,0.9194,0.5005,0.4255,138.0,45.0,46.0,192.0,42.4366,4
2121,35.35,10.1206,12.3704,0.1514,0.0024,12.2425,0.0,8.0,9.0,0.006,0.3723,0.7578,0.2048,0.9194,0.4994,0.4187,145.0,45.0,44.0,194.0,40.3834,3
2122,35.3667,10.1297,12.5287,0.384,0.0026,14.7717,0.0,8.0,9.0,0.0068,0.3894,0.5594,0.2361,0.9194,0.4966,0.4126,150.0,38.0,40.0,197.0,39.858,3
2123,35.3833,10.1974,12.6948,0.1522,0.0022,13.5671,0.0,8.0,9.0,0.0071,0.4375,0.5594,0.2333,0.9194,0.4965,0.4142,153.0,41.0,44.0,193.0,36.1509,3
2124,35.4,10.2588,12.8747,0.2685,0.0026,11.8869,0.0,8.0,9.0,0.0074,0.4391,0.5664,0.2306,0.9194,0.498,0.4172,162.0,45.0,45.0,192.0,34.999,5
2125,35.4167,10.3508,13.1261,0.1779,0.0024,10.2193,0.0,8.0,9.0,0.0081,0.44,0.56,0.2278,0.9194,0.498,0.4191,160.5,46.0,48.0,188.0,34.651,5
2126,35.4333,10.4444,13.4066,0.3583,0.0027,9.7746,0.0,8.0,9.0,0.0089,0.4391,0.5594,0.2278,0.9194,0.4976,0.4263,165.5,47.0,47.0,187.0,33.7484,4
2127,35.45,10.5475,13.7015,0.1986,0.0025,9.7786,0.0,8.0,9.0,0.0097,0.4406,0.5562,0.225,0.9194,0.4973,0.43,168.0,47.0,47.0,185.0,33.5636,4
2128,35.4667,10.6567,14.0225,0.3366,0.0027,9.9891,0.0,8.0,9.0,0.0102,0.4447,0.5553,0.225,0.9194,0.4978,0.4313,172.5,47.0,47.0,187.0,32.4892,6
2129,35.4833,10.7688,14.3522,0.1991,0.0026,9.0794,0.0,8.0,9.0,0.0111,0.4453,0.5538,0.225,0.9194,0.4978,0.4355,169.0,47.0,47.0,186.0,32.102,3
2130,35.5,10.9025,14.719,0.3834,0.0026,9.2224,0.0,8.0,9.0,0.0117,0.4422,0.5562,0.2278,0.9194,0.4982,0.4398,162.0,47.0,47.0,181.0,32.1177,3
2131,35.5167,11.0049,15.0239,0.1914,0.0024,7.9489,0.0,8.0,9.0,0.0121,0.4422,0.5548,0.2278,0.9194,0.4981,0.4415,162.0,47.0,48.0,165.0,31.8958,3
2132,35.5333,11.1139,15.268,0.4185,0.0028,7.2379,0.0,8.0,9.0,0.0126,0.4547,0.5594,0.2278,0.9194,0.4995,0.4449,162.0,49.0,49.0,165.5,32.0626,4
2133,35.55,11.2431,15.5283,0.2215,0.0026,6.5782,0.0,8.0,9.0,0.0132,0.4554,0.5562,0.2278,0.9194,0.4995,0.4539,161.0,52.0,53.0,163.0,32.3822,4
2134,35.5667,11.4374,15.851,0.4148,0.0031,7.138,0.0,8.0,9.0,0.0142,0.4418,0.8301,0.225,0.9194,0.5004,0.4661,152.0,53.0,54.0,163.0,34.6103,6
2135,35.5833,11.5715,16.2135,0.2327,0.003,8.4023,0.0,8.0,9.0,0.015,0.4422,0.8246,0.2278,0.9194,0.5003,0.4745,154.0,53.0,54.0,163.0,34.0909,5
2136,35.6,11.6799,16.5282,0.5506,0.0033,8.7584,0.0,8.0,9.0,0.0156,0.3019,0.5631,0.2278,0.9168,0.496,0.4792,157.0,53.0,54.0,162.0,33.1591,5
2137,35.6167,11.811,16.9342,0.2278,0.0026,7.8078,0.0,8.0,9.0,0.016,0.3826,0.5594,0.2278,0.9167,0.496,0.4858,159.0,54.0,55.0,159.0,32.6715,5
2138,35.6333,11.9332,17.3408,0.4769,0.0031,8.0849,0.0,8.0,9.0,0.0163,0.4431,0.5484,0.2333,0.9167,0.4957,0.4916,167.0,56.0,58.0,158.0,31.2089,6
2139,35.65,12.0498,17.7232,0.2184,0.0025,7.3776,0.0,8.0,9.0,0.0167,0.4444,0.5484,0.2333,0.9167,0.4956,0.4941,168.0,58.0,58.0,156.0,31.0715,6
2140,35.6667,12.0998,18.0422,0.4459,0.0027,6.8821,0.0,8.0,9.0,0.0169,0.4484,0.5407,0.2333,0.9167,0.4959,0.4972,168.0,59.0,59.0,154.0,30.8169,3
2141,35.6833,12.1941,18.359,0.1887,0.0023,6.3093,0.0,8.0,9.0,0.017,0.4488,0.5406,0.2361,0.9167,0.4957,0.5005,169.0,59.0,61.0,150.0,31.1662,3
2142,35.7,12.2566,18.6027,0.3673,0.0025,5.5293,0.0,8.0,9.0,0.0171,0.4526,0.5453,0.2361,0.9167,0.4964,0.5017,167.0,60.0,61.0,150.0,31.0066,4
2143,35.7167,12.3241,18.8338,0.1518,0.0019,4.6075,0.0,8.0,9.0,0.0173,0.4546,0.5453,0.2361,0.9167,0.4964,0.5028,166.0,60.0,61.0,149.0,31.6376,4
2144,35.7333,12.3744,19.0157,0.2416,0.0019,3.9631,0.0,8.0,9.0,0.0174,0.4485,0.5406,0.2361,0.9167,0.4956,0.5042,164.5,60.0,61.0,150.0,31.9281,3
2145,35.75,12.4168,19.1631,0.1141,0.0015,3.0911,0.0,8.0,9.0,0.0174,0.4485,0.5406,0.2389,0.9167,0.4957,0.5064,166.0,60.0,62.0,150.0,31.577,3
2146,35.7667,12.4544,19.2723,0.2869,0.002,2.829,0.0,8.0,9.0,0.0176,0.4471,0.5391,0.2389,0.9167,0.4953,0.5078,162.0,59.0,61.0,151.0,31.6497,4
2147,35.7833,12.4743,19.3449,0.1015,0.0014,2.5617,0.0,8.0,9.0,0.0177,0.4479,0.5391,0.2389,0.9167,0.4952,0.5093,159.0,59.0,60.0,153.0,31.7991,3
2148,35.8,12.4893,19.3976,0.262,0.0017,1.9519,0.0,8.0,9.0,0.0178,0.4516,0.5438,0.2389,0.9167,0.4964,0.5095,158.0,59.0,60.0,151.0,31.4892,3
2149,35.8167,12.4934,19.417,0.0791,0.0012,1.7479,0.0,8.0,9.0,0.0178,0.4516,0.5439,0.2389,0.9167,0.4965,0.51,157.0,58.0,60.0,149.0,31.4405,3
2150,35.8333,12.566,19.5014,0.354,0.0016,1.5906,0.0,8.0,9.0,0.0179,0.4375,0.5547,0.2389,0.9194,0.496,0.5104,155.0,60.0,61.0,148.0,32.0081,4
2151,35.85,12.5575,19.4799,0.0575,0.0009,1.3545,0.0,8.0,9.0,0.0179,0.4375,0.5547,0.2417,0.9194,0.4961,0.5102,152.0,59.0,60.0,150.0,31.89,4
2152,35.8667,12.5543,19.4816,0.3943,0.0014,1.1973,0.0,8.0,9.0,0.0179,0.4422,0.5594,0.2417,0.9167,0.4972,0.5091,151.0,58.0,59.0,151.0,31.9545,3
2153,35.8833,12.5384,19.4336,0.0462,0.0007,1.0084,0.0,8.0,9.0,0.0178,0.4422,0.5594,0.2417,0.9194,0.4975,0.5098,152.0,58.0,59.0,149.0,32.0581,4
2154,35.9,12.4963,19.343,0.2141,0.0011,1.2993,0.0,8.0,9.0,0.0177,0.4406,0.55,0.2417,0.9171,0.4963,0.5103,154.0,58.0,60.0,149.0,31.7541,4
2155,35.9167,12.477,19.2844,0.0536,0.0009,1.2569,0.0,8.0,9.0,0.0178,0.4406,0.55,0.2417,0.9167,0.4963,0.5106,153.0,58.0,60.0,149.0,31.8549,4
2156,35.9333,12.3875,19.1378,0.3447,0.0013,1.4722,0.0,8.0,9.0,0.0177,0.4453,0.5484,0.2417,0.9167,0.497,0.511,152.0,56.0,59.0,151.0,31.9676,3
2157,35.95,12.3672,19.0745,0.0533,0.0009,1.2377,0.0,8.0,9.0,0.0177,0.4453,0.5484,0.2417,0.9167,0.497,0.51,152.0,56.0,58.0,150.0,31.8692,3
2158,35.9667,12.3465,19.0148,0.2598,0.0014,1.4681,0.0,8.0,9.0,0.0177,0.4557,0.5531,0.2417,0.9167,0.4983,0.5089,153.0,58.0,59.0,150.0,31.8451,2
2159,35.9833,12.3287,18.958,0.0514,0.0009,1.1829,0.0,8.0,9.0,0.0175,0.4551,0.5531,0.2417,0.9167,0.4985,0.5095,157.0,59.0,60.0,151.0,32.0987,2
2160,36.0,12.3318,18.8637,0.3891,0.0016,2.1728,0.0,8.0,9.0,0.0174,0.4486,0.5545,0.2417,0.9167,0.4984,0.5088,158.0,59.0,61.0,154.0,32.3532,3
2161,36.0167,12.3175,18.8195,0.0445,0.0007,1.0041,0.0,8.0,9.0,0.0174,0.4487,0.5545,0.2417,0.9167,0.4986,0.5081,159.0,58.0,59.0,155.0,32.3304,3
2162,36.0333,12.2872,18.764,0.3198,0.0012,1.3409,0.0,8.0,9.0,0.0174,0.4484,0.5531,0.2417,0.9167,0.498,0.5095,160.0,58.0,59.0,156.0,31.7688,3
2163,36.05,12.2757,18.7273,0.0458,0.0006,1.1001,0.0,8.0,9.0,0.0174,0.4484,0.5531,0.2417,0.9167,0.4981,0.51,159.0,58.0,60.0,155.0,31.3422,3
2164,36.0667,12.2846,18.6912,0.2263,0.0011,1.1153,0.0,8.0,9.0,0.0174,0.45,0.556,0.2417,0.9167,0.4985,0.5092,155.0,59.0,60.0,154.0,31.5486,2
2165,36.0833,12.2774,18.6665,0.0385,0.0007,1.0032,0.0,8.0,9.0,0.0174,0.45,0.5561,0.2417,0.9167,0.4985,0.5091,159.0,59.0,60.0,155.0,31.7646,2
2166,36.1,12.329,18.7361,0.4029,0.0013,1.1928,0.0,8.0,9.0,0.0174,0.4453,0.6079,0.2417,0.9167,0.4993,0.5081,157.0,60.0,61.0,153.0,32.6663,3
2167,36.1167,12.3253,18.722,0.0308,0.0005,0.8501,0.0,8.0,9.0,0.0174,0.4453,0.6076,0.2417,0.9167,0.4993,0.5088,158.0,60.0,62.0,153.0,32.7703,3
2168,36.1333,12.326,18.7042,0.3854,0.0012,1.0913,0.0,8.0,9.0,0.0175,0.4438,0.6975,0.2417,0.9189,0.4997,0.509,158.0,60.0,61.0,153.0,32.7484,2
2169,36.15,12.327,18.7055,0.0282,0.0004,0.7039,0.0,8.0,9.0,0.0174,0.4438,0.6981,0.2417,0.9192,0.4998,0.5085,159.0,61.0,61.0,153.0,32.7552,3
2170,36.1667,12.2421,18.5838,0.3497,0.0011,0.8395,0.0,8.0,9.0,0.0172,0.4609,0.5575,0.2444,0.9167,0.4997,0.5092,165.0,60.0,61.0,155.0,31.8268,3
2171,36.1833,12.2468,18.5951,0.0261,0.0004,0.6214,0.0,8.0,9.0,0.0172,0.4609,0.5577,0.2444,0.9167,0.4997,0.5092,164.0,60.0,61.0,155.0,31.6128,3
2172,36.2,12.2167,18.5646,0.2626,0.0009,0.7485,0.0,8.0,9.0,0.0171,0.4562,0.5391,0.2444,0.9167,0.498,0.5098,166.0,59.0,60.0,155.0,31.2475,3
2173,36.2167,12.2223,18.5789,0.0231,0.0004,0.5444,0.0,8.0,9.0,0.0171,0.4562,0.5391,0.2444,0.9167,0.4981,0.5107,165.0,60.0,61.0,154.0,31.2067,3
2174,36.2333,12.1832,18.5445,0.1336,0.0005,0.6406,0.0,8.0,9.0,0.0171,0.4615,0.5344,0.2472,0.9167,0.4978,0.511,163.0,60.0,60.0,157.0,30.6898,3
2175,36.25,12.1948,18.5768,0.0231,0.0004,0.5606,0.0,8.0,9.0,0.0171,0.4615,0.5344,0.2472,0.9167,0.4978,0.5108,159.0,59.0,60.0,157.0,30.6656,2
2176,36.2667,12.2724,18.6339,0.2074,0.0007,0.6418,0.0,8.0,9.0,0.0173,0.4562,0.5612,0.2417,0.9167,0.5,0.5077,153.0,59.0,60.0,156.0,31.8243,6
2177,36.2833,12.2841,18.6647,0.025,0.0004,0.5482,0.0,8.0,9.0,0.0175,0.4566,0.5606,0.2417,0.9167,0.4999,0.508,154.0,60.0,61.0,156.0,31.8752,6
2178,36.3,12.2945,18.6824,0.239,0.0009,0.6728,0.0,8.0,9.0,0.0175,0.4562,0.5562,0.2417,0.9167,0.4997,0.5089,154.0,60.0,61.0,155.0,32.0229,5
2179,36.3167,12.3089,18.72,0.0287,0.0004,0.7171,0.0,8.0,9.0,0.0176,0.4562,0.5562,0.2417,0.9167,0.4997,0.5093,152.0,60.0,61.0,155.0,32.2554,5
2180,36.3333,12.3074,18.7592,0.2604,0.0009,0.8858,0.0,8.0,9.0,0.0176,0.4578,0.5484,0.2444,0.9167,0.4985,0.5097,154.0,59.0,60.0,156.0,31.3762,3
2181,36.35,12.3235,18.8019,0.0334,0.0005,0.8864,0.0,8.0,9.0,0.0177,0.4578,0.5484,0.2444,0.9167,0.4986,0.5092,154.0,58.0,59.0,157.0,31.202,3
2182,36.3667,12.3653,18.8629,0.2798,0.0009,0.9731,0.0,8.0,9.0,0.0176,0.451,0.5484,0.2444,0.9167,0.4979,0.5107,152.5,59.0,60.0,157.0,31.4889,4
2183,36.3833,12.3832,18.9076,0.0371,0.0006,0.8859,0.0,8.0,9.0,0.0177,0.4511,0.5484,0.2444,0.9167,0.4979,0.5115,153.0,59.0,60.0,158.0,31.5104,4
2184,36.4,12.3708,18.9575,0.181,0.0009,1.0216,0.0,8.0,9.0,0.0178,0.45,0.5375,0.2444,0.9167,0.4971,0.5119,158.0,59.0,60.0,157.0,31.0879,3
2185,36.4167,12.3899,19.0025,0.0497,0.0008,1.2905,0.0,8.0,9.0,0.0178,0.45,0.5375,0.2417,0.9167,0.4969,0.5111,159.5,58.0,60.0,156.0,31.1076,3
2186,36.4333,12.4275,19.0492,0.298,0.0012,1.4339,0.0,8.0,9.0,0.0179,0.4391,0.5388,0.2417,0.9167,0.4958,0.5122,155.0,59.0,61.0,154.0,31.9751,2
2187,36.45,12.4517,19.1029,0.062,0.0009,1.3867,0.0,8.0,9.0,0.018,0.4391,0.5385,0.2417,0.9167,0.4958,0.5115,157.0,59.0,61.0,156.0,32.0588,2
2188,36.4667,12.475,19.1428,0.3022,0.0015,1.8498,0.0,8.0,9.0,0.0181,0.4432,0.5406,0.2417,0.9167,0.4963,0.5122,157.0,59.0,60.0,156.0,31.8945,2
2189,36.4833,12.5026,19.1956,0.0801,0.0013,1.7881,0.0,8.0,9.0,0.018,0.4429,0.5406,0.2389,0.9167,0.4965,0.5111,160.0,59.0,61.0,156.0,31.3568,2
2190,36.5,12.5124,19.2368,0.3286,0.002,1.9174,0.0,8.0,9.0,0.0179,0.4375,0.5375,0.2368,0.9167,0.496,0.5112,155.0,60.0,61.0,156.0,30.6946,3
2191,36.5167,12.5505,19.2924,0.1089,0.0016,1.9529,0.0,8.0,9.0,0.0181,0.4375,0.5375,0.2361,0.9167,0.4961,0.5104,157.5,59.5,61.0,156.0,31.0072,3
2192,36.5333,12.5818,19.3326,0.3341,0.0026,2.6066,0.0,8.0,9.0,0.0182,0.4453,0.5348,0.2361,0.9167,0.496,0.5115,156.0,55.0,59.0,156.0,31.2661,3
2193,36.55,12.6399,19.4027,0.1642,0.0025,3.0721,0.0,8.0,9.0,0.0183,0.4461,0.5359,0.2333,0.9167,0.4961,0.5114,153.0,56.0,59.0,156.0,31.3114,3
2194,36.5667,12.7175,19.5044,0.3486,0.0034,4.3833,0.0,8.0,9.0,0.0184,0.4562,0.5344,0.2306,0.9167,0.4965,0.5132,157.0,55.0,58.0,157.0,31.0098,2
2195,36.5833,12.8591,19.6303,0.382,0.0055,8.2807,0.0,8.0,9.0,0.0187,0.4565,0.5344,0.225,0.9167,0.4967,0.5118,152.0,54.0,55.0,158.0,29.9063,3
2196,36.6,13.5613,20.1369,1.8823,0.0164,48.9795,0.0,8.0,9.0,0.0206,0.4625,0.5375,0.1944,0.9167,0.4964,0.5103,153.0,47.0,49.0,164.0,30.9641,4
2197,36.6167,13.7195,20.2588,0.4246,0.0063,7.9599,0.0,8.0,9.0,0.021,0.4625,0.5391,0.1889,0.9167,0.4965,0.5102,154.5,46.0,48.0,165.0,30.4268,4
2198,36.6333,13.8097,20.3288,0.4422,0.0042,4.5407,0.0,8.0,9.0,0.0214,0.4551,0.5406,0.1833,0.9167,0.4957,0.5094,155.0,46.0,46.0,170.0,30.5649,3
2199,36.65,13.8775,20.3955,0.2027,0.003,3.1904,0.0,8.0,9.0,0.0216,0.4557,0.5406,0.1833,0.9167,0.4956,0.5094,148.0,44.0,45.0,170.0,30.2981,3
2200,36.6667,13.9459,20.4695,0.382,0.0029,2.5753,0.0,8.0,9.0,0.0215,0.4562,0.5406,0.1806,0.9167,0.4954,0.5113,150.0,45.0,46.0,168.0,30.5781,4
2201,36.6833,13.991,20.514,0.142,0.0023,2.3061,0.0,8.0,9.0,0.0219,0.4571,0.5406,0.1778,0.9167,0.4955,0.5095,147.0,42.0,44.0,169.0,30.6755,4
2202,36.7,13.9968,20.5285,0.3261,0.0023,2.1627,0.0,8.0,9.0,0.0219,0.4547,0.5406,0.1778,0.9167,0.495,0.5094,153.5,42.0,44.0,169.0,30.9742,4
2203,36.7167,14.0316,20.5675,0.1142,0.0018,1.8254,0.0,8.0,9.0,0.022,0.4547,0.5406,0.175,0.9167,0.495,0.5071,146.0,41.0,42.0,170.0,30.3851,4
2204,36.7333,14.0416,20.5451,0.2164,0.0019,1.8684,0.0,8.0,9.0,0.0221,0.4594,0.5406,0.175,0.9167,0.4955,0.5096,155.0,41.0,44.0,170.0,30.0218,3
2205,36.75,14.0684,20.5705,0.0987,0.0016,1.643,0.0,8.0,9.0,0.0223,0.4594,0.5391,0.175,0.9167,0.4954,0.5071,152.0,38.0,41.0,171.0,30.1588,3
2206,36.7667,14.0733,20.578,0.2248,0.0014,1.6907,0.0,8.0,9.0,0.0223,0.4594,0.5385,0.175,0.9167,0.4954,0.5074,153.0,38.0,40.0,173.0,29.883,3
2207,36.7833,14.0968,20.6012,0.0863,0.0013,1.448,0.0,8.0,9.0,0.0222,0.4594,0.5388,0.1722,0.9167,0.4953,0.5082,157.0,39.0,41.0,173.0,29.9571,3
2208,36.8,14.1138,20.6135,0.1882,0.0015,1.5338,0.0,8.0,9.0,0.0225,0.4594,0.5378,0.1722,0.9167,0.4951,0.5059,157.0,39.0,42.0,173.0,30.2108,3
2209,36.8167,14.1311,20.6277,0.0772,0.0012,1.4127,0.0,8.0,9.0,0.0226,0.4594,0.5375,0.1722,0.9167,0.4952,0.5054,155.0,39.0,42.0,173.0,29.9375,3
2210,36.8333,14.123,20.6128,0.1735,0.0013,1.4025,0.0,8.0,9.0,0.0225,0.4594,0.5391,0.1694,0.9167,0.4958,0.5076,154.0,39.0,41.0,170.0,29.4878,3
2211,36.85,14.1387,20.6282,0.0694,0.0012,1.1529,0.0,8.0,9.0,0.0226,0.4594,0.5391,0.1694,0.9167,0.4957,0.5059,155.0,38.0,40.0,173.0,29.6815,3
2212,36.8667,14.1616,20.652,0.1579,0.0012,1.359,0.0,8.0,9.0,0.0227,0.4584,0.5391,0.1694,0.9167,0.4951,0.5058,150.0,37.5,39.0,174.0,30.246,4
2213,36.8833,14.1737,20.6598,0.0639,0.0009,1.1608,0.0,8.0,9.0,0.0227,0.4578,0.5391,0.1694,0.9167,0.4951,0.5066,153.0,38.0,39.0,172.0,30.0839,4
2214,36.9,14.2554,20.7569,0.1886,0.0013,1.1341,0.0,8.0,9.0,0.0226,0.4578,0.5406,0.1667,0.9167,0.4947,0.5079,146.0,39.0,41.0,170.0,30.892,4
2215,36.9167,14.2677,20.7685,0.0611,0.001,1.0931,0.0,8.0,9.0,0.0228,0.4578,0.5406,0.1667,0.9167,0.4949,0.5051,148.0,38.0,39.0,170.0,30.7578,4
2216,36.9333,14.3077,20.799,0.3071,0.0014,1.2335,0.0,8.0,9.0,0.023,0.4562,0.5406,0.1639,0.9167,0.4956,0.5061,143.0,38.0,40.0,170.0,30.9675,3
2217,36.95,14.3165,20.801,0.0542,0.001,0.9523,0.0,8.0,9.0,0.023,0.4562,0.5406,0.1639,0.9167,0.4956,0.5075,143.0,38.0,40.0,168.0,30.8694,3
2218,36.9667,14.3264,20.7939,0.3061,0.0016,1.0644,0.0,8.0,9.0,0.0231,0.4562,0.5406,0.1639,0.9167,0.4952,0.5048,144.0,38.0,39.0,170.0,30.7782,5
2219,36.9833,14.3338,20.7963,0.0503,0.0009,0.9763,0.0,8.0,9.0,0.023,0.4562,0.5406,0.1611,0.9167,0.4951,0.5061,141.0,38.0,40.0,168.0,30.9486,5
2220,37.0,14.3218,20.7387,0.4104,0.0016,1.7737,0.0,8.0,9.0,0.023,0.4562,0.5406,0.1611,0.9167,0.4957,0.5079,141.0,37.0,38.0,170.0,30.8925,4
2221,37.0167,14.3277,20.7412,0.0474,0.001,0.8472,0.0,8.0,9.0,0.0232,0.4562,0.5406,0.1611,0.9167,0.4956,0.5059,147.5,37.0,39.0,170.0,30.8302,4
2222,37.0333,14.332,20.6971,0.324,0.0014,1.0743,0.0,8.0,9.0,0.0232,0.4562,0.5406,0.1611,0.9167,0.4956,0.5072,143.0,37.0,39.0,170.0,30.8105,4
2223,37.05,14.3338,20.6888,0.0601,0.001,0.9562,0.0,8.0,9.0,0.023,0.4562,0.5406,0.1583,0.9167,0.4956,0.5085,145.0,37.0,39.0,170.0,30.9363,4
2224,37.0667,14.3394,20.7026,0.1943,0.0011,0.9022,0.0,8.0,9.0,0.023,0.4547,0.5406,0.1583,0.9167,0.4946,0.5078,150.0,37.0,39.0,170.0,30.9175,4
2225,37.0833,14.343,20.6999,0.0475,0.0009,0.9504,0.0,8.0,9.0,0.0231,0.4547,0.5406,0.1583,0.9167,0.4946,0.5073,150.0,38.0,40.0,170.0,30.8718,4
2226,37.1,14.2956,20.6752,0.2583,0.0012,0.87,0.0,8.0,9.0,0.0228,0.4547,0.5391,0.1583,0.9167,0.4943,0.509,152.0,38.0,39.0,170.0,30.4545,4
2227,37.1167,14.2966,20.6674,0.0477,0.0009,0.7623,0.0,8.0,9.0,0.0226,0.4547,0.5391,0.1556,0.9167,0.4942,0.5109,152.0,39.0,41.0,170.0,30.6831,5
2228,37.1333,14.3022,20.678,0.203,0.0012,0.8794,0.0,8.0,9.0,0.0228,0.4562,0.5406,0.1556,0.9167,0.4953,0.5089,158.0,38.0,40.0,170.0,30.3623,5
2229,37.15,14.3029,20.6718,0.0477,0.001,0.8843,0.0,8.0,9.0,0.0228,0.4562,0.5406,0.1556,0.9167,0.4952,0.5096,155.0,38.0,39.0,170.0,30.2502,4
2230,37.1667,14.3762,20.7195,0.299,0.0013,0.8087,0.0,8.0,9.0,0.0227,0.4547,0.5406,0.1528,0.9167,0.4947,0.5108,154.0,39.0,41.0,166.0,31.3328,8
2231,37.1833,14.3769,20.7147,0.0461,0.001,0.7588,0.0,8.0,9.0,0.0229,0.4531,0.5406,0.1528,0.9167,0.4946,0.5083,154.0,38.0,40.0,168.0,31.1313,8
2232,37.2,14.4404,20.7757,0.3934,0.0015,1.0476,0.0,8.0,9.0,0.023,0.4484,0.55,0.1528,0.9167,0.4947,0.5092,147.0,39.0,42.0,167.0,31.6543,6
2233,37.2167,14.4411,20.7723,0.044,0.0009,0.6755,0.0,8.0,9.0,0.0229,0.4484,0.55,0.15,0.9167,0.4947,0.5107,147.0,39.0,42.0,165.0,31.506,6
2234,37.2333,14.5784,20.8674,0.3182,0.0013,0.8516,0.0,8.0,9.0,0.0232,0.4381,0.5619,0.15,0.9167,0.4948,0.5083,138.0,40.0,44.0,163.0,32.6484,7
2235,37.25,14.5782,20.8599,0.0458,0.0008,0.8397,0.0,8.0,9.0,0.0232,0.4383,0.5617,0.1472,0.9167,0.4947,0.5063,145.0,40.0,42.0,165.0,32.692,6
2236,37.2667,14.3771,20.6919,0.5261,0.0017,1.1082,0.0,8.0,9.0,0.0228,0.4547,0.5406,0.1472,0.9167,0.4943,0.5078,157.0,38.0,39.0,167.0,30.6811,5
2237,37.2833,14.3758,20.6844,0.0442,0.0007,0.6794,0.0,8.0,9.0,0.0227,0.4547,0.5406,0.1472,0.9167,0.4942,0.5092,155.0,38.0,39.0,167.0,30.9987,5
2238,37.3,14.3866,20.6995,0.3041,0.0014,0.8331,0.0,8.0,9.0,0.0229,0.4498,0.5406,0.1472,0.9167,0.4939,0.5069,158.0,37.0,39.0,167.0,31.5333,5
2239,37.3167,14.3843,20.6869,0.046,0.0008,0.8738,0.0,8.0,9.0,0.0231,0.45,0.5406,0.1472,0.9167,0.4939,0.5057,159.0,38.0,39.0,168.0,31.3506,4
2240,37.3333,14.3792,20.6644,0.3592,0.0014,0.9705,0.0,8.0,9.0,0.023,0.45,0.5406,0.1444,0.9167,0.4938,0.5067,158.0,37.0,39.0,168.0,30.9849,4
2241,37.35,14.3772,20.6505,0.0458,0.0007,0.7312,0.0,8.0,9.0,0.0229,0.45,0.5406,0.1444,0.9167,0.4937,0.5081,154.0,37.0,38.0,168.0,31.0971,4
2242,37.3667,14.3319,20.5944,0.3074,0.0011,0.8731,0.0,8.0,9.0,0.0229,0.4495,0.5406,0.1444,0.9167,0.4934,0.5064,155.0,35.0,38.0,170.0,31.0086,5
2243,37.3833,14.3286,20.582,0.0456,0.0008,0.8486,0.0,8.0,9.0,0.023,0.45,0.5406,0.1417,0.9167,0.4934,0.5034,157.5,35.0,37.0,172.0,30.9388,5
2244,37.4,14.4798,20.7022,0.3114,0.0014,0.9431,0.0,8.0,9.0,0.0233,0.4375,0.6453,0.1417,0.9167,0.4946,0.5056,146.0,37.0,38.0,168.0,32.5848,4
2245,37.4167,14.4775,20.6908,0.0455,0.0008,0.7758,0.0,8.0,9.0,0.0232,0.4375,0.6478,0.1417,0.9167,0.4945,0.5065,141.0,37.0,38.0,168.0,32.4842,5
2246,37.4333,14.3293,20.5459,0.3919,0.0015,0.8456,0.0,8.0,9.0,0.0228,0.4547,0.5406,0.1417,0.9167,0.4949,0.5062,158.0,35.0,37.0,172.0,30.4882,5
2247,37.45,14.328,20.5384,0.0465,0.0008,0.8686,0.0,8.0,9.0,0.0229,0.4547,0.5406,0.1417,0.9167,0.4949,0.5043,158.0,34.0,37.0,173.0,30.4667,4
2248,37.4667,14.3261,20.5368,0.2555,0.001,0.8463,0.0,8.0,9.0,0.023,0.4547,0.5406,0.1389,0.9167,0.4946,0.5045,155.0,33.0,35.0,172.0,30.3358,4
2249,37.4833,14.3245,20.5279,0.0434,0.0008,0.7817,0.0,8.0,9.0,0.023,0.4547,0.5406,0.1389,0.9167,0.4947,0.5055,157.0,33.0,35.0,172.0,30.5002,4
2250,37.5,14.3191,20.5289,0.2695,0.0011,0.8249,0.0,8.0,9.0,0.0229,0.4547,0.5406,0.1389,0.9167,0.495,0.505,157.0,33.0,35.0,171.0,30.5315,5
2251,37.5167,14.3164,20.5179,0.042,0.0008,0.773,0.0,8.0,9.0,0.0228,0.4547,0.5406,0.1389,0.9167,0.4951,0.5056,156.0,34.0,37.0,170.0,30.4346,5
2252,37.5333,14.314,20.5458,0.2723,0.001,0.7418,0.0,8.0,9.0,0.0229,0.4547,0.5406,0.1389,0.9167,0.4946,0.5065,155.0,33.0,35.0,170.0,30.0932,6
2253,37.55,14.3131,20.5384,0.0394,0.0007,0.6879,0.0,8.0,9.0,0.0229,0.4547,0.5406,0.1389,0.9167,0.4946,0.5062,159.0,33.0,35.0,171.0,30.0645,6
2254,37.5667,14.3207,20.5374,0.128,0.0009,0.685,0.0,8.0,9.0,0.0229,0.4547,0.5406,0.1389,0.9167,0.4944,0.5055,157.0,33.0,34.0,171.0,30.1248,7
2255,37.5833,14.3182,20.5271,0.0361,0.0006,0.672,0.0,8.0,9.0,0.0228,0.4547,0.5406,0.1389,0.9167,0.4945,0.5055,159.0,33.0,35.0,172.0,30.1653,7
2256,37.6,14.322,20.5376,0.2692,0.001,0.6759,0.0,8.0,9.0,0.0228,0.4547,0.5406,0.1377,0.9167,0.4946,0.5051,157.0,33.0,35.0,172.0,30.2611,6
2257,37.6167,14.321,20.5315,0.0351,0.0007,0.6368,0.0,8.0,9.0,0.0229,0.4547,0.5406,0.1361,0.9167,0.4946,0.5041,154.0,33.0,34.0,173.0,30.1883,6
2258,37.6333,14.3129,20.5227,0.2455,0.0011,0.6654,0.0,8.0,9.0,0.0228,0.4562,0.5406,0.1361,0.9167,0.4949,0.504,155.0,32.0,34.0,173.0,30.0151,5
2259,37.65,14.3114,20.5154,0.0322,0.0006,0.616,0.0,8.0,9.0,0.0228,0.4562,0.5406,0.1361,0.9167,0.4949,0.5041,153.0,32.0,34.0,173.0,30.0936,5
2260,37.6667,14.3058,20.5318,0.2551,0.001,0.65,0.0,8.0,9.0,0.0228,0.4547,0.5406,0.1361,0.9167,0.4953,0.5037,153.0,32.0,34.0,173.0,30.238,6
2261,37.6833,14.3055,20.5303,0.0308,0.0005,0.6231,0.0,8.0,9.0,0.0228,0.4547,0.5406,0.1361,0.9167,0.4954,0.5043,153.0,32.0,34.0,173.0,30.3077,6
2262,37.7,14.4237,20.6693,0.359,0.0012,0.6074,0.0,8.0,9.0,0.0229,0.4406,0.555,0.1333,0.9167,0.4953,0.5024,142.0,33.0,35.0,172.0,31.7511,6
2263,37.7167,14.4221,20.6649,0.0278,0.0004,0.5661,0.0,8.0,9.0,0.023,0.4405,0.5547,0.1333,0.9167,0.4954,0.5021,143.0,33.0,35.0,171.0,31.7135,6
2264,37.7333,14.3252,20.5072,0.2466,0.001,0.7062,0.0,8.0,9.0,0.0227,0.4547,0.5406,0.1333,0.9167,0.4954,0.5016,155.0,32.0,34.0,173.0,30.4598,7
2265,37.75,14.3251,20.5061,0.0257,0.0005,0.5179,0.0,8.0,9.0,0.0227,0.4562,0.5406,0.1333,0.9167,0.4953,0.5011,157.0,32.0,34.0,173.0,30.3928,7
2266,37.7667,14.2779,20.4579,0.2397,0.0008,0.5602,0.0,8.0,9.0,0.0226,0.4562,0.5406,0.1333,0.9167,0.4949,0.5013,157.0,32.0,34.0,173.0,29.9773,5
2267,37.7833,14.276,20.4528,0.0266,0.0005,0.5006,0.0,8.0,9.0,0.0226,0.4562,0.5406,0.1333,0.9167,0.4951,0.5013,157.0,32.0,34.0,173.0,30.0028,5
2268,37.8,14.2693,20.4494,0.1807,0.0008,0.5707,0.0,8.0,9.0,0.0225,0.4562,0.5406,0.1333,0.9167,0.4952,0.5026,159.0,32.0,34.0,173.0,30.1073,5
2269,37.8167,14.2698,20.4491,0.0293,0.0004,0.5607,0.0,8.0,9.0,0.0225,0.4562,0.5406,0.1333,0.9167,0.4952,0.5031,159.0,33.0,34.0,173.0,30.08,5
2270,37.8333,14.2394,20.4359,0.1741,0.0007,0.6104,0.0,8.0,9.0,0.0225,0.4578,0.5406,0.1361,0.9167,0.4956,0.5043,158.5,33.0,34.0,173.0,29.6393,6
2271,37.85,14.2386,20.4357,0.0341,0.0006,0.6482,0.0,8.0,9.0,0.0225,0.4578,0.5406,0.1361,0.9167,0.4956,0.5044,156.0,32.0,34.0,173.0,29.8337,6
2272,37.8667,14.2655,20.495,0.1704,0.0009,0.7433,0.0,8.0,9.0,0.0225,0.4578,0.5406,0.1361,0.9167,0.4956,0.5038,155.0,33.0,34.0,173.0,30.0012,6
2273,37.8833,14.2663,20.4974,0.0401,0.0007,0.781,0.0,8.0,9.0,0.0224,0.4578,0.5406,0.1361,0.9167,0.4957,0.5037,155.0,33.0,34.0,173.0,30.0569,5
2274,37.9,14.4331,20.718,0.2782,0.0012,0.9353,0.0,8.0,9.0,0.0227,0.4562,0.6864,0.1361,0.9167,0.4982,0.5054,145.0,34.0,35.0,170.0,31.517,6
2275,37.9167,14.4326,20.7157,0.0459,0.0007,0.8356,0.0,8.0,9.0,0.0226,0.4562,0.6868,0.1361,0.9167,0.4983,0.5042,150.0,33.0,35.0,172.0,31.4151,5
2276,37.9333,14.4484,20.6792,0.4669,0.0016,1.1415,0.0,8.0,9.0,0.0226,0.4578,0.714,0.1361,0.9194,0.4992,0.5048,150.0,33.0,35.0,172.0,31.1637,7
2277,37.95,14.4499,20.6786,0.0511,0.0009,0.9281,0.0,8.0,9.0,0.0226,0.4578,0.714,0.1361,0.9194,0.4993,0.5049,151.5,33.0,35.0,173.0,31.0319,7
2278,37.9667,14.4437,20.6989,0.4392,0.0017,1.1216,0.0,8.0,9.0,0.0225,0.4578,0.6456,0.1389,0.9167,0.4989,0.5044,152.0,33.0,35.0,172.0,30.7985,8
2279,37.9833,14.4425,20.6911,0.0541,0.0008,0.9829,0.0,8.0,9.0,0.0226,0.4578,0.6449,0.1389,0.9167,0.499,0.5045,152.0,34.0,35.0,171.0,30.7017,7
2280,38.0,14.3408,20.5169,0.4838,0.0018,1.8503,0.0,8.0,9.0,0.0224,0.4578,0.5406,0.1389,0.9167,0.4963,0.5049,157.0,34.0,35.0,172.0,30.5336,5
2281,38.0167,14.3443,20.5216,0.0562,0.0008,1.0015,0.0,8.0,9.0,0.0224,0.4578,0.5406,0.1389,0.9167,0.4964,0.5053,155.0,34.0,35.0,172.0,30.7644,5
2282,38.0333,14.2982,20.461,0.3172,0.0013,1.2328,0.0,8.0,9.0,0.0224,0.4578,0.5406,0.1389,0.9167,0.4967,0.5061,155.0,34.0,35.0,173.0,30.239,7
2283,38.05,14.2978,20.4533,0.0618,0.001,1.1047,0.0,8.0,9.0,0.0226,0.4578,0.5406,0.1417,0.9167,0.4968,0.506,153.0,33.0,35.0,174.0,30.3857,6
2284,38.0667,14.264,20.4287,0.1772,0.0012,1.1924,0.0,8.0,9.0,0.0225,0.4592,0.5406,0.1417,0.9167,0.4962,0.5062,157.0,34.0,35.0,173.0,30.3373,4
2285,38.0833,14.264,20.4216,0.0642,0.0011,1.1418,0.0,8.0,9.0,0.0224,0.4594,0.5406,0.1417,0.9167,0.4961,0.5062,157.0,34.0,35.0,173.0,30.3751,4
2286,38.1,14.2516,20.401,0.1852,0.0014,1.2216,0.0,8.0,9.0,0.0224,0.4594,0.5406,0.1417,0.9167,0.4959,0.506,159.0,33.0,35.0,175.0,30.0696,4
2287,38.1167,14.2502,20.3888,0.0669,0.0012,1.1271,0.0,8.0,9.0,0.0223,0.4594,0.5406,0.1444,0.9167,0.496,0.5058,160.5,34.0,35.0,176.0,30.2373,4
2288,38.1333,14.2624,20.3873,0.1663,0.0013,1.1971,0.0,8.0,9.0,0.0224,0.4594,0.5406,0.1444,0.9167,0.4959,0.506,157.0,34.0,36.0,176.0,30.6065,5
2289,38.15,14.2627,20.3777,0.0715,0.0011,1.3005,0.0,8.0,9.0,0.0224,0.4594,0.5406,0.1444,0.9167,0.4961,0.5052,158.0,34.0,35.0,177.0,30.6129,5
2290,38.1667,14.3054,20.4042,0.1649,0.0003,0.0513,0.0,8.0,9.0,0.0225,0.4498,0.5406,0.1444,0.9167,0.4949,0.5057,154.0,34.0,35.0,176.0,31.2001,6
2291,38.1833,14.3055,20.4043,0.0024,0.0,0.0284,0.0,8.0,9.0,0.0225,0.4498,0.5406,0.1444,0.9167,0.4949,0.5056,154.5,34.0,35.0,176.0,31.1729,6
2292,38.2,14.3664,20.4973,0.2498,0.0005,0.093,0.0,8.0,9.0,0.0226,0.4594,0.5531,0.1444,0.9167,0.4977,0.5037,151.0,34.0,37.0,175.0,31.6562,4
2293,38.2167,14.3667,20.4975,0.0017,0.0,0.004,0.0,8.0,9.0,0.0226,0.4594,0.5531,0.1444,0.9167,0.4977,0.5037,151.0,34.0,37.0,175.0,31.6516,4
2294,38.2333,14.4298,20.543,0.1857,0.0005,0.0831,0.0,8.0,9.0,0.0228,0.4508,0.6603,0.1444,0.9167,0.4981,0.5024,146.0,35.0,37.0,174.0,32.3676,4
2295,38.25,14.4303,20.543,0.0016,0.0,0.0,0.0,8.0,9.0,0.0228,0.4508,0.6603,0.1444,0.9167,0.4981,0.5024,146.0,35.0,37.0,174.0,32.366,4
2296,38.2667,14.3515,20.4599,0.3385,0.0007,0.0885,0.0,8.0,9.0,0.0226,0.4594,0.5453,0.1444,0.9167,0.4977,0.5039,152.5,34.0,35.0,176.5,31.2165,4
2297,38.2833,14.3519,20.4606,0.0012,0.0,0.0,0.0,8.0,9.0,0.0226,0.4594,0.5453,0.1444,0.9167,0.4977,0.5039,152.5,34.0,35.0,176.5,31.2164,4
2298,38.3,14.3589,20.4727,0.2482,0.0006,0.0817,0.0,8.0,9.0,0.0226,0.4564,0.5531,0.1444,0.9167,0.4971,0.5036,151.0,35.0,37.0,175.0,31.8101,4
2299,38.3167,14.359,20.4731,0.0011,0.0,0.0,0.0,8.0,9.0,0.0226,0.4564,0.5531,0.1444,0.9167,0.4971,0.5037,151.0,35.0,37.0,175.0,31.8154,4
2300,38.3333,14.3306,20.4408,0.2569,0.0006,0.0767,0.0,8.0,9.0,0.0226,0.4594,0.5422,0.1444,0.9167,0.4967,0.5041,154.0,34.0,35.0,177.0,31.1427,4
2301,38.35,14.3308,20.441,0.0013,0.0,0.0065,0.0,8.0,9.0,0.0226,0.4594,0.5422,0.1444,0.9167,0.4967,0.5041,154.0,34.0,35.0,177.0,31.1384,4
2302,38.3667,14.295,20.3886,0.2042,0.0003,0.0281,0.0,8.0,9.0,0.0224,0.4594,0.5406,0.1444,0.9167,0.4972,0.5056,158.0,34.0,34.0,177.0,30.5874,4
2303,38.3833,14.345,20.7945,1.2797,0.0149,34.863,0.0,8.0,9.0,0.0226,0.4609,0.5406,0.1611,0.9167,0.4968,0.5103,148.0,37.0,39.0,176.0,30.2992,4
2304,38.4,14.3739,20.8064,0.175,0.0009,0.8679,0.0,8.0,9.0,0.0226,0.4609,0.5438,0.1611,0.9167,0.4971,0.5101,147.5,38.0,40.0,175.0,30.7664,5
2305,38.4167,14.375,20.7892,0.0537,0.0009,0.9191,0.0,8.0,9.0,0.0226,0.4609,0.5453,0.1583,0.9167,0.4971,0.5092,148.0,37.0,39.5,176.5,30.6308,5
2306,38.4333,14.3815,20.7753,0.2697,0.0013,0.9827,0.0,8.0,9.0,0.0227,0.45,0.5449,0.1583,0.9167,0.496,0.5082,146.0,38.5,40.0,175.0,31.1712,4
2307,38.45,14.383,20.7527,0.0606,0.0009,1.0054,0.0,8.0,9.0,0.0226,0.45,0.5438,0.1583,0.9167,0.496,0.5078,146.0,39.0,41.0,173.0,31.2234,5
2308,38.4667,14.3802,20.7337,0.2624,0.0015,1.2752,0.0,8.0,9.0,0.0226,0.45,0.5406,0.1583,0.9167,0.4954,0.5093,148.0,38.0,40.0,173.0,31.551,5
2309,38.4833,14.3809,20.7011,0.0804,0.0012,1.3999,0.0,8.0,9.0,0.0225,0.45,0.5407,0.1583,0.9167,0.4954,0.5099,147.0,38.0,40.0,172.5,31.2862,5
2310,38.5,14.3931,20.6922,0.3042,0.0019,1.4951,0.0,8.0,9.0,0.0225,0.4562,0.5438,0.1583,0.9167,0.4962,0.5109,154.0,40.0,41.0,172.0,30.8619,5
2311,38.5167,14.3939,20.6566,0.1015,0.0015,1.6069,0.0,8.0,9.0,0.0224,0.4562,0.5438,0.1583,0.9167,0.4961,0.5121,153.0,39.0,40.0,171.0,31.1646,5
2312,38.5333,14.3593,20.5896,0.2979,0.0021,1.6593,0.0,8.0,9.0,0.0222,0.4609,0.5406,0.1611,0.9167,0.4963,0.5138,153.0,38.0,40.0,173.0,30.0578,4
2313,38.55,14.3646,20.5523,0.1287,0.002,1.8478,0.0,8.0,9.0,0.0222,0.4609,0.5406,0.1611,0.9167,0.4963,0.5147,160.0,38.0,40.0,172.0,30.2522,4
2314,38.5667,14.3517,20.4929,0.1994,0.0021,2.0624,0.0,8.0,9.0,0.0222,0.4596,0.5406,0.1611,0.9167,0.4963,0.5165,158.0,40.0,41.0,172.0,30.0934,5
2315,38.5833,14.3544,20.4469,0.1529,0.0024,2.3189,0.0,8.0,9.0,0.0223,0.4594,0.5406,0.1611,0.9167,0.4963,0.5169,159.0,39.0,41.0,170.0,30.4813,5
2316,38.6,14.355,20.4074,0.2916,0.0027,2.5165,0.0,8.0,9.0,0.0222,0.4594,0.5406,0.1639,0.9167,0.4961,0.5164,161.0,39.0,41.0,171.0,30.0008,4
2317,38.6167,14.3611,20.3593,0.18,0.0029,2.5859,0.0,8.0,9.0,0.0223,0.4594,0.5406,0.1639,0.9167,0.4961,0.5181,164.0,40.0,42.0,172.0,30.2687,4
2318,38.6333,14.3724,20.307,0.3022,0.003,2.989,0.0,8.0,9.0,0.0223,0.4594,0.5406,0.1639,0.9167,0.4962,0.5195,161.0,40.0,42.0,171.0,30.5862,4
2319,38.65,14.3781,20.2517,0.2102,0.0031,3.2387,0.0,8.0,9.0,0.0222,0.4594,0.5406,0.1667,0.9167,0.4961,0.5195,162.0,40.0,41.0,171.0,30.063,4
2320,38.6667,14.3787,20.1842,0.3432,0.0035,3.4588,0.0,8.0,9.0,0.0222,0.4594,0.5406,0.1667,0.9167,0.4959,0.5211,165.0,40.0,41.0,170.0,30.8001,5
2321,38.6833,14.3868,20.1302,0.2431,0.0036,3.9533,0.0,8.0,9.0,0.0222,0.4594,0.5406,0.1667,0.9167,0.4958,0.5225,163.0,40.0,42.0,170.0,30.7448,4
2322,38.7,14.3943,20.092,0.3704,0.0041,4.1706,0.0,8.0,9.0,0.0221,0.4594,0.5391,0.1694,0.9167,0.4957,0.5244,166.0,41.0,44.0,167.0,31.1283,4
2323,38.7167,14.4027,20.0344,0.2782,0.0041,4.5141,0.0,8.0,9.0,0.022,0.4588,0.5391,0.1694,0.9167,0.4956,0.5265,165.0,41.0,44.0,167.0,30.945,4
2324,38.7333,14.4283,20.0161,0.3661,0.0045,4.8319,0.0,8.0,9.0,0.022,0.4578,0.5391,0.1722,0.9167,0.4956,0.5274,164.0,41.0,44.0,166.0,30.7969,5
2325,38.75,14.4396,19.9715,0.3134,0.0047,5.2648,0.0,8.0,9.0,0.0219,0.4578,0.5391,0.175,0.9167,0.4956,0.5309,168.0,45.0,46.0,165.0,30.9605,5
2326,38.7667,14.4611,19.9337,0.4661,0.0049,6.0908,0.0,8.0,9.0,0.0218,0.4578,0.5406,0.175,0.9167,0.4964,0.5332,166.0,46.0,47.0,160.0,31.621,5
2327,38.7833,14.473,19.8942,0.3572,0.0052,6.4139,0.0,8.0,9.0,0.0218,0.4578,0.5406,0.1778,0.9167,0.4963,0.5365,166.0,46.0,47.0,162.0,31.7355,5
2328,38.8,14.4932,19.8745,0.5043,0.0056,6.8319,0.0,8.0,9.0,0.0218,0.4578,0.5406,0.1806,0.9167,0.4956,0.5397,168.0,48.0,48.0,159.0,31.8702,6
2329,38.8167,14.512,19.8711,0.4016,0.0058,7.2181,0.0,8.0,9.0,0.0217,0.4562,0.5406,0.1833,0.9167,0.4954,0.5415,166.5,48.0,49.0,158.0,31.6464,6
2330,38.8333,14.5632,19.9243,0.5994,0.0063,7.8286,0.0,8.0,9.0,0.0219,0.4562,0.5422,0.1833,0.9167,0.4964,0.5446,166.0,49.0,51.0,157.0,31.9803,6
2331,38.85,14.5832,19.9756,0.4497,0.0064,8.4012,0.0,8.0,9.0,0.0219,0.4562,0.5422,0.1875,0.9167,0.4962,0.5483,165.0,49.0,52.0,156.0,31.7606,5
2332,38.8667,14.572,20.0525,0.6442,0.0068,9.2432,0.0,8.0,9.0,0.0219,0.4562,0.5406,0.1917,0.9167,0.4959,0.5536,167.0,51.0,53.0,153.0,32.3071,4
2333,38.8833,14.5946,20.1549,0.5039,0.0071,10.3307,0.0,8.0,9.0,0.0219,0.4562,0.5406,0.1944,0.9167,0.4961,0.5547,174.0,53.0,54.0,153.0,32.6808,5
2334,38.9,14.6227,20.2798,0.6149,0.0077,10.7423,0.0,8.0,9.0,0.0216,0.4562,0.5406,0.2,0.9167,0.4959,0.5572,179.0,54.5,55.5,151.0,32.1068,6
2335,38.9167,14.6433,20.4001,0.5653,0.0078,11.8234,0.0,8.0,9.0,0.0217,0.4562,0.5406,0.2028,0.9167,0.4958,0.5608,175.0,55.0,55.0,149.0,31.8642,6
2336,38.9333,14.6771,20.5817,0.7671,0.0083,12.8345,0.0,8.0,9.0,0.0218,0.4562,0.5406,0.2083,0.9167,0.4962,0.5649,173.0,55.0,56.0,147.0,32.0339,6
2337,38.95,14.7034,20.7283,0.6317,0.0086,13.9358,0.0,8.0,9.0,0.0218,0.4562,0.5406,0.2139,0.9194,0.4963,0.569,178.0,56.0,58.0,144.0,32.1064,6
2338,38.9667,14.7278,20.8389,0.8157,0.0091,15.2747,0.0,8.0,9.0,0.0216,0.4547,0.5406,0.2167,0.9194,0.4962,0.5717,180.0,55.0,58.0,145.5,32.0264,5
2339,38.9833,14.7543,20.9348,0.7094,0.0094,16.4688,0.0,8.0,9.0,0.0215,0.4547,0.5406,0.2222,0.9204,0.4962,0.5781,179.0,58.0,59.0,141.0,32.2086,5
2340,39.0,14.7857,21.0183,0.9732,0.0101,18.7478,0.0,8.0,9.0,0.0217,0.4547,0.5406,0.2278,0.925,0.4964,0.5841,178.0,61.0,62.0,139.0,32.2093,7
2341,39.0167,14.8126,20.9799,0.8185,0.0104,19.7287,0.0,8.0,9.0,0.0216,0.4547,0.5422,0.2361,0.9333,0.4965,0.5903,179.0,62.0,63.0,135.0,31.6835,7
2342,39.0333,14.8497,20.8772,1.0052,0.011,21.7943,0.0,8.0,9.0,0.0216,0.4531,0.5422,0.2417,0.9389,0.4963,0.5955,182.0,65.0,65.0,134.0,32.2043,5
2343,39.05,14.8905,20.7074,0.9365,0.0114,24.086,0.0,8.0,9.0,0.0218,0.4531,0.5422,0.25,0.9444,0.4963,0.6044,175.0,66.0,66.0,129.0,32.519,4
2344,39.0667,14.9985,20.6159,1.1497,0.0122,26.7202,0.0,8.0,9.0,0.0218,0.4453,0.5438,0.2556,0.9528,0.495,0.6098,176.0,67.0,68.0,126.0,33.6673,5
2345,39.0833,15.0492,20.4195,1.0827,0.0127,29.0284,0.0,8.0,9.0,0.0218,0.4461,0.5438,0.2646,0.9611,0.4949,0.6175,171.0,67.0,69.0,125.0,33.8346,5
2346,39.1,14.9884,20.1041,1.6289,0.0137,33.1773,0.0,8.0,9.0,0.0216,0.4516,0.5438,0.275,0.9694,0.4964,0.6292,174.0,69.5,73.0,124.0,33.7535,5
2347,39.1167,15.0335,19.8211,1.2583,0.0138,35.7283,0.0,6.0,9.0,0.0217,0.45,0.5453,0.2833,0.9833,0.4965,0.6376,180.0,74.0,75.0,121.0,33.7243,5
2348,39.1333,15.0853,19.5453,1.6739,0.0145,40.1079,0.0,6.0,8.0,0.0216,0.4484,0.5469,0.2917,0.9861,0.496,0.6426,171.0,75.5,77.0,114.0,34.8717,6
2349,39.15,15.079,19.2057,1.3996,0.0144,43.924,0.0,6.0,8.0,0.0213,0.4484,0.5469,0.3028,0.9861,0.4963,0.6484,172.0,79.0,81.0,125.0,34.9776,5
2350,39.1667,14.9981,18.8023,1.7884,0.0155,49.0864,0.0,6.0,8.0,0.0213,0.4469,0.55,0.3167,0.9861,0.4975,0.6589,166.0,81.0,84.0,111.0,35.6285,5
2351,39.1833,14.8893,18.4375,1.5635,0.0153,52.4674,0.0,6.0,8.0,0.021,0.4469,0.5516,0.3278,0.9861,0.4981,0.6671,165.0,86.0,88.0,118.0,36.1728,5
2352,39.2,14.7906,18.034,2.0746,0.0167,57.6663,0.0,6.0,8.0,0.0211,0.4406,0.5531,0.3389,0.9917,0.4977,0.6756,166.0,89.0,90.0,112.0,37.4216,7
2353,39.2167,14.6771,17.7171,1.8177,0.0168,59.7838,0.0,6.0,8.0,0.0209,0.4406,0.5547,0.3556,0.9917,0.498,0.6888,154.0,90.0,93.0,113.0,39.1532,7
2354,39.2333,14.6089,17.8874,2.4803,0.0182,72.8197,0.0,6.0,8.0,0.0207,0.3682,0.6531,0.3463,0.9917,0.4987,0.6956,140.5,96.0,96.0,105.5,40.4162,9
2355,39.25,14.4199,18.1035,2.2146,0.0181,77.9173,0.0,6.0,8.0,0.02,0.3579,0.6547,0.3169,0.9917,0.5002,0.7008,162.0,104.0,104.0,100.0,39.6388,9
2356,39.2667,14.112,17.8333,2.7431,0.0191,86.5663,0.0,6.0,8.0,0.0187,0.4412,0.5594,0.3921,0.9944,0.5023,0.7103,161.0,113.0,113.0,94.5,38.7426,4
2357,39.2833,13.9881,17.2468,2.687,0.0192,80.9025,0.0,6.0,8.0,0.0172,0.4384,0.5616,0.3821,0.9694,0.5055,0.7086,166.0,123.0,123.0,86.0,39.5842,4
2358,39.3,14.038,16.8317,3.2566,0.0199,90.9501,0.0,6.0,8.0,0.017,0.444,0.5594,0.4569,0.9917,0.5042,0.7344,167.0,133.0,133.0,80.0,39.595,4
2359,39.3167,13.8389,16.024,3.0939,0.0194,92.0289,0.0,6.0,8.0,0.0158,0.4422,0.5625,0.3917,0.9944,0.5066,0.7469,160.0,137.0,139.0,73.0,40.6089,4
2360,39.3333,13.3743,15.0252,3.7789,0.0201,113.1168,0.0,6.0,8.0,0.0151,0.4422,0.5672,0.5361,0.9917,0.5109,0.7734,143.0,130.0,133.0,66.0,43.9073,3
2361,39.35,12.6949,15.2915,3.8887,0.0196,126.7287,0.0,6.0,8.0,0.0135,0.4406,0.5719,0.4559,0.9972,0.5153,0.8021,141.0,137.0,138.0,52.0,43.7403,2
2362,39.3667,12.2064,12.8505,4.0752,0.0168,132.5416,0.0,6.0,8.0,0.0103,0.4418,0.5766,0.6694,0.9944,0.5241,0.8324,158.0,161.0,162.0,18.0,45.4444,3
2363,39.3833,9.3413,10.4946,2.8668,0.0102,24.1922,0.0,6.0,8.0,0.0008,0.0821,0.8862,0.0608,0.9972,0.496,0.8496,87.0,109.0,116.0,61.0,156.4266,3
2364,39.4,9.4003,10.571,0.2361,0.0003,0.4753,0.0,6.0,8.0,0.0008,0.1303,0.8389,0.0856,0.9972,0.492,0.8421,87.0,109.0,116.0,62.0,157.952,3
2365,39.4167,9.4007,10.5716,0.0016,0.0,0.0,0.0,6.0,8.0,0.0008,0.1293,0.8392,0.0855,0.9972,0.4918,0.8417,87.0,109.0,116.0,62.0,158.2086,3
2366,39.4333,9.372,10.5527,0.1794,0.0002,0.6349,0.0,6.0,8.0,0.0008,0.0563,0.8796,0.2371,0.9972,0.498,0.858,87.0,109.0,116.0,62.0,156.9186,5
2367,39.45,9.3723,10.5531,0.0015,0.0,0.0374,0.0,6.0,8.0,0.0008,0.0563,0.8796,0.2371,0.9972,0.498,0.858,87.0,109.0,116.0,62.0,156.91,5
2368,39.4667,9.3689,10.5606,0.2402,0.0002,0.0641,0.0,6.0,8.0,0.0008,0.1715,0.9386,0.1133,0.9194,0.5032,0.8556,88.0,110.0,117.0,62.0,158.7297,1
2369,39.4833,9.3693,10.5612,0.0016,0.0,0.0426,0.0,6.0,8.0,0.0008,0.1715,0.9386,0.1133,0.9194,0.5032,0.8556,88.0,110.0,116.5,62.0,158.7269,1
2370,39.5,9.3809,10.5736,0.2437,0.0002,0.0919,0.0,6.0,8.0,0.0008,0.141,0.9159,0.2018,0.9719,0.4949,0.8632,87.5,109.0,116.0,62.0,158.0275,2
2371,39.5167,9.3814,10.5748,0.0021,0.0,0.0,0.0,6.0,8.0,0.0008,0.141,0.9159,0.2018,0.9719,0.4949,0.8632,87.5,109.0,116.0,62.0,158.0275,2
2372,39.5333,9.3768,10.5688,0.2714,0.0002,0.2564,0.0,6.0,8.0,0.0008,0.16,0.8653,0.1294,0.9972,0.5005,0.8564,88.0,110.0,116.0,62.0,158.1335,4
2373,39.55,9.3774,10.569,0.0019,0.0,0.0074,0.0,6.0,8.0,0.0008,0.16,0.8653,0.1294,0.9972,0.5005,0.8564,88.0,110.0,116.0,62.0,158.091,4
2374,39.5667,9.388,10.5564,0.2239,0.0002,0.0516,0.0,6.0,8.0,0.0008,0.0705,0.7865,0.1317,0.9972,0.4718,0.866,88.0,109.0,116.0,62.0,157.2191,2
2375,39.5833,9.3884,10.5566,0.0021,0.0,0.0,0.0,6.0,8.0,0.0008,0.0705,0.8863,0.1322,0.9972,0.474,0.8646,87.5,109.0,116.0,62.0,157.1601,2
2376,39.6,9.3986,10.554,0.2191,0.0002,0.3412,0.0,6.0,8.0,0.0009,0.0459,0.9578,0.0708,0.9972,0.4885,0.8225,82.0,104.0,111.0,62.0,156.2676,3
2377,39.6167,9.3992,10.554,0.0014,0.0,0.0175,0.0,6.0,8.0,0.0009,0.0459,0.9578,0.0708,0.9972,0.4885,0.8225,82.0,104.0,111.0,62.0,156.3384,3
2378,39.6333,9.4435,10.6192,0.4072,0.0005,2.4205,0.0,6.0,8.0,0.0009,0.0332,0.9093,0.045,0.9333,0.4981,0.7909,83.0,105.0,112.5,62.0,159.1005,3
2379,39.65,9.4419,10.619,0.0041,0.0,0.2356,0.0,6.0,8.0,0.0009,0.0332,0.9093,0.045,0.9333,0.4981,0.7909,83.0,105.0,112.5,62.0,158.6113,3
2380,39.6667,9.4179,10.6025,0.329,0.0004,0.6667,0.0,6.0,8.0,0.0009,0.0281,0.9538,0.0637,0.9194,0.4989,0.8157,85.0,107.0,113.0,63.0,158.5788,4
2381,39.6833,9.4179,10.6031,0.0027,0.0,0.0,0.0,6.0,8.0,0.0009,0.0281,0.9538,0.0637,0.9194,0.4989,0.8157,85.0,107.0,113.0,63.0,158.5838,4
2382,39.7,0.2367,0.1241,9.7783,0.0005,16.6296,0.0,0.0,0.0,0.001,0.0329,0.9063,0.0333,0.9972,0.4859,0.7692,80.0,81.5,80.5,4.0,166.0762,3
2383,39.7167,0.2363,0.1244,0.0016,0.0,0.1907,0.0,0.0,0.0,0.001,0.0329,0.9063,0.0333,0.9972,0.4859,0.7692,80.5,81.5,80.5,0.0,165.8226,3
2384,39.7333,0.2367,0.1504,0.2795,0.0006,0.2621,0.0,0.0,0.0,0.001,0.1098,0.9573,0.0268,0.9194,0.5235,0.7449,77.0,77.0,77.0,0.0,166.738,6
2385,39.75,0.2369,0.1507,0.0009,0.0,0.1838,0.0,0.0,0.0,0.001,0.11,0.9572,0.0269,0.9194,0.5219,0.7446,77.0,76.0,77.0,0.0,166.833,6
2386,39.7667,0.1516,0.0741,0.1465,0.0003,0.3636,0.0,0.0,0.0,0.0008,0.0217,0.9508,0.0357,0.9194,0.5014,0.8256,89.0,86.5,86.5,5.0,168.8525,3
2387,39.7833,0.1515,0.0741,0.0002,0.0,0.0309,0.0,0.0,0.0,0.0008,0.0217,0.9508,0.0357,0.9194,0.5014,0.8256,88.5,86.5,86.5,5.0,168.8491,3
2388,39.8,11.1434,10.3063,11.6636,0.0002,3.1139,0.0,9.0,10.0,0.0008,0.3881,0.9352,0.166,0.9194,0.5172,0.8651,89.0,95.0,95.0,16.0,165.727,1
2389,39.8167,11.1353,10.2931,0.028,0.0,0.3164,0.0,9.0,10.0,0.0008,0.3876,0.9354,0.166,0.9194,0.5176,0.8648,89.0,95.0,97.0,17.0,166.1448,1
2390,39.8333,11.1457,10.3227,0.1552,0.0002,0.2827,0.0,9.0,10.0,0.0008,0.1693,0.8962,0.0562,0.9194,0.5028,0.8339,88.5,95.0,97.0,18.0,165.6285,2
2391,39.85,11.1404,10.3153,0.0118,0.0,0.0,0.0,9.0,10.0,0.0008,0.1701,0.8962,0.0564,0.9194,0.5038,0.8304,88.0,95.0,97.0,18.0,165.2059,2
2392,39.8667,11.1311,10.2995,0.1646,0.0002,0.1266,0.0,9.0,10.0,0.0008,0.1665,0.8766,0.1639,0.9949,0.5044,0.8582,88.5,94.5,94.5,19.5,165.6638,1
2393,39.8833,11.1291,10.2963,0.0035,0.0,0.0556,0.0,9.0,10.0,0.0008,0.1665,0.8766,0.1639,0.9949,0.5044,0.8582,88.5,94.5,95.0,19.5,165.6058,1
2394,39.9,11.1253,10.295,0.1441,0.0002,0.4906,0.0,9.0,10.0,0.0008,0.0704,0.6856,0.337,0.9327,0.4838,0.8597,88.5,94.0,95.0,20.0,165.7039,1
2395,39.9167,11.8362,10.2953,0.7158,0.0033,0.0308,0.0,10.0,13.0,0.0041,0.2766,0.5581,0.4635,0.9972,0.3524,0.9466,90.0,96.5,98.0,15.0,70.9659,2
2396,39.9333,17.7982,10.3106,7.4812,0.0294,113.7778,0.0,11.0,13.0,0.0275,0.2828,0.7062,0.7972,0.9944,0.4719,0.9022,174.0,175.5,178.0,5.0,46.1084,2
2397,39.95,18.3325,19.2698,13.7901,0.0553,103.9622,0.0,9.0,10.0,0.0314,0.2938,0.6641,0.5667,0.9139,0.4682,0.7446,154.5,158.0,158.0,5.0,43.6407,3
2398,39.9667,18.2596,31.6581,14.1044,0.0569,95.2034,0.0,9.0,10.0,0.0312,0.2984,0.65,0.3333,0.9139,0.4683,0.5914,147.0,151.5,153.0,7.0,42.1773,4
2399,39.9833,18.1951,27.6045,13.0278,0.0533,88.5086,0.0,9.0,10.0,0.0313,0.3,0.656,0.1389,0.9139,0.4702,0.4607,145.0,146.0,147.0,9.0,41.6172,4
2400,40.0,18.14,26.8223,11.8427,0.0491,61.1524,0.0,9.0,10.0,0.0303,0.3,0.6722,0.0056,0.9167,0.4692,0.3645,146.0,150.0,150.0,9.0,41.4433,4
2401,40.0167,16.9088,26.6905,8.7287,0.0416,72.1419,0.0,9.0,10.0,0.026,0.2984,0.6625,0.0028,0.9167,0.4416,0.338,124.0,129.0,130.0,13.0,40.3602,4
2402,40.0333,16.6671,23.14,6.7812,0.0345,75.7352,0.0,10.0,11.0,0.0243,0.2953,0.5832,0.1861,0.9167,0.4258,0.305,109.0,112.0,113.0,14.0,40.8916,7
2403,40.05,16.6305,17.138,5.0481,0.03,69.9117,0.0,10.0,11.0,0.0243,0.2938,0.5688,0.1333,0.9167,0.4236,0.2591,110.0,115.0,116.0,16.0,41.255,6
2404,40.0667,16.6443,13.467,4.1896,0.0278,67.5792,0.0,10.0,11.0,0.0248,0.2906,0.6609,0.0083,0.9167,0.4253,0.2243,107.0,112.0,113.0,16.0,41.799,6
2405,40.0833,17.1517,12.1469,3.0157,0.0221,70.8304,0.0,9.0,10.0,0.0275,0.2906,0.7062,0.0064,0.9167,0.4471,0.1896,120.0,125.0,127.0,15.0,41.8605,6
2406,40.1,17.9585,11.7996,2.5442,0.0174,36.2079,0.0,9.0,11.0,0.0302,0.2906,0.7016,0.0083,0.9167,0.4654,0.1747,139.0,144.0,145.0,13.0,42.2122,6
2407,40.1167,18.0507,11.9196,2.714,0.0147,17.5441,0.0,10.0,11.0,0.0315,0.2906,0.6875,0.0611,0.9167,0.4701,0.1874,143.0,148.0,150.5,12.0,41.7446,6
2408,40.1333,18.0819,13.2793,4.3244,0.026,57.1529,0.0,9.0,10.0,0.0313,0.2922,0.6748,0.0833,0.9139,0.4671,0.2138,137.0,141.0,144.0,13.0,41.2675,5
2409,40.15,18.1012,18.2396,4.8108,0.0296,75.0692,0.0,9.0,10.0,0.0314,0.2938,0.6641,0.1056,0.9139,0.466,0.2472,144.0,148.0,151.0,13.0,41.5492,5
2410,40.1667,18.1216,21.1902,5.5848,0.0334,78.0652,0.0,9.0,10.0,0.0314,0.2938,0.6562,0.1306,0.9139,0.465,0.2839,141.0,144.5,146.5,13.0,41.2751,3
2411,40.1833,18.143,24.6956,5.6093,0.035,73.5914,0.0,9.0,10.0,0.0315,0.2953,0.6516,0.1611,0.9139,0.4655,0.3216,141.0,145.5,149.0,12.0,41.8488,4
2412,40.2,18.1363,28.2765,5.9204,0.0361,69.1715,0.0,9.0,10.0,0.0314,0.2969,0.6484,0.1944,0.9139,0.4664,0.3589,154.0,159.0,162.0,12.0,41.5737,3
2413,40.2167,18.1592,30.7676,5.5967,0.0351,73.7105,0.0,9.0,10.0,0.0312,0.2969,0.6484,0.2306,0.9139,0.4673,0.3933,149.0,152.5,153.5,11.0,41.3412,3
2414,40.2333,18.1685,31.3101,5.4962,0.0355,68.3278,0.0,9.0,10.0,0.0315,0.2984,0.65,0.2639,0.9139,0.4691,0.4267,150.0,154.5,158.0,12.0,41.6697,5
2415,40.25,18.1912,31.3769,4.7728,0.0336,70.1664,0.0,9.0,10.0,0.0315,0.3,0.6516,0.3,0.9139,0.4698,0.4555,158.0,161.0,164.0,11.0,41.7463,5
2416,40.2667,18.2057,31.3794,4.2852,0.0299,74.2693,0.0,9.0,11.0,0.0314,0.3,0.6516,0.3333,0.9167,0.4705,0.4817,150.0,153.0,154.0,11.0,41.5803,4
2417,40.2833,18.2248,31.4365,3.3814,0.0255,43.3412,0.0,9.0,11.0,0.0315,0.3,0.6531,0.3611,0.9167,0.4709,0.5017,146.0,151.0,152.5,11.0,41.7206,4
2418,40.3,18.3638,31.6249,3.694,0.025,61.2828,0.0,9.0,11.0,0.0317,0.3,0.6531,0.3861,0.9164,0.471,0.5173,141.0,145.0,147.0,10.0,43.1474,6
2419,40.3167,18.3715,31.6461,3.4311,0.0247,79.415,0.0,9.0,11.0,0.0319,0.3,0.6531,0.4111,0.9156,0.4708,0.5299,131.0,134.0,138.0,10.0,42.974,5
2420,40.3333,18.3783,31.659,3.7293,0.025,80.3899,0.0,9.0,10.0,0.0317,0.3,0.6531,0.4278,0.9167,0.4715,0.54,122.5,125.0,127.0,10.0,42.6727,5
2421,40.35,18.3867,31.6828,3.1588,0.0231,75.1048,0.0,9.0,10.0,0.0319,0.3,0.6531,0.4444,0.9167,0.4713,0.5458,119.0,124.0,125.5,10.0,43.03,5
2422,40.3667,18.3858,31.7021,3.3084,0.0228,67.964,0.0,10.0,11.0,0.0319,0.3,0.65,0.4556,0.9167,0.471,0.5494,126.0,130.0,131.0,10.0,42.6827,6
2423,40.3833,18.3892,31.7103,2.5571,0.0202,54.638,0.0,10.0,11.0,0.0319,0.3,0.65,0.4639,0.9167,0.4707,0.5508,122.0,125.0,125.5,10.0,42.4956,6
2424,40.4,18.2878,31.591,2.5002,0.018,42.728,0.0,10.0,12.0,0.0316,0.3,0.6487,0.4556,0.9139,0.4698,0.5501,140.0,141.0,144.0,9.0,42.1022,3
2425,40.4167,18.2906,31.5987,1.7321,0.0147,31.2341,0.0,10.0,12.0,0.0312,0.3,0.6484,0.4333,0.9142,0.4694,0.5488,140.0,141.0,144.0,9.0,41.6233,3
2426,40.4333,18.2904,31.5963,1.468,0.0108,25.1376,0.0,10.0,12.0,0.0315,0.3,0.6484,0.4167,0.9139,0.4688,0.5463,147.0,148.0,150.0,9.0,41.7895,3
2427,40.45,18.2913,31.5977,0.8559,0.0061,20.9774,0.0,10.0,12.0,0.0311,0.3,0.6484,0.4028,0.9139,0.4684,0.5431,145.0,148.0,150.5,9.0,41.4327,3
2428,40.4667,18.3155,31.604,1.0878,0.0074,19.6525,0.0,10.0,12.0,0.0315,0.3,0.6506,0.3889,0.915,0.4689,0.5394,149.0,151.0,152.0,9.0,42.5454,4
2429,40.4833,18.3125,31.5935,0.8307,0.0077,18.2944,0.0,10.0,12.0,0.0316,0.3,0.6516,0.3825,0.9147,0.4688,0.5357,140.0,141.0,144.0,10.0,42.5011,4
2430,40.5,18.3033,31.5446,1.0343,0.0085,14.0739,0.0,10.0,12.0,0.0313,0.3,0.6516,0.3781,0.9167,0.4689,0.5327,143.0,145.5,147.0,9.0,42.0059,3
2431,40.5167,18.3018,31.539,0.6933,0.0074,11.7247,0.0,10.0,12.0,0.0313,0.3,0.6516,0.3778,0.9167,0.4695,0.5292,144.0,145.0,147.0,9.0,41.751,3
2432,40.5333,18.4562,31.6135,1.316,0.0101,16.2529,0.0,10.0,12.0,0.0319,0.2984,0.6547,0.2056,0.9139,0.4703,0.5223,120.0,122.0,126.0,11.0,43.5147,12
2433,40.55,18.4528,31.6016,1.0724,0.0104,21.4165,0.0,10.0,12.0,0.0317,0.2984,0.6545,0.2056,0.9139,0.4708,0.5192,118.0,120.0,125.0,11.0,43.0166,12
2434,40.5667,18.3422,31.5802,1.6327,0.0119,26.0839,0.0,10.0,12.0,0.0317,0.3,0.6516,0.3889,0.9139,0.4701,0.5192,131.5,135.0,138.5,9.5,42.6041,6
2435,40.5833,18.3408,31.5757,1.2204,0.0113,27.6951,0.0,10.0,12.0,0.0316,0.3,0.6516,0.3972,0.9139,0.4694,0.5169,126.0,129.0,131.0,10.0,42.4119,6
2436,40.6,18.3096,31.5679,1.4482,0.0117,27.5844,0.0,10.0,12.0,0.0316,0.3,0.65,0.4056,0.9167,0.4684,0.5161,116.0,119.0,123.0,10.0,41.8233,5
2437,40.6167,18.3066,31.5578,1.1681,0.011,25.5646,0.0,10.0,12.0,0.0317,0.3,0.65,0.4111,0.9167,0.4693,0.5141,115.0,118.0,120.0,10.0,41.3448,5
2438,40.6333,18.2271,31.4865,1.348,0.011,23.0209,0.0,10.0,11.0,0.0316,0.3,0.6484,0.4218,0.9139,0.4695,0.5126,123.0,125.0,127.0,10.0,41.6496,3
2439,40.65,18.2235,31.475,0.9838,0.0093,20.948,0.0,10.0,11.0,0.0319,0.3,0.6484,0.4278,0.9139,0.4702,0.5112,123.0,127.0,129.5,10.0,41.7514,3
2440,40.6667,18.2173,31.4631,1.0253,0.0088,16.9198,0.0,10.0,11.0,0.0315,0.3,0.6484,0.4278,0.9167,0.4696,0.5104,113.0,117.0,118.0,10.0,41.0225,3
2441,40.6833,18.2177,31.463,0.7202,0.0077,12.137,0.0,10.0,11.0,0.0316,0.3,0.6484,0.425,0.9167,0.4697,0.5091,115.0,118.0,120.0,10.0,41.4101,3
2442,40.7,18.2357,31.467,0.7912,0.0068,8.1396,0.0,10.0,11.0,0.0316,0.3,0.65,0.4222,0.9167,0.4703,0.5074,110.0,112.0,115.0,11.0,41.5161,4
2443,40.7167,18.2327,31.4559,0.427,0.0054,5.3124,0.0,10.0,11.0,0.0316,0.3,0.65,0.4194,0.9167,0.4699,0.5062,123.0,126.5,127.0,10.0,41.1358,4
2444,40.7333,18.1691,31.4208,0.4677,0.004,3.5227,0.0,9.0,10.0,0.0317,0.3,0.6484,0.4194,0.9139,0.4699,0.5053,120.0,122.0,125.0,10.0,41.7623,3
2445,40.75,18.1689,31.4195,0.1617,0.0021,2.1309,0.0,9.0,10.0,0.0315,0.3,0.6484,0.4167,0.9139,0.4697,0.5048,121.0,124.0,126.5,10.0,40.9119,3
2446,40.7667,18.1637,31.4093,0.2064,0.002,2.2317,0.0,9.0,10.0,0.0317,0.3,0.65,0.4167,0.9139,0.4703,0.5039,123.0,126.0,127.0,11.0,41.1463,3
2447,40.7833,18.1662,31.4159,0.1327,0.0019,1.6072,0.0,9.0,10.0,0.0316,0.3,0.6484,0.4167,0.9139,0.4703,0.5033,119.0,122.0,124.0,10.0,41.2702,3
2448,40.8,18.1484,31.4006,0.2388,0.0018,1.5835,0.0,9.0,10.0,0.0315,0.3,0.6484,0.4167,0.9139,0.4696,0.5025,125.5,128.0,129.5,10.0,40.9452,2
2449,40.8167,18.1484,31.4005,0.1971,0.0022,3.0965,0.0,9.0,10.0,0.0316,0.3,0.6484,0.4167,0.9139,0.4698,0.5025,127.0,131.0,132.0,10.0,41.0641,2
2450,40.8333,18.1452,31.397,0.3112,0.0029,3.5645,0.0,9.0,10.0,0.0315,0.3,0.6484,0.4194,0.9139,0.4694,0.5024,127.0,130.0,132.0,9.0,40.8639,2
2451,40.85,18.146,31.3983,0.2576,0.0032,3.4155,0.0,9.0,10.0,0.0316,0.3,0.6484,0.4194,0.9139,0.4698,0.5023,125.0,129.0,130.0,9.0,41.5189,2
2452,40.8667,18.2116,31.5184,0.4098,0.0035,3.5405,0.0,9.0,10.0,0.0317,0.3,0.65,0.4194,0.9139,0.4702,0.5029,116.0,119.0,120.0,11.0,41.676,3
2453,40.8833,18.2132,31.5225,0.2614,0.0033,3.4422,0.0,9.0,10.0,0.0316,0.3,0.65,0.4194,0.9139,0.4699,0.5033,123.0,125.0,127.0,9.0,41.4159,3
2454,40.9,18.2749,31.5909,0.4835,0.0038,3.1342,0.0,10.0,11.0,0.0318,0.3,0.6516,0.4194,0.9139,0.4709,0.5028,115.0,118.0,120.0,10.0,42.2713,2
2455,40.9167,18.277,31.597,0.2408,0.0032,3.1844,0.0,10.0,11.0,0.0317,0.3,0.6516,0.4222,0.9139,0.4712,0.5038,115.0,117.0,119.0,10.0,41.473,2
2456,40.9333,18.2408,31.5467,0.3813,0.0032,3.0689,0.0,10.0,11.0,0.0319,0.3,0.6484,0.4222,0.9139,0.4702,0.5042,129.0,132.0,134.0,10.0,41.6289,4
2457,40.95,18.2418,31.5488,0.1901,0.0026,2.7814,0.0,10.0,11.0,0.0317,0.3,0.6484,0.4222,0.9139,0.4704,0.5051,116.0,120.0,123.0,10.0,41.4983,4
2458,40.9667,18.2196,31.4906,0.3598,0.0021,1.7423,0.0,9.0,11.0,0.0314,0.3,0.6484,0.4222,0.9167,0.4697,0.5062,120.0,122.5,125.0,9.0,41.1492,3
2459,40.9833,18.222,31.4957,0.1304,0.0018,1.8469,0.0,9.0,11.0,0.0318,0.3,0.6484,0.4222,0.916,0.4702,0.5061,119.0,123.0,125.0,10.0,41.975,3
2460,41.0,18.2195,31.4847,0.3903,0.0019,2.4786,0.0,9.0,10.0,0.0319,0.3,0.6484,0.4222,0.9139,0.4698,0.5063,129.0,135.0,136.5,9.0,41.5351,2
2461,41.0167,18.2165,31.4787,0.104,0.0012,1.7372,0.0,9.0,10.0,0.0318,0.3,0.6484,0.425,0.9139,0.4694,0.5066,120.0,126.0,127.0,10.0,41.164,2
2462,41.0333,18.171,31.4444,0.2556,0.0014,1.457,0.0,9.0,10.0,0.0316,0.3,0.6484,0.425,0.9139,0.4696,0.5073,130.0,132.0,134.0,8.0,41.0734,2
2463,41.05,18.1717,31.4453,0.0731,0.0011,1.0261,0.0,9.0,10.0,0.0315,0.3,0.6484,0.425,0.9139,0.4697,0.5078,126.0,130.0,132.0,9.0,40.7776,2
2464,41.0667,18.1633,31.4397,0.1682,0.0008,0.7773,0.0,9.0,10.0,0.0315,0.3,0.6484,0.425,0.9139,0.4698,0.5077,134.0,140.0,140.0,8.0,41.1274,2
2465,41.0833,18.1635,31.4416,0.0346,0.0004,0.5695,0.0,9.0,10.0,0.0315,0.3,0.6484,0.425,0.9139,0.4697,0.5078,134.0,140.0,140.0,8.0,41.1352,2
2466,41.1,18.1698,31.4233,0.1081,0.0004,0.5722,0.0,9.0,10.0,0.0315,0.3,0.6484,0.425,0.9139,0.4697,0.5083,130.0,133.5,136.0,8.0,41.0594,3
2467,41.1167,18.1693,31.4213,0.0285,0.0003,0.5341,0.0,9.0,10.0,0.0316,0.3,0.6484,0.425,0.9139,0.4695,0.5083,131.0,137.0,138.0,8.0,41.0678,3
2468,41.1333,18.1721,31.4517,0.1547,0.0006,0.5844,0.0,9.0,10.0,0.0316,0.3,0.6484,0.425,0.9139,0.4697,0.508,129.0,131.5,133.0,8.0,41.176,2
2469,41.15,18.1717,31.4496,0.022,0.0004,0.3801,0.0,9.0,10.0,0.0317,0.3,0.6484,0.425,0.9139,0.4694,0.5077,129.5,131.5,133.5,9.0,41.1967,2
2470,41.1667,18.1755,31.4403,0.1379,0.0005,0.4455,0.0,9.0,10.0,0.0318,0.3,0.6484,0.425,0.9139,0.4692,0.5076,125.5,130.0,131.0,10.0,41.0877,2
2471,41.1833,18.1749,31.4363,0.0238,0.0003,0.4451,0.0,9.0,10.0,0.0318,0.3,0.6484,0.425,0.9139,0.4695,0.5075,127.5,132.0,132.5,9.5,41.1704,2
2472,41.2,18.1794,31.4303,0.1542,0.0004,0.3596,0.0,9.0,10.0,0.0318,0.3,0.6484,0.425,0.9139,0.4695,0.5075,125.5,132.0,133.0,10.0,41.0914,2
2473,41.2167,18.1796,31.4303,0.0019,0.0,0.0237,0.0,9.0,10.0,0.0318,0.3,0.6484,0.425,0.9139,0.4695,0.5075,125.0,132.0,133.0,9.0,41.1062,2
2474,41.2333,18.2173,31.4496,0.1788,0.0002,0.0311,0.0,9.0,11.0,0.0318,0.3,0.6484,0.425,0.9139,0.4701,0.5075,124.0,126.0,129.0,10.0,41.1364,2
2475,41.25,18.2176,31.4496,0.0012,0.0,0.0009,0.0,9.0,11.0,0.0318,0.3,0.6484,0.425,0.9139,0.4701,0.5075,124.0,126.0,129.0,10.0,41.1368,2
2476,41.2667,18.212,31.455,0.1222,0.0002,0.0245,0.0,10.0,11.0,0.0318,0.3,0.6484,0.425,0.9167,0.4696,0.5078,124.0,127.0,129.5,10.0,41.2421,2
2477,41.2833,18.2123,31.4549,0.0017,0.0,0.0062,0.0,10.0,11.0,0.0318,0.3,0.6484,0.425,0.9167,0.4696,0.5078,124.0,127.0,129.0,10.0,41.2483,2
2478,41.3,18.2653,31.4793,0.2572,0.0003,0.0461,0.0,10.0,12.0,0.0319,0.3,0.6484,0.425,0.9139,0.4698,0.5071,122.0,124.0,125.5,10.0,41.5338,4
2479,41.3167,18.2661,31.4796,0.0025,0.0,0.0012,0.0,10.0,12.0,0.0319,0.3,0.6484,0.425,0.9139,0.4698,0.5071,122.0,124.0,125.5,10.0,41.5339,4
2480,41.3333,18.2664,31.4543,0.263,0.0004,0.0554,0.0,10.0,12.0,0.032,0.3,0.65,0.425,0.9167,0.4701,0.5088,116.0,119.0,122.0,10.0,41.7975,4
2481,41.35,18.2669,31.4547,0.0015,0.0,0.0011,0.0,10.0,12.0,0.032,0.3,0.65,0.425,0.9167,0.4701,0.5088,116.0,119.0,122.0,10.0,41.7966,4
2482,41.3667,18.2849,31.5056,0.3095,0.0007,0.0565,0.0,9.0,10.0,0.032,0.3,0.65,0.425,0.9139,0.4699,0.5069,117.5,119.5,122.0,10.0,41.9015,5
2483,41.3833,18.2855,31.5059,0.0023,0.0,0.0,0.0,9.0,10.0,0.032,0.3,0.65,0.425,0.9139,0.4699,0.5069,117.5,119.5,122.0,10.0,41.9015,5
2484,41.4,18.2458,31.4674,0.2905,0.0005,0.0623,0.0,9.0,11.0,0.0319,0.3,0.6484,0.425,0.9139,0.469,0.5076,119.5,123.5,124.5,10.0,41.4081,2
2485,41.4167,18.2462,31.4681,0.0025,0.0,0.0084,0.0,9.0,11.0,0.0319,0.3,0.6484,0.425,0.9139,0.469,0.5076,120.0,124.0,125.0,10.0,41.3997,2
2486,41.4333,18.2543,31.4851,0.1689,0.0003,0.0336,0.0,10.0,11.0,0.032,0.3,0.6484,0.425,0.9139,0.4691,0.5073,117.0,120.0,123.0,10.0,41.74,3
2487,41.45,18.255,31.4859,0.0015,0.0,0.0065,0.0,10.0,11.0,0.032,0.3,0.6489,0.425,0.9139,0.4692,0.5073,116.5,120.0,123.0,10.0,41.7675,3
2488,41.4667,18.2095,31.4532,0.2245,0.0004,0.028,0.0,10.0,11.0,0.0318,0.3,0.6484,0.425,0.9139,0.4696,0.5074,124.0,127.0,129.0,9.0,41.2322,3
2489,41.4833,18.2099,31.4537,0.0019,0.0,0.0003,0.0,10.0,11.0,0.0318,0.3,0.6484,0.425,0.9139,0.4696,0.5074,124.0,127.0,129.5,9.0,41.236,3
2490,41.5,18.2094,31.4524,0.1623,0.0002,0.0362,0.0,9.0,11.0,0.0319,0.3,0.6484,0.425,0.9139,0.4694,0.5075,124.0,126.0,129.0,9.0,41.2327,2
2491,41.5167,18.2096,31.4526,0.0015,0.0,0.0005,0.0,10.0,11.0,0.0319,0.3,0.6484,0.425,0.9139,0.4694,0.5076,124.0,126.0,129.0,9.0,41.2266,2
2492,41.5333,18.2138,31.4457,0.1905,0.0002,0.0193,0.0,9.0,11.0,0.0319,0.3,0.6484,0.425,0.9139,0.4699,0.5072,124.0,126.0,129.0,9.0,41.2402,3
2493,41.55,18.2146,31.446,0.0029,0.0,0.0,0.0,9.0,11.0,0.0319,0.3,0.6484,0.425,0.9139,0.4699,0.5072,124.0,126.0,129.0,9.0,41.2402,3
2494,41.5667,18.2124,31.4426,0.1936,0.0003,0.0094,0.0,10.0,11.0,0.0319,0.3,0.6484,0.425,0.9139,0.4699,0.5069,122.0,124.5,126.0,10.0,41.2706,4
2495,41.5833,18.2129,31.4425,0.0018,0.0,0.0033,0.0,10.0,11.0,0.0319,0.3,0.6484,0.425,0.9139,0.4699,0.5069,122.0,124.5,126.0,9.5,41.2708,4
2496,41.6,18.1894,31.428,0.0652,0.0001,0.0187,0.0,10.0,11.0,0.0318,0.3,0.6484,0.425,0.9139,0.4698,0.5066,124.5,128.5,130.5,9.0,41.1408,3
2497,41.6167,18.1897,31.428,0.0007,0.0,0.0005,0.0,10.0,11.0,0.0318,0.3,0.6484,0.425,0.9139,0.4698,0.5066,124.0,127.0,130.0,9.0,41.138,3
2498,41.6333,18.1704,31.4052,0.1371,0.0002,0.0244,0.0,10.0,11.0,0.0318,0.3,0.6484,0.425,0.9139,0.4699,0.507,124.0,126.5,129.0,9.0,41.1064,3
2499,41.65,18.1709,31.4054,0.0012,0.0,0.0004,0.0,10.0,11.0,0.0318,0.3,0.6484,0.425,0.9139,0.4699,0.507,124.0,126.5,129.0,9.0,41.1066,3
2500,41.6667,18.169,31.4061,0.1082,0.0001,0.0313,0.0,10.0,11.0,0.0318,0.3,0.6484,0.425,0.9139,0.47,0.5068,124.5,128.5,130.5,9.0,41.0902,2
2501,41.6833,18.1691,31.4057,0.0009,0.0,0.0,0.0,10.0,11.0,0.0318,0.3,0.6484,0.425,0.9139,0.47,0.5068,124.5,128.5,130.5,9.0,41.0902,2
2502,41.7,18.1718,31.4164,0.1222,0.0002,0.039,0.0,9.0,11.0,0.0319,0.3,0.65,0.425,0.9139,0.4703,0.507,123.0,125.5,126.5,9.0,41.1921,4
2503,41.7167,18.1722,31.4168,0.001,0.0,0.0,0.0,10.0,11.0,0.0319,0.3,0.65,0.425,0.9139,0.4703,0.507,123.0,125.5,126.5,9.0,41.1921,4
2504,41.7333,18.2143,31.4585,0.1568,0.0003,0.0365,0.0,10.0,11.0,0.0319,0.3,0.65,0.425,0.9139,0.4705,0.5072,119.0,123.0,124.0,9.5,41.4034,4
2505,41.75,18.2147,31.459,0.0013,0.0,0.0047,0.0,10.0,11.0,0.0319,0.3,0.65,0.425,0.9139,0.4705,0.5072,119.0,123.0,124.0,9.5,41.4032,4
2506,41.7667,18.3827,31.709,0.2683,0.0007,0.1146,0.0,10.0,12.0,0.0323,0.3,0.654,0.4222,0.9139,0.4723,0.5058,109.0,113.0,115.0,11.0,42.8544,11
2507,41.7833,18.3835,31.7101,0.0016,0.0,0.0,0.0,10.0,12.0,0.0323,0.3,0.654,0.4222,0.9139,0.4723,0.5058,109.0,113.0,115.0,11.0,42.854,11
2508,41.8,18.3077,31.637,0.397,0.001,0.1458,0.0,10.0,11.0,0.0321,0.3,0.6516,0.425,0.9139,0.4711,0.5073,115.0,118.0,119.0,10.0,42.1395,2
2509,41.8167,18.3078,31.6378,0.0014,0.0,0.0027,0.0,10.0,11.0,0.0321,0.3,0.6516,0.425,0.9139,0.4711,0.5072,115.0,118.0,119.0,10.0,42.1407,2
2510,41.8333,18.3102,31.6551,0.3182,0.0008,0.163,0.0,10.0,12.0,0.0321,0.3,0.6516,0.425,0.9139,0.4713,0.5076,113.0,118.0,119.0,10.0,42.1288,5
2511,41.85,18.3107,31.6559,0.0016,0.0,0.0024,0.0,10.0,12.0,0.0321,0.3,0.6516,0.425,0.9139,0.4713,0.5076,113.0,118.0,119.0,10.0,42.1286,5
2512,41.8667,18.2979,31.5973,0.3499,0.0009,0.188,0.0,10.0,12.0,0.0321,0.3,0.6516,0.425,0.9139,0.4709,0.5065,115.0,118.0,120.0,10.0,42.1633,3
2513,41.8833,18.2983,31.5981,0.0018,0.0,0.0037,0.0,10.0,12.0,0.0321,0.3,0.6516,0.425,0.9139,0.4709,0.5065,115.0,118.0,120.0,10.0,42.1643,3
2514,41.9,18.2232,31.5192,0.2914,0.0007,0.2247,0.0,9.0,11.0,0.0319,0.3,0.6484,0.425,0.9139,0.4693,0.5068,119.0,123.0,124.0,9.0,41.6744,2
2515,41.9167,18.2234,31.5195,0.0019,0.0,0.0078,0.0,9.0,11.0,0.0319,0.3,0.6484,0.425,0.9139,0.4693,0.5068,119.0,123.0,124.0,9.0,41.68,2
2516,41.9333,18.2771,31.5617,0.1542,0.0004,0.1587,0.0,9.0,10.0,0.0319,0.3,0.6484,0.425,0.9139,0.4699,0.5066,116.0,120.0,122.0,10.0,42.0465,3
2517,41.95,18.2772,31.562,0.0013,0.0,0.0026,0.0,9.0,10.0,0.0319,0.3,0.6484,0.425,0.9139,0.4699,0.5066,116.0,120.0,122.0,10.0,42.0477,3
2518,41.9667,18.2368,31.4976,0.2685,0.0006,0.1893,0.0,9.0,11.0,0.0319,0.3,0.6484,0.425,0.9139,0.4699,0.5068,120.0,123.5,125.0,9.0,41.6119,2
2519,41.9833,18.2373,31.4978,0.0013,0.0,0.0028,0.0,9.0,11.0,0.0319,0.3,0.6484,0.425,0.9139,0.4699,0.5068,120.0,124.0,125.0,9.0,41.619,2
2520,42.0,18.2482,31.5138,0.3202,0.0007,0.8057,0.0,9.0,10.0,0.0319,0.3,0.6484,0.425,0.9139,0.4698,0.506,120.0,124.0,124.5,9.0,41.6386,2
2521,42.0167,18.2468,31.5122,0.0063,0.0,0.0306,0.0,9.0,10.0,0.0319,0.3,0.6484,0.425,0.9139,0.4698,0.5061,120.0,124.0,124.5,9.0,41.6769,2
2522,42.0333,18.2108,31.4604,0.2203,0.0005,0.1383,0.0,9.0,10.0,0.0318,0.3,0.6484,0.425,0.9139,0.4695,0.5074,120.0,124.0,126.0,9.0,41.5766,3
2523,42.05,18.2114,31.4606,0.0024,0.0,0.0039,0.0,9.0,10.0,0.0318,0.3,0.6484,0.425,0.9157,0.4695,0.5075,120.0,124.0,125.0,9.0,41.5979,3
2524,42.0667,18.166,31.4128,0.1689,0.0004,0.0837,0.0,9.0,10.0,0.0318,0.3,0.6484,0.425,0.9139,0.4695,0.5071,126.0,129.0,131.0,9.0,41.2465,3
2525,42.0833,18.1663,31.4128,0.0019,0.0,0.0031,0.0,9.0,10.0,0.0318,0.3,0.6484,0.425,0.9139,0.4695,0.5071,126.0,129.0,131.0,9.0,41.2477,3
2526,42.1,18.1512,31.4122,0.0726,0.0001,0.0144,0.0,9.0,10.0,0.0318,0.3,0.6484,0.425,0.9139,0.4695,0.5073,127.5,131.5,133.5,9.0,41.1176,3
2527,42.1167,18.1511,31.4123,0.0012,0.0,0.0008,0.0,9.0,10.0,0.0318,0.3,0.6484,0.425,0.9139,0.4695,0.5073,127.5,131.5,133.5,9.0,41.1189,3
2528,42.1333,18.1812,31.4385,0.1307,0.0003,0.0657,0.0,9.0,10.0,0.0318,0.3,0.65,0.425,0.9139,0.4703,0.5073,125.0,127.5,129.0,9.0,41.3811,4
2529,42.15,18.1816,31.4392,0.0012,0.0,0.001,0.0,9.0,10.0,0.0318,0.3,0.65,0.425,0.9139,0.4703,0.5073,125.0,127.5,129.0,9.0,41.3846,4
2530,42.1667,18.1816,31.4492,0.138,0.0003,0.0675,0.0,9.0,10.0,0.0318,0.3,0.6484,0.425,0.9139,0.4697,0.5071,129.0,133.0,135.0,9.0,41.2768,2
2531,42.1833,18.1822,31.4497,0.0018,0.0,0.0,0.0,9.0,10.0,0.0318,0.3,0.6484,0.425,0.9139,0.4697,0.5071,129.0,133.0,135.0,9.0,41.2771,2
2532,42.2,18.2136,31.4633,0.1802,0.0003,0.0598,0.0,10.0,11.0,0.0319,0.3,0.65,0.425,0.9167,0.4702,0.5079,124.0,126.0,127.0,9.0,41.5625,3
2533,42.2167,18.2141,31.4638,0.0017,0.0,0.0007,0.0,10.0,11.0,0.0319,0.3,0.65,0.425,0.9167,0.4702,0.5079,124.0,126.0,127.0,9.0,41.5617,3
2534,42.2333,18.1854,31.4446,0.1801,0.0003,0.0629,0.0,9.0,10.0,0.0318,0.3,0.6484,0.425,0.9139,0.4694,0.5076,127.0,133.0,134.0,9.0,41.3913,2
2535,42.25,18.1856,31.4446,0.002,0.0,0.0021,0.0,9.0,10.0,0.0318,0.3,0.6484,0.425,0.9139,0.4694,0.5076,127.0,133.0,134.0,9.0,41.3915,2
2536,42.2667,18.19,31.461,0.1004,0.0002,0.0667,0.0,9.0,10.0,0.0318,0.3,0.6484,0.425,0.9139,0.4697,0.5075,126.0,129.0,131.0,9.0,41.3236,2
2537,42.2833,18.1902,31.4612,0.0008,0.0,0.006,0.0,9.0,10.0,0.0318,0.3,0.6484,0.425,0.9139,0.4697,0.5075,126.0,129.0,131.0,9.0,41.3332,2
2538,42.3,18.1912,31.4585,0.1724,0.0002,0.0352,0.0,9.0,10.0,0.0318,0.3,0.6484,0.425,0.9139,0.4697,0.5065,129.0,134.0,136.0,9.0,41.2382,4
2539,42.3167,18.1916,31.4583,0.0012,0.0,0.0,0.0,9.0,10.0,0.0318,0.3,0.6484,0.425,0.9139,0.4697,0.5065,129.0,134.0,136.0,9.0,41.2382,4
2540,42.3333,18.1864,31.4689,0.1459,0.0002,0.0683,0.0,9.0,10.0,0.0318,0.3,0.6484,0.425,0.9139,0.4696,0.5075,126.5,132.0,133.5,9.0,41.2858,3
2541,42.35,18.1864,31.4689,0.001,0.0,0.0012,0.0,9.0,10.0,0.0318,0.3,0.6484,0.425,0.9139,0.4696,0.5075,126.5,132.0,133.5,9.0,41.2856,3
2542,42.3667,18.2217,31.5069,0.1913,0.0003,0.0846,0.0,9.0,10.0,0.0318,0.3,0.6484,0.425,0.9139,0.4696,0.5066,124.0,128.0,130.0,9.0,41.4232,4
2543,42.3833,18.2221,31.507,0.0017,0.0,0.0002,0.0,9.0,10.0,0.0318,0.3,0.6484,0.425,0.9139,0.4696,0.5066,124.0,128.0,130.0,9.0,41.4237,4
2544,42.4,18.1692,31.4391,0.1821,0.0003,0.0505,0.0,9.0,10.0,0.0318,0.3,0.6484,0.425,0.9139,0.4694,0.507,129.5,134.0,136.5,9.0,41.2308,2
2545,42.4167,18.1695,31.4392,0.001,0.0,0.0,0.0,9.0,10.0,0.0318,0.3,0.6484,0.425,0.9139,0.4694,0.507,129.5,134.0,136.5,9.0,41.231,2
2546,42.4333,18.2065,31.4339,0.1035,0.0002,0.0061,0.0,9.0,11.0,0.0319,0.3,0.6484,0.425,0.9139,0.4698,0.5075,123.5,126.0,126.5,9.0,41.4981,4
2547,42.45,18.2071,31.4344,0.0013,0.0,0.0,0.0,9.0,11.0,0.0319,0.3,0.6484,0.425,0.9139,0.4698,0.5075,123.5,126.0,126.5,9.0,41.4981,4
2548,42.4667,18.2498,31.4649,0.225,0.0004,0.0179,0.0,10.0,11.0,0.0319,0.3,0.65,0.425,0.9139,0.4706,0.5076,118.5,122.0,124.0,9.0,41.6758,5
2549,42.4833,18.25,31.4657,0.0012,0.0,0.0007,0.0,10.0,11.0,0.0319,0.3,0.65,0.425,0.9139,0.4706,0.5077,118.0,122.0,124.0,9.0,41.6849,5
2550,42.5,18.2448,31.4667,0.2301,0.0005,0.0269,0.0,10.0,11.0,0.032,0.3,0.65,0.425,0.9139,0.4707,0.5074,118.0,122.0,123.0,9.0,41.783,4
2551,42.5167,18.2452,31.4675,0.0014,0.0,0.0001,0.0,10.0,11.0,0.032,0.3,0.65,0.425,0.9139,0.4707,0.5074,118.0,122.0,123.0,9.0,41.7835,4
2552,42.5333,18.2894,31.4997,0.2859,0.0006,0.0293,0.0,10.0,11.0,0.032,0.3,0.65,0.425,0.9139,0.4703,0.508,117.0,120.0,123.0,10.0,41.8334,7
2553,42.55,18.2898,31.5007,0.0014,0.0,0.0,0.0,10.0,11.0,0.032,0.3,0.65,0.425,0.9139,0.4703,0.508,117.0,120.0,123.0,10.0,41.8325,7
2554,42.5667,18.3965,31.5917,0.4341,0.0008,0.0316,0.0,10.0,12.0,0.0322,0.3,0.6531,0.4222,0.9139,0.4723,0.5075,110.0,116.0,117.0,10.0,42.5502,8
2555,42.5833,18.4003,31.6021,0.0686,0.001,1.0077,0.0,10.0,12.0,0.032,0.3,0.6531,0.425,0.9139,0.4724,0.5082,110.0,113.0,116.0,9.0,42.3752,8
2556,42.6,18.3294,31.5786,0.3447,0.0018,1.3471,0.0,10.0,12.0,0.0317,0.3,0.65,0.425,0.9139,0.4707,0.5091,111.0,115.0,117.0,9.0,41.5862,4
2557,42.6167,18.3288,31.576,0.1274,0.0017,1.5614,0.0,10.0,12.0,0.032,0.3,0.65,0.425,0.9139,0.471,0.509,113.0,118.0,119.0,9.0,42.3799,4
2558,42.6333,18.3165,31.5391,0.5147,0.0026,2.2498,0.0,10.0,12.0,0.032,0.3,0.6503,0.425,0.9139,0.4704,0.5096,116.0,118.0,120.0,10.0,41.8502,5
2559,42.65,18.3198,31.5476,0.2108,0.0029,2.5652,0.0,10.0,12.0,0.0317,0.3,0.6516,0.4278,0.9139,0.4703,0.5113,112.0,117.0,118.0,9.0,41.4534,5
2560,42.6667,18.3213,31.5708,0.5668,0.004,3.1903,0.0,10.0,11.0,0.0321,0.3,0.6516,0.425,0.9139,0.4711,0.511,113.0,117.0,118.0,10.0,42.4196,8
2561,42.6833,18.3188,31.5619,0.2787,0.0038,3.0652,0.0,10.0,11.0,0.0319,0.3,0.6516,0.4278,0.9139,0.4715,0.5128,112.0,117.0,118.0,9.0,41.9822,8
2562,42.7,18.2142,31.4704,0.5849,0.0047,3.9833,0.0,10.0,11.0,0.0318,0.3,0.6484,0.4306,0.9139,0.4697,0.5136,124.0,126.0,128.0,9.0,41.2886,2
2563,42.7167,18.2169,31.4768,0.3407,0.0042,4.6044,0.0,10.0,11.0,0.0316,0.3,0.6484,0.4306,0.9139,0.4702,0.5152,115.0,118.5,119.0,9.0,41.7719,2
2564,42.7333,18.2397,31.4902,0.5788,0.005,4.4873,0.0,10.0,11.0,0.0316,0.3,0.6484,0.4333,0.9139,0.4699,0.5175,116.0,120.0,122.0,8.0,41.1419,2
2565,42.75,18.243,31.499,0.414,0.0051,5.3387,0.0,10.0,11.0,0.0318,0.3,0.6484,0.4333,0.9139,0.4698,0.5188,118.5,120.0,123.0,10.0,41.4171,2
2566,42.7667,18.2248,31.4846,0.5563,0.0054,6.3588,0.0,10.0,11.0,0.0317,0.3,0.6484,0.4361,0.9139,0.4701,0.5207,125.0,127.0,129.0,9.0,41.8626,2
2567,42.7833,18.228,31.4933,0.4746,0.0056,7.0492,0.0,10.0,11.0,0.0317,0.3,0.6484,0.4389,0.9139,0.4706,0.5229,119.0,124.0,125.0,9.0,41.9416,2
2568,42.8,18.2735,31.5394,0.7287,0.0062,7.2873,0.0,10.0,11.0,0.0316,0.3,0.65,0.4389,0.9139,0.4707,0.5251,116.0,119.0,120.0,10.0,41.565,3
2569,42.8167,18.2761,31.5464,0.5412,0.0065,6.6412,0.0,10.0,11.0,0.0315,0.3,0.65,0.4417,0.9139,0.4706,0.5277,118.0,122.0,123.0,8.0,41.334,3
2570,42.8333,18.2961,31.5712,0.82,0.0074,7.2387,0.0,10.0,11.0,0.0316,0.3,0.6516,0.4444,0.9139,0.4705,0.531,115.0,117.0,118.0,9.0,41.7152,5
2571,42.85,18.2981,31.5765,0.5994,0.007,8.3552,0.0,10.0,11.0,0.0318,0.3,0.6516,0.4449,0.9139,0.4708,0.5334,111.0,116.5,117.0,10.0,41.8869,5
2572,42.8667,18.206,31.5068,0.8569,0.0074,10.4974,0.0,9.0,10.0,0.0317,0.3,0.6484,0.45,0.9139,0.47,0.5363,118.0,123.0,124.0,9.0,41.7308,2
2573,42.8833,18.2093,31.5161,0.6698,0.0071,11.4571,0.0,9.0,10.0,0.0317,0.3,0.6484,0.4528,0.9139,0.4698,0.5393,126.5,129.5,131.0,8.0,41.6686,2
2574,42.9,18.2157,31.5224,0.8504,0.0077,12.6244,0.0,9.0,10.0,0.0317,0.3,0.6484,0.4556,0.9139,0.4698,0.5424,126.0,129.0,130.0,10.0,40.9859,2
2575,42.9167,18.2168,31.5257,0.7389,0.0079,12.055,0.0,9.0,10.0,0.0314,0.3,0.6484,0.4583,0.9139,0.4698,0.5462,119.0,122.0,124.0,9.0,40.8231,2
2576,42.9333,18.2041,31.5187,0.8584,0.0084,13.105,0.0,9.0,10.0,0.0316,0.3,0.6484,0.4611,0.9139,0.4699,0.5494,124.0,126.0,128.0,8.0,41.4721,2
2577,42.95,18.2087,31.532,0.8219,0.0086,14.8535,0.0,9.0,10.0,0.0316,0.3,0.6484,0.4667,0.9139,0.4697,0.5534,128.0,130.0,131.5,9.0,40.9114,2
2578,42.9667,18.2966,31.642,1.052,0.0089,16.1261,0.0,9.0,10.0,0.0316,0.3,0.65,0.4694,0.9139,0.4702,0.5568,116.0,118.0,120.0,9.0,42.4265,2
2579,42.9833,18.2986,31.6467,0.8877,0.0093,16.0548,0.0,9.0,10.0,0.0315,0.3,0.65,0.4722,0.9139,0.4698,0.5615,122.0,124.0,126.5,8.0,41.5456,2
2580,43.0,18.3111,31.6382,1.2719,0.01,18.165,0.0,9.0,10.0,0.032,0.3,0.65,0.4778,0.9139,0.4706,0.5651,126.5,129.5,130.0,8.0,42.3328,3
2581,43.0167,18.3119,31.647,0.9839,0.0096,19.3568,0.0,9.0,10.0,0.0316,0.3,0.65,0.4806,0.9139,0.4698,0.57,116.0,119.0,120.0,9.0,42.0652,3
2582,43.0333,18.2601,31.6047,1.2843,0.0106,20.2259,0.0,9.0,10.0,0.0316,0.3,0.6484,0.4861,0.9139,0.4697,0.5753,115.0,119.0,120.5,8.0,41.3848,3
2583,43.05,18.2649,31.6201,1.0694,0.0107,21.0399,0.0,9.0,10.0,0.0316,0.3,0.65,0.4889,0.9139,0.4698,0.5802,118.0,119.5,122.0,8.0,41.5649,3
2584,43.0667,18.2467,31.6228,1.3141,0.0112,22.8948,0.0,9.0,10.0,0.0316,0.3,0.65,0.4944,0.9139,0.47,0.5852,126.0,127.0,129.0,8.0,41.117,2
2585,43.0833,18.2522,31.6391,1.1708,0.0115,23.716,0.0,9.0,10.0,0.0315,0.3,0.6484,0.5,0.9139,0.4699,0.5907,123.0,127.0,129.5,8.0,41.5081,2
2586,43.1,18.2453,31.6233,1.3466,0.0119,25.247,0.0,9.0,10.0,0.0314,0.3,0.6484,0.5056,0.9139,0.4696,0.5966,123.5,125.0,126.5,8.0,41.3628,2
2587,43.1167,18.2522,31.6443,1.2743,0.0122,27.468,0.0,9.0,10.0,0.0315,0.3,0.6484,0.5111,0.9139,0.4697,0.6022,119.0,125.0,125.0,8.0,41.9369,2
2588,43.1333,18.2712,31.6878,1.4973,0.0125,29.8801,0.0,9.0,10.0,0.0318,0.3,0.65,0.5167,0.9139,0.4703,0.6078,124.0,126.5,127.0,8.0,41.8656,3
2589,43.15,18.2775,31.7079,1.3839,0.013,31.0175,0.0,9.0,10.0,0.0314,0.3,0.65,0.5222,0.9139,0.4701,0.6149,115.0,118.0,119.0,8.0,41.3417,3
2590,43.1667,18.3008,31.7401,1.6126,0.0133,34.4959,0.0,10.0,11.0,0.0319,0.3,0.65,0.5278,0.9167,0.4709,0.6216,119.0,121.5,123.0,9.0,41.9761,3
2591,43.1833,18.3012,31.7404,1.4951,0.0133,35.961,0.0,10.0,11.0,0.0317,0.3,0.65,0.5361,0.9167,0.4709,0.6288,117.0,120.0,122.0,8.0,42.402,3
2592,43.2,18.5147,31.9977,1.9887,0.0148,38.5134,0.0,10.0,13.0,0.032,0.3,0.6516,0.5389,0.9167,0.4712,0.6371,109.0,112.0,114.0,8.0,43.0128,9
2593,43.2167,18.5231,32.0203,1.6379,0.0146,39.5937,0.0,10.0,13.0,0.0318,0.3,0.6516,0.5444,0.9167,0.4709,0.6448,109.0,113.0,115.0,9.0,42.6455,9
2594,43.2333,18.3653,31.8502,2.1112,0.0158,43.4347,0.0,10.0,12.0,0.0316,0.3,0.65,0.5556,0.9144,0.4696,0.652,112.0,117.0,118.0,8.0,42.2189,2
2595,43.25,18.3712,31.868,1.7846,0.0154,46.4915,0.0,10.0,12.0,0.0318,0.3,0.65,0.5639,0.9139,0.4695,0.6608,119.0,120.0,123.0,9.0,42.017,2
2596,43.2667,18.2942,31.7863,1.9744,0.0162,49.4466,0.0,9.0,10.0,0.0314,0.3,0.6484,0.575,0.9139,0.4691,0.6708,118.0,120.0,123.0,8.0,41.1372,2
2597,43.2833,18.3023,31.4037,1.9583,0.0162,53.6108,0.0,9.0,10.0,0.0318,0.3,0.6484,0.5861,0.9139,0.4695,0.6798,132.5,136.5,138.0,8.0,41.6477,2
2598,43.3,18.3465,30.237,2.2505,0.017,56.8169,0.0,9.0,10.0,0.0318,0.3,0.65,0.5944,0.9139,0.4699,0.6896,119.0,121.0,124.0,8.0,42.2147,3
2599,43.3167,18.354,28.7291,2.1448,0.0173,60.3647,0.0,9.0,10.0,0.0319,0.3,0.65,0.6028,0.9139,0.4703,0.7002,118.5,121.0,123.5,8.0,42.1047,3
2600,43.3333,18.368,26.8292,2.464,0.0182,64.3766,0.0,9.0,10.0,0.0315,0.3,0.6491,0.6167,0.9139,0.4702,0.7128,131.0,133.0,134.0,6.0,41.67,2
2601,43.35,18.3743,24.9458,2.3742,0.018,68.2228,0.0,9.0,10.0,0.0318,0.3,0.6484,0.6278,0.9139,0.4705,0.7243,127.0,129.5,130.5,7.0,42.0436,2
2602,43.3667,18.4577,22.8727,2.8005,0.0193,72.184,0.0,10.0,12.0,0.0318,0.3,0.6516,0.6361,0.9139,0.4711,0.7356,115.0,118.0,119.0,7.0,43.0931,4
2603,43.3833,18.4654,20.6798,2.6561,0.0198,74.3362,0.0,10.0,12.0,0.032,0.3,0.6516,0.65,0.9139,0.471,0.7494,115.0,118.0,119.0,8.0,42.4916,3
2604,43.4,18.5746,18.725,3.2418,0.0213,78.7655,0.0,10.0,13.0,0.032,0.3,0.6531,0.6611,0.9167,0.4728,0.7629,111.5,116.0,116.0,7.0,43.6753,10
2605,43.4167,18.5824,15.9726,3.0075,0.0216,78.7987,0.0,10.0,13.0,0.0319,0.3,0.6539,0.675,0.9167,0.4719,0.7791,111.0,117.0,117.0,7.0,43.5978,9
2606,43.4333,18.4702,12.9754,3.4896,0.0233,81.3429,0.0,9.0,10.0,0.0318,0.3,0.65,0.6944,0.9139,0.4709,0.7986,113.0,117.0,118.0,6.0,42.7891,2
2607,43.45,18.4837,11.6809,3.4707,0.0251,82.1007,0.0,9.0,10.0,0.0318,0.3,0.65,0.7111,0.9139,0.4705,0.8176,117.0,120.0,122.0,6.0,42.5492,1
2608,43.4667,18.5052,10.7517,4.0992,0.0271,82.8436,0.0,10.0,11.0,0.0309,0.3,0.65,0.7306,0.9333,0.4686,0.837,161.5,163.0,165.0,4.0,41.0771,3
2609,43.4833,18.5101,10.3924,4.1501,0.0288,76.5288,0.0,10.0,13.0,0.0307,0.3,0.65,0.75,0.9583,0.4682,0.8607,155.0,158.0,161.0,5.0,41.1864,3
2610,43.5,18.5219,10.406,5.0182,0.0326,73.992,0.0,10.0,13.0,0.0309,0.2985,0.6484,0.7722,0.9889,0.4678,0.8897,158.0,159.0,159.0,5.0,39.9945,5
2611,43.5167,17.8722,10.4065,4.716,0.0293,70.5866,0.0,12.0,16.0,0.0258,0.2984,0.65,0.7972,0.9972,0.4753,0.9064,126.0,127.0,129.0,5.0,44.474,4
2612,43.5333,15.6609,10.3262,4.3504,0.0259,65.4018,0.0,12.0,16.0,0.021,0.2984,0.6516,0.8278,0.9972,0.4919,0.9315,109.0,113.0,115.5,7.0,46.8419,1
2613,43.55,12.6573,10.3269,4.3983,0.0215,80.8378,0.0,10.0,13.0,0.0074,0.1929,0.6547,0.3216,0.9972,0.5915,0.9153,100.0,104.0,105.0,14.0,59.8353,1
2614,43.5667,12.4855,10.4458,2.1255,0.0079,112.2437,0.0,10.0,13.0,0.0054,0.1308,0.8027,0.2375,0.9972,0.5853,0.9275,87.5,94.5,96.5,16.5,67.3675,4
2615,43.5833,11.3751,10.4419,1.1126,0.0043,0.1573,0.0,10.0,12.0,0.0011,0.0388,0.937,0.1093,0.9972,0.4975,0.8134,75.0,87.0,90.0,24.0,161.7273,5
2616,43.6,11.197,10.2937,0.2384,0.0003,1.1675,0.0,10.0,12.0,0.0009,0.0829,0.9128,0.1179,0.9972,0.5031,0.8598,83.0,90.0,93.0,22.0,165.7268,2
2617,43.6167,11.1961,10.2942,0.0031,0.0,0.0,0.0,10.0,12.0,0.0009,0.0829,0.9128,0.1179,0.9972,0.5031,0.8598,83.0,90.0,93.0,22.0,165.7268,2
2618,43.6333,11.159,10.2729,0.2478,0.0004,0.0446,0.0,10.0,11.0,0.0009,0.0952,0.8763,0.108,0.9972,0.5083,0.8564,84.0,93.0,95.0,22.0,166.2221,4
2619,43.65,11.1602,10.2737,0.0033,0.0,0.0,0.0,10.0,11.0,0.0009,0.0952,0.8763,0.108,0.9972,0.5083,0.8564,84.0,93.0,95.0,22.0,166.2221,4
2620,43.6667,11.1474,10.2773,0.1893,0.0003,0.0938,0.0,10.0,11.0,0.0008,0.1919,0.9825,0.1056,0.9194,0.5078,0.8359,87.0,94.0,97.0,22.0,164.3667,3
2621,43.6833,11.1479,10.2769,0.0017,0.0,0.0,0.0,10.0,11.0,0.0008,0.1919,0.9825,0.1056,0.9194,0.5078,0.8359,87.0,94.0,97.0,22.0,164.3667,3
2622,43.7,10.9401,10.123,0.3443,0.0008,0.0,0.0,9.0,10.0,0.0,,,,,,,,,,,,
2623,43.7167,10.9374,10.1205,0.0072,0.0,0.0,0.0,9.0,10.0,0.0,,,,,,,,,,,,
2624,43.7333,0.0001,0.0,11.5187,0.0,0.0,0.0,0.0,0.0,0.0,,,,,,,,,,,,
2625,43.75,0.0001,0.0,0.0,0.0,0.0,0.0,0.0,0.0,0.0,,,,,,,,,,,,
2626,43.7667,0.0001,0.0,0.0,0.0,0.0,0.0,0.0,0.0,0.0,,,,,,,,,,,,
2627,43.7833,0.0001,0.0,0.0,0.0,0.0,0.0,0.0,0.0,0.0,,,,,,,,,,,,
2628,43.8,0.0,0.0,0.0,0.0,0.0,0.0,0.0,0.0,0.0,,,,,,,,,,,,
2629,43.8167,0.0,0.0,0.0,0.0,0.0,0.0,0.0,0.0,0.0,,,,,,,,,,,,
2630,43.8333,0.0,0.0,0.0,0.0,0.0,0.0,0.0,0.0,0.0,,,,,,,,,,,,
2631,43.85,0.0,0.0,0.0,0.0,0.0,0.0,0.0,0.0,0.0,,,,,,,,,,,,
2632,43.8667,0.0,0.0,0.0,0.0,0.0,0.0,0.0,0.0,0.0,,,,,,,,,,,,
2633,43.8833,0.0,0.0,0.0,0.0,0.0,0.0,0.0,0.0,0.0,,,,,,,,,,,,
2634,43.9,0.0,0.0,0.0,0.0,0.0,0.0,0.0,0.0,0.0,,,,,,,,,,,,
2635,43.9167,0.0,0.0,0.0,0.0,0.0,0.0,0.0,0.0,0.0,,,,,,,,,,,,
2636,43.9333,0.0,0.0,0.0,0.0,0.0,0.0,0.0,0.0,0.0,,,,,,,,,,,,
2637,43.95,0.0,0.0,0.0,0.0,0.0,0.0,0.0,0.0,0.0,,,,,,,,,,,,
2638,43.9667,0.0,0.0,0.0,0.0,0.0,0.0,0.0,0.0,0.0,,,,,,,,,,,,
2639,43.9833,0.0,0.0,0.0,0.0,0.0,0.0,0.0,0.0,0.0,,,,,,,,,,,,
2640,44.0,0.0,0.0,0.0,0.0,0.0,0.0,0.0,0.0,0.0,,,,,,,,,,,,
2641,44.0167,0.0,0.0,0.0,0.0,0.0,0.0,0.0,0.0,0.0,,,,,,,,,,,,
2642,44.0333,0.0,0.0,0.0,0.0,0.0,0.0,0.0,0.0,0.0,,,,,,,,,,,,
2643,44.05,0.0,0.0,0.0,0.0,0.0,0.0,0.0,0.0,0.0,,,,,,,,,,,,
2644,44.0667,0.0,0.0,0.0,0.0,0.0,0.0,0.0,0.0,0.0,,,,,,,,,,,,
2645,44.0833,0.0,0.0,0.0,0.0,0.0,0.0,0.0,0.0,0.0,,,,,,,,,,,,
2646,44.1,0.0,0.0,0.0,0.0,0.0,0.0,0.0,0.0,0.0,,,,,,,,,,,,
2647,44.1167,0.0,0.0,0.0,0.0,0.0,0.0,0.0,0.0,0.0,,,,,,,,,,,,
2648,44.1333,0.0,0.0,0.0,0.0,0.0,0.0,0.0,0.0,0.0,,,,,,,,,,,,
2649,44.15,0.0,0.0,0.0,0.0,0.0,0.0,0.0,0.0,0.0,,,,,,,,,,,,
2650,44.1667,0.0,0.0,0.0,0.0,0.0,0.0,0.0,0.0,0.0,,,,,,,,,,,,
2651,44.1833,0.0,0.0,0.0,0.0,0.0,0.0,0.0,0.0,0.0,,,,,,,,,,,,
2652,44.2,0.0,0.0,0.0,0.0,0.0,0.0,0.0,0.0,0.0,,,,,,,,,,,,
2653,44.2167,0.0,0.0,0.0,0.0,0.0,0.0,0.0,0.0,0.0,,,,,,,,,,,,
2654,44.2333,0.0,0.0,0.0,0.0,0.0,0.0,0.0,0.0,0.0,,,,,,,,,,,,
2655,44.25,0.0,0.0,0.0,0.0,0.0,0.0,0.0,0.0,0.0,,,,,,,,,,,,
2656,44.2667,0.0,0.0,0.0,0.0,0.0,0.0,0.0,0.0,0.0,,,,,,,,,,,,
2657,44.2833,0.0,0.0,0.0,0.0,0.0,0.0,0.0,0.0,0.0,,,,,,,,,,,,
2658,44.3,0.0,0.0,0.0,0.0,0.0,0.0,0.0,0.0,0.0,,,,,,,,,,,,
2659,44.3167,0.0,0.0,0.0,0.0,0.0,0.0,0.0,0.0,0.0,,,,,,,,,,,,
2660,44.3333,0.0,0.0,0.0,0.0,0.0,0.0,0.0,0.0,0.0,,,,,,,,,,,,
2661,44.35,0.0,0.0,0.0,0.0,0.0,0.0,0.0,0.0,0.0,,,,,,,,,,,,
2662,44.3667,0.0,0.0,0.0,0.0,0.0,0.0,0.0,0.0,0.0,,,,,,,,,,,,
2663,44.3833,0.0,0.0,0.0,0.0,0.0,0.0,0.0,0.0,0.0,,,,,,,,,,,,
2664,44.4,0.0,0.0,0.0,0.0,0.0,0.0,0.0,0.0,0.0,,,,,,,,,,,,
2665,44.4167,0.0,0.0,0.0,0.0,0.0,0.0,0.0,0.0,0.0,,,,,,,,,,,,
2666,44.4333,0.0,0.0,0.0,0.0,0.0,0.0,0.0,0.0,0.0,,,,,,,,,,,,
2667,44.45,0.0,0.0,0.0,0.0,0.0,0.0,0.0,0.0,0.0,,,,,,,,,,,,
2668,44.4667,0.0,0.0,0.0,0.0,0.0,0.0,0.0,0.0,0.0,,,,,,,,,,,,
2669,44.4833,0.0,0.0,0.0,0.0,0.0,0.0,0.0,0.0,0.0,,,,,,,,,,,,
2670,44.5,0.0,0.0,0.0,0.0,0.0,0.0,0.0,0.0,0.0,,,,,,,,,,,,
2671,44.5167,0.0,0.0,0.0,0.0,0.0,0.0,0.0,0.0,0.0,,,,,,,,,,,,
2672,44.5333,0.0,0.0,0.0,0.0,0.0,0.0,0.0,0.0,0.0,,,,,,,,,,,,
2673,44.55,0.0,0.0,0.0,0.0,0.0,0.0,0.0,0.0,0.0,,,,,,,,,,,,
2674,44.5667,0.0,0.0,0.0,0.0,0.0,0.0,0.0,0.0,0.0,,,,,,,,,,,,
2675,44.5833,0.0,0.0,0.0,0.0,0.0,0.0,0.0,0.0,0.0,,,,,,,,,,,,
2676,44.6,0.0,0.0,0.0,0.0,0.0,0.0,0.0,0.0,0.0,,,,,,,,,,,,
2677,44.6167,0.0,0.0,0.0,0.0,0.0,0.0,0.0,0.0,0.0,,,,,,,,,,,,
2678,44.6333,0.0,0.0,0.0,0.0,0.0,0.0,0.0,0.0,0.0,,,,,,,,,,,,
2679,44.65,0.0,0.0,0.0,0.0,0.0,0.0,0.0,0.0,0.0,,,,,,,,,,,,
2680,44.6667,0.0,0.0,0.0,0.0,0.0,0.0,0.0,0.0,0.0,,,,,,,,,,,,
2681,44.6833,0.0,0.0,0.0,0.0,0.0,0.0,0.0,0.0,0.0,,,,,,,,,,,,
2682,44.7,0.0,0.0,0.0,0.0,0.0,0.0,0.0,0.0,0.0,,,,,,,,,,,,
2683,44.7167,0.0,0.0,0.0,0.0,0.0,0.0,0.0,0.0,0.0,,,,,,,,,,,,
2684,44.7333,0.0,0.0,0.0,0.0,0.0,0.0,0.0,0.0,0.0,,,,,,,,,,,,
2685,44.75,0.0,0.0,0.0,0.0,0.0,0.0,0.0,0.0,0.0,,,,,,,,,,,,
2686,44.7667,0.0,0.0,0.0,0.0,0.0,0.0,0.0,0.0,0.0,,,,,,,,,,,,
2687,44.7833,0.0,0.0,0.0,0.0,0.0,0.0,0.0,0.0,0.0,,,,,,,,,,,,
2688,44.8,0.0,0.0,0.0,0.0,0.0,0.0,0.0,0.0,0.0,,,,,,,,,,,,
2689,44.8167,0.0,0.0,0.0,0.0,0.0,0.0,0.0,0.0,0.0,,,,,,,,,,,,
2690,44.8333,0.0,0.0,0.0,0.0,0.0,0.0,0.0,0.0,0.0,,,,,,,,,,,,
2691,44.85,0.0,0.0,0.0,0.0,0.0,0.0,0.0,0.0,0.0,,,,,,,,,,,,
2692,44.8667,0.0,0.0,0.0,0.0,0.0,0.0,0.0,0.0,0.0,,,,,,,,,,,,
2693,44.8833,0.0,0.0,0.0,0.0,0.0,0.0,0.0,0.0,0.0,,,,,,,,,,,,
2694,44.9,0.0,0.0,0.0,0.0,0.0,0.0,0.0,0.0,0.0,,,,,,,,,,,,
2695,44.9167,0.0,0.0,0.0,0.0,0.0,0.0,0.0,0.0,0.0,,,,,,,,,,,,
2696,44.9333,0.0,0.0,0.0,0.0,0.0,0.0,0.0,0.0,0.0,,,,,,,,,,,,
2697,44.95,0.0,0.0,0.0,0.0,0.0,0.0,0.0,0.0,0.0,,,,,,,,,,,,
2698,44.9667,0.0,0.0,0.0,0.0,0.0,0.0,0.0,0.0,0.0,,,,,,,,,,,,
2699,44.9833,0.0,0.0,0.0,0.0,0.0,0.0,0.0,0.0,0.0,,,,,,,,,,,,
2700,45.0,0.0,0.0,0.0,0.0,0.0,0.0,0.0,0.0,0.0,,,,,,,,,,,,
2701,45.0167,0.0,0.0,0.0,0.0,0.0,0.0,0.0,0.0,0.0,,,,,,,,,,,,
2702,45.0333,0.0,0.0,0.0,0.0,0.0,0.0,0.0,0.0,0.0,,,,,,,,,,,,
2703,45.05,0.0,0.0,0.0,0.0,0.0,0.0,0.0,0.0,0.0,,,,,,,,,,,,
2704,45.0667,0.0,0.0,0.0,0.0,0.0,0.0,0.0,0.0,0.0,,,,,,,,,,,,
2705,45.0833,0.0,0.0,0.0,0.0,0.0,0.0,0.0,0.0,0.0,,,,,,,,,,,,
2706,45.1,0.0,0.0,0.0,0.0,0.0,0.0,0.0,0.0,0.0,,,,,,,,,,,,
2707,45.1167,0.0,0.0,0.0,0.0,0.0,0.0,0.0,0.0,0.0,,,,,,,,,,,,
2708,45.1333,0.0,0.0,0.0,0.0,0.0,0.0,0.0,0.0,0.0,,,,,,,,,,,,
2709,45.15,0.0,0.0,0.0,0.0,0.0,0.0,0.0,0.0,0.0,,,,,,,,,,,,
2710,45.1667,0.0,0.0,0.0,0.0,0.0,0.0,0.0,0.0,0.0,,,,,,,,,,,,
2711,45.1833,0.0,0.0,0.0,0.0,0.0,0.0,0.0,0.0,0.0,,,,,,,,,,,,
2712,45.2,0.0,0.0,0.0,0.0,0.0,0.0,0.0,0.0,0.0,,,,,,,,,,,,
2713,45.2167,0.0,0.0,0.0,0.0,0.0,0.0,0.0,0.0,0.0,,,,,,,,,,,,
2714,45.2333,0.0,0.0,0.0,0.0,0.0,0.0,0.0,0.0,0.0,,,,,,,,,,,,
2715,45.25,0.0,0.0,0.0,0.0,0.0,0.0,0.0,0.0,0.0,,,,,,,,,,,,
2716,45.2667,0.0,0.0,0.0,0.0,0.0,0.0,0.0,0.0,0.0,,,,,,,,,,,,
2717,45.2833,0.0,0.0,0.0,0.0,0.0,0.0,0.0,0.0,0.0,,,,,,,,,,,,
2718,45.3,0.0,0.0,0.0,0.0,0.0,0.0,0.0,0.0,0.0,,,,,,,,,,,,
2719,45.3167,0.0,0.0,0.0,0.0,0.0,0.0,0.0,0.0,0.0,,,,,,,,,,,,
2720,45.3333,0.0,0.0,0.0,0.0,0.0,0.0,0.0,0.0,0.0,,,,,,,,,,,,
2721,45.35,0.0,0.0,0.0,0.0,0.0,0.0,0.0,0.0,0.0,,,,,,,,,,,,
2722,45.3667,0.0,0.0,0.0,0.0,0.0,0.0,0.0,0.0,0.0,,,,,,,,,,,,
2723,45.3833,0.0,0.0,0.0,0.0,0.0,0.0,0.0,0.0,0.0,,,,,,,,,,,,
2724,45.4,0.0,0.0,0.0,0.0,0.0,0.0,0.0,0.0,0.0,,,,,,,,,,,,
2725,45.4167,0.0,0.0,0.0,0.0,0.0,0.0,0.0,0.0,0.0,,,,,,,,,,,,
2726,45.4333,0.0,0.0,0.0,0.0,0.0,0.0,0.0,0.0,0.0,,,,,,,,,,,,
2727,45.45,0.0,0.0,0.0,0.0,0.0,0.0,0.0,0.0,0.0,,,,,,,,,,,,
2728,45.4667,0.0,0.0,0.0,0.0,0.0,0.0,0.0,0.0,0.0,,,,,,,,,,,,
2729,45.4833,0.0,0.0,0.0,0.0,0.0,0.0,0.0,0.0,0.0,,,,,,,,,,,,
2730,45.5,0.0,0.0,0.0,0.0,0.0,0.0,0.0,0.0,0.0,,,,,,,,,,,,
2731,45.5167,0.0,0.0,0.0,0.0,0.0,0.0,0.0,0.0,0.0,,,,,,,,,,,,
2732,45.5333,0.0,0.0,0.0,0.0,0.0,0.0,0.0,0.0,0.0,,,,,,,,,,,,
2733,45.55,0.0,0.0,0.0,0.0,0.0,0.0,0.0,0.0,0.0,,,,,,,,,,,,
2734,45.5667,0.0,0.0,0.0,0.0,0.0,0.0,0.0,0.0,0.0,,,,,,,,,,,,
2735,45.5833,0.0,0.0,0.0,0.0,0.0,0.0,0.0,0.0,0.0,,,,,,,,,,,,
2736,45.6,0.0,0.0,0.0,0.0,0.0,0.0,0.0,0.0,0.0,,,,,,,,,,,,
2737,45.6167,0.0,0.0,0.0,0.0,0.0,0.0,0.0,0.0,0.0,,,,,,,,,,,,
2738,45.6333,0.0,0.0,0.0,0.0,0.0,0.0,0.0,0.0,0.0,,,,,,,,,,,,
2739,45.65,0.0,0.0,0.0,0.0,0.0,0.0,0.0,0.0,0.0,,,,,,,,,,,,
2740,45.6667,0.0,0.0,0.0,0.0,0.0,0.0,0.0,0.0,0.0,,,,,,,,,,,,
2741,45.6833,0.0,0.0,0.0,0.0,0.0,0.0,0.0,0.0,0.0,,,,,,,,,,,,
2742,45.7,0.0,0.0,0.0,0.0,0.0,0.0,0.0,0.0,0.0,,,,,,,,,,,,
2743,45.7167,0.0,0.0,0.0,0.0,0.0,0.0,0.0,0.0,0.0,,,,,,,,,,,,
2744,45.7333,0.0,0.0,0.0,0.0,0.0,0.0,0.0,0.0,0.0,,,,,,,,,,,,
2745,45.75,0.0,0.0,0.0,0.0,0.0,0.0,0.0,0.0,0.0,,,,,,,,,,,,
2746,45.7667,0.0,0.0,0.0,0.0,0.0,0.0,0.0,0.0,0.0,,,,,,,,,,,,
2747,45.7833,0.0,0.0,0.0,0.0,0.0,0.0,0.0,0.0,0.0,,,,,,,,,,,,
2748,45.8,0.0,0.0,0.0,0.0,0.0,0.0,0.0,0.0,0.0,,,,,,,,,,,,
2749,45.8167,0.0,0.0,0.0,0.0,0.0,0.0,0.0,0.0,0.0,,,,,,,,,,,,
2750,45.8333,0.0,0.0,0.0,0.0,0.0,0.0,0.0,0.0,0.0,,,,,,,,,,,,
2751,45.85,0.0,0.0,0.0,0.0,0.0,0.0,0.0,0.0,0.0,,,,,,,,,,,,
2752,45.8667,0.0,0.0,0.0,0.0,0.0,0.0,0.0,0.0,0.0,,,,,,,,,,,,
2753,45.8833,0.0,0.0,0.0,0.0,0.0,0.0,0.0,0.0,0.0,,,,,,,,,,,,
2754,45.9,0.0,0.0,0.0,0.0,0.0,0.0,0.0,0.0,0.0,,,,,,,,,,,,
2755,45.9167,0.0,0.0,0.0,0.0,0.0,0.0,0.0,0.0,0.0,,,,,,,,,,,,
2756,45.9333,0.0,0.0,0.0,0.0,0.0,0.0,0.0,0.0,0.0,,,,,,,,,,,,
2757,45.95,0.0,0.0,0.0,0.0,0.0,0.0,0.0,0.0,0.0,,,,,,,,,,,,
2758,45.9667,0.0,0.0,0.0,0.0,0.0,0.0,0.0,0.0,0.0,,,,,,,,,,,,
2759,45.9833,0.0,0.0,0.0,0.0,0.0,0.0,0.0,0.0,0.0,,,,,,,,,,,,
2760,46.0,0.0,0.0,0.0,0.0,0.0,0.0,0.0,0.0,0.0,,,,,,,,,,,,
2761,46.0167,0.0,0.0,0.0,0.0,0.0,0.0,0.0,0.0,0.0,,,,,,,,,,,,
2762,46.0333,0.0,0.0,0.0,0.0,0.0,0.0,0.0,0.0,0.0,,,,,,,,,,,,
2763,46.05,0.0,0.0,0.0,0.0,0.0,0.0,0.0,0.0,0.0,,,,,,,,,,,,
2764,46.0667,0.0,0.0,0.0,0.0,0.0,0.0,0.0,0.0,0.0,,,,,,,,,,,,
2765,46.0833,0.0,0.0,0.0,0.0,0.0,0.0,0.0,0.0,0.0,,,,,,,,,,,,
2766,46.1,0.0,0.0,0.0,0.0,0.0,0.0,0.0,0.0,0.0,,,,,,,,,,,,
2767,46.1167,0.0,0.0,0.0,0.0,0.0,0.0,0.0,0.0,0.0,,,,,,,,,,,,
2768,46.1333,0.0,0.0,0.0,0.0,0.0,0.0,0.0,0.0,0.0,,,,,,,,,,,,
