frame,time,luma,center_luma,diff,mask_change,fg_diff,bg_r,bg_g,bg_b,fg_area,x0,x1,y0,y1,cx,cy,fg_r,fg_g,fg_b,fg_sat,sharp,bands
0,0.0,0.0,0.0,0.0,1.0,255.0,0.0,0.0,0.0,0.0,,,,,,,,,,,,
1,0.0333,0.0086,0.0258,0.0086,0.0,0.0,0.0,0.0,0.0,0.0,,,,,,,,,,,,
2,0.0667,0.0256,0.0769,0.0172,0.0,0.0,0.0,0.0,0.0,0.0,,,,,,,,,,,,
3,0.1,0.0419,0.1255,0.0169,0.0,0.0,0.0,0.0,0.0,0.0,,,,,,,,,,,,
4,0.1333,0.0638,0.1911,0.0232,0.0,0.0,0.0,0.0,0.0,0.0,,,,,,,,,,,,
5,0.1667,0.0925,0.2774,0.0302,0.0003,22.5556,0.0,0.0,0.0,0.0003,,,,,,,,,,,,
6,0.2,0.1265,0.3791,0.0367,0.0005,20.5469,0.0,0.0,0.0,0.0007,0.4245,0.5595,0.4583,0.5565,0.4622,0.5069,77.0,77.0,77.0,0.0,123.8313,6
7,0.2333,0.16,0.4796,0.0393,0.0004,16.6242,0.0,0.0,0.0,0.0011,0.4257,0.5728,0.4595,0.5556,0.4755,0.5048,76.0,76.0,76.0,0.0,138.0453,3
8,0.2667,0.1932,0.5793,0.0418,0.0004,14.5345,0.0,0.0,0.0,0.0013,0.425,0.5765,0.4583,0.5556,0.4801,0.505,86.0,86.0,86.0,0.0,144.7105,1
9,0.3,0.2289,0.6863,0.0479,0.0004,15.8505,0.0,0.0,0.0,0.0015,0.425,0.5766,0.4583,0.5556,0.4838,0.5052,96.0,96.0,96.0,0.0,155.1026,2
10,0.3333,0.2707,0.8115,0.0567,0.0004,17.5893,0.0,0.0,0.0,0.0016,0.4247,0.5769,0.4583,0.5556,0.4852,0.504,108.0,108.0,108.0,0.0,164.8474,1
11,0.3667,0.3167,0.9493,0.0635,0.0003,18.5497,0.0,0.0,0.0,0.0018,0.425,0.5781,0.4583,0.5554,0.4873,0.5037,122.0,122.0,122.0,0.0,176.83,1
12,0.4,0.366,1.097,0.0697,0.0003,18.213,0.0,0.0,0.0,0.0019,0.424,0.5781,0.4566,0.5545,0.4894,0.5035,133.0,133.0,133.0,0.0,180.8702,1
13,0.4333,0.4157,1.2461,0.0733,0.0003,18.5131,0.0,0.0,0.0,0.0021,0.4234,0.5797,0.4578,0.5556,0.4893,0.5037,141.0,141.0,141.0,0.0,181.9771,1
14,0.4667,0.4654,1.395,0.0752,0.0004,17.9843,0.0,0.0,0.0,0.0022,0.4234,0.5797,0.4556,0.5556,0.4896,0.504,152.5,152.5,152.5,0.0,189.39,1
15,0.5,0.513,1.5377,0.0746,0.0004,16.4863,0.0,0.0,0.0,0.0023,0.4234,0.5797,0.4556,0.5556,0.4889,0.5035,158.0,158.0,158.0,0.0,188.321,1
16,0.5333,0.5577,1.6718,0.0728,0.0004,15.7257,0.0,0.0,0.0,0.0025,0.4231,0.5812,0.4556,0.5556,0.4903,0.5034,165.5,165.5,165.5,0.0,183.2302,1
17,0.5667,0.6005,1.8,0.0744,0.0005,15.0827,0.0,0.0,0.0,0.0029,0.4229,0.5812,0.4556,0.5556,0.49,0.5028,159.0,159.0,159.0,0.0,166.6456,1
18,0.6,0.6366,1.9084,0.073,0.0005,13.3079,0.0,0.0,0.0,0.0031,0.422,0.5827,0.4556,0.5556,0.4916,0.5028,161.0,161.0,161.0,0.0,159.447,1
19,0.6333,0.6697,2.0077,0.0726,0.0004,13.2211,0.0,0.0,0.0,0.0033,0.4219,0.5828,0.4556,0.5556,0.4928,0.5024,165.0,165.0,165.0,0.0,155.4417,1
20,0.6667,0.699,2.0952,0.0712,0.0004,11.9638,0.0,0.0,0.0,0.0034,0.4219,0.5828,0.4556,0.5556,0.4922,0.5019,165.5,165.5,165.5,0.0,152.3005,1
21,0.7,0.7254,2.1744,0.0706,0.0004,11.3966,0.0,0.0,0.0,0.0036,0.4219,0.5841,0.4556,0.5556,0.492,0.5019,162.0,162.0,162.0,0.0,148.7387,1
22,0.7333,0.7507,2.2504,0.0713,0.0005,11.0064,0.0,0.0,0.0,0.0037,0.4203,0.5844,0.4528,0.5556,0.4927,0.5018,160.0,160.0,160.0,0.0,142.5111,1
23,0.7667,0.7764,2.3273,0.0728,0.0004,11.0339,0.0,0.0,0.0,0.0039,0.4203,0.5844,0.4528,0.5556,0.4921,0.5015,160.0,160.0,160.0,0.0,136.8826,1
24,0.8,0.7873,2.36,0.0679,0.0003,10.6961,0.0,0.0,0.0,0.0039,0.4203,0.5844,0.4528,0.5556,0.4928,0.5013,159.5,159.5,159.5,0.0,137.7328,1
25,0.8333,0.796,2.3863,0.068,0.0004,9.9521,0.0,0.0,0.0,0.0039,0.4203,0.5859,0.4528,0.5556,0.4923,0.5012,164.0,164.0,164.0,0.0,137.1361,1
26,0.8667,0.8034,2.4082,0.0686,0.0004,10.2654,0.0,0.0,0.0,0.0039,0.4188,0.5859,0.4528,0.5556,0.4925,0.5013,162.0,162.0,162.0,0.0,137.0297,1
27,0.9,0.8103,2.4291,0.0693,0.0004,10.2254,0.0,0.0,0.0,0.004,0.4188,0.5859,0.4528,0.5556,0.493,0.5011,161.0,161.0,161.0,0.0,137.3232,1
28,0.9333,0.8153,2.4441,0.0702,0.0004,10.1219,0.0,0.0,0.0,0.0041,0.4178,0.5859,0.4528,0.5556,0.4922,0.5012,158.0,158.0,158.0,0.0,136.2047,1
29,0.9667,0.8184,2.4533,0.0713,0.0004,10.0134,0.0,0.0,0.0,0.0042,0.4172,0.5866,0.45,0.5583,0.4929,0.5007,155.0,155.0,155.0,0.0,135.5423,1
30,1.0,0.8198,2.4576,0.0712,0.0004,10.1512,0.0,0.0,0.0,0.0042,0.4172,0.5875,0.45,0.5583,0.4934,0.5007,159.0,159.0,159.0,0.0,133.6608,1
31,1.0333,0.8184,2.4532,0.0731,0.0004,10.1705,0.0,0.0,0.0,0.0042,0.4168,0.5875,0.45,0.5556,0.4936,0.5001,155.0,155.0,155.0,0.0,133.889,1
32,1.0667,0.8161,2.4465,0.0745,0.0003,10.651,0.0,0.0,0.0,0.0042,0.4156,0.5881,0.45,0.5556,0.494,0.5003,159.0,159.0,159.0,0.0,137.0031,1
33,1.1,0.811,2.431,0.0764,0.0005,10.4325,0.0,0.0,0.0,0.0042,0.4156,0.5891,0.45,0.5564,0.4939,0.5003,159.5,159.5,159.5,0.0,140.633,1
34,1.1333,0.805,2.4132,0.0784,0.0005,10.6004,0.0,0.0,0.0,0.0043,0.4156,0.5891,0.45,0.5583,0.4936,0.5003,157.0,157.0,157.0,0.0,141.9483,1
35,1.1667,0.7995,2.3966,0.0814,0.0006,10.9637,0.0,0.0,0.0,0.0044,0.4143,0.5891,0.45,0.5556,0.493,0.5002,152.0,152.0,152.0,0.0,142.504,1
36,1.2,0.794,2.3803,0.0822,0.0005,10.9586,0.0,0.0,0.0,0.0045,0.4141,0.5906,0.45,0.5574,0.493,0.5001,150.0,150.0,150.0,0.0,143.7012,1
37,1.2333,0.7901,2.3684,0.0829,0.0006,10.9484,0.0,0.0,0.0,0.0045,0.4141,0.5906,0.4481,0.5556,0.4928,0.4998,151.5,151.5,151.5,0.0,146.5824,1
38,1.2667,0.787,2.3591,0.083,0.0005,10.794,0.0,0.0,0.0,0.0045,0.413,0.5906,0.4472,0.5574,0.4917,0.4997,151.0,151.0,151.0,0.0,148.1304,1
39,1.3,0.7861,2.3566,0.0838,0.0005,11.1012,0.0,0.0,0.0,0.0046,0.4125,0.5922,0.4472,0.5583,0.4918,0.4999,147.0,147.0,147.0,0.0,147.1823,1
40,1.3333,0.7856,2.3549,0.0841,0.0005,10.998,0.0,0.0,0.0,0.0046,0.4125,0.5922,0.4472,0.5583,0.4924,0.4998,145.0,145.0,145.0,0.0,147.2765,1
41,1.3667,0.7852,2.3539,0.0851,0.0006,10.7733,0.0,0.0,0.0,0.0046,0.4109,0.5922,0.4472,0.5583,0.4921,0.5,148.0,148.0,148.0,0.0,151.344,1
42,1.4,0.785,2.3532,0.0856,0.0006,10.985,0.0,0.0,0.0,0.0047,0.4109,0.5922,0.4472,0.5583,0.4921,0.4998,148.0,148.0,148.0,0.0,150.4814,1
43,1.4333,0.7829,2.3467,0.0878,0.0006,11.315,0.0,0.0,0.0,0.0047,0.4109,0.5938,0.4472,0.5583,0.4927,0.4999,146.5,146.5,146.5,0.0,151.8469,1
44,1.4667,0.7807,2.3403,0.088,0.0006,11.3855,0.0,0.0,0.0,0.0046,0.4109,0.5938,0.4472,0.5583,0.4929,0.4995,147.0,147.0,147.0,0.0,156.8882,1
45,1.5,0.759,2.2753,0.0931,0.0007,11.8916,0.0,0.0,0.0,0.0044,0.4094,0.5938,0.4449,0.5583,0.4939,0.4998,152.0,152.0,152.0,0.0,162.0236,1
46,1.5333,0.7297,2.1873,0.0936,0.0008,12.6475,0.0,0.0,0.0,0.0041,0.4094,0.5953,0.4444,0.5611,0.495,0.5003,157.0,157.0,157.0,0.0,167.1223,1
47,1.5667,0.6977,2.0915,0.0925,0.0007,13.8042,0.0,0.0,0.0,0.0037,0.4087,0.5953,0.4444,0.5611,0.4956,0.4997,164.0,164.0,164.0,0.0,177.5088,1
48,1.6,0.66,1.9785,0.0929,0.0005,14.7711,0.0,0.0,0.0,0.0034,0.4078,0.5955,0.4444,0.5611,0.4963,0.4999,165.0,165.0,165.0,0.0,185.843,1
49,1.6333,0.6237,1.8696,0.0891,0.0006,15.0711,0.0,0.0,0.0,0.0032,0.4078,0.5969,0.4444,0.5611,0.4977,0.5002,164.0,164.0,164.0,0.0,189.9092,1
50,1.6667,0.5853,1.7546,0.0875,0.0005,15.6991,0.0,0.0,0.0,0.0031,0.4078,0.5969,0.4444,0.5611,0.4974,0.5003,158.0,158.0,158.0,0.0,187.9758,1
51,1.7,0.5462,1.6374,0.085,0.0005,15.8291,0.0,0.0,0.0,0.0029,0.4062,0.5969,0.4444,0.5639,0.4973,0.4998,150.0,150.0,150.0,0.0,183.5328,1
52,1.7333,0.5071,1.5202,0.0818,0.0004,15.548,0.0,0.0,0.0,0.0029,0.4062,0.5984,0.4444,0.5639,0.4959,0.5005,140.0,140.0,140.0,0.0,176.6051,1
53,1.7667,0.463,1.3878,0.0808,0.0005,15.9339,0.0,0.0,0.0,0.0027,0.4051,0.5984,0.4417,0.5639,0.4961,0.5004,131.0,131.0,131.0,0.0,173.2875,2
54,1.8,0.4229,1.2678,0.0742,0.0004,15.0209,0.0,0.0,0.0,0.0026,0.4047,0.5984,0.4417,0.5611,0.4953,0.4998,122.0,122.0,122.0,0.0,164.0414,2
55,1.8333,0.3813,1.143,0.0717,0.0005,14.2079,0.0,0.0,0.0,0.0025,0.4047,0.6,0.4417,0.5639,0.4954,0.4995,112.0,112.0,112.0,0.0,157.9511,2
56,1.8667,0.34,1.0193,0.0673,0.0004,14.2361,0.0,0.0,0.0,0.0024,0.4047,0.6,0.4417,0.5639,0.4955,0.4997,101.0,101.0,101.0,0.0,148.3702,3
57,1.9,0.3001,0.8997,0.0627,0.0004,13.8513,0.0,0.0,0.0,0.0023,0.4047,0.6,0.4417,0.5639,0.4974,0.4999,91.0,91.0,91.0,0.0,135.5755,2
58,1.9333,0.2569,0.7702,0.0603,0.0005,14.0915,0.0,0.0,0.0,0.002,0.4039,0.6016,0.4417,0.5653,0.4981,0.4995,81.0,81.0,81.0,0.0,126.7444,3
59,1.9667,0.2228,0.6675,0.0522,0.0005,12.1534,0.0,0.0,0.0,0.0016,0.4047,0.6016,0.4389,0.5639,0.5004,0.4989,70.0,70.0,70.0,0.0,117.024,5
60,2.0,0.5819,0.8788,0.4512,0.0007,14.0673,0.0,0.0,0.0,0.0009,0.4047,0.6045,0.4389,0.5633,0.5177,0.4979,60.0,60.0,60.0,0.0,105.0569,5
61,2.0333,0.7491,0.999,0.2439,0.0007,16.4444,0.0,0.0,0.0,0.0002,,,,,,,,,,,,
62,2.0667,0.9974,1.2072,0.3271,0.0002,17.7143,1.0,1.0,1.0,0.0001,,,,,,,,,,,,
63,2.1,1.0369,1.1816,0.125,0.0001,0.0,1.0,1.0,1.0,0.0,,,,,,,,,,,,
64,2.1333,1.0198,1.0892,0.0576,0.0,0.0,1.0,1.0,1.0,0.0,,,,,,,,,,,,
65,2.1667,0.9976,1.0041,0.038,0.0,0.0,1.0,1.0,1.0,0.0,,,,,,,,,,,,
66,2.2,1.9591,1.9636,0.962,0.0,0.0,2.0,2.0,2.0,0.0,,,,,,,,,,,,
67,2.2333,1.9702,1.9771,0.0992,0.0,0.0,2.0,2.0,2.0,0.0,,,,,,,,,,,,
68,2.2667,1.9456,1.9709,0.0858,0.0,0.0,2.0,2.0,2.0,0.0,,,,,,,,,,,,
69,2.3,1.9948,1.9999,0.0509,0.0,0.0,2.0,2.0,2.0,0.0,,,,,,,,,,,,
70,2.3333,1.9991,2.0,0.0048,0.0,0.0,2.0,2.0,2.0,0.0,,,,,,,,,,,,
71,2.3667,1.9999,2.0,0.0009,0.0,0.0,2.0,2.0,2.0,0.0,,,,,,,,,,,,
72,2.4,2.0,2.0001,0.0001,0.0,0.0,2.0,2.0,2.0,0.0,,,,,,,,,,,,
73,2.4333,2.0072,2.0008,0.0076,0.0,0.0,2.0,2.0,2.0,0.0,,,,,,,,,,,,
74,2.4667,2.0322,2.0023,0.0254,0.0,0.0,2.0,2.0,2.0,0.0,,,,,,,,,,,,
75,2.5,2.3453,2.3012,0.3781,0.0,0.0,2.0,2.0,2.0,0.0,,,,,,,,,,,,
76,2.5333,5.3732,2.2365,3.2713,0.018,0.0,2.0,2.0,2.0,0.018,0.0016,0.1484,0.2917,0.4611,0.0712,0.3742,180.0,180.0,180.0,0.0,33.8473,1
77,2.5667,10.325,16.4465,7.8286,0.04,106.8527,2.0,2.0,2.0,0.0435,0.0078,0.3719,0.2917,0.4611,0.1955,0.375,196.0,196.0,196.0,0.0,33.8451,1
78,2.6,13.1099,27.487,9.8698,0.0515,95.1501,2.0,2.0,2.0,0.0582,0.0594,0.5234,0.2917,0.4611,0.2945,0.3745,215.0,215.0,215.0,0.0,33.7303,1
79,2.6333,21.7063,35.5015,19.5316,0.0946,99.5332,2.0,2.0,2.0,0.1028,0.1594,0.6656,0.2944,0.9806,0.4384,0.5888,226.0,226.0,226.0,0.0,34.2467,2
80,2.6667,21.6855,47.5687,25.164,0.1176,92.3072,2.0,2.0,2.0,0.1028,0.2188,0.6781,0.2917,0.8361,0.474,0.5286,228.0,228.0,228.0,0.0,34.0271,3
81,2.7,21.7446,60.6581,22.7193,0.099,110.6792,2.0,2.0,2.0,0.1024,0.2516,0.7109,0.2917,0.7361,0.4935,0.4868,226.0,226.0,226.0,0.0,33.4721,3
82,2.7333,23.8567,60.6646,20.6428,0.0956,96.66,2.0,2.0,2.0,0.114,0.2703,0.9906,0.2917,0.7278,0.5496,0.4818,228.0,228.0,228.0,0.0,34.0518,3
83,2.7667,29.5702,70.0184,20.154,0.0973,91.0319,2.0,2.0,2.0,0.1427,0.2797,0.9891,0.2944,0.7417,0.6015,0.5048,212.0,212.0,212.0,0.0,34.2116,2
84,2.8,29.118,79.3258,15.2965,0.0827,48.1641,2.0,2.0,2.0,0.1327,0.2812,0.8703,0.2944,0.7444,0.5669,0.4998,204.0,204.0,204.0,0.0,34.5176,3
85,2.8333,28.7581,81.4198,10.894,0.0578,29.9287,2.0,2.0,2.0,0.1274,0.2781,0.7734,0.2917,0.7444,0.5376,0.4982,201.0,201.0,201.0,0.0,34.7711,3
86,2.8667,28.4225,80.3797,8.5418,0.05,25.5635,2.0,2.0,2.0,0.1247,0.275,0.7359,0.2917,0.7444,0.5186,0.4958,196.0,196.0,196.0,0.0,34.9321,4
87,2.9,28.2242,79.7236,7.5559,0.0445,27.3771,2.0,2.0,2.0,0.1242,0.2719,0.7359,0.2917,0.7444,0.5081,0.4958,197.0,197.0,197.0,0.0,35.5059,3
88,2.9333,28.1559,79.5652,6.6513,0.0399,23.5489,2.0,2.0,2.0,0.1242,0.2672,0.7344,0.2917,0.7472,0.5019,0.4955,194.0,194.0,194.0,0.0,35.8512,3
89,2.9667,28.2001,79.6382,4.3848,0.0319,24.2125,2.0,2.0,2.0,0.1242,0.2644,0.7328,0.2917,0.7472,0.499,0.4956,193.0,193.0,193.0,0.0,36.0654,3
90,3.0,28.3807,79.7631,2.3767,0.0224,8.5085,2.0,2.0,2.0,0.1241,0.2609,0.7328,0.2889,0.7472,0.4975,0.4952,192.0,192.0,192.0,0.0,35.8211,3
91,3.0333,28.4704,79.76,0.9993,0.0101,2.8521,2.0,2.0,2.0,0.1246,0.1578,0.7312,0.2889,0.7472,0.4969,0.4947,189.0,189.0,189.0,0.0,36.4369,3
92,3.0667,28.4377,79.6509,1.3416,0.0124,3.5129,2.0,2.0,2.0,0.1251,0.1406,0.7325,0.2889,0.7472,0.497,0.4956,189.0,189.0,189.0,0.0,36.9777,4
93,3.1,28.4101,79.6449,1.1709,0.0103,2.8822,2.0,2.0,2.0,0.125,0.1391,0.7328,0.2889,0.75,0.4975,0.4951,188.0,188.0,188.0,0.0,36.8588,4
94,3.1333,28.4132,79.5684,0.8942,0.0088,2.3592,2.0,2.0,2.0,0.1252,0.1375,0.7328,0.2889,0.75,0.4981,0.4951,188.0,188.0,188.0,0.0,37.1241,4
95,3.1667,28.2799,79.5002,0.8861,0.0082,2.1345,2.0,2.0,2.0,0.1252,0.1359,0.7328,0.2889,0.75,0.4984,0.4951,188.0,188.0,188.0,0.0,37.1537,3
96,3.2,28.2775,79.4738,0.6395,0.0069,1.5764,2.0,2.0,2.0,0.1252,0.1359,0.7328,0.2889,0.8101,0.4988,0.4953,187.0,187.0,187.0,0.0,37.1863,4
97,3.2333,28.2223,79.4387,0.3826,0.0041,0.9523,2.0,2.0,2.0,0.1259,0.1375,0.7328,0.2889,0.75,0.4992,0.496,186.0,186.0,186.0,0.0,37.6788,3
98,3.2667,28.2265,79.4448,0.1698,0.0017,0.649,2.0,2.0,2.0,0.1257,0.137,0.7328,0.2889,0.75,0.4994,0.4959,187.0,187.0,187.0,0.0,37.6316,3
99,3.3,28.2823,79.4783,0.0797,0.0001,0.0151,2.0,2.0,2.0,0.1257,0.1359,0.7328,0.2889,0.75,0.4994,0.4959,187.0,187.0,187.0,0.0,37.6329,3
100,3.3333,28.2146,79.4381,0.0743,0.0,0.0166,2.0,2.0,2.0,0.1257,0.1359,0.7328,0.2889,0.75,0.4994,0.4958,187.0,187.0,187.0,0.0,37.6254,3
101,3.3667,28.2084,79.4356,0.011,0.0,0.0056,2.0,2.0,2.0,0.1257,0.1375,0.7328,0.2889,0.75,0.4994,0.4958,187.0,187.0,187.0,0.0,37.6226,3
102,3.4,28.2167,79.4384,0.0148,0.0,0.0017,2.0,2.0,2.0,0.1257,0.1375,0.7328,0.2889,0.75,0.4994,0.4958,187.0,187.0,187.0,0.0,37.6259,3
103,3.4333,28.2129,79.4354,0.0183,0.0,0.0051,2.0,2.0,2.0,0.1257,0.1375,0.7328,0.2889,0.75,0.4994,0.4958,187.0,187.0,187.0,0.0,37.6247,3
104,3.4667,28.2134,79.4377,0.011,0.0,0.0053,2.0,2.0,2.0,0.1257,0.137,0.7328,0.2889,0.75,0.4994,0.4958,187.0,187.0,187.0,0.0,37.6232,3
105,3.5,28.3657,79.5501,0.1652,0.0001,0.0108,2.0,2.0,2.0,0.1258,0.1375,0.7328,0.2889,0.75,0.4993,0.4958,187.0,187.0,187.0,0.0,37.7052,3
106,3.5333,28.4858,79.5951,0.3269,0.0006,0.0289,2.0,2.0,2.0,0.126,0.1297,0.7344,0.2889,0.9361,0.4997,0.4967,186.0,186.0,186.0,0.0,37.7833,5
107,3.5667,28.2295,79.427,0.2975,0.0006,0.1042,2.0,2.0,2.0,0.1257,0.1368,0.7328,0.2889,0.75,0.4994,0.4959,187.0,187.0,187.0,0.0,37.6581,3
108,3.6,28.3827,79.3993,0.253,0.0013,0.2668,2.0,2.0,2.0,0.1263,0.1376,0.8422,0.0778,0.75,0.5016,0.4939,185.0,185.0,185.0,0.0,37.7065,3
109,3.6333,28.3295,79.3653,0.1258,0.0008,0.3675,2.0,2.0,2.0,0.1263,0.1375,0.8424,0.0778,0.75,0.5017,0.494,183.0,183.0,183.0,0.0,37.7412,3
110,3.6667,28.1728,79.29,0.2549,0.0019,0.4959,2.0,2.0,2.0,0.1256,0.1364,0.7328,0.2889,0.75,0.4994,0.4962,187.0,187.0,187.0,0.0,37.6223,3
111,3.7,28.1459,79.2069,0.1788,0.002,0.7229,2.0,2.0,2.0,0.1256,0.1364,0.7328,0.2889,0.75,0.4995,0.4963,187.0,187.0,187.0,0.0,37.5499,3
112,3.7333,28.2378,79.088,0.3946,0.0031,0.9558,2.0,2.0,2.0,0.1253,0.1203,0.7312,0.2917,0.75,0.4989,0.4968,185.0,185.0,185.0,0.0,37.4139,3
113,3.7667,28.2239,78.9165,0.6929,0.005,1.2527,2.0,2.0,2.0,0.125,0.136,0.7344,0.2917,0.9361,0.4998,0.4981,187.0,187.0,187.0,0.0,37.3777,3
114,3.8,28.1547,78.563,0.6949,0.0073,2.1951,2.0,2.0,2.0,0.125,0.1375,0.7344,0.2917,0.9361,0.5,0.4979,188.5,188.5,188.5,0.0,37.5706,3
115,3.8333,27.4031,76.8791,2.908,0.0203,14.4382,2.0,2.0,2.0,0.1229,0.1328,0.725,0.2972,0.75,0.4987,0.5005,194.0,194.0,194.0,0.0,37.397,3
116,3.8667,26.8401,75.2033,2.6234,0.0195,14.2786,2.0,2.0,2.0,0.1208,0.1303,0.7203,0.3028,0.75,0.4985,0.5034,196.5,196.5,196.5,0.0,37.1036,3
117,3.9,26.6434,74.6559,0.846,0.0091,2.6641,2.0,2.0,2.0,0.1206,0.1297,0.7188,0.3028,0.7867,0.4988,0.5038,197.0,197.0,197.0,0.0,36.8287,3
118,3.9333,26.3816,73.8959,1.3303,0.0143,5.3058,2.0,2.0,2.0,0.1208,0.1297,0.7188,0.3028,0.7472,0.4979,0.5036,197.0,197.0,197.0,0.0,36.6943,3
119,3.9667,26.1471,73.1621,1.2918,0.014,5.0669,2.0,2.0,2.0,0.1208,0.1297,0.7172,0.3028,0.7472,0.4976,0.5029,203.0,203.0,203.0,0.0,37.0488,3
120,4.0,26.8161,73.2488,1.5086,0.0073,2.6455,3.0,3.0,3.0,0.1211,0.1297,0.7172,0.3054,0.7472,0.4976,0.5038,201.0,201.0,201.0,0.0,37.5079,3
121,4.0333,26.2746,71.807,1.7864,0.0156,7.3247,3.0,3.0,3.0,0.1186,0.1266,0.7172,0.3028,0.9353,0.4982,0.5009,203.0,203.0,203.0,0.0,36.5373,3
122,4.0667,25.7693,70.3636,1.9679,0.0149,6.464,3.0,3.0,3.0,0.1175,0.1262,0.7172,0.3028,0.9361,0.4986,0.5001,202.0,202.0,202.0,0.0,36.4382,5
123,4.1,25.651,70.0475,0.9176,0.0051,1.4242,3.0,3.0,3.0,0.1169,0.1219,0.7203,0.3056,0.9389,0.4986,0.4989,204.0,204.0,204.0,0.0,36.4307,6
124,4.1333,25.4579,69.7709,0.4388,0.0032,1.0428,2.0,2.0,2.0,0.1168,0.1234,0.7203,0.3056,0.9389,0.4984,0.4987,204.0,204.0,204.0,0.0,36.3054,6
125,4.1667,25.1503,69.5448,0.5671,0.0022,0.6471,2.0,2.0,2.0,0.1163,0.1234,0.7172,0.3056,0.9361,0.4978,0.4975,207.0,207.0,207.0,0.0,35.9652,3
126,4.2,25.0684,69.4152,0.1719,0.0012,0.3994,2.0,2.0,2.0,0.1162,0.1234,0.7172,0.3056,0.9361,0.4977,0.4973,205.0,205.0,205.0,0.0,35.9376,3
127,4.2333,24.9832,69.3403,0.2354,0.0009,0.2971,2.0,2.0,2.0,0.1161,0.1234,0.7172,0.3056,0.9361,0.4977,0.4971,205.0,205.0,205.0,0.0,35.9888,3
128,4.2667,24.917,69.252,0.1692,0.0005,0.2133,2.0,2.0,2.0,0.1161,0.1234,0.7172,0.3056,0.9361,0.4977,0.4971,204.0,204.0,204.0,0.0,36.0098,3
129,4.3,24.8823,69.2373,0.0865,0.0004,0.1187,2.0,2.0,2.0,0.1161,0.1234,0.7172,0.3056,0.9361,0.4975,0.497,204.0,204.0,204.0,0.0,35.9983,3
130,4.3333,24.8729,69.2124,0.0609,0.0003,0.0743,2.0,2.0,2.0,0.1161,0.1234,0.7172,0.3056,0.9361,0.4975,0.4969,204.0,204.0,204.0,0.0,36.0051,3
131,4.3667,24.8741,69.2033,0.0367,0.0001,0.0226,2.0,2.0,2.0,0.1161,0.1203,0.7172,0.3056,0.9361,0.4975,0.4969,204.0,204.0,204.0,0.0,36.0221,4
132,4.4,24.9623,69.2614,0.1508,0.0001,0.0284,2.0,2.0,2.0,0.116,0.1234,0.7172,0.3056,0.9361,0.4976,0.4969,204.0,204.0,204.0,0.0,36.0498,3
133,4.4333,25.0114,69.2112,0.2947,0.0002,0.0304,2.0,2.0,2.0,0.116,0.1219,0.7172,0.3056,0.9361,0.4975,0.4969,204.0,204.0,204.0,0.0,36.0461,4
134,4.4667,25.0052,69.2073,0.0364,0.0,0.0057,2.0,2.0,2.0,0.116,0.1219,0.7172,0.3056,0.9361,0.4975,0.4969,204.0,204.0,204.0,0.0,36.0449,4
135,4.5,24.9122,69.2041,0.2331,0.0001,0.0125,2.0,2.0,2.0,0.116,0.1234,0.7172,0.3056,0.9361,0.4976,0.4968,204.0,204.0,204.0,0.0,36.0287,3
136,4.5333,24.8975,69.1962,0.169,0.0015,0.5051,2.0,2.0,2.0,0.1163,0.1234,0.7172,0.3056,0.9361,0.4977,0.4973,204.0,204.0,204.0,0.0,36.44,3
137,4.5667,24.8686,69.1784,0.2528,0.002,0.7436,2.0,2.0,2.0,0.1163,0.1234,0.7172,0.3056,0.9361,0.4981,0.4972,203.0,203.0,203.0,0.0,36.4719,3
138,4.6,24.8498,69.1935,0.2809,0.0028,0.937,2.0,2.0,2.0,0.1161,0.1234,0.7172,0.3056,0.9361,0.4981,0.4969,204.0,204.0,204.0,0.0,36.3262,3
139,4.6333,24.8412,69.1797,0.4608,0.0051,1.605,2.0,2.0,2.0,0.1162,0.1234,0.7172,0.3056,0.9361,0.4982,0.4973,204.0,204.0,204.0,0.0,36.5565,3
140,4.6667,24.8741,69.235,1.1172,0.0105,4.5217,2.0,2.0,2.0,0.1157,0.1234,0.7177,0.3056,0.9361,0.4978,0.4968,204.0,204.0,204.0,0.0,35.8135,3
141,4.7,24.9045,69.299,1.8776,0.0157,9.5422,2.0,2.0,2.0,0.1162,0.1234,0.7188,0.3056,0.9361,0.4966,0.4972,203.0,203.0,203.0,0.0,36.8029,3
142,4.7333,25.0929,69.3953,3.2742,0.0217,18.0205,2.0,2.0,2.0,0.1169,0.1234,0.8562,0.075,0.9361,0.4973,0.4949,202.0,202.0,202.0,0.0,36.8258,3
143,4.7667,24.9667,69.54,4.4407,0.0277,24.1348,2.0,2.0,2.0,0.1158,0.1231,0.7188,0.3056,0.9361,0.4913,0.4967,208.0,208.0,208.0,0.0,35.964,3
144,4.8,25.0304,69.7033,6.0216,0.0378,33.8292,2.0,2.0,2.0,0.1164,0.1234,0.7172,0.3056,0.9361,0.4862,0.4971,209.0,209.0,209.0,0.0,36.7345,3
145,4.8333,25.0816,69.7513,7.3532,0.0434,45.9399,2.0,2.0,2.0,0.116,0.1234,0.7141,0.3056,0.9361,0.4814,0.4974,209.0,209.0,209.0,0.0,36.273,3
146,4.8667,25.0699,69.6417,6.8771,0.0406,43.7714,2.0,2.0,2.0,0.1154,0.1219,0.7109,0.3056,0.9361,0.4765,0.4972,208.0,208.0,208.0,0.0,36.3612,3
147,4.9,25.0279,69.2462,11.2689,0.0561,73.3548,2.0,2.0,2.0,0.1158,0.1188,0.7062,0.3056,0.9361,0.4749,0.498,205.0,205.0,205.0,0.0,36.5492,4
148,4.9333,25.265,70.1222,13.0425,0.0646,77.5185,2.0,2.0,2.0,0.1172,0.1234,0.6969,0.3056,0.9361,0.4821,0.4989,209.0,209.0,209.0,0.0,35.8386,3
149,4.9667,25.6876,71.282,13.0074,0.0653,61.6415,2.0,2.0,2.0,0.1213,0.1288,0.7688,0.3056,0.9333,0.5067,0.5013,214.0,214.0,214.0,0.0,35.4989,3
150,5.0,26.2392,65.3877,20.8552,0.0911,95.1088,2.0,2.0,2.0,0.1256,0.1334,0.925,0.3056,0.7333,0.5617,0.5047,221.0,221.0,221.0,0.0,35.9632,3
151,5.0333,21.62,49.9633,16.3427,0.0811,58.9456,2.0,2.0,2.0,0.1043,0.1109,0.9906,0.0944,0.9389,0.5511,0.4733,215.0,215.0,215.0,0.0,36.8501,3
152,5.0667,18.9887,51.1616,14.0275,0.0746,64.1651,2.0,2.0,2.0,0.092,0.1031,0.7953,0.0778,0.9389,0.5266,0.4415,218.0,218.0,218.0,0.0,36.707,3
153,5.1,19.4961,43.7345,17.8153,0.0752,102.0711,2.0,2.0,2.0,0.0981,0.1062,0.9516,0.0833,0.9389,0.6128,0.4425,230.0,230.0,230.0,0.0,36.3903,4
154,5.1333,15.0603,31.8371,14.2694,0.069,65.3398,2.0,2.0,2.0,0.0734,0.0906,0.9891,0.0722,0.9389,0.619,0.4172,235.0,235.0,235.0,0.0,37.1816,3
155,5.1667,12.4171,28.7846,13.5625,0.0612,99.5626,2.0,2.0,2.0,0.0586,0.0828,0.8766,0.0694,0.9417,0.643,0.3916,228.0,228.0,228.0,0.0,38.8137,3
156,5.2,18.6193,17.4806,18.8461,0.0991,98.7139,2.0,2.0,2.0,0.0976,0.1062,0.9906,0.0833,0.9972,0.6557,0.6465,235.0,235.0,235.0,0.0,37.9927,3
157,5.2333,17.0118,2.1244,23.0235,0.1182,109.4768,2.0,2.0,2.0,0.0898,0.1016,0.9938,0.0722,0.9472,0.6024,0.7509,226.0,226.0,226.0,0.0,38.0506,3
158,5.2667,13.2319,2.128,19.4239,0.098,116.3513,2.0,2.0,2.0,0.0682,0.0891,0.8405,0.0722,0.9389,0.5027,0.8025,221.0,221.0,221.0,0.0,39.183,3
159,5.3,13.2393,14.2314,12.6307,0.0602,88.8186,2.0,2.0,2.0,0.0682,0.0891,0.8403,0.0722,0.9389,0.5033,0.7549,219.0,219.0,219.0,0.0,39.8517,3
160,5.3333,13.0897,23.6224,11.362,0.0501,90.8505,2.0,2.0,2.0,0.0675,0.0875,0.8422,0.0722,0.9389,0.5026,0.7189,226.0,226.0,226.0,0.0,38.3023,3
161,5.3667,13.0737,32.0199,10.2293,0.0417,105.1543,2.0,2.0,2.0,0.0683,0.0891,0.8402,0.0722,0.9389,0.503,0.6902,225.0,225.0,225.0,0.0,40.2861,3
162,5.4,13.0785,33.9058,8.7412,0.0347,99.6331,2.0,2.0,2.0,0.068,0.0884,0.8413,0.0722,0.9389,0.5028,0.6684,222.0,222.0,222.0,0.0,38.6936,4
163,5.4333,13.0645,33.926,7.2228,0.03,87.3706,2.0,2.0,2.0,0.0682,0.0891,0.8405,0.0722,0.9389,0.5031,0.6504,221.0,221.0,221.0,0.0,39.648,3
164,5.4667,13.051,33.9037,5.8587,0.0254,74.5831,2.0,2.0,2.0,0.0683,0.0891,0.8391,0.0722,0.9389,0.5029,0.6364,224.0,224.0,224.0,0.0,39.7602,3
165,5.5,13.0844,33.9238,4.6376,0.0226,58.3945,2.0,2.0,2.0,0.0683,0.0891,0.8391,0.0722,0.9389,0.5029,0.6257,225.0,225.0,225.0,0.0,40.2417,3
166,5.5333,13.0974,33.9368,3.5376,0.0202,41.679,2.0,2.0,2.0,0.0683,0.0891,0.8391,0.0722,0.9389,0.5028,0.6175,224.0,224.0,224.0,0.0,40.2041,3
167,5.5667,19.2396,33.915,8.7889,0.0623,27.0831,2.0,2.0,2.0,0.1135,0.1203,0.7938,0.0278,0.9361,0.5039,0.4031,178.5,178.5,178.5,0.0,41.3604,3
168,5.6,19.3465,50.6956,14.1809,0.1042,14.9599,2.0,2.0,2.0,0.1138,0.1141,0.7938,0.225,0.9389,0.5037,0.4844,176.0,176.0,176.0,0.0,41.7129,5
169,5.6333,19.2478,51.9676,13.1298,0.1022,6.2934,2.0,2.0,2.0,0.1152,0.1156,0.7938,0.3972,0.9361,0.5039,0.552,160.0,160.0,160.0,0.0,40.5039,4
170,5.6667,19.185,52.2062,11.1048,0.0752,15.9526,2.0,2.0,2.0,0.1136,0.1203,0.7938,0.3083,0.9361,0.504,0.5158,182.0,182.0,182.0,0.0,41.7667,4
171,5.7,19.1958,52.2204,8.6187,0.0489,25.6511,2.0,2.0,2.0,0.1138,0.1207,0.7938,0.2556,0.9361,0.5041,0.4947,183.0,183.0,183.0,0.0,41.9917,4
172,5.7333,19.1698,52.2036,4.3079,0.0203,26.7176,2.0,2.0,2.0,0.1138,0.1219,0.7938,0.2417,0.9361,0.5041,0.4891,183.0,183.0,183.0,0.0,42.0054,4
173,5.7667,19.1911,52.2071,6.2818,0.0294,32.9522,2.0,2.0,2.0,0.1136,0.1214,0.7938,0.2667,0.9361,0.5042,0.4991,183.0,183.0,183.0,0.0,41.7787,4
174,5.8,19.2574,52.2704,9.4211,0.0545,23.6456,2.0,2.0,2.0,0.1138,0.1219,0.7938,0.3278,0.9361,0.5042,0.5234,181.0,181.0,181.0,0.0,41.7948,4
175,5.8333,18.8341,51.2062,10.4195,0.0679,15.8617,2.0,2.0,2.0,0.1099,0.1188,0.7938,0.4139,0.9361,0.5059,0.5591,186.0,186.0,186.0,0.0,41.4471,3
176,5.8667,21.6414,52.1439,9.2443,0.0472,33.9135,2.0,2.0,2.0,0.1303,0.1453,0.7906,0.0028,0.6806,0.4987,0.4861,180.0,180.0,180.0,0.0,40.4918,3
177,5.9,27.753,52.2968,13.3671,0.0778,12.1188,2.0,2.0,2.0,0.1638,0.2062,0.7859,0.1111,0.6778,0.5023,0.4427,190.0,190.0,190.0,0.0,39.7055,6
178,5.9333,26.9669,75.6007,22.2142,0.1101,40.402,2.0,2.0,2.0,0.1583,0.2078,0.7875,0.2833,0.6778,0.5037,0.4971,188.0,188.0,188.0,0.0,38.8925,3
179,5.9667,27.2044,67.8972,15.6029,0.0805,18.81,2.0,2.0,2.0,0.1558,0.2062,0.7875,0.1944,0.6778,0.5033,0.4708,203.0,203.0,203.0,0.0,39.6693,4
180,6.0,27.8996,56.6825,10.4299,0.0492,16.488,3.0,3.0,3.0,0.1555,0.2062,0.7875,0.1417,0.6778,0.5035,0.4554,203.0,203.0,203.0,0.0,39.5756,4
181,6.0333,27.7909,53.6445,4.1498,0.02,17.5737,3.0,3.0,3.0,0.1555,0.2062,0.7875,0.1278,0.6778,0.5035,0.4511,203.0,203.0,203.0,0.0,39.5489,4
182,6.0667,27.6907,58.7657,6.3204,0.029,22.024,3.0,3.0,3.0,0.1558,0.2062,0.7875,0.1528,0.6778,0.5034,0.4579,203.0,203.0,203.0,0.0,39.7686,4
183,6.1,27.6929,72.5265,11.3169,0.0535,17.7365,2.0,2.0,2.0,0.1557,0.2062,0.7875,0.2139,0.6778,0.5035,0.4768,203.0,203.0,203.0,0.0,39.6265,4
184,6.1333,26.9808,74.5658,14.6126,0.0693,15.3535,2.0,2.0,2.0,0.1515,0.2047,0.7875,0.3028,0.6778,0.5043,0.5051,192.0,192.0,192.0,0.0,39.1499,4
185,6.1667,27.521,76.2482,7.9539,0.0364,25.5333,2.0,2.0,2.0,0.1567,0.1686,0.7875,0.2722,0.678,0.5026,0.494,200.0,200.0,200.0,0.0,39.4154,5
186,6.2,27.282,75.9931,2.3856,0.0161,8.5908,2.0,2.0,2.0,0.1568,0.2062,0.7875,0.2778,0.6778,0.5035,0.496,196.0,196.0,196.0,0.0,38.8739,4
187,6.2333,26.8125,74.5613,6.3263,0.0279,26.2542,2.0,2.0,2.0,0.153,0.2062,0.7984,0.1156,0.6778,0.5063,0.5025,189.0,189.0,189.0,0.0,39.0443,3
188,6.2667,26.4769,74.0036,1.8972,0.0123,6.7634,2.0,2.0,2.0,0.1502,0.1703,0.7875,0.3056,0.6778,0.5039,0.5068,193.0,193.0,193.0,0.0,39.1041,5
189,6.3,26.4331,73.9827,0.0629,0.0001,0.0143,2.0,2.0,2.0,0.1502,0.1703,0.7875,0.3056,0.6778,0.5038,0.507,193.0,193.0,193.0,0.0,39.0949,4
190,6.3333,26.43,73.9711,0.0526,0.0002,0.0049,2.0,2.0,2.0,0.1502,0.158,0.7875,0.3056,0.6778,0.5036,0.5066,193.0,193.0,193.0,0.0,39.1091,3
191,6.3667,26.4109,73.9633,0.0477,0.0002,0.0051,2.0,2.0,2.0,0.1502,0.2047,0.789,0.3056,0.6778,0.5041,0.507,193.0,193.0,193.0,0.0,39.1105,3
192,6.4,26.396,73.9505,0.0351,0.0001,0.0039,2.0,2.0,2.0,0.1501,0.2047,0.7875,0.3056,0.6778,0.5039,0.5069,193.0,193.0,193.0,0.0,39.092,3
193,6.4333,26.4293,73.9425,0.0629,0.0,0.0052,2.0,2.0,2.0,0.1501,0.2047,0.7875,0.3056,0.6778,0.5039,0.5069,193.0,193.0,193.0,0.0,39.0944,3
194,6.4667,26.4259,73.9374,0.0146,0.0,0.0029,2.0,2.0,2.0,0.1501,0.2047,0.7875,0.3056,0.6778,0.5039,0.5069,193.0,193.0,193.0,0.0,39.0953,3
195,6.5,26.3874,73.9384,0.0647,0.0,0.0049,2.0,2.0,2.0,0.1501,0.2047,0.7875,0.3056,0.6778,0.5039,0.5069,193.0,193.0,193.0,0.0,39.092,3
196,6.5333,26.4671,73.9324,0.1116,0.0002,0.0033,2.0,2.0,2.0,0.1503,0.1547,0.7875,0.3056,0.6806,0.5036,0.5073,193.0,193.0,193.0,0.0,39.136,3
197,6.5667,26.4707,74.0073,0.2009,0.0002,0.0149,2.0,2.0,2.0,0.1502,0.2047,0.7875,0.3056,0.6778,0.5039,0.5069,193.0,193.0,193.0,0.0,39.1119,3
198,6.6,26.6011,74.0928,0.3274,0.0005,0.0481,2.0,2.0,2.0,0.1504,0.1688,0.7891,0.3028,0.6778,0.5038,0.506,193.0,193.0,193.0,0.0,39.2515,5
199,6.6333,26.3771,73.9386,0.2357,0.0005,0.0338,2.0,2.0,2.0,0.1501,0.2047,0.7875,0.3056,0.6778,0.5039,0.5069,193.0,193.0,193.0,0.0,39.0942,3
200,6.6667,26.5078,73.9353,0.1475,0.0006,0.0065,2.0,2.0,2.0,0.1507,0.1016,0.7875,0.3056,0.925,0.5019,0.5086,192.0,192.0,192.0,0.0,39.0888,3
201,6.7,26.496,73.9079,0.0462,0.0005,0.1579,2.0,2.0,2.0,0.1507,0.1016,0.7875,0.3056,0.925,0.5019,0.5085,192.0,192.0,192.0,0.0,38.9996,3
202,6.7333,26.4041,73.9572,0.2962,0.0021,0.414,2.0,2.0,2.0,0.1499,0.2047,0.7875,0.3056,0.6806,0.5039,0.5069,193.0,193.0,193.0,0.0,38.8051,3
203,6.7667,26.4291,73.9798,0.3346,0.0027,0.6993,2.0,2.0,2.0,0.1502,0.2047,0.7875,0.3056,0.6806,0.5039,0.5073,193.0,193.0,193.0,0.0,38.6808,3
204,6.8,26.5771,74.0633,0.6409,0.0053,1.4012,2.0,2.0,2.0,0.1513,0.2055,0.7891,0.3056,0.6806,0.5044,0.508,193.0,193.0,193.0,0.0,39.4098,4
205,6.8333,26.8339,74.2471,1.418,0.0086,2.9135,2.0,2.0,2.0,0.1521,0.1625,0.7875,0.3028,0.6833,0.5036,0.5083,192.0,192.0,192.0,0.0,39.1184,4
206,6.8667,26.7289,74.4541,1.767,0.0126,5.2508,2.0,2.0,2.0,0.1534,0.1663,0.7875,0.3028,0.6861,0.5036,0.5101,189.0,189.0,189.0,0.0,39.0452,3
207,6.9,26.6357,74.7029,2.7082,0.0179,9.3263,2.0,2.0,2.0,0.155,0.2062,0.7875,0.3056,0.6917,0.5038,0.5136,186.0,186.0,186.0,0.0,39.0263,3
208,6.9333,26.7585,75.0775,3.8444,0.0235,16.2434,2.0,2.0,2.0,0.1574,0.2078,0.7875,0.3056,0.7,0.5039,0.5176,183.0,183.0,183.0,0.0,38.9375,3
209,6.9667,26.9053,75.5239,5.6341,0.03,26.2761,2.0,2.0,2.0,0.1598,0.2078,0.7875,0.3056,0.7139,0.5037,0.5233,180.0,180.0,180.0,0.0,38.746,3
210,7.0,27.1429,76.0485,8.0033,0.0388,36.7786,2.0,2.0,2.0,0.1609,0.2078,0.7875,0.3083,0.7306,0.502,0.5299,182.0,182.0,182.0,0.0,38.9143,3
211,7.0333,27.2658,76.4457,10.7816,0.0512,46.8569,2.0,2.0,2.0,0.1611,0.2078,0.7875,0.3083,0.7556,0.503,0.54,187.0,187.0,187.0,0.0,38.7633,3
212,7.0667,27.3973,72.5218,13.8621,0.0646,56.5358,2.0,2.0,2.0,0.1614,0.2094,0.7875,0.3111,0.7861,0.5026,0.5546,192.0,192.0,192.0,0.0,38.8024,4
213,7.1,27.515,63.8295,16.7277,0.0793,62.0143,2.0,2.0,2.0,0.1614,0.2094,0.7875,0.3167,0.8278,0.5021,0.5748,197.0,197.0,197.0,0.0,39.3371,4
214,7.1333,27.7416,52.3517,20.1875,0.0982,71.081,2.0,2.0,2.0,0.1611,0.2094,0.7875,0.3139,0.8833,0.5026,0.6004,202.0,202.0,202.0,0.0,39.6766,5
215,7.1667,27.8106,46.1667,23.8745,0.1179,82.7207,2.0,2.0,2.0,0.1609,0.1869,0.7875,0.3278,0.9417,0.5027,0.6358,203.0,203.0,203.0,0.0,39.8693,6
216,7.2,27.0535,45.9346,26.1228,0.1328,87.7382,2.0,2.0,2.0,0.155,0.1782,0.7859,0.3389,0.9889,0.495,0.667,201.0,201.0,201.0,0.0,40.549,7
217,7.2333,21.8601,45.8357,25.4717,0.1316,96.2854,2.0,2.0,2.0,0.1248,0.1328,0.7281,0.3556,0.9944,0.4686,0.6438,192.0,192.0,192.0,0.0,41.8293,4
218,7.2667,17.8267,40.2209,20.3611,0.1095,100.8675,2.0,2.0,2.0,0.0998,0.1076,0.7328,0.0833,0.9889,0.4883,0.6068,182.0,182.0,182.0,0.0,43.5056,4
219,7.3,17.1616,30.203,18.4361,0.1013,104.2509,2.0,2.0,2.0,0.0954,0.1047,0.7328,0.0798,0.9389,0.4986,0.6403,179.0,179.0,179.0,0.0,43.2115,4
220,7.3333,17.1542,27.6604,19.4536,0.1114,90.549,2.0,2.0,2.0,0.0948,0.1047,0.7312,0.0778,0.9833,0.4981,0.7021,182.0,182.0,182.0,0.0,43.4579,3
221,7.3667,14.0367,27.4917,18.7028,0.1068,93.9457,2.0,2.0,2.0,0.0724,0.0906,0.8312,0.0722,0.9972,0.4662,0.6976,201.0,201.0,201.0,0.0,43.5187,3
222,7.4,11.4768,27.712,15.5002,0.0782,110.2625,2.0,2.0,2.0,0.0503,0.0781,0.869,0.0694,0.975,0.4895,0.6503,237.0,237.0,237.0,0.0,42.7402,4
223,7.4333,11.2683,18.0934,13.6961,0.0632,111.5833,2.0,2.0,2.0,0.0496,0.0781,0.8734,0.0694,0.9417,0.4927,0.7223,238.0,238.0,238.0,0.0,42.8523,4
224,7.4667,11.2635,4.6677,15.3776,0.0735,111.461,2.0,2.0,2.0,0.0497,0.0781,0.871,0.0694,0.9528,0.4925,0.8159,239.0,239.0,239.0,0.0,43.0168,2
225,7.5,9.3495,3.2559,15.1262,0.0743,102.8245,2.0,2.0,2.0,0.0377,0.0684,0.8953,0.0667,0.9972,0.5318,0.8898,229.0,229.0,229.0,0.0,46.1345,6
226,7.5333,4.3362,3.7752,7.7365,0.0426,13.3034,2.0,2.0,2.0,0.0116,0.05,0.9438,0.05,0.9972,0.5204,0.7657,141.0,141.0,141.0,0.0,63.5025,4
227,7.5667,3.5922,5.4428,2.0057,0.0089,12.8957,2.0,2.0,2.0,0.0065,0.0467,0.9438,0.0444,0.9444,0.3105,0.4622,126.0,126.0,126.0,0.0,78.1328,4
228,7.6,4.0029,6.7608,0.6107,0.0049,9.8604,2.0,2.0,2.0,0.0109,0.05,0.9422,0.05,0.9444,0.3145,0.4572,127.0,127.0,127.0,0.0,59.0499,3
229,7.6333,4.7384,8.9772,0.9759,0.0061,16.8489,2.0,2.0,2.0,0.0156,0.0516,0.9422,0.0528,0.9444,0.3175,0.4589,138.0,138.0,138.0,0.0,49.7744,3
230,7.6667,5.4472,11.109,1.0469,0.0079,15.5809,2.0,2.0,2.0,0.0218,0.0531,0.9391,0.0583,0.9417,0.3289,0.4629,138.0,138.0,138.0,0.0,43.4639,3
231,7.7,6.4491,14.1249,1.6338,0.0099,22.2256,2.0,2.0,2.0,0.0286,0.0559,0.9207,0.0611,0.9417,0.3385,0.4717,126.0,126.0,126.0,0.0,40.7311,4
232,7.7333,7.4612,16.8402,1.6786,0.0111,22.6551,2.0,2.0,2.0,0.0364,0.0672,0.9891,0.0556,0.9417,0.3595,0.472,130.0,130.0,130.0,0.0,40.062,3
233,7.7667,8.4043,20.0414,2.0098,0.0106,21.3284,2.0,2.0,2.0,0.04,0.0689,0.8873,0.0667,0.9417,0.3555,0.4832,141.0,141.0,141.0,0.0,40.519,3
234,7.8,9.4277,22.7508,1.7128,0.0124,14.1046,2.0,2.0,2.0,0.0469,0.0125,0.875,0.0667,0.9417,0.3648,0.4903,138.0,138.0,138.0,0.0,39.5787,3
235,7.8333,10.3508,25.8683,1.926,0.0136,12.6769,2.0,2.0,2.0,0.0527,0.0797,0.8666,0.0694,0.9417,0.3852,0.4835,158.0,158.0,158.0,0.0,39.3111,3
236,7.8667,11.2691,28.5922,1.4608,0.0109,8.5527,2.0,2.0,2.0,0.0586,0.0828,0.8781,0.0694,0.9417,0.4006,0.4828,148.0,148.0,148.0,0.0,39.2268,4
237,7.9,12.1091,31.1199,1.6037,0.012,8.5701,2.0,2.0,2.0,0.0638,0.0844,0.8453,0.0722,0.9417,0.4105,0.4838,161.0,161.0,161.0,0.0,38.5018,3
238,7.9333,12.8612,33.3209,1.4735,0.0103,8.2675,2.0,2.0,2.0,0.0689,0.0887,0.8391,0.0722,0.9389,0.4225,0.4852,150.0,150.0,150.0,0.0,38.52,3
239,7.9667,13.6832,35.5196,1.7937,0.0101,9.8719,2.0,2.0,2.0,0.0735,0.0906,0.8422,0.0722,0.9389,0.4326,0.4861,158.0,158.0,158.0,0.0,38.9814,5
240,8.0,15.3719,38.5828,2.952,0.0123,10.7848,3.0,3.0,3.0,0.0792,0.0953,0.7422,0.0722,0.9389,0.4466,0.4875,148.0,148.0,148.0,0.0,38.9793,3
241,8.0333,15.843,40.3806,2.0544,0.0131,10.2157,3.0,3.0,3.0,0.0851,0.1016,0.7406,0.075,0.9389,0.4626,0.4875,158.0,158.0,158.0,0.0,38.7303,3
242,8.0667,16.1042,41.9084,2.1573,0.0134,9.9558,3.0,3.0,3.0,0.0909,0.1031,0.7391,0.0778,0.9389,0.4735,0.4898,154.0,154.0,154.0,0.0,39.7511,3
243,8.1,16.4391,43.2501,1.9549,0.0128,9.6901,2.0,2.0,2.0,0.0947,0.1047,0.7406,0.0806,0.9389,0.4831,0.4925,150.0,150.0,150.0,0.0,39.4827,3
244,8.1333,16.7103,44.3427,1.7762,0.0117,9.6039,2.0,2.0,2.0,0.0971,0.1062,0.7406,0.0827,0.9389,0.4898,0.4947,151.0,151.0,151.0,0.0,39.2453,3
245,8.1667,16.8791,45.1027,1.4835,0.0089,8.5179,2.0,2.0,2.0,0.098,0.1074,0.7391,0.0833,0.9389,0.4928,0.4961,158.0,158.0,158.0,0.0,39.3641,3
246,8.2,17.0089,45.6085,1.1912,0.0078,6.7528,2.0,2.0,2.0,0.0996,0.1094,0.7391,0.0861,0.9389,0.4948,0.4971,157.0,157.0,157.0,0.0,39.6806,3
247,8.2333,17.0733,45.8655,0.808,0.0064,4.4451,2.0,2.0,2.0,0.1003,0.1094,0.7391,0.0861,0.9389,0.4959,0.4972,159.0,159.0,159.0,0.0,39.7711,3
248,8.2667,17.0765,45.9058,0.5629,0.0048,2.678,2.0,2.0,2.0,0.1003,0.1094,0.7391,0.0861,0.9389,0.4964,0.497,158.0,158.0,158.0,0.0,39.9335,3
249,8.3,17.2151,45.9062,0.5218,0.0036,1.698,2.0,2.0,2.0,0.1005,0.096,0.7391,0.0861,0.9389,0.4956,0.4973,159.0,159.0,159.0,0.0,40.1198,3
250,8.3333,17.1083,45.7576,0.58,0.0032,1.473,2.0,2.0,2.0,0.1004,0.1094,0.7391,0.0806,0.9389,0.4965,0.4959,158.0,158.0,158.0,0.0,40.4911,3
251,8.3667,17.0575,45.6096,0.3524,0.0031,1.6589,2.0,2.0,2.0,0.0999,0.1094,0.7391,0.0806,0.9389,0.4961,0.4952,158.0,158.0,158.0,0.0,40.2987,3
252,8.4,16.9053,45.4346,0.4498,0.0034,1.3953,2.0,2.0,2.0,0.0994,0.1078,0.7391,0.0858,0.9389,0.4956,0.4947,155.0,155.0,155.0,0.0,40.1497,3
253,8.4333,16.9274,45.3417,0.4201,0.003,1.2983,2.0,2.0,2.0,0.0994,0.1078,0.7406,0.0861,0.9389,0.4956,0.4944,153.0,153.0,153.0,0.0,40.4456,3
254,8.4667,16.8752,45.1798,0.2747,0.0026,1.1192,2.0,2.0,2.0,0.0994,0.1078,0.7406,0.086,0.9389,0.4954,0.494,152.0,152.0,152.0,0.0,40.8057,4
255,8.5,16.7744,45.0189,0.3288,0.0018,0.9817,2.0,2.0,2.0,0.0991,0.1078,0.7391,0.0842,0.9389,0.4949,0.4937,151.0,151.0,151.0,0.0,40.7543,3
256,8.5333,16.8345,44.9262,0.3255,0.0021,0.6829,2.0,2.0,2.0,0.0993,0.0938,0.7391,0.0854,0.9389,0.4939,0.4943,146.0,146.0,146.0,0.0,40.8734,5
257,8.5667,16.8032,44.9136,0.3821,0.0015,0.5939,2.0,2.0,2.0,0.099,0.1062,0.7391,0.0833,0.9389,0.4948,0.4934,150.0,150.0,150.0,0.0,40.7269,3
258,8.6,16.8021,44.8206,0.352,0.0015,0.4006,2.0,2.0,2.0,0.0995,0.1083,0.8906,0.0722,0.9389,0.4977,0.4908,148.0,148.0,148.0,0.0,40.6982,3
259,8.6333,16.8186,44.8101,0.0783,0.0004,0.2473,2.0,2.0,2.0,0.0995,0.1078,0.8906,0.0722,0.9389,0.4976,0.4908,148.0,148.0,148.0,0.0,40.6921,3
260,8.6667,16.8272,44.8255,0.3438,0.001,0.1053,2.0,2.0,2.0,0.099,0.1079,0.7438,0.0778,0.9389,0.4951,0.4925,148.0,148.0,148.0,0.0,40.7336,4
261,8.7,16.8555,44.8368,0.0547,0.0002,0.1037,2.0,2.0,2.0,0.099,0.1081,0.7438,0.0778,0.9389,0.4952,0.4925,148.0,148.0,148.0,0.0,40.7094,4
262,8.7333,16.6726,44.8351,0.2179,0.0004,0.1113,2.0,2.0,2.0,0.0989,0.1075,0.7391,0.0833,0.9389,0.4944,0.4932,150.0,150.0,150.0,0.0,40.6513,3
263,8.7667,16.6799,44.8543,0.0539,0.0003,0.19,2.0,2.0,2.0,0.0989,0.1076,0.7391,0.0833,0.9389,0.4945,0.4933,150.0,150.0,150.0,0.0,40.6519,3
264,8.8,16.6747,44.8526,0.02,0.0,0.0087,2.0,2.0,2.0,0.0989,0.1077,0.7391,0.0833,0.9389,0.4945,0.4933,150.0,150.0,150.0,0.0,40.6559,3
265,8.8333,16.6719,44.8494,0.013,0.0,0.0093,2.0,2.0,2.0,0.0989,0.1076,0.7391,0.0833,0.9389,0.4945,0.4933,150.0,150.0,150.0,0.0,40.6636,3
266,8.8667,16.6711,44.8476,0.0077,0.0,0.0033,2.0,2.0,2.0,0.0989,0.1077,0.7391,0.0833,0.9389,0.4945,0.4933,150.0,150.0,150.0,0.0,40.6594,3
267,8.9,16.6667,44.842,0.0097,0.0,0.0026,2.0,2.0,2.0,0.0989,0.1078,0.7391,0.0833,0.9389,0.4945,0.4933,150.0,150.0,150.0,0.0,40.6616,3
268,8.9333,16.7004,44.8461,0.0427,0.0001,0.0029,2.0,2.0,2.0,0.099,0.108,0.7422,0.075,0.9389,0.4949,0.4928,150.0,150.0,150.0,0.0,40.7719,4
269,8.9667,16.8331,44.9305,0.1758,0.0003,0.0476,2.0,2.0,2.0,0.099,0.108,0.7453,0.075,0.9389,0.4951,0.4923,150.0,150.0,150.0,0.0,40.9097,6
270,9.0,16.7642,44.9184,0.2479,0.0005,0.0617,2.0,2.0,2.0,0.0989,0.1078,0.7391,0.0833,0.9389,0.4945,0.4933,150.0,150.0,150.0,0.0,40.6716,3
271,9.0333,16.7454,44.892,0.0747,0.0001,0.0197,2.0,2.0,2.0,0.0989,0.1091,0.7391,0.0856,0.9389,0.4945,0.4933,150.0,150.0,150.0,0.0,40.6596,3
272,9.0667,16.7417,44.8964,0.0684,0.0001,0.0125,2.0,2.0,2.0,0.0989,0.1077,0.7391,0.0858,0.9389,0.4945,0.4933,150.0,150.0,150.0,0.0,40.6646,3
273,9.1,16.8712,44.8902,0.2136,0.0003,0.0261,2.0,2.0,2.0,0.0991,0.1047,0.7391,0.0833,0.9389,0.4937,0.494,147.0,147.0,147.0,0.0,40.7392,4
274,9.1333,16.8647,44.883,0.0259,0.0001,0.0305,2.0,2.0,2.0,0.0991,0.1047,0.7391,0.0833,0.9389,0.4937,0.4941,147.0,147.0,147.0,0.0,40.7339,4
275,9.1667,16.7049,44.8892,0.2882,0.0015,0.5977,2.0,2.0,2.0,0.0989,0.1091,0.7393,0.0857,0.9389,0.4947,0.4933,151.0,151.0,151.0,0.0,40.8087,3
276,9.2,16.7125,44.9154,0.2761,0.0029,1.354,2.0,2.0,2.0,0.099,0.1094,0.7406,0.0861,0.9389,0.4948,0.4934,148.0,148.0,148.0,0.0,41.0414,3
277,9.2333,16.8407,44.9928,0.6678,0.0066,2.3172,2.0,2.0,2.0,0.0992,0.1086,0.7438,0.0833,0.9389,0.4947,0.4931,147.0,147.0,147.0,0.0,40.9343,5
278,9.2667,16.7808,45.1025,1.0942,0.0105,3.6961,2.0,2.0,2.0,0.0993,0.1094,0.7391,0.0861,0.9389,0.4947,0.4929,150.0,150.0,150.0,0.0,41.0414,3
279,9.3,16.9612,45.3019,1.7068,0.0161,7.4735,2.0,2.0,2.0,0.0996,0.0571,0.7391,0.0861,0.9389,0.4914,0.4954,153.0,153.0,153.0,0.0,41.5208,4
280,9.3333,16.8787,45.4642,2.5186,0.0223,13.7785,2.0,2.0,2.0,0.0981,0.1077,0.7406,0.0833,0.9389,0.4944,0.4927,161.0,161.0,161.0,0.0,41.6818,5
281,9.3667,16.9192,45.5909,3.4112,0.0257,23.1425,2.0,2.0,2.0,0.0979,0.1078,0.7406,0.0833,0.9389,0.4947,0.4914,166.0,166.0,166.0,0.0,42.2497,5
282,9.4,16.9479,45.6455,4.795,0.0304,37.0014,2.0,2.0,2.0,0.0983,0.1084,0.7422,0.0833,0.9389,0.4948,0.4909,165.0,165.0,165.0,0.0,42.5539,5
283,9.4333,16.9354,45.6295,6.4184,0.0353,52.2488,2.0,2.0,2.0,0.0982,0.1047,0.7402,0.0778,0.9389,0.4943,0.4898,164.0,164.0,164.0,0.0,41.8366,4
284,9.4667,16.9387,45.6532,8.2122,0.0425,65.1422,2.0,2.0,2.0,0.098,0.1078,0.7391,0.0833,0.9389,0.4942,0.4884,166.0,166.0,166.0,0.0,42.2742,4
285,9.5,16.9793,45.655,10.1326,0.0513,74.4948,2.0,2.0,2.0,0.0983,0.1085,0.7391,0.0833,0.9389,0.4947,0.4857,165.0,165.0,165.0,0.0,42.2303,4
286,9.5333,16.9813,45.6608,12.0012,0.0609,79.8553,2.0,2.0,2.0,0.0982,0.1078,0.7401,0.0833,0.9389,0.4944,0.4822,166.0,166.0,166.0,0.0,42.5445,4
287,9.5667,16.9414,39.622,13.927,0.0707,82.9136,2.0,2.0,2.0,0.0982,0.1078,0.7391,0.0833,0.9389,0.4946,0.4796,165.0,165.0,165.0,0.0,42.0233,4
288,9.6,17.0363,25.8602,15.6506,0.0828,83.5574,2.0,2.0,2.0,0.0983,0.1078,0.8234,0.075,0.9389,0.4954,0.4741,164.0,164.0,164.0,0.0,42.4433,4
289,9.6333,16.9552,9.9798,17.1596,0.0941,83.8316,2.0,2.0,2.0,0.098,0.1062,0.7406,0.0833,0.9389,0.4945,0.4696,166.0,166.0,166.0,0.0,42.53,4
290,9.6667,16.9526,2.0703,18.6843,0.1037,87.9427,2.0,2.0,2.0,0.098,0.1074,0.7406,0.0806,0.9389,0.4941,0.4656,167.0,167.0,167.0,0.0,42.0787,3
291,9.7,16.9394,2.0608,20.6104,0.1152,96.0312,2.0,2.0,2.0,0.0981,0.1078,0.7405,0.0194,0.9833,0.4942,0.4596,165.0,165.0,165.0,0.0,42.0864,2
292,9.7333,10.4969,2.1378,15.9646,0.0826,97.1727,2.0,2.0,2.0,0.0533,0.0797,0.8641,0.0,0.9972,0.4924,0.4511,165.0,165.0,165.0,0.0,45.2238,2
293,9.7667,2.8854,2.5458,8.6013,0.0511,1.0425,2.0,2.0,2.0,0.0023,0.0425,0.9453,0.0417,0.9444,0.3753,0.5307,113.0,113.0,113.0,0.0,169.7036,2
294,9.8,2.7965,2.4345,0.1554,0.0,0.0363,2.0,2.0,2.0,0.0023,0.0425,0.9453,0.0417,0.9444,0.3746,0.5315,113.0,113.0,113.0,0.0,169.5916,2
295,9.8333,2.6831,2.2447,0.2967,0.0001,0.1376,2.0,2.0,2.0,0.0023,0.0426,0.9453,0.0307,0.9444,0.3778,0.5254,113.0,113.0,113.0,0.0,169.1006,2
296,9.8667,2.7413,2.1939,0.2781,0.0007,0.3707,2.0,2.0,2.0,0.0029,0.0047,0.9453,0.0417,0.9817,0.3121,0.5958,105.0,105.0,105.0,0.0,149.2271,3
297,9.9,2.7152,2.1521,0.4508,0.0007,0.4854,2.0,2.0,2.0,0.0023,0.0426,0.9808,0.0417,0.9444,0.3859,0.5236,113.0,113.0,113.0,0.0,168.6534,3
298,9.9333,2.6615,2.1462,0.463,0.0002,0.3689,2.0,2.0,2.0,0.0024,0.0156,0.9469,0.0417,0.9444,0.3624,0.5222,113.0,113.0,113.0,0.0,167.3843,3
299,9.9667,2.6426,2.1248,0.0562,0.0,0.082,2.0,2.0,2.0,0.0024,0.0156,0.9469,0.0417,0.9444,0.3624,0.5222,113.0,113.0,113.0,0.0,167.388,3
300,10.0,3.3868,3.101,1.0911,0.0002,1.1962,3.0,3.0,3.0,0.0024,0.0406,0.9453,0.0417,0.9444,0.3647,0.5224,113.0,113.0,113.0,0.0,168.4396,3
301,10.0333,3.2101,2.9251,0.2779,0.0001,0.1122,3.0,3.0,3.0,0.0023,0.0426,0.9453,0.0417,0.9444,0.3741,0.5334,113.0,113.0,113.0,0.0,169.1231,2
302,10.0667,3.3259,3.5175,0.4355,0.0019,0.061,3.0,3.0,3.0,0.0041,0.0446,0.9453,0.0444,0.9444,0.4035,0.441,115.5,115.5,115.5,0.0,123.5554,3
303,10.1,4.6764,7.8033,1.7947,0.0094,58.2169,3.0,3.0,3.0,0.0129,0.05,0.9422,0.0517,0.9444,0.4253,0.3688,130.0,130.0,130.0,0.0,75.1321,3
304,10.1333,8.4881,19.5398,5.3916,0.0216,102.3201,2.0,2.0,2.0,0.0313,0.0578,0.9125,0.0639,0.9417,0.4319,0.3538,207.0,207.0,207.0,0.0,48.4286,6
305,10.1667,14.5486,37.9635,10.7781,0.0571,119.3385,2.0,2.0,2.0,0.0758,0.0938,0.8271,0.0722,0.9389,0.4296,0.3987,166.0,166.0,166.0,0.0,36.3895,4
306,10.2,19.1825,52.0145,13.0508,0.0577,104.6324,2.0,2.0,2.0,0.088,0.1016,0.683,0.075,0.9389,0.4319,0.3906,147.5,147.5,147.5,0.0,40.4323,3
307,10.2333,21.918,60.3655,12.5645,0.066,82.6558,2.0,2.0,2.0,0.0938,0.1047,0.7406,0.0778,0.9389,0.446,0.3891,111.0,111.0,111.0,0.0,36.6651,3
308,10.2667,23.8091,64.8201,7.0814,0.0522,45.518,2.0,2.0,2.0,0.1009,0.1094,0.8539,0.0722,0.9389,0.4613,0.3892,111.0,111.0,111.0,0.0,37.6393,4
309,10.3,24.3803,67.006,3.1258,0.0204,12.2763,2.0,2.0,2.0,0.1011,0.1094,0.8534,0.0722,0.9389,0.4644,0.3887,102.0,102.0,102.0,0.0,38.2015,7
310,10.3333,25.2063,69.5138,9.3363,0.0664,46.394,2.0,2.0,2.0,0.1196,0.1229,0.7484,0.2444,0.9361,0.4486,0.4218,132.0,132.0,132.0,0.0,38.9685,5
311,10.3667,25.317,70.3118,11.6756,0.0666,63.3988,2.0,2.0,2.0,0.1296,0.14,0.7578,0.25,0.6556,0.456,0.4276,117.0,117.0,117.0,0.0,41.7526,4
312,10.4,26.1905,73.1525,12.7479,0.0663,59.2869,2.0,2.0,2.0,0.1414,0.1625,0.7719,0.2556,0.6667,0.4776,0.4376,116.0,116.0,116.0,0.0,39.4935,3
313,10.4333,27.1581,76.2248,11.8566,0.0724,50.2613,2.0,2.0,2.0,0.1571,0.2172,0.7812,0.2583,0.6556,0.4973,0.4532,157.0,157.0,157.0,0.0,38.3654,3
314,10.4667,27.7437,77.4258,9.0887,0.0529,35.8042,2.0,2.0,2.0,0.1578,0.2172,0.7875,0.25,0.6472,0.5016,0.4558,147.0,147.0,147.0,0.0,39.3095,3
315,10.5,28.5367,79.0931,6.7423,0.0503,19.774,2.0,2.0,2.0,0.1679,0.2203,0.7891,0.25,0.7694,0.5019,0.4775,148.0,148.0,148.0,0.0,38.6754,5
316,10.5333,28.9379,80.7463,4.7754,0.0338,14.9927,2.0,2.0,2.0,0.1722,0.2219,0.7875,0.2528,0.7639,0.5007,0.4834,141.0,141.0,141.0,0.0,39.9171,3
317,10.5667,28.9102,81.4192,4.3433,0.0318,14.4068,2.0,2.0,2.0,0.173,0.2219,0.7844,0.2556,0.7528,0.4992,0.4844,138.0,138.0,138.0,0.0,39.7948,3
318,10.6,28.7741,81.1239,4.9538,0.0379,15.5495,2.0,2.0,2.0,0.1754,0.2219,0.7812,0.2611,0.7472,0.4986,0.4828,138.0,138.0,138.0,0.0,40.665,3
319,10.6333,28.7378,81.0322,4.5502,0.0358,14.7311,2.0,2.0,2.0,0.175,0.2219,0.7781,0.2639,0.7444,0.498,0.4822,144.0,144.0,144.0,0.0,38.9657,3
320,10.6667,28.9331,81.5205,4.0391,0.0316,12.8448,2.0,2.0,2.0,0.1789,0.2234,0.775,0.2639,0.7472,0.4976,0.4808,144.0,144.0,144.0,0.0,41.1457,3
321,10.7,29.2365,82.0368,3.8757,0.0289,12.3391,2.0,2.0,2.0,0.1777,0.2219,0.7734,0.2639,0.75,0.4958,0.4824,145.0,145.0,145.0,0.0,39.6154,3
322,10.7333,29.3221,82.5876,3.0926,0.0252,8.7957,2.0,2.0,2.0,0.1793,0.2203,0.7719,0.2611,0.7528,0.4949,0.4833,140.0,140.0,140.0,0.0,40.5142,3
323,10.7667,29.535,82.9575,1.9595,0.0171,5.4542,2.0,2.0,2.0,0.1799,0.2188,0.7719,0.2611,0.7583,0.4947,0.4842,139.0,139.0,139.0,0.0,40.3271,3
324,10.8,29.7138,82.9201,1.2364,0.0111,2.5643,2.0,2.0,2.0,0.1798,0.1239,0.7719,0.2611,0.9028,0.4932,0.4858,139.0,139.0,139.0,0.0,39.4318,3
325,10.8333,29.5418,82.6407,1.7359,0.0163,4.1881,2.0,2.0,2.0,0.1817,0.2203,0.7734,0.2611,0.7611,0.4959,0.4841,136.0,136.0,136.0,0.0,40.5092,3
326,10.8667,29.5296,82.6074,1.3768,0.0132,3.9598,2.0,2.0,2.0,0.1815,0.2219,0.7734,0.2611,0.7611,0.4967,0.4844,141.0,141.0,141.0,0.0,39.8342,3
327,10.9,29.5988,82.6757,1.3053,0.0135,2.9777,2.0,2.0,2.0,0.1808,0.2234,0.775,0.2639,0.7611,0.4976,0.4842,144.0,144.0,144.0,0.0,39.4895,3
328,10.9333,29.8115,83.0454,1.2256,0.0111,2.1457,2.0,2.0,2.0,0.1812,0.1647,0.775,0.2639,0.7639,0.4967,0.4846,140.0,140.0,140.0,0.0,39.7526,4
329,10.9667,29.9176,83.4671,0.5806,0.0056,1.4661,2.0,2.0,2.0,0.1822,0.2172,0.775,0.2639,0.7611,0.4973,0.485,139.0,139.0,139.0,0.0,40.11,3
330,11.0,29.8663,83.6939,0.6529,0.0049,0.9697,2.0,2.0,2.0,0.1807,0.2234,0.7766,0.2639,0.7583,0.4974,0.4839,144.0,144.0,144.0,0.0,39.5428,3
331,11.0333,29.8385,83.7261,0.2607,0.0021,0.4655,2.0,2.0,2.0,0.1809,0.2234,0.7766,0.2639,0.7583,0.4974,0.4841,143.0,143.0,143.0,0.0,39.6522,3
332,11.0667,29.8119,83.5728,0.3689,0.003,0.5529,2.0,2.0,2.0,0.1819,0.2234,0.7766,0.2611,0.7583,0.4983,0.4834,139.0,139.0,139.0,0.0,40.1581,4
333,11.1,29.6642,83.2129,0.3959,0.0028,0.5387,2.0,2.0,2.0,0.1811,0.2234,0.775,0.2639,0.7583,0.4973,0.4844,141.0,141.0,141.0,0.0,40.07,3
334,11.1333,29.6349,83.2105,0.1346,0.0004,0.1318,2.0,2.0,2.0,0.1811,0.2234,0.775,0.2639,0.7583,0.4973,0.4844,140.0,140.0,140.0,0.0,40.0019,3
335,11.1667,29.6344,83.1771,0.1174,0.0008,0.1878,2.0,2.0,2.0,0.1809,0.2219,0.775,0.2639,0.7583,0.4972,0.4841,141.0,141.0,141.0,0.0,39.8833,3
336,11.2,29.6465,83.1373,0.1164,0.0007,0.1353,2.0,2.0,2.0,0.181,0.2219,0.775,0.2639,0.7583,0.4972,0.4841,141.0,141.0,141.0,0.0,39.8443,3
337,11.2333,29.6352,83.1358,0.0831,0.0004,0.0766,2.0,2.0,2.0,0.181,0.2234,0.775,0.2639,0.7583,0.4973,0.4843,141.0,141.0,141.0,0.0,39.859,3
338,11.2667,29.6389,83.1275,0.0196,0.0001,0.0199,2.0,2.0,2.0,0.1811,0.2234,0.775,0.2639,0.7583,0.4973,0.4844,140.0,140.0,140.0,0.0,39.8804,3
339,11.3,29.6267,83.1228,0.0291,0.0,0.0109,2.0,2.0,2.0,0.1811,0.2234,0.775,0.2639,0.7583,0.4973,0.4844,140.5,140.5,140.5,0.0,39.8852,3
340,11.3333,29.6571,83.1785,0.0526,0.0002,0.033,2.0,2.0,2.0,0.181,0.2234,0.775,0.2639,0.7583,0.4973,0.4843,141.0,141.0,141.0,0.0,39.8407,3
341,11.3667,29.6413,83.1513,0.0454,0.0,0.0039,2.0,2.0,2.0,0.181,0.2234,0.775,0.2639,0.7583,0.4973,0.4843,141.0,141.0,141.0,0.0,39.843,3
342,11.4,29.6619,83.1449,0.0635,0.0,0.0032,2.0,2.0,2.0,0.181,0.2234,0.775,0.2639,0.7583,0.4973,0.4843,141.0,141.0,141.0,0.0,39.8412,3
343,11.4333,29.6644,83.1322,0.0212,0.0001,0.0138,2.0,2.0,2.0,0.181,0.2234,0.775,0.2639,0.7583,0.4973,0.4843,141.0,141.0,141.0,0.0,39.8731,3
344,11.4667,29.6307,83.1162,0.0826,0.0005,0.096,2.0,2.0,2.0,0.1814,0.2234,0.775,0.2639,0.7583,0.4973,0.4847,139.0,139.0,139.0,0.0,39.9781,3
345,11.5,29.7167,83.1087,0.1834,0.0009,0.2661,2.0,2.0,2.0,0.1816,0.2234,0.775,0.2639,0.7583,0.4973,0.4851,139.0,139.0,139.0,0.0,40.1584,3
346,11.5333,29.7339,83.0202,0.1975,0.0018,0.4567,2.0,2.0,2.0,0.1814,0.2234,0.775,0.2639,0.7611,0.4973,0.485,139.0,139.0,139.0,0.0,39.9577,3
347,11.5667,29.6951,82.8712,0.5252,0.0035,1.0229,2.0,2.0,2.0,0.1823,0.2234,0.775,0.2639,0.7611,0.4973,0.4861,139.0,139.0,139.0,0.0,40.2584,3
348,11.6,29.7996,82.6181,0.9248,0.0063,2.2519,2.0,2.0,2.0,0.1825,0.2234,0.7766,0.2611,0.7667,0.4979,0.4858,136.0,136.0,136.0,0.0,40.1023,4
349,11.6333,29.803,82.2905,1.4369,0.0094,3.3175,2.0,2.0,2.0,0.1824,0.2234,0.775,0.2639,0.7714,0.4974,0.4875,134.0,134.0,134.0,0.0,39.4994,3
350,11.6667,29.9201,82.0599,2.2661,0.0138,6.3686,2.0,2.0,2.0,0.1844,0.1297,0.775,0.2639,0.7898,0.4958,0.4909,132.0,132.0,132.0,0.0,39.9436,3
351,11.7,29.9941,81.6827,3.0967,0.0198,10.3016,2.0,2.0,2.0,0.1839,0.1297,0.775,0.2639,0.8784,0.4957,0.4921,132.0,132.0,132.0,0.0,40.002,4
352,11.7333,30.0538,80.5217,4.6449,0.026,15.4822,2.0,2.0,2.0,0.1838,0.2234,0.775,0.2639,0.8028,0.4972,0.4941,134.0,134.0,134.0,0.0,40.0154,4
353,11.7667,30.1863,79.5325,6.1516,0.0332,21.2092,2.0,2.0,2.0,0.184,0.2234,0.775,0.2639,0.8222,0.4969,0.4985,142.0,142.0,142.0,0.0,40.8691,4
354,11.8,30.1732,77.3271,8.0009,0.044,26.6989,2.0,2.0,2.0,0.1831,0.2234,0.775,0.2639,0.8472,0.4963,0.5036,151.0,151.0,151.0,0.0,40.9957,5
355,11.8333,30.3053,77.6741,9.7815,0.0519,32.251,2.0,2.0,2.0,0.1842,0.2234,0.775,0.2639,0.8778,0.4965,0.5113,153.0,153.0,153.0,0.0,41.6879,5
356,11.8667,30.392,77.9201,12.0531,0.065,39.8756,2.0,2.0,2.0,0.183,0.2234,0.775,0.2667,0.9167,0.4963,0.5226,154.0,154.0,154.0,0.0,41.7649,5
357,11.9,30.4948,78.2243,15.1739,0.0803,50.9713,2.0,2.0,2.0,0.1819,0.2234,0.775,0.2694,0.9528,0.4963,0.5387,165.0,165.0,165.0,0.0,42.2537,5
358,11.9333,30.1013,75.3421,18.0535,0.0905,63.2188,2.0,2.0,2.0,0.1783,0.2219,0.775,0.275,0.9889,0.4961,0.5496,167.0,167.0,167.0,0.0,42.7908,5
359,11.9667,28.4395,67.8438,19.5831,0.1002,71.0787,2.0,2.0,2.0,0.167,0.2203,0.775,0.2833,0.9889,0.4957,0.5445,167.0,167.0,167.0,0.0,42.3685,6
360,12.0,28.5414,58.6977,21.2005,0.1077,80.2251,3.0,3.0,3.0,0.1629,0.2172,0.7766,0.2944,0.8583,0.4954,0.5601,171.0,171.0,171.0,0.0,41.2783,6
361,12.0333,28.401,58.3637,23.3687,0.1192,88.7722,3.0,3.0,3.0,0.1636,0.2172,0.7752,0.3083,0.9139,0.4954,0.5909,169.0,169.0,169.0,0.0,42.4395,6
362,12.0667,28.2146,58.2143,25.9302,0.1407,89.19,2.0,2.0,2.0,0.163,0.2203,0.7766,0.3278,0.9722,0.4952,0.6303,171.0,171.0,171.0,0.0,41.9531,4
363,12.1,24.6062,58.1174,24.9947,0.1386,87.8958,2.0,2.0,2.0,0.1378,0.1585,0.7766,0.35,0.9944,0.4946,0.615,174.0,174.0,174.0,0.0,41.3312,4
364,12.1333,21.2011,50.6149,22.2902,0.1238,97.1896,2.0,2.0,2.0,0.1127,0.1203,0.775,0.3806,0.9361,0.4936,0.5755,194.0,194.0,194.0,0.0,40.0255,4
365,12.1667,21.2508,39.4342,20.874,0.1122,90.4538,2.0,2.0,2.0,0.1128,0.1215,0.7766,0.0833,0.9361,0.4946,0.6239,188.0,188.0,188.0,0.0,40.4484,5
366,12.2,21.2349,39.445,21.4283,0.1254,59.4831,2.0,2.0,2.0,0.1138,0.1234,0.7766,0.0861,0.9444,0.4948,0.6815,185.0,185.0,185.0,0.0,41.4126,4
367,12.2333,19.2316,39.4887,21.8042,0.1278,56.9438,2.0,2.0,2.0,0.0973,0.1062,0.775,0.081,0.9972,0.4927,0.7136,205.0,205.0,205.0,0.0,39.766,3
368,12.2667,14.9686,39.5098,18.7725,0.1026,80.4687,2.0,2.0,2.0,0.0669,0.0844,0.8403,0.0694,0.9389,0.4892,0.665,235.0,235.0,235.0,0.0,37.1002,3
369,12.3,14.9876,20.2719,17.0113,0.0788,99.6056,2.0,2.0,2.0,0.0679,0.0891,0.8385,0.0722,0.9389,0.4896,0.7411,225.0,225.0,225.0,0.0,39.0562,3
370,12.3333,14.9107,2.0613,18.5885,0.0876,87.4022,2.0,2.0,2.0,0.0667,0.0875,0.8397,0.0722,0.9389,0.4897,0.8314,238.0,238.0,238.0,0.0,37.3497,3
371,12.3667,12.7118,2.0463,17.3484,0.0825,51.6214,2.0,2.0,2.0,0.0537,0.0797,0.8583,0.0694,0.9972,0.4906,0.9159,238.0,238.0,238.0,0.0,41.3663,2
372,12.4,2.429,2.032,10.331,0.0514,0.3643,2.0,2.0,2.0,0.0023,0.0425,0.9453,0.0417,0.9444,0.3726,0.5298,115.0,115.0,115.0,0.0,170.3468,2
373,12.4333,2.4293,2.0278,0.0222,0.0,0.3025,2.0,2.0,2.0,0.0023,0.0425,0.9453,0.0417,0.9444,0.3726,0.5298,116.0,116.0,116.0,0.0,170.5453,2
374,12.4667,2.4215,2.0264,0.0283,0.0,0.3726,2.0,2.0,2.0,0.0023,0.0425,0.9453,0.0417,0.9444,0.3736,0.5307,116.0,116.0,116.0,0.0,170.5404,2
375,12.5,2.4204,2.0224,0.0206,0.0,0.2813,2.0,2.0,2.0,0.0023,0.0426,0.9453,0.0417,0.9444,0.3718,0.5262,116.0,116.0,116.0,0.0,170.0648,2
376,12.5333,2.4959,2.0316,0.0841,0.0001,0.4269,2.0,2.0,2.0,0.0023,0.0427,0.9453,0.0417,0.9444,0.3681,0.5118,115.0,115.0,115.0,0.0,170.1623,2
377,12.5667,2.5105,2.0618,0.1468,0.0002,0.6474,2.0,2.0,2.0,0.0025,0.0433,0.9453,0.0417,0.9444,0.3543,0.4903,112.0,112.0,112.0,0.0,168.0998,2
378,12.6,2.5165,2.06,0.0306,0.0001,0.9947,2.0,2.0,2.0,0.0026,0.0436,0.9453,0.0417,0.9444,0.3464,0.4706,111.0,111.0,111.0,0.0,168.7222,2
379,12.6333,2.4653,2.0355,0.0925,0.0,0.1639,2.0,2.0,2.0,0.0026,0.0437,0.9453,0.0417,0.9444,0.3479,0.473,111.0,111.0,111.0,0.0,168.1591,2
380,12.6667,2.7306,2.0316,0.3544,0.0078,0.0469,2.0,2.0,2.0,0.0104,0.0,0.9422,0.05,0.9444,0.12,0.4121,110.0,2.0,3.0,170.0,52.6281,3
381,12.7,3.9181,3.8703,1.6121,0.0224,58.6194,2.0,2.0,2.0,0.0326,0.0031,0.8984,0.0583,0.9417,0.1883,0.3988,20.0,2.0,2.0,247.0,31.8199,3
382,12.7333,5.2817,8.8054,3.4223,0.0199,76.0159,2.0,2.0,2.0,0.0512,0.0047,0.8688,0.0611,0.9417,0.2743,0.3966,15.0,2.0,3.0,247.0,31.734,3
383,12.7667,5.4902,10.8501,4.5014,0.0222,81.3615,2.0,2.0,2.0,0.0548,0.0812,0.8594,0.0639,0.9417,0.379,0.3966,4.0,2.0,6.0,246.0,29.9648,3
384,12.8,5.5823,11.1056,4.4235,0.0278,81.7709,2.0,2.0,2.0,0.0453,0.0734,0.8775,0.0611,0.9417,0.5053,0.3973,8.0,3.0,8.0,243.0,35.9187,3
385,12.8333,5.5559,11.0696,3.6803,0.0188,79.4677,2.0,2.0,2.0,0.0381,0.0672,0.8906,0.0583,0.9417,0.5846,0.3983,20.0,3.0,11.0,240.0,43.4089,3
386,12.8667,6.214,11.1707,3.9174,0.0254,86.4477,2.0,2.0,2.0,0.0482,0.0062,0.8732,0.0611,0.9417,0.4605,0.4302,56.0,2.0,5.0,245.0,39.0103,3
387,12.9,8.5045,14.0715,5.2558,0.031,80.7437,2.0,2.0,2.0,0.0699,0.0062,0.8374,0.0667,0.9389,0.3929,0.4575,93.0,3.0,5.0,246.0,37.4803,3
388,12.9333,11.0501,22.1056,6.6621,0.0251,78.2225,2.0,2.0,2.0,0.0887,0.0094,0.8838,0.0667,0.9389,0.4118,0.4663,74.0,5.0,8.0,237.0,40.4377,4
389,12.9667,12.5665,27.9741,8.7896,0.0387,79.6711,2.0,2.0,2.0,0.1181,0.0078,0.7984,0.075,0.9361,0.4023,0.491,31.0,3.0,6.0,242.0,36.3157,3
390,13.0,14.6409,33.3414,11.2585,0.0428,81.3011,2.0,2.0,2.0,0.1425,0.0141,0.8188,0.3389,0.6556,0.4309,0.508,20.0,3.0,8.0,245.0,35.2834,3
391,13.0333,15.4131,38.0934,13.0945,0.0466,83.3258,2.0,2.0,2.0,0.1594,0.0078,0.8562,0.3417,0.6556,0.4517,0.5109,18.0,3.0,8.0,246.0,33.3288,3
392,13.0667,16.6104,38.6675,14.008,0.0621,82.0248,2.0,2.0,2.0,0.165,0.0141,0.8734,0.3417,0.6556,0.4852,0.4944,24.0,3.0,9.0,244.0,35.2902,4
393,13.1,18.1444,42.0044,13.1778,0.0454,77.3084,2.0,2.0,2.0,0.1642,0.0141,0.8781,0.3417,0.6528,0.5028,0.4795,28.0,4.0,12.0,240.0,39.605,3
394,13.1333,18.3151,45.316,11.7528,0.0305,69.8569,2.0,2.0,2.0,0.16,0.0188,0.8797,0.3417,0.6528,0.5138,0.4712,32.0,5.0,31.0,216.0,39.8133,3
395,13.1667,18.202,46.5971,10.0546,0.0273,62.9385,2.0,2.0,2.0,0.1488,0.1312,0.8797,0.3417,0.6556,0.551,0.4719,67.0,28.0,62.0,206.0,43.0597,3
396,13.2,18.23,46.7632,9.3051,0.0197,61.7467,2.0,2.0,2.0,0.1439,0.0156,0.8766,0.3389,0.6528,0.554,0.4766,82.0,48.0,77.0,204.0,44.8711,3
397,13.2333,18.8316,47.7193,9.6813,0.0217,63.271,2.0,2.0,2.0,0.1521,0.0156,0.8703,0.3417,0.6528,0.5318,0.4894,79.0,19.0,54.0,213.0,43.897,3
398,13.2667,19.776,50.3693,10.2742,0.0294,61.9067,2.0,2.0,2.0,0.1682,0.0094,0.8609,0.3417,0.6528,0.4975,0.4999,58.0,6.0,19.0,204.0,41.4075,3
399,13.3,20.7691,52.2259,11.0779,0.0315,59.7284,2.0,2.0,2.0,0.183,0.0188,0.8531,0.3417,0.6528,0.4797,0.501,45.0,4.0,17.0,211.0,40.1589,3
400,13.3333,21.7057,54.5184,11.4544,0.0328,58.3952,2.0,2.0,2.0,0.1843,0.0156,0.8484,0.3417,0.6556,0.4822,0.497,49.0,12.0,27.0,208.0,40.8869,6
401,13.3667,21.7569,56.7907,10.5244,0.0236,56.2539,2.0,2.0,2.0,0.1767,0.0531,0.8453,0.3417,0.6556,0.4922,0.492,60.0,37.0,62.0,192.0,43.3703,6
402,13.4,21.526,57.5522,8.7987,0.0172,48.005,2.0,2.0,2.0,0.1645,0.1234,0.8453,0.3417,0.6528,0.5121,0.4869,86.0,75.0,96.0,163.0,46.1869,3
403,13.4333,21.2244,57.284,6.3303,0.0096,37.0623,2.0,2.0,2.0,0.1578,0.1594,0.8438,0.3417,0.6528,0.5196,0.4856,105.0,104.0,111.0,86.0,48.1959,3
404,13.4667,21.6551,57.2759,4.9157,0.019,26.6353,2.0,2.0,2.0,0.1663,0.0598,0.8422,0.3417,0.6528,0.4932,0.4938,120.0,40.0,65.0,62.0,46.7702,3
405,13.5,22.8592,58.9945,5.3037,0.0172,27.6764,2.0,2.0,2.0,0.1786,0.0594,0.8406,0.3417,0.6528,0.4717,0.5012,68.5,49.0,27.0,85.0,46.8156,3
406,13.5333,23.1852,62.6008,5.8862,0.0123,29.6917,2.0,2.0,2.0,0.1861,0.0625,0.8406,0.3417,0.6528,0.4647,0.5052,42.0,22.0,38.0,102.0,45.8011,3
407,13.5667,23.2104,63.2854,5.7384,0.0192,27.3744,2.0,2.0,2.0,0.1782,0.1609,0.8406,0.3417,0.6528,0.4844,0.5012,70.0,58.0,66.0,45.0,48.793,4
408,13.6,23.1698,63.0874,4.6002,0.0107,24.2023,2.0,2.0,2.0,0.1715,0.1562,0.8419,0.3417,0.6528,0.4943,0.4976,93.0,91.0,97.0,15.0,50.3552,3
409,13.6333,23.105,62.6766,3.3484,0.0071,18.3621,2.0,2.0,2.0,0.1676,0.1531,0.8422,0.3417,0.6528,0.4985,0.4957,111.0,107.0,117.0,6.0,50.4437,3
410,13.6667,23.1268,62.5096,2.4382,0.0034,13.8031,2.0,2.0,2.0,0.1673,0.15,0.8422,0.3417,0.6528,0.4983,0.4954,115.0,110.0,112.0,5.0,50.6344,3
411,13.7,23.1858,62.5311,1.9711,0.0035,10.8345,2.0,2.0,2.0,0.1683,0.1484,0.8422,0.3417,0.6528,0.4969,0.4958,113.0,105.0,107.0,4.0,51.0591,3
412,13.7333,23.2875,62.67,1.8987,0.0031,10.0864,2.0,2.0,2.0,0.1686,0.1477,0.8422,0.3417,0.6528,0.4959,0.4961,110.0,104.0,108.0,4.0,51.8562,3
413,13.7667,23.4501,62.7356,1.6781,0.0028,8.3797,2.0,2.0,2.0,0.1688,0.1469,0.8422,0.3417,0.6528,0.4955,0.4961,100.0,97.0,104.0,3.0,52.1923,3
414,13.8,23.2595,62.7103,1.3939,0.0024,6.5854,2.0,2.0,2.0,0.1686,0.1469,0.8422,0.3417,0.6528,0.4951,0.4964,101.0,97.0,100.0,3.0,52.6186,3
415,13.8333,23.2696,62.7117,0.8748,0.002,4.7642,2.0,2.0,2.0,0.1682,0.1469,0.8422,0.3417,0.6528,0.4954,0.4964,102.0,98.0,100.0,3.0,52.2971,3
416,13.8667,23.2719,62.7142,0.6127,0.0015,3.273,2.0,2.0,2.0,0.1677,0.1469,0.8422,0.3417,0.6528,0.4957,0.4962,108.0,104.0,104.0,2.0,52.2107,3
417,13.9,23.3643,62.745,0.4898,0.0013,2.0836,2.0,2.0,2.0,0.1674,0.1469,0.8422,0.3417,0.6528,0.496,0.496,105.0,104.0,111.0,2.0,52.3987,3
418,13.9333,23.3648,62.7432,0.28,0.0012,1.271,2.0,2.0,2.0,0.1669,0.1469,0.8422,0.3417,0.6528,0.4963,0.4958,111.0,111.0,111.0,2.0,52.7856,3
419,13.9667,23.3687,62.7237,0.313,0.001,0.6443,2.0,2.0,2.0,0.1664,0.1469,0.8422,0.3417,0.6528,0.4969,0.4956,112.0,112.0,111.0,2.0,52.7125,3
420,14.0,23.9524,62.965,1.1249,0.0022,1.3558,3.0,3.0,3.0,0.1656,0.1469,0.8453,0.1766,0.6528,0.498,0.4946,109.0,109.5,110.0,0.0,52.4041,5
421,14.0333,23.9066,62.9517,0.2338,0.0009,0.3712,3.0,3.0,3.0,0.1656,0.1469,0.8453,0.1763,0.6528,0.4982,0.4946,109.0,109.0,109.0,0.0,52.3834,5
422,14.0667,23.5664,62.7497,0.4586,0.001,0.1976,3.0,3.0,3.0,0.165,0.1469,0.8422,0.3417,0.6528,0.4975,0.4956,113.0,113.0,113.0,0.0,52.3299,3
423,14.1,23.4258,62.6658,0.2311,0.0005,0.2087,2.0,2.0,2.0,0.1652,0.1469,0.8422,0.3417,0.6528,0.4973,0.4956,115.0,115.0,115.0,0.0,52.4015,3
424,14.1333,23.264,62.5763,0.2377,0.0005,0.2355,2.0,2.0,2.0,0.1654,0.1469,0.8422,0.3417,0.6528,0.4969,0.4956,115.0,115.0,115.0,0.0,52.5417,3
425,14.1667,23.1858,62.5332,0.2346,0.0011,0.5859,2.0,2.0,2.0,0.1659,0.1469,0.8422,0.3417,0.6528,0.4963,0.4958,113.0,113.0,113.0,0.0,52.7024,3
426,14.2,23.2172,62.5227,0.3416,0.0012,1.1881,2.0,2.0,2.0,0.1665,0.1469,0.8422,0.3417,0.6528,0.4959,0.4961,110.0,108.0,113.0,0.0,52.2525,3
427,14.2333,23.1647,62.5357,0.4618,0.0013,2.0393,2.0,2.0,2.0,0.1669,0.1469,0.8422,0.3417,0.6528,0.4956,0.4962,111.0,107.0,107.0,0.0,52.1276,3
428,14.2667,23.1619,62.5165,0.638,0.0017,3.2729,2.0,2.0,2.0,0.1673,0.1469,0.8422,0.3417,0.6528,0.4954,0.4966,104.0,103.0,103.0,0.0,52.1271,3
429,14.3,23.1345,62.5307,0.8776,0.002,4.6998,2.0,2.0,2.0,0.1679,0.1469,0.8422,0.3417,0.6528,0.495,0.4966,103.0,102.0,102.0,0.0,52.6207,3
430,14.3333,23.1508,62.5351,1.1544,0.0021,6.3893,2.0,2.0,2.0,0.1679,0.1469,0.8422,0.3417,0.6528,0.4951,0.4965,104.0,102.0,108.0,0.0,52.2501,3
431,14.3667,23.1302,62.4878,1.5674,0.0029,8.4131,2.0,2.0,2.0,0.1677,0.1469,0.8422,0.3417,0.6528,0.4955,0.4961,109.0,104.0,107.0,0.0,51.8033,3
432,14.4,23.0719,62.4381,1.8532,0.0034,10.1329,2.0,2.0,2.0,0.1675,0.1484,0.8422,0.3417,0.6528,0.4966,0.4959,115.0,108.0,108.0,0.0,51.0754,3
433,14.4333,23.0163,62.4088,1.9406,0.0039,10.8642,2.0,2.0,2.0,0.1668,0.15,0.8422,0.3417,0.6528,0.4981,0.4955,115.0,110.0,113.0,0.0,50.6412,3
434,14.4667,23.0179,62.5532,2.4386,0.0033,13.7863,2.0,2.0,2.0,0.1671,0.1516,0.8422,0.3417,0.6528,0.4984,0.4959,110.0,105.0,116.0,0.0,50.2701,3
435,14.5,23.0979,63.0036,3.3227,0.007,18.3722,2.0,2.0,2.0,0.1709,0.1562,0.8406,0.3417,0.6528,0.4942,0.4979,94.0,93.0,97.0,2.0,50.3156,3
436,14.5333,23.0969,63.1893,4.5896,0.0109,24.0749,2.0,2.0,2.0,0.1778,0.1609,0.8406,0.3417,0.6528,0.4839,0.5014,69.0,58.0,66.0,2.0,48.8285,3
437,14.5667,23.0769,62.502,5.729,0.0188,27.5082,2.0,2.0,2.0,0.185,0.0594,0.8406,0.3417,0.6528,0.4652,0.505,46.0,23.0,37.0,3.0,46.3042,3
438,14.6,22.8202,58.9066,5.8594,0.0128,29.6686,2.0,2.0,2.0,0.1784,0.0578,0.8406,0.3417,0.6528,0.4707,0.5015,72.0,51.0,26.0,3.0,46.8059,3
439,14.6333,21.5586,57.1768,5.3475,0.0183,27.5366,2.0,2.0,2.0,0.1651,0.0578,0.8422,0.3417,0.6528,0.4941,0.4935,121.0,41.0,67.0,7.0,46.9606,3
440,14.6667,21.114,57.1763,4.9477,0.0188,26.7129,2.0,2.0,2.0,0.1576,0.1578,0.8438,0.3417,0.6528,0.5193,0.4856,105.0,102.0,111.0,26.0,48.5253,3
441,14.7,21.2669,57.4642,6.21,0.0095,37.1528,2.0,2.0,2.0,0.1642,0.1234,0.8453,0.3417,0.6528,0.5113,0.4875,87.0,74.0,97.0,119.0,46.559,3
442,14.7333,21.5112,56.6863,8.483,0.0168,47.951,2.0,2.0,2.0,0.1761,0.0578,0.8453,0.3417,0.6528,0.4936,0.4911,59.0,37.0,61.0,190.0,43.2163,3
443,14.7667,21.4591,54.4018,10.5356,0.0235,56.4171,2.0,2.0,2.0,0.1838,0.0203,0.8484,0.3417,0.6528,0.4831,0.4959,52.0,12.0,26.0,211.0,41.139,3
444,14.8,20.7566,52.2015,11.3141,0.0327,58.3798,2.0,2.0,2.0,0.1832,0.0188,0.8547,0.3417,0.6528,0.4795,0.5013,45.0,4.0,16.0,206.0,40.1745,3
445,14.8333,19.7683,50.2945,11.0384,0.0321,59.7693,2.0,2.0,2.0,0.1674,0.0094,0.8609,0.3417,0.6528,0.4988,0.4995,60.0,6.0,20.0,202.0,41.363,3
446,14.8667,18.7511,47.6203,10.4351,0.0294,62.0162,2.0,2.0,2.0,0.1514,0.0156,0.8703,0.3417,0.6556,0.5332,0.4889,81.0,20.0,54.0,217.0,44.0166,3
447,14.9,18.2343,46.8167,9.7167,0.0216,63.5333,2.0,2.0,2.0,0.1434,0.0161,0.8781,0.3389,0.6528,0.5557,0.4764,82.0,52.0,77.0,208.0,45.0121,3
448,14.9333,18.2105,46.6284,9.2962,0.0192,61.6654,2.0,2.0,2.0,0.1486,0.1297,0.8797,0.3417,0.6556,0.5511,0.4718,67.0,31.0,61.0,213.0,42.981,3
449,14.9667,18.2542,45.2609,10.1455,0.0281,63.151,2.0,2.0,2.0,0.1606,0.0172,0.8797,0.3417,0.6528,0.5121,0.4709,32.0,5.0,32.0,228.0,39.2934,3
450,15.0,18.1431,42.0324,11.8294,0.0305,70.0542,2.0,2.0,2.0,0.1646,0.0143,0.8781,0.3417,0.6556,0.5025,0.48,30.0,4.0,12.5,243.0,39.7768,3
451,15.0333,16.6125,38.7241,13.271,0.0442,77.4998,2.0,2.0,2.0,0.1639,0.0141,0.8734,0.3417,0.6556,0.4856,0.4939,25.0,3.0,9.0,246.0,35.1096,3
452,15.0667,15.2327,38.0698,13.8755,0.0624,82.0536,2.0,2.0,2.0,0.1601,0.0078,0.8562,0.3417,0.6556,0.4509,0.5114,18.0,2.0,9.0,247.0,33.2459,3
453,15.1,14.4133,33.2575,13.1147,0.0479,83.5019,2.0,2.0,2.0,0.1418,0.0141,0.8172,0.3389,0.6556,0.4297,0.5073,20.0,3.0,8.0,246.0,34.7748,3
454,15.1333,12.5455,27.9141,11.0558,0.0414,81.4671,2.0,2.0,2.0,0.118,0.0094,0.7984,0.075,0.9361,0.4018,0.491,31.0,2.0,6.0,245.0,36.2779,3
455,15.1667,10.7551,21.9156,8.5575,0.0375,79.8075,2.0,2.0,2.0,0.0882,0.0094,0.8047,0.0694,0.9389,0.408,0.4686,65.0,4.0,6.0,242.0,40.5483,3
456,15.2,8.2905,13.8904,6.4723,0.0245,77.6285,2.0,2.0,2.0,0.07,0.0062,0.8359,0.0667,0.9389,0.3922,0.4571,88.0,2.0,4.0,247.0,37.7043,3
457,15.2333,6.091,11.0329,5.0339,0.0316,80.0731,2.0,2.0,2.0,0.0478,0.0062,0.8733,0.0611,0.9417,0.4644,0.4294,52.0,2.0,6.0,246.0,39.3,3
458,15.2667,5.4913,10.9969,3.8432,0.0253,86.0262,2.0,2.0,2.0,0.0385,0.0688,0.8891,0.0611,0.9417,0.5827,0.3984,19.0,3.0,12.0,242.0,41.8528,3
459,15.3,5.5324,11.0648,3.6169,0.0176,79.9813,2.0,2.0,2.0,0.0451,0.0734,0.8769,0.0611,0.9417,0.5069,0.3973,9.0,2.0,8.0,244.0,35.6658,3
460,15.3333,5.5711,10.913,4.3934,0.0277,81.6476,2.0,2.0,2.0,0.0541,0.0797,0.8641,0.0639,0.9417,0.3811,0.3967,4.0,2.0,6.0,247.0,29.781,3
461,15.3667,5.3504,8.8684,4.6529,0.0236,81.2387,2.0,2.0,2.0,0.0498,0.0062,0.8691,0.0639,0.9417,0.2733,0.3975,16.0,2.0,3.0,247.0,30.8289,3
462,15.4,4.3499,5.2027,3.9058,0.0202,75.7804,2.0,2.0,2.0,0.0311,0.0031,0.9022,0.0611,0.9417,0.1864,0.4013,19.0,2.0,2.0,247.0,30.5315,3
463,15.4333,4.1494,6.2113,2.9051,0.0228,60.3505,2.0,2.0,2.0,0.011,0.0,0.9422,0.05,0.9444,0.1671,0.4537,89.0,2.0,3.0,170.0,47.9632,6
464,15.4667,4.7007,7.6929,2.2248,0.0183,11.3276,2.0,2.0,2.0,0.0128,0.05,0.9422,0.0528,0.9444,0.4838,0.681,127.0,127.0,127.0,0.0,47.087,5
465,15.5,5.7474,9.0379,2.2695,0.015,49.2799,2.0,2.0,2.0,0.0203,0.0516,0.9391,0.0583,0.9444,0.4868,0.7069,162.0,162.0,162.0,0.0,38.6955,3
466,15.5333,6.9415,11.0361,2.5715,0.0113,43.4734,2.0,2.0,2.0,0.0244,0.0531,0.9324,0.0611,0.9417,0.4871,0.7151,167.0,167.0,167.0,0.0,39.0775,7
467,15.5667,7.9145,12.7559,2.4379,0.0178,26.341,2.0,2.0,2.0,0.0343,0.0595,0.8953,0.0639,0.9417,0.4929,0.6898,143.0,143.0,143.0,0.0,34.647,4
468,15.6,9.3214,16.0849,2.6346,0.0162,21.6485,2.0,2.0,2.0,0.0404,0.0703,0.8858,0.0667,0.9417,0.4931,0.6859,179.0,179.0,179.0,0.0,34.7992,4
469,15.6333,11.1078,21.0366,3.2856,0.0127,17.0203,2.0,2.0,2.0,0.0458,0.0743,0.8766,0.0667,0.9417,0.4935,0.6768,165.0,165.0,165.0,0.0,34.6243,6
470,15.6667,12.6085,25.4309,3.4009,0.0214,12.3943,2.0,2.0,2.0,0.0604,0.0828,0.8512,0.0694,0.9417,0.4942,0.6351,140.0,140.0,140.0,0.0,32.3195,5
471,15.7,14.0723,29.9288,3.6896,0.0242,17.5394,2.0,2.0,2.0,0.0708,0.0906,0.835,0.0722,0.9389,0.493,0.6181,175.0,175.0,175.0,0.0,32.1944,4
472,15.7333,15.6097,34.6883,3.7357,0.0195,19.1187,2.0,2.0,2.0,0.0777,0.0938,0.825,0.0722,0.9389,0.4935,0.6095,179.0,178.0,179.0,0.0,32.7125,5
473,15.7667,16.8244,38.417,3.3908,0.0247,12.756,2.0,2.0,2.0,0.0885,0.1016,0.6594,0.075,0.9389,0.4939,0.5815,144.0,144.0,144.0,0.0,32.1934,4
474,15.8,18.1244,41.1587,3.2458,0.0224,11.9514,2.0,2.0,2.0,0.0956,0.1047,0.6578,0.0806,0.9389,0.4945,0.5681,183.0,183.0,183.0,0.0,33.0303,4
475,15.8333,19.4423,42.9295,3.1382,0.017,10.5588,2.0,2.0,2.0,0.1003,0.1094,0.6562,0.0861,0.9389,0.495,0.5588,190.0,190.0,190.0,0.0,33.285,6
476,15.8667,20.546,45.2,2.7906,0.0204,7.3586,2.0,2.0,2.0,0.1102,0.1172,0.6562,0.1611,0.9361,0.4955,0.5314,144.0,144.0,144.0,0.0,33.1359,4
477,15.9,21.4148,47.3465,2.4719,0.0196,7.5613,2.0,2.0,2.0,0.1162,0.1234,0.6547,0.175,0.9361,0.4958,0.5172,186.0,186.0,186.0,0.0,33.3497,4
478,15.9333,21.9806,49.0189,1.9345,0.0156,7.3912,2.0,2.0,2.0,0.1201,0.1281,0.6547,0.1833,0.9333,0.496,0.5104,196.0,196.0,196.0,0.0,33.57,3
479,15.9667,22.3114,50.1826,1.5202,0.0114,6.0702,2.0,2.0,2.0,0.1221,0.1297,0.6547,0.1917,0.8139,0.4958,0.5074,197.0,197.0,197.0,0.0,34.6233,3
480,16.0,23.0957,51.2966,1.7001,0.0086,4.1783,3.0,3.0,3.0,0.1222,0.1297,0.6531,0.1944,0.8111,0.4957,0.5076,201.0,201.0,201.0,0.0,35.1743,3
481,16.0333,23.0,51.4662,0.9852,0.0058,2.3477,3.0,3.0,3.0,0.123,0.1312,0.6547,0.1944,0.8111,0.4958,0.5066,198.0,198.0,198.0,0.0,35.8212,3
482,16.0667,22.8738,51.4976,0.7408,0.0039,1.9243,2.0,2.0,2.0,0.123,0.1312,0.6547,0.1944,0.8128,0.4957,0.5063,198.0,198.0,198.0,0.0,36.1326,3
483,16.1,22.7914,51.3971,0.4981,0.0035,1.5724,2.0,2.0,2.0,0.1236,0.1312,0.6547,0.1944,0.8111,0.4956,0.5055,200.0,200.0,200.0,0.0,36.7949,3
484,16.1333,22.8349,51.3735,0.4665,0.0035,1.4304,2.0,2.0,2.0,0.1233,0.1312,0.6547,0.1944,0.8111,0.4957,0.5059,201.0,201.0,201.0,0.0,36.4314,3
485,16.1667,22.7448,51.2866,0.4487,0.0034,1.162,2.0,2.0,2.0,0.1239,0.1297,0.654,0.1917,0.8111,0.4958,0.5043,200.0,200.0,200.0,0.0,36.4026,3
486,16.2,22.7279,51.2057,0.2777,0.0025,1.0773,2.0,2.0,2.0,0.124,0.1328,0.6535,0.1917,0.8111,0.4958,0.5039,200.5,200.5,200.5,0.0,36.6213,3
487,16.2333,22.7307,51.1541,0.1911,0.0019,0.5926,2.0,2.0,2.0,0.1237,0.1328,0.6547,0.1917,0.8111,0.4958,0.5045,202.0,202.0,202.0,0.0,36.2166,3
488,16.2667,22.741,51.1192,0.1381,0.0013,0.4244,2.0,2.0,2.0,0.124,0.1341,0.6534,0.1889,0.8111,0.4959,0.5039,201.0,201.0,201.0,0.0,36.2322,3
489,16.3,22.807,51.1381,0.1788,0.0011,0.4169,2.0,2.0,2.0,0.1246,0.1346,0.6531,0.1889,0.8111,0.4958,0.5028,200.0,200.0,200.0,0.0,36.585,3
490,16.3333,22.8846,51.1613,0.1381,0.0006,0.2874,2.0,2.0,2.0,0.1248,0.1359,0.6539,0.1889,0.8111,0.4959,0.5024,201.0,201.0,201.0,0.0,36.7577,3
491,16.3667,22.8688,51.0652,0.2874,0.0005,0.2467,2.0,2.0,2.0,0.1249,0.1356,0.6531,0.1889,0.8111,0.4959,0.5022,201.0,201.0,201.0,0.0,36.7825,3
492,16.4,22.8001,51.0537,0.1556,0.0002,0.1292,2.0,2.0,2.0,0.1249,0.1359,0.6531,0.1889,0.8111,0.496,0.5022,201.0,201.0,201.0,0.0,36.802,3
493,16.4333,22.7817,51.052,0.0387,0.0001,0.0317,2.0,2.0,2.0,0.1249,0.1356,0.6531,0.1889,0.8111,0.4959,0.5022,201.0,201.0,201.0,0.0,36.7888,3
494,16.4667,22.7663,51.048,0.0329,0.0001,0.0323,2.0,2.0,2.0,0.1249,0.1359,0.6531,0.1889,0.8111,0.496,0.5022,201.0,201.0,201.0,0.0,36.7861,3
495,16.5,22.7575,51.0415,0.0197,0.0001,0.0229,2.0,2.0,2.0,0.1249,0.1355,0.6531,0.1889,0.8111,0.4959,0.5022,201.0,201.0,201.0,0.0,36.7837,3
496,16.5333,22.749,51.0509,0.0422,0.0003,0.1513,2.0,2.0,2.0,0.1249,0.1354,0.6531,0.1889,0.8111,0.496,0.5023,201.0,201.0,201.0,0.0,36.7104,3
497,16.5667,22.7587,51.0682,0.0554,0.0004,0.1557,2.0,2.0,2.0,0.1249,0.1359,0.6547,0.1889,0.8111,0.496,0.5023,201.0,201.0,201.0,0.0,36.7502,3
498,16.6,22.7904,51.109,0.1137,0.0009,0.3171,2.0,2.0,2.0,0.1249,0.1359,0.6547,0.1889,0.8111,0.4959,0.5022,200.0,200.0,200.0,0.0,36.7889,3
499,16.6333,22.8075,51.1931,0.2137,0.0012,0.4425,2.0,2.0,2.0,0.1249,0.1359,0.6547,0.1889,0.8111,0.4959,0.5021,200.0,200.0,200.0,0.0,36.796,3
500,16.6667,22.7448,51.2531,0.2058,0.0017,0.5695,2.0,2.0,2.0,0.1248,0.1359,0.6547,0.1889,0.8111,0.496,0.5019,200.0,200.0,200.0,0.0,36.8226,3
501,16.7,22.7284,51.3194,0.1871,0.0022,0.6203,2.0,2.0,2.0,0.1246,0.1359,0.6547,0.1889,0.8111,0.4959,0.5014,201.0,201.0,201.0,0.0,36.8738,3
502,16.7333,22.7352,51.4177,0.273,0.0027,0.8696,2.0,2.0,2.0,0.1242,0.1331,0.6547,0.1889,0.8083,0.4959,0.5008,200.0,200.0,200.0,0.0,36.6516,3
503,16.7667,22.73,51.5222,0.3731,0.0037,1.1274,2.0,2.0,2.0,0.1237,0.1328,0.6547,0.1889,0.8083,0.4959,0.5001,201.0,201.0,201.0,0.0,36.5032,3
504,16.8,22.6964,51.6148,0.4498,0.0037,1.3134,2.0,2.0,2.0,0.1234,0.1315,0.6547,0.1889,0.8056,0.4959,0.4997,200.0,200.0,200.0,0.0,36.6254,3
505,16.8333,22.6918,51.6342,0.4164,0.0037,1.4429,2.0,2.0,2.0,0.1231,0.1321,0.6547,0.1889,0.8056,0.4959,0.4991,198.0,198.0,198.0,0.0,36.3582,3
506,16.8667,22.5922,51.5062,0.5145,0.0038,1.4837,2.0,2.0,2.0,0.1228,0.1312,0.6547,0.1889,0.8056,0.4956,0.4982,197.0,197.0,197.0,0.0,36.4569,3
507,16.9,22.4418,51.1668,0.6107,0.0052,2.3957,2.0,2.0,2.0,0.1228,0.1312,0.6547,0.1889,0.8056,0.4956,0.4976,196.0,196.0,196.0,0.0,36.4033,3
508,16.9333,22.292,50.5647,0.894,0.0089,3.5278,2.0,2.0,2.0,0.1218,0.1305,0.6547,0.1889,0.8083,0.4959,0.4969,195.0,195.0,195.0,0.0,35.4859,3
509,16.9667,22.1197,49.5332,1.3919,0.0123,5.5501,2.0,2.0,2.0,0.1206,0.1297,0.6547,0.1889,0.9333,0.4957,0.4956,192.0,192.0,192.0,0.0,35.3173,3
510,17.0,21.7863,47.9467,2.0189,0.0164,9.1209,2.0,2.0,2.0,0.1174,0.1256,0.6547,0.1861,0.9361,0.4958,0.4918,192.0,192.0,192.0,0.0,34.264,4
511,17.0333,21.1432,45.9954,2.681,0.0194,10.0745,2.0,2.0,2.0,0.1135,0.1219,0.6547,0.1861,0.9361,0.4957,0.4855,178.0,178.0,178.0,0.0,33.4014,4
512,17.0667,20.2119,43.6492,3.0372,0.0244,7.6825,2.0,2.0,2.0,0.1058,0.1141,0.6562,0.155,0.9389,0.496,0.4671,138.0,138.0,138.0,0.0,33.1295,5
513,17.1,19.0505,41.9913,3.3017,0.0212,8.0605,2.0,2.0,2.0,0.0958,0.1059,0.6578,0.0806,0.9389,0.4951,0.4373,183.0,183.0,183.0,0.0,34.161,7
514,17.1333,17.5726,40.2734,3.4142,0.0189,10.583,2.0,2.0,2.0,0.0908,0.1031,0.6594,0.0778,0.9389,0.4949,0.4293,178.0,178.0,178.0,0.0,33.1021,4
515,17.1667,16.4172,37.7557,3.37,0.0247,11.8553,2.0,2.0,2.0,0.0843,0.1,0.6609,0.075,0.9389,0.4944,0.4153,138.0,138.0,138.0,0.0,32.944,5
516,17.2,15.3127,34.2101,3.7908,0.0247,17.6055,2.0,2.0,2.0,0.0747,0.0906,0.8297,0.0722,0.9389,0.4933,0.3915,181.0,181.0,181.0,0.0,33.7337,7
517,17.2333,13.7919,29.5872,4.2395,0.0225,22.0776,2.0,2.0,2.0,0.0685,0.0891,0.8422,0.0722,0.9389,0.4934,0.3861,169.0,169.0,169.0,0.0,31.9792,5
518,17.2667,12.3615,25.4969,4.0653,0.0285,18.0283,2.0,2.0,2.0,0.0581,0.0828,0.8578,0.0694,0.9417,0.4947,0.3694,133.0,133.0,133.0,0.0,32.196,6
519,17.3,10.7446,21.1477,3.9895,0.0235,17.5793,2.0,2.0,2.0,0.0444,0.0734,0.8781,0.0667,0.9417,0.4935,0.3291,167.0,167.0,167.0,0.0,35.0458,7
520,17.3333,8.9595,16.242,3.6356,0.0153,24.1375,2.0,2.0,2.0,0.0389,0.0688,0.888,0.0667,0.9417,0.4918,0.3261,167.0,167.0,167.0,0.0,34.7313,5
521,17.3667,7.5524,12.9276,3.0471,0.0199,26.3541,2.0,2.0,2.0,0.0308,0.0576,0.9125,0.0639,0.9417,0.4901,0.3202,136.0,136.0,136.0,0.0,35.8107,5
522,17.4,6.5338,10.9603,2.7001,0.0162,33.3856,2.0,2.0,2.0,0.0213,0.0516,0.9391,0.0583,0.9441,0.4868,0.2976,141.0,141.0,141.0,0.0,40.6466,7
523,17.4333,5.5038,9.3033,2.7783,0.0114,40.0929,2.0,2.0,2.0,0.0181,0.0516,0.9406,0.0556,0.9444,0.4772,0.3152,141.0,141.0,141.0,0.0,40.1909,4
524,17.4667,5.6758,11.6201,3.2505,0.0207,35.6984,2.0,2.0,2.0,0.0182,0.0516,0.9406,0.0556,0.9444,0.4236,0.3884,129.0,129.0,129.0,0.0,41.1576,5
525,17.5,7.1387,16.2346,4.6849,0.026,82.2617,2.0,2.0,2.0,0.0225,0.053,0.9375,0.0583,0.9417,0.3722,0.4413,139.0,139.0,139.0,0.0,43.6302,6
526,17.5333,8.8806,21.4905,6.4117,0.0243,116.2511,2.0,2.0,2.0,0.0313,0.0564,0.8984,0.0639,0.9417,0.38,0.4371,154.0,154.0,154.0,0.0,43.1421,3
527,17.5667,10.9867,27.8014,7.1738,0.0321,107.6615,2.0,2.0,2.0,0.039,0.0688,0.8876,0.0667,0.9417,0.3987,0.4359,143.0,143.0,143.0,0.0,44.8077,3
528,17.6,13.398,34.9712,8.8673,0.0438,122.212,2.0,2.0,2.0,0.0506,0.0781,0.8688,0.0694,0.9417,0.4356,0.451,140.0,140.0,140.0,0.0,43.3132,3
529,17.6333,16.4777,43.9465,12.1008,0.0612,118.121,2.0,2.0,2.0,0.0695,0.0891,0.8374,0.0722,0.9389,0.4755,0.4687,132.0,132.0,132.0,0.0,40.1394,3
530,17.6667,20.2404,54.9173,15.1861,0.0752,113.3819,2.0,2.0,2.0,0.0924,0.1031,0.8141,0.0778,0.9389,0.5049,0.4815,133.0,133.0,133.0,0.0,38.4759,4
531,17.7,23.7307,65.8881,15.1041,0.0802,105.8922,2.0,2.0,2.0,0.1146,0.1218,0.8188,0.3111,0.9361,0.5264,0.4859,155.0,155.0,155.0,0.0,37.7494,3
532,17.7333,26.3697,73.3444,12.9996,0.0713,75.8935,2.0,2.0,2.0,0.1259,0.1361,0.842,0.0778,0.7028,0.5372,0.4876,166.0,166.0,166.0,0.0,38.3926,3
533,17.7667,27.4346,76.5038,10.8731,0.061,48.9174,2.0,2.0,2.0,0.131,0.1468,0.8406,0.0806,0.7,0.5399,0.4909,159.0,159.0,159.0,0.0,38.4989,3
534,17.8,27.8522,78.1674,11.0048,0.0624,42.0566,2.0,2.0,2.0,0.1361,0.1556,0.8328,0.2944,0.6944,0.5335,0.497,159.0,159.0,159.0,0.0,38.3449,3
535,17.8333,28.1575,79.1776,11.3753,0.0557,59.709,2.0,2.0,2.0,0.1415,0.1625,0.8312,0.2972,0.6889,0.5242,0.5013,148.0,148.0,148.0,0.0,38.2418,3
536,17.8667,28.3275,79.3166,8.435,0.0486,40.0791,2.0,2.0,2.0,0.1456,0.1508,0.8312,0.3028,0.6889,0.5134,0.5046,146.0,146.0,146.0,0.0,38.2189,3
537,17.9,28.1524,78.6155,4.3985,0.032,16.5075,2.0,2.0,2.0,0.1459,0.1625,0.8297,0.3058,0.6917,0.5112,0.5061,144.0,144.0,144.0,0.0,38.217,4
538,17.9333,27.8637,77.7023,3.1462,0.0258,11.0096,2.0,2.0,2.0,0.1447,0.1641,0.8281,0.3111,0.6917,0.5107,0.5054,141.0,141.0,141.0,0.0,38.096,4
539,17.9667,27.463,76.9813,2.9833,0.0214,10.1268,2.0,2.0,2.0,0.1433,0.1656,0.8266,0.3111,0.6889,0.5111,0.504,141.0,141.0,141.0,0.0,38.1807,3
540,18.0,27.9898,76.903,2.9048,0.0167,8.2165,3.0,3.0,3.0,0.1421,0.1647,0.8266,0.3111,0.6889,0.5126,0.503,143.0,143.0,143.0,0.0,38.365,3
541,18.0333,27.5868,76.4162,1.8196,0.0128,4.9053,3.0,3.0,3.0,0.1414,0.1625,0.825,0.3111,0.6889,0.5134,0.5022,141.0,141.0,141.0,0.0,38.4411,3
542,18.0667,27.3467,76.0851,1.0927,0.0091,2.8857,2.0,2.0,2.0,0.1407,0.1613,0.825,0.3111,0.6889,0.5148,0.5018,143.0,143.0,143.0,0.0,38.3759,3
543,18.1,27.2583,75.9307,0.6296,0.0059,1.7619,2.0,2.0,2.0,0.1406,0.1609,0.825,0.3111,0.6889,0.5152,0.5018,144.0,144.0,144.0,0.0,38.3281,3
544,18.1333,27.1179,75.7136,0.6966,0.0068,1.9085,2.0,2.0,2.0,0.1405,0.1609,0.825,0.3139,0.687,0.5148,0.502,143.0,143.0,143.0,0.0,38.458,3
545,18.1667,27.0138,75.5047,0.9514,0.0102,2.8488,2.0,2.0,2.0,0.1408,0.1616,0.825,0.3139,0.6861,0.5146,0.5022,144.0,144.0,144.0,0.0,38.2844,3
546,18.2,27.0392,75.1346,1.5641,0.0148,4.6623,2.0,2.0,2.0,0.1412,0.1594,0.8234,0.3167,0.9056,0.5141,0.5036,145.0,145.0,145.0,0.0,38.5585,5
547,18.2333,26.452,73.3263,5.8076,0.038,29.2687,2.0,2.0,2.0,0.1404,0.1594,0.8203,0.3278,0.6889,0.512,0.5046,145.0,145.0,145.0,0.0,37.918,6
548,18.2667,25.8288,71.5533,5.5035,0.0359,28.8643,2.0,2.0,2.0,0.14,0.1578,0.8172,0.3389,0.6889,0.5113,0.5062,148.0,148.0,148.0,0.0,37.7832,6
549,18.3,25.5135,70.9682,2.3198,0.0203,6.4408,2.0,2.0,2.0,0.1393,0.1594,0.8156,0.3417,0.6833,0.5097,0.5051,151.0,151.0,151.0,0.0,37.6888,3
550,18.3333,25.046,69.5556,5.3262,0.0338,24.6947,2.0,2.0,2.0,0.1371,0.1562,0.8109,0.3417,0.675,0.508,0.5028,146.0,146.0,146.0,0.0,37.8855,3
551,18.3667,24.5719,68.2301,5.0763,0.0311,23.4865,2.0,2.0,2.0,0.135,0.1531,0.8078,0.3417,0.6667,0.5047,0.5004,143.0,143.0,143.0,0.0,37.6643,3
552,18.4,24.4665,67.8871,1.3208,0.0125,3.8309,2.0,2.0,2.0,0.135,0.1531,0.8062,0.3417,0.6639,0.5046,0.5007,143.0,143.0,143.0,0.0,38.1058,3
553,18.4333,24.3402,67.6483,0.818,0.0074,2.6772,2.0,2.0,2.0,0.1345,0.1529,0.8062,0.3417,0.6639,0.5035,0.5007,143.0,143.0,143.0,0.0,38.1464,3
554,18.4667,24.3154,67.5391,0.5438,0.0054,1.7814,2.0,2.0,2.0,0.1339,0.1508,0.8078,0.3417,0.6611,0.5029,0.5002,141.0,141.0,141.0,0.0,37.8063,3
555,18.5,24.2927,67.4327,0.3653,0.0039,1.2355,2.0,2.0,2.0,0.1338,0.1489,0.8062,0.3417,0.6611,0.5029,0.4998,141.0,141.0,141.0,0.0,37.7487,3
556,18.5333,24.3459,67.4536,0.3704,0.0025,0.8798,2.0,2.0,2.0,0.1343,0.1531,0.8062,0.3417,0.6611,0.5027,0.5,141.0,141.0,141.0,0.0,37.9625,3
557,18.5667,24.3749,67.347,0.416,0.0018,0.6489,2.0,2.0,2.0,0.1347,0.1474,0.8062,0.3417,0.6611,0.5027,0.5003,141.0,141.0,141.0,0.0,38.006,4
558,18.6,24.3916,67.3495,0.1229,0.0011,0.3483,2.0,2.0,2.0,0.1347,0.1474,0.8062,0.3417,0.6611,0.5028,0.5004,141.0,141.0,141.0,0.0,37.9347,4
559,18.6333,24.2609,67.3228,0.2815,0.0007,0.2545,2.0,2.0,2.0,0.1346,0.1519,0.8062,0.3417,0.6611,0.503,0.5003,141.0,141.0,141.0,0.0,37.919,3
560,18.6667,24.2415,67.3171,0.0535,0.0002,0.0736,2.0,2.0,2.0,0.1347,0.152,0.8062,0.3417,0.6611,0.503,0.5004,141.0,141.0,141.0,0.0,37.9241,3
561,18.7,24.2483,67.3182,0.0778,0.0,0.0132,2.0,2.0,2.0,0.1347,0.1531,0.8062,0.3417,0.6611,0.503,0.5004,141.0,141.0,141.0,0.0,37.9205,3
562,18.7333,24.2112,67.3131,0.0513,0.0,0.0106,2.0,2.0,2.0,0.1347,0.152,0.8062,0.3417,0.6611,0.5029,0.5004,141.0,141.0,141.0,0.0,37.9243,3
563,18.7667,24.2029,67.3074,0.0264,0.0,0.0079,2.0,2.0,2.0,0.1347,0.1531,0.8062,0.3417,0.6611,0.503,0.5004,141.0,141.0,141.0,0.0,37.9147,3
564,18.8,24.2255,67.3178,0.0398,0.0,0.0068,2.0,2.0,2.0,0.1347,0.1531,0.8062,0.3417,0.6611,0.503,0.5004,141.0,141.0,141.0,0.0,37.9229,3
565,18.8333,24.2337,67.3204,0.0149,0.0,0.0058,2.0,2.0,2.0,0.1346,0.1531,0.8062,0.3417,0.6611,0.503,0.5004,141.0,141.0,141.0,0.0,37.9292,3
566,18.8667,24.3923,67.3174,0.2063,0.0006,0.0089,2.0,2.0,2.0,0.1353,0.1531,0.8266,0.0778,0.6611,0.5051,0.4985,141.0,141.0,141.0,0.0,37.927,3
567,18.9,24.2333,67.3231,0.1914,0.0007,0.0075,2.0,2.0,2.0,0.1347,0.1531,0.8062,0.3417,0.6611,0.503,0.5004,141.0,141.0,141.0,0.0,37.9138,3
568,18.9333,24.2239,67.3189,0.0238,0.0,0.0067,2.0,2.0,2.0,0.1347,0.1531,0.8062,0.3417,0.6611,0.503,0.5004,141.0,141.0,141.0,0.0,37.9101,3
569,18.9667,24.2865,67.3508,0.0851,0.0001,0.0053,2.0,2.0,2.0,0.1347,0.1531,0.8062,0.3417,0.6611,0.503,0.5004,141.0,141.0,141.0,0.0,37.924,3
570,19.0,24.4518,67.4394,0.181,0.0001,0.0243,2.0,2.0,2.0,0.1347,0.1531,0.8062,0.3417,0.6611,0.503,0.5004,141.0,141.0,141.0,0.0,37.9166,3
571,19.0333,24.4539,67.4113,0.323,0.0003,0.0239,2.0,2.0,2.0,0.1348,0.1438,0.8078,0.3417,0.6611,0.5029,0.5007,141.0,141.0,141.0,0.0,37.9514,4
572,19.0667,24.3901,67.4121,0.285,0.0004,0.0219,2.0,2.0,2.0,0.1347,0.1531,0.8062,0.3417,0.6611,0.503,0.5004,141.0,141.0,141.0,0.0,37.9039,3
573,19.1,24.4246,67.4146,0.0857,0.0,0.0059,2.0,2.0,2.0,0.1347,0.1507,0.8062,0.3417,0.6611,0.5029,0.5004,141.0,141.0,141.0,0.0,37.8953,3
574,19.1333,24.2786,67.3338,0.1979,0.0001,0.0129,2.0,2.0,2.0,0.1347,0.1505,0.8062,0.3417,0.6611,0.503,0.5004,141.0,141.0,141.0,0.0,37.9039,3
575,19.1667,24.2659,67.325,0.0244,0.0,0.0024,2.0,2.0,2.0,0.1347,0.1504,0.8062,0.3417,0.6611,0.503,0.5004,141.0,141.0,141.0,0.0,37.9038,3
576,19.2,24.322,67.3358,0.1054,0.0,0.0026,2.0,2.0,2.0,0.1347,0.1505,0.8062,0.3417,0.6611,0.503,0.5004,141.0,141.0,141.0,0.0,37.9015,3
577,19.2333,24.2336,67.3059,0.154,0.0005,0.1795,2.0,2.0,2.0,0.1346,0.1502,0.8062,0.3417,0.6611,0.503,0.5004,141.0,141.0,141.0,0.0,37.8795,4
578,19.2667,24.2085,67.3012,0.1115,0.0008,0.3482,2.0,2.0,2.0,0.1345,0.15,0.8062,0.3417,0.6611,0.5027,0.5003,141.0,141.0,141.0,0.0,37.8343,3
579,19.3,24.2128,67.3001,0.0208,0.0001,0.0221,2.0,2.0,2.0,0.1345,0.15,0.8062,0.3417,0.6611,0.5027,0.5002,141.0,141.0,141.0,0.0,37.8231,3
580,19.3333,24.2182,67.3095,0.2304,0.0023,0.914,2.0,2.0,2.0,0.1348,0.15,0.8062,0.3417,0.6611,0.503,0.5005,141.0,141.0,141.0,0.0,37.9163,3
581,19.3667,24.3872,67.384,0.7147,0.0063,1.8057,2.0,2.0,2.0,0.1342,0.1469,0.8094,0.3417,0.6611,0.5033,0.4993,141.0,141.0,141.0,0.0,37.603,4
582,19.4,24.4811,67.6049,1.1711,0.008,2.7228,2.0,2.0,2.0,0.1348,0.1531,0.8078,0.3417,0.6611,0.5025,0.5004,143.0,143.0,143.0,0.0,37.8766,3
583,19.4333,24.548,67.8225,1.5749,0.0133,5.0249,2.0,2.0,2.0,0.1338,0.1487,0.8078,0.3417,0.6611,0.5027,0.5002,144.0,144.0,144.0,0.0,37.042,3
584,19.4667,24.5611,68.2326,2.2345,0.0193,6.6362,2.0,2.0,2.0,0.1347,0.1506,0.8094,0.3417,0.6639,0.503,0.5014,144.0,144.0,144.0,0.0,37.2683,3
585,19.5,24.6512,68.5168,2.2507,0.0203,7.5843,2.0,2.0,2.0,0.1348,0.1508,0.8109,0.3417,0.6639,0.5023,0.5013,140.0,140.0,140.0,0.0,36.7647,3
586,19.5333,24.4893,68.0588,1.6906,0.0149,6.6381,2.0,2.0,2.0,0.1336,0.1484,0.8125,0.3417,0.6639,0.5026,0.4998,139.0,139.0,139.0,0.0,36.1557,4
587,19.5667,23.8262,66.1188,5.1256,0.0379,23.3481,2.0,2.0,2.0,0.1287,0.14,0.8156,0.3417,0.6611,0.5029,0.4955,137.0,137.0,137.0,0.0,35.0199,3
588,19.6,22.3331,61.6131,8.0063,0.0483,38.8884,2.0,2.0,2.0,0.1175,0.1234,0.8188,0.3389,0.9361,0.5022,0.4863,137.0,137.0,137.0,0.0,33.2576,3
589,19.6333,19.4476,52.9604,5.94,0.0414,18.7707,2.0,2.0,2.0,0.0933,0.1031,0.8219,0.0778,0.9389,0.503,0.4652,126.0,126.0,126.0,0.0,32.4521,3
590,19.6667,15.9421,42.4631,6.7018,0.0511,41.2374,2.0,2.0,2.0,0.0655,0.0873,0.8438,0.0722,0.9389,0.5011,0.4282,194.0,194.0,194.0,0.0,32.4664,5
591,19.7,12.4035,31.6165,8.9997,0.039,97.22,2.0,2.0,2.0,0.0529,0.0797,0.8672,0.0694,0.9417,0.5,0.4284,173.0,173.0,173.0,0.0,30.5673,3
592,19.7333,8.0581,18.0899,7.9944,0.042,83.1878,2.0,2.0,2.0,0.0276,0.0531,0.9219,0.0611,0.9444,0.4927,0.4358,131.0,131.0,131.0,0.0,33.2324,5
593,19.7667,3.8479,5.6398,4.8448,0.0252,0.0751,2.0,2.0,2.0,0.0024,0.0212,0.9453,0.0417,0.9817,0.357,0.555,111.0,111.0,111.0,0.0,164.3638,3
594,19.8,2.5353,2.1457,1.4075,0.0001,0.2776,2.0,2.0,2.0,0.0023,0.0426,0.9453,0.0417,0.9444,0.3734,0.5337,113.0,113.0,113.0,0.0,169.4221,2
595,19.8333,3.1701,2.1327,0.6919,0.0042,0.057,2.0,2.0,2.0,0.0065,0.0016,0.9438,0.0444,0.9444,0.1501,0.4656,117.0,117.0,117.0,0.0,91.802,3
596,19.8667,4.7761,2.8385,2.176,0.0117,69.8872,2.0,2.0,2.0,0.0168,0.0016,0.941,0.0556,0.9444,0.1308,0.458,139.0,139.0,139.0,0.0,63.4177,3
597,19.9,5.2214,8.2372,4.2229,0.0238,81.8034,2.0,2.0,2.0,0.0192,0.0516,0.9406,0.0562,0.9444,0.2338,0.4621,151.0,151.0,151.0,0.0,58.7606,3
598,19.9333,5.9346,11.2928,5.0576,0.0292,82.1724,2.0,2.0,2.0,0.0246,0.0016,0.9319,0.0611,0.9417,0.2944,0.4525,150.0,150.0,150.0,0.0,54.8446,3
599,19.9667,7.9222,13.5735,7.0666,0.042,98.304,2.0,2.0,2.0,0.0402,0.0062,0.8864,0.0667,0.9417,0.2876,0.4549,129.0,129.0,129.0,0.0,51.094,3
600,20.0,10.0267,19.8948,9.2396,0.0472,101.0551,3.0,3.0,3.0,0.0508,0.0656,0.8689,0.0694,0.9417,0.3469,0.4417,124.0,124.0,124.0,0.0,49.7794,3
601,20.0333,12.0706,24.4179,11.4734,0.059,114.4313,3.0,3.0,3.0,0.0639,0.0062,0.845,0.0722,0.9417,0.3748,0.4476,139.0,139.0,139.0,0.0,46.8707,5
602,20.0667,14.9701,30.7205,13.7258,0.0642,115.4348,2.0,2.0,2.0,0.0835,0.0094,0.7109,0.075,0.9389,0.3783,0.4643,162.0,162.0,162.0,0.0,44.7895,3
603,20.1,16.2349,39.0587,14.895,0.0651,111.2689,2.0,2.0,2.0,0.0927,0.0906,0.7266,0.0778,0.9389,0.434,0.4591,167.0,167.0,167.0,0.0,43.0003,3
604,20.1333,16.6593,44.2435,12.9176,0.0589,86.7081,2.0,2.0,2.0,0.0951,0.1047,0.7344,0.0781,0.9389,0.4906,0.4502,173.0,173.0,173.0,0.0,42.4969,3
605,20.1667,17.0289,45.4458,12.2626,0.0508,81.4976,2.0,2.0,2.0,0.0966,0.1056,0.7422,0.0806,0.9389,0.5282,0.4468,173.0,173.0,173.0,0.0,42.0845,3
606,20.2,17.4124,46.7761,13.7644,0.051,106.4455,2.0,2.0,2.0,0.0998,0.1092,0.7594,0.0833,0.9389,0.552,0.4479,172.0,172.0,172.0,0.0,41.3892,3
607,20.2333,17.8339,47.9142,12.1464,0.0453,94.9316,2.0,2.0,2.0,0.1016,0.1109,0.7641,0.0889,0.9389,0.5649,0.4516,174.0,174.0,174.0,0.0,41.0258,3
608,20.2667,18.1656,48.8164,13.4338,0.0447,108.0253,2.0,2.0,2.0,0.1036,0.1109,0.7625,0.0908,0.9389,0.5682,0.4579,176.0,176.0,176.0,0.0,40.6013,4
609,20.3,18.4744,49.6388,14.5705,0.0442,124.8544,2.0,2.0,2.0,0.1054,0.1031,0.7547,0.0966,0.9389,0.5645,0.4652,174.0,174.0,174.0,0.0,40.6653,5
610,20.3333,18.6074,50.3422,11.9367,0.0438,92.1527,2.0,2.0,2.0,0.1065,0.1109,0.7531,0.1944,0.9389,0.5581,0.4719,179.0,179.0,179.0,0.0,39.9628,4
611,20.3667,18.8478,50.8959,12.7924,0.0464,100.746,2.0,2.0,2.0,0.1082,0.1156,0.8859,0.0812,0.9361,0.5527,0.4764,175.0,175.0,175.0,0.0,40.0717,3
612,20.4,18.8769,51.3678,13.5585,0.0469,111.2516,2.0,2.0,2.0,0.1085,0.1109,0.7438,0.1111,0.9361,0.5402,0.4844,175.0,175.0,175.0,0.0,39.9548,5
613,20.4333,18.9859,51.7646,13.364,0.0449,111.7454,2.0,2.0,2.0,0.1088,0.1109,0.7344,0.2806,0.9361,0.5311,0.4893,179.0,179.0,179.0,0.0,39.6778,4
614,20.4667,19.0964,52.0738,12.6988,0.0427,105.7598,2.0,2.0,2.0,0.1094,0.1094,0.7234,0.0861,0.9361,0.5228,0.4938,178.0,178.0,178.0,0.0,39.4844,3
615,20.5,19.1678,52.318,11.5184,0.0405,94.4944,2.0,2.0,2.0,0.1102,0.1156,0.7156,0.2889,0.9389,0.5161,0.4975,176.0,176.0,176.0,0.0,39.4915,3
616,20.5333,19.2246,52.5087,9.9461,0.0383,78.8837,2.0,2.0,2.0,0.1109,0.1188,0.7047,0.2917,0.9361,0.5093,0.5007,180.0,180.0,180.0,0.0,39.4518,3
617,20.5667,19.3094,52.6485,8.2538,0.0344,62.0221,2.0,2.0,2.0,0.1112,0.1188,0.6969,0.2944,0.9361,0.5042,0.5026,176.0,176.0,177.0,0.0,39.3774,3
618,20.6,19.3403,52.7409,6.4118,0.0307,44.7617,2.0,2.0,2.0,0.1113,0.1188,0.6906,0.2972,0.9361,0.5008,0.5043,178.0,178.0,178.0,0.0,38.9792,3
619,20.6333,19.3296,52.8228,4.8784,0.0256,30.7297,2.0,2.0,2.0,0.1118,0.1188,0.6859,0.3,0.9361,0.4975,0.5062,176.0,176.0,176.0,0.0,39.3861,3
620,20.6667,19.4293,52.8667,3.8178,0.0223,21.3219,2.0,2.0,2.0,0.1117,0.1156,0.6828,0.3,0.9378,0.4955,0.5073,174.0,174.0,174.0,0.0,39.1932,3
621,20.7,19.4579,53.0296,2.8343,0.019,12.754,2.0,2.0,2.0,0.1116,0.1188,0.6812,0.3,0.9361,0.4954,0.5074,180.0,180.0,180.0,0.0,39.3728,3
622,20.7333,19.5904,53.1186,1.9493,0.0127,7.4293,2.0,2.0,2.0,0.1122,0.1188,0.6797,0.0778,0.9361,0.4942,0.5068,174.0,174.0,174.0,0.0,39.4517,4
623,20.7667,19.359,52.9286,1.4842,0.012,4.6772,2.0,2.0,2.0,0.1116,0.1188,0.6781,0.3,0.9361,0.4941,0.508,178.0,178.0,178.0,0.0,38.648,3
624,20.8,19.4898,52.9265,1.0112,0.0094,3.4219,2.0,2.0,2.0,0.1129,0.0797,0.6781,0.3,0.9389,0.4914,0.5103,174.0,174.0,174.0,0.0,39.778,3
625,20.8333,19.4844,52.9169,0.4985,0.0051,2.1749,2.0,2.0,2.0,0.1123,0.0792,0.6781,0.3,0.9389,0.4923,0.51,173.0,173.0,173.0,0.0,39.3595,3
626,20.8667,19.3814,52.9311,0.7788,0.0069,2.5216,2.0,2.0,2.0,0.1118,0.1188,0.6781,0.3,0.9361,0.4953,0.5074,176.0,176.0,176.0,0.0,39.155,3
627,20.9,19.3805,52.8766,0.676,0.0061,2.4779,2.0,2.0,2.0,0.1115,0.1188,0.6797,0.3,0.9361,0.4955,0.507,176.0,176.0,176.0,0.0,39.2852,3
628,20.9333,19.495,52.8487,0.5299,0.0041,1.5657,2.0,2.0,2.0,0.1118,0.1188,0.6812,0.3,0.9361,0.4955,0.5069,173.0,173.0,173.0,0.0,39.5602,4
629,20.9667,19.6807,52.8378,0.8716,0.004,1.807,2.0,2.0,2.0,0.1119,0.117,0.6797,0.0803,0.9361,0.4938,0.5062,174.0,174.0,174.0,0.0,40.0773,4
630,21.0,19.5596,52.7695,0.634,0.0039,1.8769,2.0,2.0,2.0,0.1116,0.1203,0.6797,0.0812,0.9361,0.4947,0.5061,176.0,176.0,176.0,0.0,39.8913,3
631,21.0333,19.2834,52.507,0.5938,0.0041,1.3589,2.0,2.0,2.0,0.1106,0.1184,0.6797,0.3028,0.9361,0.4956,0.5084,178.0,178.0,178.0,0.0,39.3147,3
632,21.0667,19.0034,51.7089,1.3594,0.0102,6.8097,2.0,2.0,2.0,0.1099,0.1172,0.6797,0.3056,0.9361,0.4956,0.5099,179.0,179.0,179.0,0.0,39.8225,3
633,21.1,18.7152,50.8787,1.3883,0.0108,7.1537,2.0,2.0,2.0,0.1077,0.1143,0.6797,0.3111,0.9361,0.4956,0.5129,174.0,174.0,174.0,0.0,39.3014,3
634,21.1333,18.6068,50.5873,0.6475,0.0061,2.6148,2.0,2.0,2.0,0.1077,0.1143,0.6797,0.3111,0.9361,0.4956,0.513,175.0,175.0,175.0,0.0,39.5914,3
635,21.1667,18.4068,49.997,1.6991,0.012,8.7925,2.0,2.0,2.0,0.1067,0.1141,0.6781,0.2619,0.9367,0.4958,0.5135,176.0,176.0,176.0,0.0,39.8392,3
636,21.2,18.2081,49.4264,1.6817,0.0112,9.5693,2.0,2.0,2.0,0.1059,0.1125,0.6766,0.0972,0.9389,0.4954,0.5134,174.0,174.0,174.0,0.0,40.4409,3
637,21.2333,18.0965,49.1043,0.6894,0.0067,3.2258,2.0,2.0,2.0,0.1052,0.1109,0.6766,0.0944,0.9389,0.4955,0.5129,173.0,173.0,173.0,0.0,40.3176,3
638,21.2667,17.9107,48.1188,1.9335,0.0135,8.9975,2.0,2.0,2.0,0.1036,0.1109,0.6734,0.0833,0.9389,0.4946,0.508,173.0,173.0,173.0,0.0,40.6528,3
639,21.3,17.6262,47.1426,2.0141,0.0128,8.7947,2.0,2.0,2.0,0.1015,0.1094,0.6703,0.075,0.9389,0.4941,0.5066,168.0,168.0,168.0,0.0,41.282,5
640,21.3333,17.6065,46.9678,0.4642,0.0038,1.8654,2.0,2.0,2.0,0.1008,0.1094,0.6688,0.075,0.9389,0.4945,0.5058,171.0,171.0,171.0,0.0,40.9778,5
641,21.3667,17.3325,46.7437,0.5545,0.0027,1.3374,2.0,2.0,2.0,0.1002,0.1094,0.6688,0.0857,0.9389,0.4953,0.5067,171.0,171.0,171.0,0.0,40.6551,3
642,21.4,17.373,46.577,0.581,0.0048,1.8994,2.0,2.0,2.0,0.0994,0.1078,0.6688,0.0833,0.9389,0.4946,0.5062,173.0,173.0,173.0,0.0,40.5539,3
643,21.4333,17.3693,46.575,0.0174,0.0001,0.0222,2.0,2.0,2.0,0.0995,0.1078,0.6688,0.0833,0.9389,0.4947,0.5062,173.0,173.0,173.0,0.0,40.5288,3
644,21.4667,17.3538,46.7322,0.2416,0.0003,0.0533,2.0,2.0,2.0,0.0994,0.1078,0.6688,0.0833,0.9389,0.4948,0.5058,174.0,174.0,174.0,0.0,40.5613,3
645,21.5,17.2438,46.5715,0.126,0.0002,0.0448,2.0,2.0,2.0,0.0993,0.1078,0.6688,0.0833,0.9389,0.4947,0.5059,174.0,174.0,174.0,0.0,40.5028,3
646,21.5333,17.2425,46.5727,0.0171,0.0,0.0068,2.0,2.0,2.0,0.0993,0.1078,0.6688,0.0833,0.9389,0.4947,0.5059,174.0,174.0,174.0,0.0,40.5252,3
647,21.5667,17.2681,46.587,0.0863,0.0008,0.2947,2.0,2.0,2.0,0.0996,0.1078,0.6688,0.0833,0.9389,0.4948,0.5056,176.0,176.0,176.0,0.0,40.7487,4
648,21.6,17.3715,46.6642,0.2251,0.0011,0.5498,2.0,2.0,2.0,0.0995,0.1078,0.6688,0.0833,0.9389,0.4946,0.5054,175.0,175.0,175.0,0.0,40.9232,3
649,21.6333,17.4379,46.6299,0.3435,0.0005,0.246,2.0,2.0,2.0,0.0996,0.107,0.6688,0.0833,0.9389,0.4947,0.5052,173.5,173.5,173.5,0.0,40.8517,4
650,21.6667,17.4232,46.6088,0.2998,0.003,1.2422,2.0,2.0,2.0,0.0993,0.1076,0.6688,0.0833,0.9389,0.4949,0.506,174.0,174.0,174.0,0.0,40.4393,4
651,21.7,17.2437,46.5068,0.7748,0.0053,2.956,2.0,2.0,2.0,0.0993,0.1073,0.6688,0.0833,0.9389,0.4946,0.5067,176.0,176.0,176.0,0.0,40.6443,3
652,21.7333,17.1784,46.3423,0.9676,0.0069,5.764,2.0,2.0,2.0,0.0986,0.1062,0.6688,0.0833,0.9389,0.495,0.5085,173.0,173.0,173.0,0.0,40.7454,3
653,21.7667,17.0356,45.9228,1.6298,0.0113,10.5597,2.0,2.0,2.0,0.0961,0.1047,0.6688,0.0806,0.9389,0.4954,0.5119,179.0,179.0,179.0,0.0,40.3174,3
654,21.8,16.8573,45.3741,2.4356,0.0147,17.4738,2.0,2.0,2.0,0.0929,0.1031,0.6703,0.0778,0.9389,0.4957,0.5152,181.5,181.5,182.0,0.0,40.7708,3
655,21.8333,16.5838,44.5607,2.9169,0.0163,22.8748,2.0,2.0,2.0,0.0894,0.1016,0.6703,0.075,0.9389,0.4951,0.5195,183.0,183.0,183.0,0.0,41.0482,3
656,21.8667,16.4778,43.9081,2.8939,0.0172,21.1145,2.0,2.0,2.0,0.0878,0.1016,0.9247,0.0694,0.9389,0.4976,0.52,179.0,179.0,179.0,0.0,41.0869,3
657,21.9,16.3877,44.0109,3.6728,0.0219,28.0608,2.0,2.0,2.0,0.088,0.1016,0.6719,0.075,0.9389,0.4925,0.52,174.0,174.0,174.0,0.0,41.4163,3
658,21.9333,16.6125,44.3168,8.1381,0.0424,52.849,2.0,2.0,2.0,0.0883,0.0554,0.6712,0.075,0.9389,0.4886,0.5141,182.0,182.0,182.0,0.0,41.8887,4
659,21.9667,16.5368,43.2185,11.2659,0.0605,42.2563,2.0,2.0,2.0,0.0884,0.1016,0.6719,0.075,0.9389,0.492,0.4869,185.0,185.0,185.0,0.0,42.5237,4
660,22.0,17.9757,31.8104,14.3153,0.0796,37.466,3.0,3.0,3.0,0.095,0.1047,0.6734,0.0722,0.9389,0.494,0.4452,186.0,186.0,186.0,0.0,42.0481,4
661,22.0333,13.2943,33.2719,13.0156,0.069,69.535,3.0,3.0,3.0,0.0716,0.0906,0.8312,0.0722,0.9389,0.4949,0.5803,143.0,143.0,143.0,0.0,44.0232,4
662,22.0667,13.2276,33.2687,8.8792,0.0603,45.1079,3.0,3.0,3.0,0.0714,0.0906,0.8312,0.0722,0.9389,0.4946,0.5447,146.5,146.5,146.5,0.0,44.028,4
663,22.1,13.2228,28.7164,9.9156,0.0768,28.7911,3.0,3.0,3.0,0.0718,0.0906,0.8438,0.0722,0.9389,0.4946,0.4688,145.0,145.0,145.0,0.0,44.3969,6
664,22.1333,11.765,21.1418,13.1607,0.0829,90.7021,2.0,2.0,2.0,0.0599,0.0843,0.8516,0.0,0.9417,0.494,0.4105,164.0,164.0,164.0,0.0,44.2914,3
665,22.1667,9.0288,21.0627,13.1128,0.0727,85.3534,2.0,2.0,2.0,0.0383,0.0688,0.8891,0.0667,0.9417,0.4903,0.5346,225.0,225.0,225.0,0.0,44.335,3
666,22.2,8.77,20.868,12.7504,0.0723,0.1811,2.0,2.0,2.0,0.0386,0.0688,0.8891,0.0667,0.9417,0.4907,0.3877,222.0,222.0,222.0,0.0,44.6056,3
667,22.2333,10.3367,6.3408,13.8239,0.0726,0.0459,2.0,2.0,2.0,0.0385,0.0688,0.8953,0.0667,0.9417,0.4906,0.1572,230.0,230.0,230.0,0.0,45.1964,2
668,22.2667,6.4288,12.9341,9.5027,0.0577,0.047,2.0,2.0,2.0,0.0238,0.0531,0.9393,0.0583,0.9417,0.347,0.3343,137.0,137.0,137.0,0.0,35.7969,3
669,22.3,7.9977,17.9116,4.2592,0.021,101.6865,2.0,2.0,2.0,0.0354,0.0672,0.8931,0.0639,0.9417,0.3501,0.3259,179.0,179.0,179.0,0.0,37.3827,3
670,22.3333,9.7181,23.3859,4.5381,0.0156,79.0039,2.0,2.0,2.0,0.0396,0.0692,0.8871,0.0667,0.9417,0.3561,0.3239,200.0,200.0,200.0,0.0,40.5667,3
671,22.3667,11.3647,28.5058,4.4993,0.0268,39.4009,2.0,2.0,2.0,0.0562,0.0812,0.8572,0.0694,0.9417,0.3556,0.3548,150.0,150.0,150.0,0.0,37.854,3
672,22.4,12.2914,31.3668,3.9173,0.0237,33.3767,2.0,2.0,2.0,0.0622,0.0844,0.8484,0.0694,0.9417,0.3589,0.3561,174.0,174.0,174.0,0.0,40.6157,3
673,22.4333,14.2778,36.9181,4.1283,0.0162,24.349,2.0,2.0,2.0,0.0624,0.0703,0.8484,0.0694,0.9417,0.3607,0.3557,183.0,183.0,183.0,0.0,43.1206,3
674,22.4667,16.3274,43.2251,4.8592,0.0267,11.9779,2.0,2.0,2.0,0.079,0.0953,0.8219,0.0722,0.9389,0.3705,0.389,150.0,150.0,150.0,0.0,39.3817,3
675,22.5,17.7345,47.4385,5.0803,0.0272,26.2656,2.0,2.0,2.0,0.0904,0.1031,0.5684,0.075,0.9389,0.3679,0.4044,174.0,174.0,174.0,0.0,38.8697,3
676,22.5333,19.489,52.3334,5.1332,0.0211,29.1025,2.0,2.0,2.0,0.0948,0.1047,0.5609,0.0789,0.9389,0.3644,0.409,183.0,183.0,183.0,0.0,39.6665,3
677,22.5667,21.1696,56.5866,4.436,0.0249,15.5407,2.0,2.0,2.0,0.1043,0.1114,0.5562,0.0925,0.9389,0.3549,0.4257,155.0,155.0,155.0,0.0,39.1282,3
678,22.6,22.0498,59.3469,3.6443,0.023,13.0355,2.0,2.0,2.0,0.1098,0.1173,0.5547,0.1576,0.9361,0.3503,0.4339,183.0,183.0,183.0,0.0,40.0798,5
679,22.6333,23.2535,62.5774,3.6232,0.0171,11.8432,2.0,2.0,2.0,0.1112,0.1188,0.5547,0.2361,0.9361,0.3501,0.4359,189.0,189.0,189.0,0.0,40.7606,3
680,22.6667,24.7138,67.2006,3.5634,0.0223,6.7612,2.0,2.0,2.0,0.1237,0.1094,0.5516,0.2389,0.8139,0.3529,0.4632,153.0,153.0,153.0,0.0,40.1529,4
681,22.7,25.474,70.0255,3.0109,0.0211,6.8684,2.0,2.0,2.0,0.1289,0.1406,0.5516,0.2389,0.7528,0.3556,0.4704,183.0,183.0,183.0,0.0,40.8943,3
682,22.7333,25.8148,71.0204,2.1447,0.0143,7.3933,2.0,2.0,2.0,0.1305,0.1438,0.8422,0.0833,0.7472,0.3602,0.4694,187.0,187.0,187.0,0.0,41.7632,3
683,22.7667,25.9347,71.339,1.1259,0.0096,4.0071,2.0,2.0,2.0,0.1306,0.1438,0.8422,0.0833,0.7417,0.3605,0.469,188.0,188.0,188.0,0.0,42.4171,3
684,22.8,25.9955,71.5212,0.9376,0.0071,2.0703,2.0,2.0,2.0,0.1302,0.1434,0.5547,0.2361,0.7417,0.3584,0.4703,190.0,190.0,190.0,0.0,42.8522,4
685,22.8333,26.0425,71.6068,0.4677,0.0046,1.6166,2.0,2.0,2.0,0.1303,0.1438,0.5547,0.2361,0.7389,0.3585,0.4704,189.0,189.0,189.0,0.0,43.1247,4
686,22.8667,25.8818,71.6733,0.4792,0.0032,1.2171,2.0,2.0,2.0,0.1303,0.1412,0.5516,0.2389,0.7389,0.3578,0.4714,190.0,190.0,190.0,0.0,43.2484,3
687,22.9,25.8894,71.7137,0.2623,0.0027,1.0394,2.0,2.0,2.0,0.1302,0.1437,0.5516,0.2389,0.7389,0.3576,0.4716,190.0,190.0,190.0,0.0,43.2784,3
688,22.9333,25.886,71.7421,0.3996,0.004,1.5233,2.0,2.0,2.0,0.13,0.1406,0.55,0.2417,0.7389,0.3575,0.4719,190.0,190.0,190.0,0.0,43.4402,3
689,22.9667,25.8745,71.7529,0.5056,0.005,1.8946,2.0,2.0,2.0,0.1298,0.1406,0.55,0.2417,0.7389,0.3575,0.4721,192.0,192.0,192.0,0.0,43.5394,3
690,23.0,25.8849,71.7328,0.7801,0.007,2.586,2.0,2.0,2.0,0.1293,0.1406,0.55,0.2417,0.7417,0.3571,0.4728,192.0,192.0,192.0,0.0,43.5883,3
691,23.0333,25.633,71.1509,2.4252,0.0148,11.5669,2.0,2.0,2.0,0.1272,0.1361,0.5469,0.25,0.7417,0.3564,0.4757,190.0,190.0,190.0,0.0,44.0734,3
692,23.0667,25.4373,70.5306,2.6153,0.0168,12.2907,2.0,2.0,2.0,0.125,0.1312,0.5469,0.2528,0.7444,0.3563,0.4782,192.0,192.0,192.0,0.0,44.5856,4
693,23.1,25.7075,71.0835,2.617,0.0165,10.7321,2.0,2.0,2.0,0.1244,0.1312,0.5484,0.1516,0.7444,0.3569,0.4782,193.0,193.0,193.0,0.0,44.7085,6
694,23.1333,25.6041,71.2468,2.7897,0.0178,11.4702,2.0,2.0,2.0,0.1239,0.1312,0.5422,0.2583,0.7444,0.3554,0.4791,195.0,195.0,195.0,0.0,44.5548,3
695,23.1667,25.3405,70.6176,3.2109,0.0193,14.8327,2.0,2.0,2.0,0.1216,0.1297,0.5359,0.2583,0.8861,0.353,0.4786,196.0,196.0,196.0,0.0,44.9204,3
696,23.2,25.0566,69.8528,3.0074,0.0188,13.5782,2.0,2.0,2.0,0.1201,0.1266,0.5344,0.2583,0.8068,0.3505,0.4785,195.0,195.0,195.0,0.0,45.5238,3
697,23.2333,25.1175,69.6997,2.2403,0.0171,7.7662,2.0,2.0,2.0,0.1198,0.1204,0.5344,0.2583,0.9361,0.3511,0.4794,194.0,194.0,194.0,0.0,45.618,4
698,23.2667,25.1391,69.7953,2.0909,0.0169,7.8073,2.0,2.0,2.0,0.119,0.1203,0.5359,0.2583,0.9361,0.3519,0.4796,195.0,195.0,195.0,0.0,45.369,4
699,23.3,25.7145,71.9706,3.2276,0.0175,14.0019,2.0,2.0,2.0,0.1231,0.1312,0.5438,0.2583,0.7444,0.3528,0.4857,195.0,195.0,195.0,0.0,45.1269,3
700,23.3333,26.562,74.5027,3.4545,0.0177,15.7087,2.0,2.0,2.0,0.1271,0.1389,0.5562,0.2583,0.7417,0.3531,0.4925,197.0,197.0,197.0,0.0,44.6328,3
701,23.3667,26.8444,75.0208,1.4226,0.0099,4.9477,2.0,2.0,2.0,0.1284,0.1403,0.5594,0.2583,0.7389,0.3533,0.4939,196.0,196.0,196.0,0.0,44.5132,5
702,23.4,26.8503,75.3181,0.9609,0.0071,2.8401,2.0,2.0,2.0,0.1288,0.1406,0.5594,0.2583,0.7389,0.3528,0.4952,196.0,196.0,196.0,0.0,44.3099,3
703,23.4333,27.0383,75.528,0.7193,0.0059,1.7429,2.0,2.0,2.0,0.1298,0.0844,0.5609,0.2583,0.9167,0.3506,0.4978,195.0,195.0,195.0,0.0,44.2668,5
704,23.4667,26.9432,75.6546,0.5379,0.0046,1.1945,2.0,2.0,2.0,0.1294,0.1411,0.5625,0.2583,0.7389,0.3529,0.4961,197.0,197.0,197.0,0.0,44.4281,4
705,23.5,26.9769,75.76,0.2656,0.0026,0.858,2.0,2.0,2.0,0.1297,0.1434,0.5625,0.2583,0.7389,0.3528,0.4965,197.0,197.0,197.0,0.0,44.4489,4
706,23.5333,27.0088,75.828,0.1928,0.0019,0.613,2.0,2.0,2.0,0.13,0.1419,0.5625,0.2583,0.9333,0.3529,0.4972,196.0,196.0,196.0,0.0,44.2968,4
707,23.5667,27.0198,75.8833,0.1412,0.0014,0.4363,2.0,2.0,2.0,0.1299,0.1334,0.5625,0.2583,0.7389,0.3523,0.4967,196.0,196.0,196.0,0.0,44.3352,3
708,23.6,27.0224,75.9026,0.0725,0.0006,0.2321,2.0,2.0,2.0,0.13,0.1419,0.5625,0.2583,0.7389,0.3524,0.4969,196.0,196.0,196.0,0.0,44.3245,3
709,23.6333,27.0678,75.9186,0.0739,0.0002,0.0753,2.0,2.0,2.0,0.1299,0.1406,0.5625,0.2583,0.7389,0.3525,0.497,196.0,196.0,196.0,0.0,44.337,3
710,23.6667,27.0678,75.9115,0.0145,0.0001,0.0269,2.0,2.0,2.0,0.1299,0.1415,0.5625,0.2583,0.7389,0.3524,0.4969,196.0,196.0,196.0,0.0,44.3348,3
711,23.7,27.0307,75.9157,0.0636,0.0,0.0084,2.0,2.0,2.0,0.1299,0.1417,0.5625,0.2583,0.7389,0.3525,0.4969,196.0,196.0,196.0,0.0,44.3325,3
712,23.7333,27.1178,75.9164,0.1106,0.0002,0.0031,2.0,2.0,2.0,0.1301,0.1438,0.5656,0.2556,0.7389,0.3533,0.4963,196.0,196.0,196.0,0.0,44.4031,4
713,23.7667,27.0236,75.9163,0.1022,0.0002,0.0031,2.0,2.0,2.0,0.1299,0.1438,0.5625,0.2583,0.7389,0.3525,0.4969,196.0,196.0,196.0,0.0,44.3368,3
714,23.8,27.0223,75.9119,0.0081,0.0,0.005,2.0,2.0,2.0,0.1299,0.1416,0.5625,0.2583,0.7389,0.3525,0.4969,196.0,196.0,196.0,0.0,44.3403,3
715,23.8333,27.0193,75.9124,0.0052,0.0,0.0034,2.0,2.0,2.0,0.1299,0.1438,0.5625,0.2583,0.7389,0.3525,0.4969,196.0,196.0,196.0,0.0,44.338,3
716,23.8667,27.1411,75.962,0.126,0.0001,0.0071,2.0,2.0,2.0,0.1299,0.1416,0.5625,0.2583,0.7389,0.3525,0.4969,196.0,196.0,196.0,0.0,44.3493,3
717,23.9,27.1208,75.9693,0.2158,0.0002,0.0402,2.0,2.0,2.0,0.1298,0.1408,0.5609,0.2583,0.7389,0.3523,0.4968,197.0,197.0,197.0,0.0,44.3629,3
718,23.9333,27.1466,75.9773,0.033,0.0,0.0026,2.0,2.0,2.0,0.1298,0.1407,0.5609,0.2583,0.7389,0.3523,0.4968,197.0,197.0,197.0,0.0,44.3645,3
719,23.9667,27.1338,75.9167,0.1705,0.0002,0.0353,2.0,2.0,2.0,0.1299,0.1406,0.5625,0.2583,0.7389,0.3525,0.4968,196.0,196.0,196.0,0.0,44.3357,3
720,24.0,27.9245,76.2849,1.0713,0.002,0.7701,3.0,3.0,3.0,0.1304,0.1016,0.5625,0.2583,0.9361,0.3511,0.4986,195.0,195.0,195.0,0.0,44.3972,4
721,24.0333,27.8278,76.2253,0.5318,0.0008,0.0231,3.0,3.0,3.0,0.1298,0.1453,0.5625,0.2583,0.7389,0.3526,0.4969,196.0,196.0,196.0,0.0,44.2974,4
722,24.0667,27.7001,76.1809,0.4904,0.0003,0.0119,3.0,3.0,3.0,0.1299,0.1312,0.5625,0.2583,0.7389,0.3523,0.4968,196.0,196.0,196.0,0.0,44.3739,4
723,24.1,27.63,76.1287,0.1241,0.0001,0.0052,3.0,3.0,3.0,0.1299,0.13,0.5625,0.2583,0.7389,0.3523,0.4968,196.0,196.0,196.0,0.0,44.3782,4
724,24.1333,27.3756,76.0576,0.3489,0.0003,0.0138,2.0,2.0,2.0,0.1299,0.1312,0.5625,0.2583,0.7389,0.3523,0.4968,196.0,196.0,196.0,0.0,44.3676,4
725,24.1667,27.2588,76.0081,0.1431,0.0002,0.0121,2.0,2.0,2.0,0.1299,0.144,0.5625,0.2583,0.7389,0.3525,0.497,196.0,196.0,196.0,0.0,44.3032,3
726,24.2,27.183,75.968,0.1161,0.0003,0.0756,2.0,2.0,2.0,0.1299,0.1438,0.5625,0.2583,0.7389,0.3525,0.4971,196.0,196.0,196.0,0.0,44.2922,3
727,24.2333,27.124,75.9207,0.0913,0.0001,0.0292,2.0,2.0,2.0,0.1299,0.1395,0.5625,0.2583,0.7389,0.3523,0.497,196.0,196.0,196.0,0.0,44.2806,3
728,24.2667,27.0746,75.8799,0.0772,0.0003,0.0893,2.0,2.0,2.0,0.1299,0.1438,0.5625,0.2583,0.7389,0.3525,0.497,196.0,196.0,196.0,0.0,44.2896,3
729,24.3,27.0418,75.8392,0.147,0.0014,0.3956,2.0,2.0,2.0,0.1296,0.1427,0.5625,0.2583,0.7389,0.3526,0.4966,198.0,198.0,198.0,0.0,44.422,3
730,24.3333,26.9945,75.7215,0.2025,0.0019,0.6336,2.0,2.0,2.0,0.1295,0.142,0.5625,0.2583,0.7389,0.3528,0.4963,196.0,196.0,196.0,0.0,44.4198,3
731,24.3667,26.9253,75.5424,0.3049,0.0029,0.8771,2.0,2.0,2.0,0.1291,0.1406,0.5625,0.2583,0.7375,0.3527,0.4956,197.0,197.0,197.0,0.0,44.2919,3
732,24.4,27.0751,75.4203,0.6591,0.0051,1.2195,2.0,2.0,2.0,0.1291,0.1406,0.5703,0.0861,0.7361,0.3552,0.4933,196.0,196.0,196.0,0.0,44.2483,4
733,24.4333,26.9334,75.0545,0.5536,0.0049,1.5188,2.0,2.0,2.0,0.1283,0.1406,0.571,0.085,0.7333,0.3555,0.492,195.0,195.0,195.0,0.0,43.9287,4
734,24.4667,26.8821,74.5982,0.9006,0.005,1.4872,2.0,2.0,2.0,0.1274,0.129,0.5631,0.2583,0.9361,0.3535,0.4927,195.0,195.0,195.0,0.0,44.0689,3
735,24.5,26.5675,74.1303,0.7653,0.0059,2.226,2.0,2.0,2.0,0.1264,0.1363,0.5625,0.2583,0.7333,0.353,0.4914,194.0,194.0,194.0,0.0,43.1047,3
736,24.5333,26.3082,73.5659,1.8493,0.0137,5.9291,2.0,2.0,2.0,0.1259,0.1374,0.5609,0.2583,0.7389,0.3517,0.4922,190.0,190.0,190.0,0.0,42.2611,3
737,24.5667,25.5928,71.5897,3.2514,0.0212,11.9329,2.0,2.0,2.0,0.127,0.1391,0.5594,0.2583,0.75,0.3498,0.4953,175.0,175.0,175.0,0.0,40.3104,3
738,24.6,24.1592,65.4716,4.4165,0.0331,8.8211,2.0,2.0,2.0,0.1151,0.1234,0.5578,0.2583,0.9361,0.3487,0.4794,143.0,143.0,143.0,0.0,40.4906,4
739,24.6333,21.9757,58.3526,4.5644,0.0294,4.8811,2.0,2.0,2.0,0.0974,0.1062,0.5359,0.0806,0.9389,0.3427,0.4358,188.0,188.0,188.0,0.0,43.29,3
740,24.6667,20.2735,55.6326,3.5897,0.0174,9.6417,2.0,2.0,2.0,0.0995,0.1094,0.5344,0.0815,0.9389,0.3419,0.4397,173.0,173.0,173.0,0.0,41.2402,3
741,24.7,19.2833,52.6517,3.403,0.0265,7.8379,2.0,2.0,2.0,0.0906,0.1031,0.5375,0.075,0.9389,0.3455,0.4279,144.0,144.0,144.0,0.0,41.6478,5
742,24.7333,17.7307,48.0439,3.9832,0.0241,7.8681,2.0,2.0,2.0,0.0808,0.0969,0.5406,0.0724,0.9389,0.3492,0.4022,185.0,185.0,185.0,0.0,42.6056,3
743,24.7667,16.4509,44.2204,3.7878,0.0194,16.2563,2.0,2.0,2.0,0.0848,0.1,0.5391,0.075,0.9389,0.3493,0.4062,166.0,166.0,166.0,0.0,39.5775,3
744,24.8,15.4528,41.132,4.0741,0.0287,15.9693,2.0,2.0,2.0,0.0744,0.0914,0.8289,0.0722,0.9389,0.3518,0.3968,143.0,143.0,143.0,0.0,39.991,4
745,24.8333,13.8573,35.952,4.752,0.0297,14.3283,2.0,2.0,2.0,0.0603,0.0828,0.8531,0.0694,0.9417,0.351,0.3609,183.0,183.0,183.0,0.0,44.237,3
746,24.8667,12.2958,31.7044,4.4264,0.0176,31.0687,2.0,2.0,2.0,0.0639,0.0844,0.8453,0.0722,0.9412,0.3518,0.3639,160.0,160.0,160.0,0.0,38.28,3
747,24.9,11.0578,27.9971,4.2147,0.0266,27.4437,2.0,2.0,2.0,0.0533,0.0797,0.8645,0.0694,0.9417,0.3552,0.3629,141.0,141.0,141.0,0.0,37.8914,5
748,24.9333,9.0433,21.6265,4.7311,0.03,33.7342,2.0,2.0,2.0,0.0352,0.0094,0.8953,0.0639,0.9444,0.3523,0.3404,183.0,183.0,183.0,0.0,43.4622,3
749,24.9667,7.0717,16.0635,4.5709,0.0186,79.2127,2.0,2.0,2.0,0.0302,0.0562,0.9142,0.0639,0.9417,0.3598,0.3445,169.0,169.0,169.0,0.0,39.8258,3
750,25.0,6.4363,12.507,4.8549,0.0255,71.4962,3.0,3.0,3.0,0.0192,0.0516,0.9406,0.056,0.9444,0.368,0.3754,131.0,131.0,131.0,0.0,38.813,4
751,25.0333,4.4177,6.494,3.359,0.0169,0.1315,3.0,3.0,3.0,0.0023,0.0425,0.9453,0.0417,0.9444,0.3768,0.529,115.0,115.0,115.0,0.0,170.1039,2
752,25.0667,3.2426,2.844,1.6889,0.0006,0.323,3.0,3.0,3.0,0.0028,0.0438,0.9453,0.0417,0.9833,0.3374,0.589,107.0,107.0,107.0,0.0,149.4288,4
753,25.1,3.156,2.7734,0.1895,0.0002,0.0823,2.0,2.0,2.0,0.0027,0.0438,0.9453,0.0417,0.9833,0.3478,0.5811,108.0,108.0,108.0,0.0,152.3428,3
754,25.1333,2.8137,2.5093,0.4195,0.0005,0.3083,2.0,2.0,2.0,0.0023,0.0425,0.9453,0.0417,0.9444,0.3744,0.5321,113.0,113.0,113.0,0.0,169.2386,2
755,25.1667,2.7018,2.3901,0.1597,0.0,0.0649,2.0,2.0,2.0,0.0023,0.0426,0.9453,0.0417,0.9444,0.3733,0.5337,113.0,113.0,113.0,0.0,168.865,2
756,25.2,2.7015,2.2908,0.2425,0.0002,0.08,2.0,2.0,2.0,0.0025,0.0434,0.9453,0.0111,0.9444,0.4186,0.4892,110.0,110.0,110.0,0.0,160.6302,3
757,25.2333,2.8775,2.9169,0.4337,0.0018,0.1927,2.0,2.0,2.0,0.0039,0.0438,0.9453,0.0442,0.9444,0.3714,0.4513,116.0,116.0,116.0,0.0,125.7539,3
758,25.2667,3.5834,5.3182,1.1457,0.0058,51.1369,2.0,2.0,2.0,0.009,0.0484,0.9438,0.0472,0.9444,0.37,0.3861,123.5,123.5,123.5,0.0,83.8184,3
759,25.3,4.623,8.4937,1.7555,0.0084,83.6766,2.0,2.0,2.0,0.0158,0.05,0.9422,0.0539,0.9444,0.369,0.3654,144.0,144.0,144.0,0.0,62.2345,3
760,25.3333,6.149,12.9907,2.8241,0.0129,92.0301,2.0,2.0,2.0,0.0256,0.0516,0.9297,0.0611,0.9417,0.4085,0.3551,171.0,171.0,171.0,0.0,55.7101,3
761,25.3667,7.9078,18.4428,3.079,0.016,54.9376,2.0,2.0,2.0,0.0361,0.0672,0.8922,0.0639,0.9417,0.4486,0.3504,189.0,189.0,189.0,0.0,49.5916,3
762,25.4,9.4276,23.0463,2.9818,0.0135,38.246,2.0,2.0,2.0,0.0455,0.075,0.8767,0.0667,0.9417,0.4797,0.3483,209.0,209.0,209.0,0.0,44.8675,3
763,25.4333,10.2319,25.447,3.6202,0.0164,54.4731,2.0,2.0,2.0,0.0488,0.0781,0.8719,0.0694,0.9417,0.4977,0.3489,211.0,211.0,211.0,0.0,42.7823,4
764,25.4667,10.6146,26.5997,2.4068,0.0144,26.7409,2.0,2.0,2.0,0.0522,0.0787,0.8672,0.0694,0.9417,0.5015,0.3517,204.0,204.0,204.0,0.0,44.3516,3
765,25.5,10.715,26.912,1.5469,0.0097,15.4616,2.0,2.0,2.0,0.0533,0.0797,0.8644,0.0694,0.9417,0.498,0.3564,201.0,201.0,201.0,0.0,44.753,3
766,25.5333,11.4596,29.0137,3.1081,0.0197,25.5141,2.0,2.0,2.0,0.0597,0.0828,0.8531,0.0694,0.9417,0.4961,0.3708,193.0,193.0,193.0,0.0,45.5528,4
767,25.5667,13.3484,34.6301,4.6305,0.0272,33.295,2.0,2.0,2.0,0.0741,0.0906,0.8297,0.0722,0.9389,0.5073,0.3929,178.0,178.0,178.0,0.0,45.7368,3
768,25.6,15.3892,40.8819,5.8532,0.0267,43.9405,2.0,2.0,2.0,0.0888,0.1016,0.725,0.075,0.9389,0.5165,0.4105,183.0,183.0,183.0,0.0,42.3244,3
769,25.6333,16.9,45.1529,5.8176,0.0249,42.6664,2.0,2.0,2.0,0.0932,0.1031,0.7219,0.0778,0.9389,0.5202,0.4183,189.0,189.0,189.0,0.0,40.6167,3
770,25.6667,17.6684,47.4618,3.2737,0.0216,18.2929,2.0,2.0,2.0,0.0957,0.1047,0.725,0.0791,0.9389,0.5161,0.4248,192.0,192.0,192.0,0.0,39.9643,3
771,25.7,17.945,48.4154,1.8652,0.0131,7.9917,2.0,2.0,2.0,0.0986,0.1081,0.7232,0.0833,0.9389,0.5088,0.4277,193.0,193.0,193.0,0.0,40.4347,3
772,25.7333,18.4464,49.641,3.5188,0.0224,17.3057,2.0,2.0,2.0,0.1051,0.1141,0.7219,0.0917,0.9389,0.5029,0.4314,187.0,187.0,187.0,0.0,41.0673,4
773,25.7667,19.1,51.7427,4.2879,0.0238,19.6012,2.0,2.0,2.0,0.112,0.1203,0.7188,0.2861,0.9361,0.4984,0.438,188.0,188.0,188.0,0.0,40.8229,3
774,25.8,19.747,53.5351,4.3127,0.0219,20.0716,2.0,2.0,2.0,0.1163,0.0812,0.7203,0.2861,0.9361,0.4936,0.4453,186.0,186.0,186.0,0.0,40.2651,3
775,25.8333,20.0739,54.4562,3.1219,0.0168,15.9454,2.0,2.0,2.0,0.1177,0.0828,0.7188,0.2861,0.9361,0.493,0.4486,186.0,186.0,186.0,0.0,40.346,3
776,25.8667,20.3649,55.4883,1.676,0.0128,4.2737,2.0,2.0,2.0,0.1196,0.1266,0.7188,0.2861,0.9361,0.4934,0.4509,186.0,186.0,186.0,0.0,41.103,3
777,25.9,20.7439,56.5188,1.864,0.0105,7.9782,2.0,2.0,2.0,0.1229,0.13,0.7188,0.2861,0.8918,0.491,0.4561,186.0,186.0,186.0,0.0,41.3669,3
778,25.9333,21.397,58.7044,2.7008,0.0158,10.5223,2.0,2.0,2.0,0.1283,0.1391,0.7172,0.2861,0.7139,0.4914,0.4646,186.0,186.0,186.0,0.0,41.1384,3
779,25.9667,22.5405,62.1917,3.0134,0.0192,10.3169,2.0,2.0,2.0,0.1362,0.1531,0.7172,0.2861,0.7139,0.4938,0.4755,189.0,189.0,189.0,0.0,40.7706,3
780,26.0,24.1524,65.8814,3.6405,0.0158,11.1096,3.0,3.0,3.0,0.1426,0.1672,0.7156,0.2861,0.7139,0.4967,0.4839,189.0,189.0,189.0,0.0,39.649,3
781,26.0333,24.7717,67.8555,3.1637,0.0121,13.7376,3.0,3.0,3.0,0.1455,0.1706,0.7156,0.2861,0.7139,0.4991,0.4876,194.0,194.0,194.0,0.0,39.4132,3
782,26.0667,24.9017,68.3517,1.4537,0.0082,4.8395,3.0,3.0,3.0,0.1466,0.1719,0.7156,0.2861,0.7139,0.4997,0.4888,195.0,195.0,195.0,0.0,39.7866,3
783,26.1,24.6784,67.8225,0.8044,0.0053,2.0078,2.0,2.0,2.0,0.1459,0.1802,0.7156,0.2861,0.7139,0.5001,0.4881,194.0,194.0,194.0,0.0,39.7559,3
784,26.1333,24.3097,66.8654,1.4486,0.0082,4.4335,2.0,2.0,2.0,0.1445,0.1578,0.7156,0.2861,0.7111,0.4994,0.4864,192.0,192.0,192.0,0.0,39.8664,4
785,26.1667,23.8595,65.8195,1.3457,0.0073,4.3527,2.0,2.0,2.0,0.1432,0.1545,0.7156,0.2861,0.7083,0.4991,0.4846,189.0,189.0,189.0,0.0,40.0115,4
786,26.2,23.4882,64.9925,0.9737,0.0052,3.2292,2.0,2.0,2.0,0.142,0.1656,0.7156,0.2861,0.7056,0.4989,0.4828,188.0,188.0,188.0,0.0,40.156,3
787,26.2333,23.3264,64.5474,0.5851,0.0037,1.8873,2.0,2.0,2.0,0.1413,0.1632,0.7165,0.2861,0.7056,0.4986,0.4819,188.0,188.0,188.0,0.0,40.2255,3
788,26.2667,23.252,64.4235,0.3519,0.0026,0.781,2.0,2.0,2.0,0.1411,0.1625,0.7172,0.2861,0.7056,0.4981,0.4816,187.0,187.0,187.0,0.0,40.1887,3
789,26.3,23.3803,64.4534,0.2527,0.0008,0.2523,2.0,2.0,2.0,0.1414,0.1623,0.7188,0.2861,0.7056,0.4986,0.4812,186.0,186.0,186.0,0.0,40.2545,4
790,26.3333,23.4235,64.5649,0.1338,0.0013,0.3882,2.0,2.0,2.0,0.1419,0.1625,0.7188,0.2861,0.7056,0.4986,0.4818,186.0,186.0,186.0,0.0,40.4264,4
791,26.3667,23.3813,64.7784,0.4292,0.0021,0.6265,2.0,2.0,2.0,0.1419,0.1625,0.7157,0.2861,0.7056,0.4981,0.4827,188.0,188.0,188.0,0.0,40.2632,3
792,26.4,23.4298,64.9084,0.1785,0.0016,0.4454,2.0,2.0,2.0,0.1425,0.1562,0.7156,0.2861,0.7056,0.498,0.4832,188.0,188.0,188.0,0.0,40.5257,3
793,26.4333,23.4935,64.9819,0.1695,0.0002,0.0125,2.0,2.0,2.0,0.1424,0.1658,0.7156,0.2861,0.7056,0.4983,0.4833,188.0,188.0,188.0,0.0,40.5233,3
794,26.4667,23.3692,64.8718,0.1369,0.0001,0.0156,2.0,2.0,2.0,0.1425,0.1641,0.7156,0.2861,0.7056,0.4982,0.4834,188.0,188.0,188.0,0.0,40.5129,3
795,26.5,23.3864,64.8628,0.0498,0.0,0.0076,2.0,2.0,2.0,0.1425,0.1641,0.7156,0.2861,0.7056,0.4982,0.4833,188.0,188.0,188.0,0.0,40.5128,3
796,26.5333,23.358,64.8624,0.0495,0.0,0.0033,2.0,2.0,2.0,0.1425,0.1641,0.7156,0.2861,0.7056,0.4982,0.4834,188.0,188.0,188.0,0.0,40.5075,3
797,26.5667,23.3551,64.8611,0.0059,0.0,0.0011,2.0,2.0,2.0,0.1425,0.1644,0.7156,0.2861,0.7056,0.4982,0.4834,188.0,188.0,188.0,0.0,40.5065,3
798,26.6,23.3437,64.8601,0.0175,0.0,0.0019,2.0,2.0,2.0,0.1425,0.1641,0.7156,0.2861,0.7056,0.4982,0.4833,188.0,188.0,188.0,0.0,40.5051,3
799,26.6333,23.3483,64.8609,0.0111,0.0,0.0028,2.0,2.0,2.0,0.1425,0.1641,0.7156,0.2861,0.7056,0.4982,0.4834,188.0,188.0,188.0,0.0,40.5091,3
800,26.6667,23.3964,64.8668,0.0596,0.0,0.0037,2.0,2.0,2.0,0.1425,0.1629,0.7156,0.2861,0.7056,0.4982,0.4834,188.0,188.0,188.0,0.0,40.5157,3
801,26.7,23.4455,64.9005,0.1388,0.0,0.0026,2.0,2.0,2.0,0.1425,0.1656,0.7156,0.2861,0.7056,0.4982,0.4833,188.0,188.0,188.0,0.0,40.5161,3
802,26.7333,23.4537,64.9032,0.0231,0.0,0.0013,2.0,2.0,2.0,0.1425,0.1656,0.7156,0.2861,0.7056,0.4982,0.4833,188.0,188.0,188.0,0.0,40.5148,3
803,26.7667,23.3621,64.8633,0.0991,0.0,0.0035,2.0,2.0,2.0,0.1425,0.1641,0.7156,0.2861,0.7056,0.4982,0.4833,188.0,188.0,188.0,0.0,40.5148,3
804,26.8,23.3569,64.8632,0.0136,0.0,0.0014,2.0,2.0,2.0,0.1425,0.1641,0.7156,0.2861,0.7056,0.4982,0.4833,188.0,188.0,188.0,0.0,40.5132,3
805,26.8333,23.3619,64.8636,0.0107,0.0,0.0019,2.0,2.0,2.0,0.1425,0.1641,0.7156,0.2861,0.7056,0.4982,0.4833,188.0,188.0,188.0,0.0,40.5137,3
806,26.8667,23.3684,64.8677,0.0139,0.0,0.0012,2.0,2.0,2.0,0.1425,0.1645,0.7156,0.2861,0.7056,0.4982,0.4834,188.0,188.0,188.0,0.0,40.5144,3
807,26.9,23.377,64.8743,0.0165,0.0,0.0024,2.0,2.0,2.0,0.1425,0.1645,0.7156,0.2861,0.7056,0.4982,0.4834,188.0,188.0,188.0,0.0,40.5165,3
808,26.9333,23.5109,64.9149,0.1809,0.0004,0.1325,2.0,2.0,2.0,0.1423,0.1654,0.7156,0.2861,0.7056,0.4982,0.4831,188.0,188.0,188.0,0.0,40.4908,3
809,26.9667,23.4206,64.7864,0.3553,0.0014,0.4002,2.0,2.0,2.0,0.1419,0.1625,0.7156,0.2861,0.7056,0.4981,0.4827,188.0,188.0,188.0,0.0,40.2704,3
810,27.0,23.4598,64.6566,0.3146,0.002,0.619,2.0,2.0,2.0,0.1417,0.1625,0.7156,0.2861,0.7056,0.4979,0.4823,187.0,187.0,187.0,0.0,40.3617,3
811,27.0333,23.4602,64.5428,0.3882,0.0014,0.3915,2.0,2.0,2.0,0.1413,0.1648,0.7172,0.2861,0.7056,0.4979,0.4819,187.0,187.0,187.0,0.0,40.1456,3
812,27.0667,23.5557,64.495,0.2832,0.0013,0.2406,2.0,2.0,2.0,0.1418,0.1656,0.8255,0.2,0.7056,0.5001,0.4801,185.0,185.0,185.0,0.0,40.2801,4
813,27.1,23.3398,64.5473,0.6217,0.0033,0.8047,2.0,2.0,2.0,0.1413,0.1634,0.7172,0.2861,0.7056,0.4985,0.4819,188.0,188.0,188.0,0.0,40.2069,3
814,27.1333,23.5868,64.9801,0.7469,0.0039,1.9015,2.0,2.0,2.0,0.1421,0.1617,0.7172,0.2861,0.7083,0.4991,0.483,188.0,188.0,188.0,0.0,40.2043,3
815,27.1667,23.8261,65.7342,0.8544,0.005,3.2061,2.0,2.0,2.0,0.1432,0.1638,0.7172,0.2861,0.7083,0.4995,0.4845,189.0,189.0,189.0,0.0,40.007,3
816,27.2,24.0068,66.689,1.3588,0.0074,4.3826,2.0,2.0,2.0,0.1446,0.1688,0.7172,0.2861,0.7111,0.4999,0.4864,192.0,192.0,192.0,0.0,39.8325,4
817,27.2333,24.2883,67.5808,1.27,0.0082,4.4282,2.0,2.0,2.0,0.1459,0.169,0.7156,0.2861,0.7139,0.5001,0.4881,194.0,194.0,194.0,0.0,39.7382,3
818,27.2667,24.4321,68.0356,0.6299,0.0051,1.972,2.0,2.0,2.0,0.1467,0.1703,0.7156,0.2861,0.7139,0.4996,0.4888,195.0,195.0,195.0,0.0,39.792,3
819,27.3,24.2465,67.4906,1.3588,0.0084,4.8858,2.0,2.0,2.0,0.1455,0.1688,0.7156,0.2861,0.7139,0.499,0.4876,194.0,194.0,194.0,0.0,39.3373,3
820,27.3333,23.5817,65.4576,3.0616,0.0126,13.8814,2.0,2.0,2.0,0.1425,0.1641,0.7156,0.2861,0.7139,0.4967,0.4839,189.0,189.0,189.0,0.0,39.6526,3
821,27.3667,22.5014,62.1467,3.0115,0.0151,10.4355,2.0,2.0,2.0,0.1358,0.1546,0.7172,0.2861,0.7139,0.4937,0.4752,189.0,189.0,189.0,0.0,40.681,3
822,27.4,21.3478,58.6805,2.9855,0.0192,10.4429,2.0,2.0,2.0,0.1282,0.1391,0.7172,0.2861,0.7111,0.4913,0.4645,187.0,187.0,187.0,0.0,41.2038,3
823,27.4333,20.6445,56.4733,2.6905,0.0158,10.5479,2.0,2.0,2.0,0.1227,0.1312,0.7188,0.2861,0.7028,0.491,0.4558,186.0,186.0,186.0,0.0,41.3717,3
824,27.4667,20.3948,55.4674,2.0665,0.011,7.9585,2.0,2.0,2.0,0.1199,0.0956,0.7188,0.2861,0.9361,0.4919,0.4524,185.0,185.0,185.0,0.0,41.1303,5
825,27.5,20.0527,54.478,1.4767,0.0123,4.3516,2.0,2.0,2.0,0.1175,0.0934,0.7188,0.2861,0.9361,0.4938,0.4477,186.0,186.0,186.0,0.0,40.3968,5
826,27.5333,19.7535,53.573,3.4556,0.0177,16.369,2.0,2.0,2.0,0.1158,0.1232,0.7234,0.0861,0.9361,0.4969,0.4422,187.0,187.0,187.0,0.0,40.4405,3
827,27.5667,18.9903,51.7321,4.1714,0.0216,19.8113,2.0,2.0,2.0,0.1117,0.1188,0.7188,0.2861,0.9361,0.4982,0.4379,188.0,188.0,188.0,0.0,40.8771,3
828,27.6,18.2871,49.6508,4.0412,0.0236,19.5378,2.0,2.0,2.0,0.1047,0.1125,0.7203,0.0944,0.9389,0.5019,0.432,188.0,188.0,188.0,0.0,41.0978,3
829,27.6333,17.8909,48.4374,3.349,0.0219,17.4302,2.0,2.0,2.0,0.0987,0.1067,0.7219,0.0833,0.9389,0.5086,0.4277,194.0,194.0,194.0,0.0,40.4575,3
830,27.6667,17.5537,47.3606,1.7352,0.0128,8.0244,2.0,2.0,2.0,0.0957,0.1047,0.725,0.0806,0.9389,0.516,0.4249,193.0,193.0,193.0,0.0,39.9443,3
831,27.7,16.7586,45.0422,3.3459,0.0218,18.6503,2.0,2.0,2.0,0.0932,0.1047,0.7219,0.0778,0.9389,0.5201,0.4183,190.0,190.0,190.0,0.0,40.7142,4
832,27.7333,15.3483,40.8158,5.7217,0.025,42.4351,2.0,2.0,2.0,0.0885,0.1016,0.7266,0.075,0.9389,0.5162,0.4101,185.0,185.0,185.0,0.0,42.2453,3
833,27.7667,13.2611,34.5787,5.7809,0.0267,43.5638,2.0,2.0,2.0,0.0738,0.0922,0.8296,0.0722,0.9389,0.507,0.3925,176.0,176.0,176.0,0.0,45.41,3
834,27.8,11.416,28.9903,4.632,0.0272,33.4988,2.0,2.0,2.0,0.0595,0.083,0.8514,0.0694,0.9417,0.4963,0.3705,193.5,193.5,193.5,0.0,45.3363,4
835,27.8333,10.7728,26.9644,3.0986,0.0197,25.4776,2.0,2.0,2.0,0.0532,0.0797,0.8641,0.0694,0.9417,0.4981,0.3563,201.0,201.0,201.0,0.0,44.6992,3
836,27.8667,10.7167,26.6777,1.6443,0.0095,15.2151,2.0,2.0,2.0,0.0521,0.0797,0.867,0.0694,0.9417,0.5014,0.3518,204.0,204.0,204.0,0.0,44.2989,3
837,27.9,10.4714,25.5367,2.5932,0.0145,27.0401,2.0,2.0,2.0,0.0489,0.0781,0.8734,0.0667,0.9417,0.4984,0.3485,211.0,211.0,211.0,0.0,43.0265,4
838,27.9333,9.5117,23.1237,3.8763,0.0164,54.8549,2.0,2.0,2.0,0.0456,0.075,0.8766,0.0667,0.9417,0.4797,0.3482,214.0,214.0,214.0,0.0,45.0741,3
839,27.9667,7.9219,18.4275,3.017,0.0136,38.7101,2.0,2.0,2.0,0.0361,0.0673,0.892,0.0639,0.9417,0.449,0.3503,190.0,190.0,190.0,0.0,49.9489,3
840,28.0,6.8075,13.6813,3.7617,0.0161,55.6704,3.0,3.0,3.0,0.0255,0.0531,0.9277,0.0611,0.9417,0.4088,0.3547,174.5,174.5,174.5,0.0,55.359,3
841,28.0333,5.2945,9.1478,2.9924,0.0128,92.2995,3.0,3.0,3.0,0.0156,0.0516,0.9422,0.0528,0.9444,0.3699,0.3651,143.0,143.0,143.0,0.0,62.5348,3
842,28.0667,4.1452,5.8751,1.8209,0.0083,84.0899,3.0,3.0,3.0,0.0089,0.0484,0.9438,0.0472,0.9444,0.3697,0.3852,124.0,124.0,124.0,0.0,84.5931,3
843,28.1,3.1441,3.1814,1.3129,0.0057,51.7772,2.0,2.0,2.0,0.0038,0.0438,0.9453,0.0441,0.9444,0.371,0.4487,116.0,116.0,116.0,0.0,127.8095,3
844,28.1333,2.9527,2.5262,0.6577,0.0021,0.3865,2.0,2.0,2.0,0.0027,0.0438,0.9453,0.0175,0.9444,0.4474,0.4651,107.0,107.0,107.0,0.0,152.0539,3
845,28.1667,2.8364,2.378,0.1538,0.0,0.219,2.0,2.0,2.0,0.0027,0.0438,0.9453,0.0148,0.9444,0.4482,0.4658,107.0,107.0,107.0,0.0,151.8718,3
846,28.2,3.3291,4.4293,1.0767,0.0011,0.2038,2.0,2.0,2.0,0.0029,0.0438,0.9453,0.0417,0.9444,0.3749,0.4951,103.0,103.0,103.0,0.0,140.0464,6
847,28.2333,4.2951,7.3242,1.5515,0.0142,12.1686,2.0,2.0,2.0,0.0164,0.0516,0.9422,0.0552,0.9444,0.3846,0.4091,155.0,155.0,155.0,0.0,58.2054,3
848,28.2667,5.2895,10.4155,2.2459,0.0084,80.5186,2.0,2.0,2.0,0.0204,0.0516,0.9391,0.0583,0.9444,0.3835,0.4178,133.0,133.0,133.0,0.0,64.0754,3
849,28.3,6.178,13.0425,2.3016,0.0122,52.778,2.0,2.0,2.0,0.0271,0.0547,0.9226,0.0611,0.9417,0.4351,0.4138,102.0,102.0,102.0,0.0,59.0296,3
850,28.3333,7.2013,15.9187,2.5788,0.0183,36.2541,2.0,2.0,2.0,0.0381,0.0688,0.8893,0.0639,0.9417,0.4862,0.4101,160.0,160.0,160.0,0.0,54.8765,3
851,28.3667,7.7481,17.8479,2.4883,0.0084,49.9539,2.0,2.0,2.0,0.0408,0.0718,0.8844,0.0639,0.9417,0.4914,0.415,132.5,132.5,132.5,0.0,61.0819,4
852,28.4,7.9045,18.2983,2.1224,0.0103,40.4141,2.0,2.0,2.0,0.0429,0.073,0.8812,0.0611,0.9417,0.4848,0.4199,125.0,125.0,125.0,0.0,65.9855,4
853,28.4333,8.1192,19.047,1.6499,0.0097,21.9949,2.0,2.0,2.0,0.0452,0.075,0.8766,0.0611,0.9417,0.4768,0.4237,119.0,119.0,119.0,0.0,65.4228,4
854,28.4667,8.4307,19.9842,1.8018,0.0104,22.5105,2.0,2.0,2.0,0.0492,0.0781,0.8719,0.0611,0.9417,0.4664,0.4277,105.0,105.0,105.0,0.0,65.9291,4
855,28.5,8.6607,20.583,2.5232,0.0117,33.3636,2.0,2.0,2.0,0.0519,0.079,0.8672,0.0611,0.9417,0.4584,0.4314,89.0,89.0,89.0,0.0,63.5197,3
856,28.5333,8.9867,21.6389,2.6933,0.0121,33.4079,2.0,2.0,2.0,0.0561,0.0812,0.8574,0.0639,0.9417,0.4504,0.4362,77.0,77.0,77.0,0.0,62.3053,5
857,28.5667,9.3842,22.8317,2.4398,0.0125,27.4343,2.0,2.0,2.0,0.0609,0.0844,0.8495,0.0639,0.9417,0.442,0.444,72.0,72.0,72.0,0.0,59.8953,3
858,28.6,9.7906,23.9456,2.4264,0.014,23.92,2.0,2.0,2.0,0.0649,0.0866,0.8438,0.0667,0.9389,0.436,0.453,62.0,62.0,62.0,0.0,57.3718,3
859,28.6333,10.3371,25.5683,1.9348,0.0126,14.3721,2.0,2.0,2.0,0.0689,0.0891,0.8391,0.0667,0.9389,0.4353,0.4577,59.0,59.0,59.0,0.0,60.5371,3
860,28.6667,11.1692,28.1851,1.9558,0.0157,10.1822,2.0,2.0,2.0,0.0771,0.0938,0.825,0.0667,0.9389,0.4455,0.4749,82.0,82.0,82.0,0.0,59.3092,3
861,28.7,11.9608,30.4203,2.1093,0.0139,12.8612,2.0,2.0,2.0,0.0834,0.1,0.7125,0.0694,0.9389,0.4521,0.4813,55.5,55.5,55.5,0.0,62.8959,3
862,28.7333,12.4329,31.8329,2.2078,0.0121,17.0428,2.0,2.0,2.0,0.0868,0.1016,0.711,0.0694,0.9389,0.4564,0.4829,37.5,37.5,37.5,0.0,64.3568,3
863,28.7667,12.5864,32.398,1.983,0.0125,13.0811,2.0,2.0,2.0,0.0896,0.1016,0.7109,0.0694,0.9389,0.4591,0.4837,20.0,20.0,20.0,0.0,64.2652,3
864,28.8,12.7144,32.7137,1.6066,0.0111,9.9371,2.0,2.0,2.0,0.0914,0.1031,0.7109,0.0694,0.9389,0.4609,0.4843,13.0,13.0,13.0,0.0,62.9066,3
865,28.8333,12.7397,32.8893,1.5917,0.0101,10.2734,2.0,2.0,2.0,0.0928,0.1031,0.7109,0.0694,0.9389,0.4626,0.4857,15.0,15.0,15.0,0.0,63.2163,3
866,28.8667,12.7752,32.9638,1.4599,0.0088,9.6993,2.0,2.0,2.0,0.0924,0.1031,0.7109,0.0694,0.9389,0.464,0.4861,16.0,16.0,16.0,0.0,62.594,3
867,28.9,12.8295,33.0771,1.3116,0.0092,8.2315,2.0,2.0,2.0,0.093,0.1031,0.7109,0.0694,0.9389,0.4651,0.4862,18.0,18.0,18.0,0.0,63.7265,3
868,28.9333,13.0281,33.324,1.2295,0.0077,5.6634,2.0,2.0,2.0,0.0941,0.1031,0.7109,0.0694,0.9389,0.4686,0.4869,18.0,18.0,18.0,0.0,64.2725,3
869,28.9667,13.1438,33.698,1.0709,0.0077,4.5853,2.0,2.0,2.0,0.0949,0.1047,0.7109,0.0694,0.9389,0.4735,0.4865,16.0,16.0,16.0,0.0,62.9851,3
870,29.0,13.4449,34.4191,1.3681,0.0072,5.4595,2.0,2.0,2.0,0.097,0.1047,0.7203,0.0694,0.9389,0.4796,0.4873,13.0,13.0,13.0,0.0,63.2209,3
871,29.0333,13.6381,35.1862,1.5911,0.0081,7.2343,2.0,2.0,2.0,0.0998,0.1063,0.7312,0.0722,0.9389,0.485,0.4885,13.0,13.0,13.0,0.0,62.8949,3
872,29.0667,13.8626,35.8865,1.5547,0.0092,8.495,2.0,2.0,2.0,0.1033,0.1094,0.7406,0.0722,0.9389,0.4905,0.4901,10.0,10.0,10.0,0.0,63.1194,3
873,29.1,13.9658,36.361,1.5372,0.0084,9.3014,2.0,2.0,2.0,0.1044,0.1109,0.7484,0.0722,0.9389,0.4937,0.4899,8.0,8.0,8.0,0.0,61.3638,3
874,29.1333,14.0731,36.7109,1.2054,0.0077,6.51,2.0,2.0,2.0,0.1051,0.1109,0.7531,0.0722,0.9389,0.4963,0.4899,8.0,8.0,8.0,0.0,61.5646,3
875,29.1667,14.1372,36.8778,0.858,0.0059,3.9717,2.0,2.0,2.0,0.1057,0.1109,0.7562,0.0722,0.9389,0.4973,0.49,9.0,9.0,9.0,0.0,62.2578,3
876,29.2,14.1671,36.9336,0.5378,0.004,1.8988,2.0,2.0,2.0,0.1061,0.113,0.7578,0.0722,0.9379,0.4985,0.4903,9.0,9.0,9.0,0.0,61.9195,3
877,29.2333,14.1382,36.9246,0.3048,0.0022,1.0591,2.0,2.0,2.0,0.1058,0.1125,0.7578,0.0722,0.9389,0.4986,0.4903,9.0,9.0,9.0,0.0,61.8237,3
878,29.2667,14.0613,36.7993,0.2878,0.0027,1.0153,2.0,2.0,2.0,0.1054,0.1125,0.7578,0.0722,0.9389,0.4983,0.4903,9.0,9.0,9.0,0.0,61.6195,3
879,29.3,14.0523,36.69,0.344,0.0027,1.5451,2.0,2.0,2.0,0.1048,0.1109,0.7562,0.0722,0.9389,0.4973,0.4901,10.0,10.0,10.0,0.0,62.1888,3
880,29.3333,13.9797,36.5235,0.367,0.0031,0.9792,2.0,2.0,2.0,0.1045,0.1109,0.7562,0.0722,0.9389,0.4968,0.4901,10.0,10.0,10.0,0.0,62.0407,3
881,29.3667,13.957,36.3884,0.3973,0.0029,1.3953,2.0,2.0,2.0,0.1042,0.1109,0.7547,0.0722,0.9389,0.4962,0.4902,9.0,9.0,9.0,0.0,61.8291,3
882,29.4,13.9256,36.276,0.3462,0.0029,1.3587,2.0,2.0,2.0,0.1037,0.1109,0.7531,0.0722,0.9389,0.4954,0.4899,8.0,8.0,8.0,0.0,62.2179,3
883,29.4333,13.9249,36.1933,0.4288,0.0026,1.5718,2.0,2.0,2.0,0.1036,0.1109,0.7516,0.0722,0.9389,0.4954,0.4898,9.0,9.0,9.0,0.0,62.5982,3
884,29.4667,13.8739,36.067,0.3323,0.0023,0.9421,2.0,2.0,2.0,0.1025,0.1094,0.75,0.0722,0.9389,0.4936,0.4895,8.0,8.0,8.0,0.0,61.8946,3
885,29.5,13.8605,36.0576,0.3574,0.0022,0.599,2.0,2.0,2.0,0.1027,0.1094,0.7484,0.0722,0.9389,0.4938,0.4896,10.0,10.0,10.0,0.0,62.623,3
886,29.5333,13.7569,35.8773,0.261,0.0016,0.9804,2.0,2.0,2.0,0.1023,0.1094,0.7484,0.0722,0.9389,0.4931,0.4896,10.0,10.0,10.0,0.0,62.4986,3
887,29.5667,13.7774,35.839,0.1206,0.001,0.3562,2.0,2.0,2.0,0.1022,0.1094,0.7469,0.0722,0.9389,0.4928,0.4896,10.0,10.0,10.0,0.0,62.5302,3
888,29.6,13.7367,35.833,0.0774,0.0001,0.0718,2.0,2.0,2.0,0.1022,0.1094,0.7461,0.0722,0.9389,0.4928,0.4896,10.0,10.0,10.0,0.0,62.5216,3
889,29.6333,13.7443,35.844,0.0361,0.0002,0.0945,2.0,2.0,2.0,0.1023,0.1094,0.7469,0.0722,0.9389,0.4929,0.4896,10.0,10.0,10.0,0.0,62.5337,3
890,29.6667,13.7343,35.8612,0.0702,0.0006,0.2431,2.0,2.0,2.0,0.1024,0.1094,0.7484,0.0722,0.9389,0.493,0.4896,10.0,10.0,10.0,0.0,62.5945,3
891,29.7,13.7658,35.867,0.0428,0.0,0.0193,2.0,2.0,2.0,0.1024,0.1094,0.7484,0.0722,0.9389,0.493,0.4897,10.0,10.0,10.0,0.0,62.6132,3
892,29.7333,13.8113,35.8752,0.0538,0.0,0.0083,2.0,2.0,2.0,0.1024,0.1094,0.7484,0.0722,0.9389,0.493,0.4897,10.0,10.0,10.0,0.0,62.6197,3
893,29.7667,13.841,35.8939,0.1747,0.0001,0.0124,2.0,2.0,2.0,0.1024,0.1094,0.7484,0.0722,0.9389,0.493,0.4896,10.0,10.0,10.0,0.0,62.628,3
894,29.8,13.8211,35.8963,0.0379,0.0,0.0121,2.0,2.0,2.0,0.1024,0.1094,0.7484,0.0722,0.9389,0.493,0.4897,10.0,10.0,10.0,0.0,62.6394,3
895,29.8333,13.7487,35.8631,0.092,0.0001,0.0184,2.0,2.0,2.0,0.1024,0.1094,0.7484,0.0722,0.9389,0.493,0.4897,10.0,10.0,10.0,0.0,62.6186,3
896,29.8667,13.7517,35.8643,0.0262,0.0,0.0102,2.0,2.0,2.0,0.1024,0.1094,0.7484,0.0722,0.9389,0.4929,0.4896,10.0,10.0,10.0,0.0,62.6011,3
897,29.9,13.7569,35.8698,0.0103,0.0,0.0109,2.0,2.0,2.0,0.1024,0.1094,0.7484,0.0722,0.9389,0.4929,0.4897,10.0,10.0,10.0,0.0,62.6003,3
898,29.9333,13.8188,35.8817,0.0901,0.0001,0.0125,2.0,2.0,2.0,0.1024,0.1094,0.7484,0.0722,0.9389,0.493,0.4897,10.0,10.0,10.0,0.0,62.602,3
899,29.9667,13.7581,35.8726,0.0737,0.0,0.0073,2.0,2.0,2.0,0.1024,0.1094,0.7484,0.0722,0.9389,0.4929,0.4897,10.0,10.0,10.0,0.0,62.5937,3
900,30.0,14.4562,36.4716,0.836,0.001,0.7949,3.0,3.0,3.0,0.1023,0.1094,0.7484,0.0722,0.9389,0.4929,0.4897,10.0,10.0,10.0,0.0,62.6329,3
901,30.0333,14.3274,36.3687,0.2981,0.0002,0.0689,3.0,3.0,3.0,0.1023,0.1094,0.7484,0.0722,0.9389,0.4929,0.4897,10.0,10.0,10.0,0.0,62.6562,3
902,30.0667,14.2792,36.3051,0.1971,0.0003,0.0441,2.0,2.0,2.0,0.1023,0.1094,0.7484,0.0722,0.9389,0.4929,0.4897,10.0,10.0,10.0,0.0,62.7081,3
903,30.1,14.1804,36.2231,0.3453,0.0003,0.05,2.0,2.0,2.0,0.1023,0.1094,0.7484,0.0722,0.9389,0.493,0.4897,10.0,10.0,10.0,0.0,62.6793,3
904,30.1333,14.1125,36.1438,0.1248,0.0001,0.0228,2.0,2.0,2.0,0.1023,0.109,0.7484,0.0722,0.9389,0.4929,0.4897,10.0,10.0,10.0,0.0,62.7164,3
905,30.1667,13.9223,36.0002,0.2818,0.0002,0.0375,2.0,2.0,2.0,0.1024,0.1094,0.7484,0.0722,0.9389,0.4929,0.4898,10.0,10.0,10.0,0.0,62.6414,3
906,30.2,13.8391,35.9537,0.1339,0.0001,0.0265,2.0,2.0,2.0,0.1024,0.1094,0.7484,0.0722,0.9389,0.493,0.4898,10.0,10.0,10.0,0.0,62.6992,3
907,30.2333,13.8167,35.9392,0.0329,0.0,0.0119,2.0,2.0,2.0,0.1024,0.1094,0.7484,0.0722,0.9389,0.493,0.4898,10.0,10.0,10.0,0.0,62.6796,3
908,30.2667,13.8463,35.9352,0.1005,0.0001,0.019,2.0,2.0,2.0,0.1024,0.1094,0.7484,0.0722,0.9389,0.493,0.4898,10.0,10.0,10.0,0.0,62.6846,3
909,30.3,13.792,35.9305,0.1026,0.0002,0.0858,2.0,2.0,2.0,0.1025,0.1078,0.7484,0.0722,0.9389,0.4929,0.4898,10.0,10.0,10.0,0.0,62.7605,4
910,30.3333,13.781,35.9329,0.1127,0.001,0.368,2.0,2.0,2.0,0.1027,0.1094,0.7484,0.0722,0.9389,0.4931,0.4903,11.0,11.0,11.0,0.0,63.0266,3
911,30.3667,13.7696,35.9243,0.2288,0.0022,1.0672,2.0,2.0,2.0,0.1029,0.1094,0.7484,0.0722,0.9389,0.4932,0.4906,10.0,10.0,10.0,0.0,63.5417,3
912,30.4,13.7855,35.9516,0.5521,0.0044,3.0411,2.0,2.0,2.0,0.1027,0.1094,0.7484,0.0722,0.9389,0.493,0.4908,11.0,11.0,11.0,0.0,63.1819,3
913,30.4333,13.8545,36.0604,1.1038,0.0071,6.7908,2.0,2.0,2.0,0.1022,0.1094,0.7484,0.0722,0.9389,0.4929,0.4912,11.0,11.0,11.0,0.0,63.3643,3
914,30.4667,13.9336,36.1783,1.9096,0.0124,11.8948,2.0,2.0,2.0,0.1019,0.1078,0.7484,0.0722,0.9389,0.4929,0.4929,12.0,12.0,12.0,0.0,64.5108,3
915,30.5,14.0084,36.2604,3.2465,0.0176,21.3828,2.0,2.0,2.0,0.1006,0.1074,0.7484,0.0722,0.9389,0.4924,0.4949,18.0,18.0,18.0,0.0,64.6661,4
916,30.5333,13.9294,36.3713,4.5688,0.0231,30.8492,2.0,2.0,2.0,0.0991,0.1062,0.7484,0.0722,0.9389,0.493,0.5008,19.0,19.0,19.0,0.0,65.2596,4
917,30.5667,13.9624,36.5092,5.9069,0.0303,39.6675,2.0,2.0,2.0,0.0994,0.1062,0.7484,0.0722,0.9389,0.4934,0.509,30.0,30.0,30.0,0.0,65.0014,5
918,30.6,13.9771,36.5985,7.7811,0.0389,54.3485,2.0,2.0,2.0,0.0994,0.1078,0.7484,0.075,0.9389,0.4936,0.5198,25.0,25.0,25.0,0.0,65.3803,5
919,30.6333,13.9901,36.1892,9.7797,0.0476,69.9234,2.0,2.0,2.0,0.0993,0.1092,0.7484,0.075,0.9389,0.4937,0.5348,22.0,22.0,22.0,0.0,66.2631,5
920,30.6667,13.9896,30.6888,11.6061,0.0608,79.3093,2.0,2.0,2.0,0.0996,0.1094,0.7484,0.0806,0.9389,0.4944,0.5575,25.0,25.0,25.0,0.0,65.5939,5
921,30.7,14.0034,29.3761,13.9466,0.0739,98.2153,2.0,2.0,2.0,0.1001,0.1094,0.7484,0.0833,0.9389,0.494,0.5827,24.0,24.0,24.0,0.0,65.9109,5
922,30.7333,14.029,29.388,15.1858,0.0911,99.0742,2.0,2.0,2.0,0.0997,0.1087,0.7484,0.0833,0.9389,0.4942,0.6168,25.0,25.0,25.0,0.0,66.3392,5
923,30.7667,14.0277,29.399,15.8298,0.1018,92.5625,2.0,2.0,2.0,0.0971,0.1062,0.7484,0.0806,0.9944,0.4939,0.6532,32.0,32.0,32.0,0.0,66.2813,4
924,30.8,11.5389,24.5207,14.6297,0.0949,93.1345,2.0,2.0,2.0,0.0803,0.0953,0.7516,0.0722,0.9389,0.4928,0.6236,15.0,15.0,15.0,0.0,65.3997,4
925,30.8333,7.6343,17.7155,9.7509,0.0716,69.8194,2.0,2.0,2.0,0.0407,0.0703,0.8859,0.0667,0.9417,0.4929,0.5438,132.0,132.0,132.0,0.0,60.4686,3
926,30.8667,7.6652,17.7372,7.0734,0.0384,96.6426,2.0,2.0,2.0,0.0406,0.0703,0.8859,0.0667,0.9417,0.4938,0.587,133.5,133.5,133.5,0.0,59.4085,3
927,30.9,7.7008,17.746,8.106,0.0452,106.0133,2.0,2.0,2.0,0.0406,0.0703,0.8859,0.0667,0.9417,0.4933,0.6394,133.0,133.0,133.0,0.0,59.5455,3
928,30.9333,7.7432,16.4413,8.7804,0.0533,84.3142,2.0,2.0,2.0,0.0408,0.0719,0.8859,0.0667,0.9417,0.4933,0.7029,134.0,134.0,134.0,0.0,60.8464,3
929,30.9667,7.7604,2.2111,9.8716,0.0625,105.7871,2.0,2.0,2.0,0.0407,0.0719,0.8859,0.0667,0.9417,0.4933,0.7787,135.0,135.0,135.0,0.0,59.7378,3
930,31.0,8.5691,3.022,11.3988,0.0719,54.1512,3.0,3.0,3.0,0.0409,0.0719,0.8844,0.0667,0.9417,0.493,0.8682,136.0,136.0,136.0,0.0,60.9614,2
931,31.0333,5.6218,2.7275,8.2353,0.0575,0.1568,3.0,3.0,3.0,0.0212,0.0527,0.9391,0.0583,0.9972,0.49,0.9254,122.0,122.0,122.0,0.0,68.7497,2
932,31.0667,2.8802,2.5358,2.8149,0.0189,0.1586,2.0,2.0,2.0,0.0023,0.0425,0.9453,0.0417,0.9444,0.3773,0.5299,115.0,115.0,115.0,0.0,170.4162,2
933,31.1,2.8034,2.4164,0.264,0.0,0.131,2.0,2.0,2.0,0.0023,0.0425,0.9453,0.0417,0.9444,0.3762,0.5315,113.0,113.0,113.0,0.0,169.9194,2
934,31.1333,6.0156,10.4303,3.3481,0.02,0.0537,2.0,2.0,2.0,0.0223,0.0531,0.9375,0.0583,0.9436,0.2387,0.3491,202.5,202.5,202.5,0.0,52.6782,3
935,31.1667,9.1851,19.544,5.7122,0.0289,81.64,2.0,2.0,2.0,0.0417,0.0719,0.8844,0.0667,0.9417,0.3082,0.3415,212.0,212.0,212.0,0.0,46.9304,3
936,31.2,14.4676,25.8123,9.9333,0.0563,79.2906,2.0,2.0,2.0,0.0786,0.0953,0.8232,0.0722,0.9389,0.4073,0.5034,205.0,205.0,205.0,0.0,45.3284,4
937,31.2333,19.567,45.6265,19.8268,0.1039,105.6114,2.0,2.0,2.0,0.1049,0.1136,0.7109,0.0944,0.9389,0.4553,0.5104,231.0,231.0,231.0,0.0,41.899,4
938,31.2667,19.5606,53.3118,23.4345,0.1116,108.4002,2.0,2.0,2.0,0.1044,0.1135,0.7156,0.0934,0.9389,0.4795,0.4615,230.0,230.0,230.0,0.0,40.9862,4
939,31.3,19.6394,53.326,19.9201,0.0851,100.9255,2.0,2.0,2.0,0.1049,0.1141,0.7406,0.0944,0.9361,0.4929,0.4276,226.0,226.0,226.0,0.0,41.5416,4
940,31.3333,22.7048,59.6507,20.4104,0.0873,116.6902,2.0,2.0,2.0,0.1245,0.1312,0.8781,0.2639,0.6167,0.5488,0.4296,232.0,232.0,232.0,0.0,40.0667,5
941,31.3667,24.097,64.5027,14.1188,0.0614,77.7635,2.0,2.0,2.0,0.1356,0.1547,0.875,0.2639,0.6167,0.5519,0.4299,212.0,212.0,212.0,0.0,39.1585,3
942,31.4,26.0577,69.4653,9.606,0.0477,42.1869,2.0,2.0,2.0,0.1389,0.1594,0.8734,0.2639,0.6167,0.553,0.4368,216.0,216.0,216.0,0.0,39.1748,3
943,31.4333,30.1516,82.5869,13.4303,0.0656,35.3917,2.0,2.0,2.0,0.1616,0.1203,0.8016,0.2639,0.7194,0.4842,0.4707,219.0,219.0,219.0,0.0,39.5054,3
944,31.4667,32.4003,89.0792,14.2244,0.0601,46.0451,2.0,2.0,2.0,0.1716,0.1203,0.7609,0.2639,0.7222,0.468,0.4849,218.0,218.0,218.0,0.0,39.2766,4
945,31.5,33.6222,94.6358,14.705,0.0605,44.8699,2.0,2.0,2.0,0.1781,0.1328,0.7531,0.2667,0.7222,0.4715,0.4919,217.0,217.0,217.0,0.0,39.32,3
946,31.5333,34.9644,96.5896,15.6872,0.0568,57.8529,2.0,2.0,2.0,0.1842,0.1234,0.7516,0.2667,0.7222,0.4715,0.4973,216.0,216.0,216.0,0.0,39.3021,3
947,31.5667,34.9651,99.5478,13.9405,0.0553,46.7509,2.0,2.0,2.0,0.1833,0.1641,0.7531,0.2667,0.7222,0.4848,0.4975,216.0,216.0,216.0,0.0,39.4608,3
948,31.6,34.9907,99.7256,9.9389,0.0475,26.6681,2.0,2.0,2.0,0.1845,0.1891,0.7719,0.2667,0.7222,0.492,0.4982,216.0,216.0,216.0,0.0,39.0375,3
949,31.6333,35.0523,99.922,9.4016,0.0346,37.1085,2.0,2.0,2.0,0.1847,0.2016,0.7859,0.2667,0.7222,0.4956,0.4981,217.0,217.0,217.0,0.0,39.3745,3
950,31.6667,35.0482,99.9245,5.8674,0.0275,23.356,2.0,2.0,2.0,0.1844,0.2078,0.7906,0.2667,0.7222,0.4976,0.4977,217.0,217.0,217.0,0.0,39.0762,3
951,31.7,35.0504,99.9108,2.5785,0.018,6.927,2.0,2.0,2.0,0.1848,0.2094,0.7938,0.2667,0.7222,0.4985,0.4981,216.0,216.0,216.0,0.0,39.1129,3
952,31.7333,35.0407,99.8927,1.0335,0.0088,2.3805,2.0,2.0,2.0,0.1844,0.2094,0.7938,0.2667,0.7222,0.4987,0.4978,216.0,216.0,216.0,0.0,39.0645,3
953,31.7667,35.1913,99.9987,1.9055,0.0146,3.883,2.0,2.0,2.0,0.1844,0.2078,0.7922,0.2667,0.7222,0.4993,0.4976,217.0,217.0,217.0,0.0,39.3529,3
954,31.8,35.2929,99.9631,2.114,0.015,4.212,2.0,2.0,2.0,0.1848,0.2062,0.7922,0.2667,0.7222,0.4994,0.4984,216.0,216.0,216.0,0.0,39.699,6
955,31.8333,35.0453,99.8353,1.7055,0.0122,3.2383,2.0,2.0,2.0,0.1843,0.2062,0.7891,0.2667,0.7222,0.4989,0.4976,216.0,216.0,216.0,0.0,39.1939,3
956,31.8667,35.1846,99.7993,1.4598,0.0112,2.8972,2.0,2.0,2.0,0.1849,0.2047,0.7938,0.2639,0.7222,0.4998,0.4962,216.0,216.0,216.0,0.0,39.1233,3
957,31.9,35.1535,99.789,1.0021,0.0083,1.9743,2.0,2.0,2.0,0.1853,0.2031,0.7938,0.2639,0.7222,0.4995,0.4964,216.0,216.0,216.0,0.0,39.139,3
958,31.9333,35.0223,99.7861,0.6734,0.0059,1.0293,2.0,2.0,2.0,0.1843,0.2031,0.7859,0.2667,0.7222,0.4978,0.4975,216.0,216.0,216.0,0.0,39.1047,3
959,31.9667,35.0143,99.7664,0.2474,0.0023,0.6265,2.0,2.0,2.0,0.1845,0.2031,0.7859,0.2667,0.7222,0.4979,0.4977,216.0,216.0,216.0,0.0,39.1385,3
960,32.0,35.9089,100.1182,1.091,0.0017,0.6824,3.0,3.0,3.0,0.1844,0.2016,0.7859,0.2667,0.7222,0.4974,0.4978,216.0,216.0,216.0,0.0,39.258,3
961,32.0333,35.7137,100.0303,0.5899,0.0007,0.0472,3.0,3.0,3.0,0.1845,0.2031,0.7875,0.2667,0.7222,0.4981,0.4982,216.0,216.0,216.0,0.0,39.273,4
962,32.0667,35.6008,99.9712,0.2288,0.0001,0.0139,3.0,3.0,3.0,0.1845,0.2031,0.7875,0.2667,0.7222,0.4982,0.4982,216.0,216.0,216.0,0.0,39.2528,4
963,32.1,35.3911,99.9605,0.3754,0.0004,0.0222,2.0,2.0,2.0,0.1843,0.2031,0.7859,0.2667,0.7222,0.4978,0.4977,216.0,216.0,216.0,0.0,39.2159,3
964,32.1333,35.3464,99.9494,0.0879,0.0001,0.0092,2.0,2.0,2.0,0.1842,0.2031,0.7859,0.2667,0.7222,0.4978,0.4977,216.0,216.0,216.0,0.0,39.2134,3
965,32.1667,35.1943,99.8478,0.1939,0.0003,0.0787,2.0,2.0,2.0,0.1841,0.2031,0.7859,0.2667,0.7222,0.4978,0.4978,216.0,216.0,216.0,0.0,39.1651,3
966,32.2,35.1238,99.7823,0.1275,0.0007,0.1877,2.0,2.0,2.0,0.184,0.2031,0.7859,0.2667,0.7222,0.4977,0.498,216.0,216.0,216.0,0.0,39.0731,3
967,32.2333,35.0648,99.7341,0.1586,0.0009,0.2954,2.0,2.0,2.0,0.1838,0.2031,0.7859,0.2667,0.7222,0.4977,0.4982,217.0,217.0,217.0,0.0,38.9564,3
968,32.2667,35.0473,99.6803,0.181,0.0012,0.4198,2.0,2.0,2.0,0.1837,0.2031,0.7859,0.2667,0.7222,0.4979,0.4984,217.0,217.0,217.0,0.0,38.8103,3
969,32.3,35.0215,99.5905,0.2215,0.0022,0.5392,2.0,2.0,2.0,0.1831,0.2031,0.7859,0.2667,0.7222,0.4979,0.499,217.0,217.0,217.0,0.0,38.7456,3
970,32.3333,35.1091,99.4786,0.4847,0.0034,0.7517,2.0,2.0,2.0,0.1833,0.2031,0.7859,0.2667,0.725,0.4981,0.5004,217.0,217.0,217.0,0.0,38.9458,5
971,32.3667,35.1067,99.2859,0.8332,0.0049,1.1279,2.0,2.0,2.0,0.1829,0.2031,0.7875,0.2667,0.7222,0.4978,0.4998,216.5,216.5,216.5,0.0,39.0402,6
972,32.4,34.9951,98.9627,0.8132,0.0067,2.0775,2.0,2.0,2.0,0.1826,0.2031,0.7875,0.2694,0.7222,0.4982,0.5002,216.0,216.0,216.0,0.0,39.3617,6
973,32.4333,34.2869,97.3275,3.3304,0.0155,12.0081,2.0,2.0,2.0,0.1789,0.2016,0.7859,0.2722,0.7222,0.4976,0.5036,218.0,218.0,218.0,0.0,39.5701,3
974,32.4667,33.7259,95.6668,3.0658,0.0165,11.5596,2.0,2.0,2.0,0.1759,0.2016,0.7859,0.2778,0.7222,0.4978,0.5074,218.0,218.0,218.0,0.0,39.168,3
975,32.5,33.5811,95.2235,1.1973,0.0099,2.8892,2.0,2.0,2.0,0.176,0.2016,0.7859,0.2806,0.7222,0.4974,0.5078,216.0,216.0,216.0,0.0,39.6338,3
976,32.5333,33.3166,94.501,2.2406,0.0135,7.1846,2.0,2.0,2.0,0.1752,0.2016,0.7859,0.2806,0.7222,0.4968,0.5084,216.0,216.0,216.0,0.0,39.316,3
977,32.5667,33.0454,93.8016,2.1829,0.0145,6.9259,2.0,2.0,2.0,0.1742,0.2016,0.7859,0.2806,0.7222,0.497,0.509,216.0,216.0,216.0,0.0,39.2901,3
978,32.6,32.9293,93.3804,1.1065,0.01,2.7296,2.0,2.0,2.0,0.1735,0.2016,0.7859,0.2806,0.7222,0.4973,0.509,216.0,216.0,216.0,0.0,38.8507,3
979,32.6333,32.6651,92.5409,2.3401,0.0152,7.7054,2.0,2.0,2.0,0.1725,0.2031,0.7859,0.2806,0.7222,0.4982,0.5085,215.0,215.0,215.0,0.0,38.9138,4
980,32.6667,32.4432,91.7274,2.4468,0.0154,7.6354,2.0,2.0,2.0,0.1727,0.2031,0.7844,0.2806,0.7194,0.4983,0.5087,215.0,215.0,215.0,0.0,39.714,3
981,32.7,32.3517,91.2039,1.5049,0.0109,3.4946,2.0,2.0,2.0,0.1717,0.2047,0.7828,0.2806,0.7194,0.4979,0.5076,215.0,215.0,215.0,0.0,39.72,4
982,32.7333,31.7422,89.4125,3.7317,0.0201,14.9063,2.0,2.0,2.0,0.1681,0.2109,0.7766,0.2806,0.7139,0.4978,0.5041,215.0,215.0,215.0,0.0,40.0442,4
983,32.7667,31.0652,87.6692,3.6951,0.0183,14.3559,2.0,2.0,2.0,0.1649,0.2172,0.7703,0.2806,0.7111,0.498,0.5005,214.0,214.0,214.0,0.0,40.1859,3
984,32.8,30.9346,87.2951,0.8728,0.0076,2.2598,2.0,2.0,2.0,0.1638,0.2188,0.7688,0.2806,0.7083,0.4978,0.4993,215.0,215.0,215.0,0.0,40.1516,3
985,32.8333,30.8405,87.0744,0.5845,0.0048,1.2582,2.0,2.0,2.0,0.1633,0.2203,0.7688,0.2806,0.7083,0.4979,0.4987,215.0,215.0,215.0,0.0,40.1077,3
986,32.8667,30.76,86.9152,0.3746,0.0034,0.9339,2.0,2.0,2.0,0.1633,0.2203,0.7688,0.2806,0.7083,0.4972,0.4989,214.0,214.0,214.0,0.0,40.291,3
987,32.9,30.7287,86.8073,0.2435,0.0023,0.7178,2.0,2.0,2.0,0.1635,0.2203,0.7688,0.2806,0.7083,0.4976,0.499,212.0,212.0,212.0,0.0,40.3273,3
988,32.9333,30.7219,86.7656,0.1788,0.0015,0.4934,2.0,2.0,2.0,0.1634,0.2219,0.7672,0.2806,0.7083,0.4978,0.4989,212.0,212.0,212.0,0.0,40.4404,3
989,32.9667,30.7159,86.7147,0.1163,0.0009,0.3465,2.0,2.0,2.0,0.1633,0.2219,0.7672,0.2806,0.7083,0.4977,0.4988,212.0,212.0,212.0,0.0,40.3611,3
990,33.0,31.0247,86.7763,0.4069,0.0013,0.29,2.0,2.0,2.0,0.1639,0.2219,0.7734,0.0972,0.7083,0.4994,0.4972,212.0,212.0,212.0,0.0,40.3817,3
991,33.0333,30.763,86.7235,0.328,0.001,0.1583,2.0,2.0,2.0,0.1633,0.2219,0.7672,0.2806,0.7083,0.4976,0.4988,212.0,212.0,212.0,0.0,40.3516,3
992,33.0667,30.7365,86.7009,0.0558,0.0001,0.0423,2.0,2.0,2.0,0.1633,0.2219,0.7672,0.2806,0.7083,0.4976,0.4988,212.0,212.0,212.0,0.0,40.3568,3
993,33.1,30.792,86.7253,0.0923,0.0001,0.0116,2.0,2.0,2.0,0.1633,0.2219,0.7672,0.2806,0.7083,0.4977,0.4988,212.0,212.0,212.0,0.0,40.3795,3
994,33.1333,30.8179,86.7322,0.0556,0.0,0.0066,2.0,2.0,2.0,0.1633,0.2219,0.7672,0.2806,0.7083,0.4976,0.4987,212.0,212.0,212.0,0.0,40.3633,3
995,33.1667,30.8608,86.708,0.2356,0.0003,0.0189,2.0,2.0,2.0,0.1634,0.2203,0.768,0.2806,0.7083,0.4976,0.4991,212.0,212.0,212.0,0.0,40.3943,4
996,33.2,30.8172,86.7255,0.2349,0.0004,0.0224,2.0,2.0,2.0,0.1634,0.2219,0.7672,0.2806,0.7083,0.4976,0.4988,212.0,212.0,212.0,0.0,40.3725,3
997,33.2333,30.8323,86.7214,0.0716,0.0,0.006,2.0,2.0,2.0,0.1633,0.2219,0.7672,0.2806,0.7083,0.4976,0.4988,212.0,212.0,212.0,0.0,40.3749,3
998,33.2667,30.7204,86.674,0.1646,0.0001,0.0115,2.0,2.0,2.0,0.1633,0.2219,0.7672,0.2806,0.7083,0.4976,0.4988,212.0,212.0,212.0,0.0,40.372,3
999,33.3,30.7241,86.6724,0.017,0.0,0.0088,2.0,2.0,2.0,0.1633,0.2219,0.7672,0.2806,0.7083,0.4976,0.4988,212.0,212.0,212.0,0.0,40.368,3
1000,33.3333,30.7674,86.6719,0.1034,0.0,0.0064,2.0,2.0,2.0,0.1633,0.2219,0.7672,0.2806,0.7083,0.4976,0.4988,212.0,212.0,212.0,0.0,40.3645,3
1001,33.3667,30.7031,86.6663,0.0939,0.0,0.0061,2.0,2.0,2.0,0.1634,0.2219,0.7672,0.2806,0.7083,0.4977,0.4988,212.0,212.0,212.0,0.0,40.3804,4
1002,33.4,30.7015,86.6698,0.0226,0.0,0.003,2.0,2.0,2.0,0.1633,0.2219,0.7672,0.2806,0.7083,0.4976,0.4988,212.0,212.0,212.0,0.0,40.3759,3
1003,33.4333,30.6922,86.6632,0.0204,0.0,0.0043,2.0,2.0,2.0,0.1634,0.2219,0.7672,0.2806,0.7083,0.4976,0.4988,212.0,212.0,212.0,0.0,40.3724,3
1004,33.4667,30.6871,86.6601,0.0137,0.0,0.0041,2.0,2.0,2.0,0.1634,0.2219,0.7672,0.2806,0.7083,0.4976,0.4987,212.0,212.0,212.0,0.0,40.3737,3
1005,33.5,30.8468,86.6814,0.1706,0.0003,0.0037,2.0,2.0,2.0,0.1636,0.2219,0.7688,0.2806,0.7083,0.4983,0.4982,212.0,212.0,212.0,0.0,40.385,3
1006,33.5333,30.8301,86.6645,0.3073,0.0003,0.007,2.0,2.0,2.0,0.1634,0.2219,0.7672,0.2806,0.7083,0.4977,0.4988,212.0,212.0,212.0,0.0,40.3737,3
1007,33.5667,30.8335,86.6679,0.1093,0.0,0.0029,2.0,2.0,2.0,0.1634,0.2219,0.7672,0.2806,0.7083,0.4977,0.4988,212.0,212.0,212.0,0.0,40.3721,3
1008,33.6,30.7276,86.6737,0.1789,0.0001,0.0052,2.0,2.0,2.0,0.1633,0.2219,0.7672,0.2806,0.7083,0.4976,0.4988,212.0,212.0,212.0,0.0,40.3744,3
1009,33.6333,30.7216,86.6761,0.0243,0.0,0.0007,2.0,2.0,2.0,0.1633,0.2219,0.7672,0.2806,0.7083,0.4976,0.4987,212.0,212.0,212.0,0.0,40.3729,3
1010,33.6667,30.7091,86.6659,0.032,0.0,0.0023,2.0,2.0,2.0,0.1634,0.2219,0.7672,0.2806,0.7083,0.4976,0.4988,212.0,212.0,212.0,0.0,40.3805,4
1011,33.7,30.7025,86.6651,0.0217,0.0,0.0019,2.0,2.0,2.0,0.1634,0.2219,0.7672,0.2806,0.7083,0.4976,0.4988,212.0,212.0,212.0,0.0,40.3711,3
1012,33.7333,30.6914,86.6614,0.0197,0.0,0.0007,2.0,2.0,2.0,0.1634,0.2219,0.7672,0.2806,0.7083,0.4976,0.4987,212.0,212.0,212.0,0.0,40.371,3
1013,33.7667,30.7128,86.6672,0.0386,0.0,0.001,2.0,2.0,2.0,0.1634,0.2219,0.7672,0.2806,0.7083,0.4976,0.4988,212.0,212.0,212.0,0.0,40.3696,3
1014,33.8,30.7205,86.6739,0.0159,0.0,0.0009,2.0,2.0,2.0,0.1634,0.2219,0.7672,0.2806,0.7083,0.4976,0.4988,212.0,212.0,212.0,0.0,40.3704,3
1015,33.8333,30.765,86.672,0.1055,0.0,0.0013,2.0,2.0,2.0,0.1634,0.2219,0.7672,0.2806,0.7083,0.4976,0.4988,212.0,212.0,212.0,0.0,40.3713,3
1016,33.8667,30.8407,86.6686,0.2323,0.0002,0.0036,2.0,2.0,2.0,0.1635,0.2203,0.7672,0.2806,0.7083,0.4973,0.4991,212.0,212.0,212.0,0.0,40.4091,4
1017,33.9,30.8449,86.6699,0.0157,0.0,0.0014,2.0,2.0,2.0,0.1635,0.2203,0.7672,0.2806,0.7083,0.4973,0.4991,212.0,212.0,212.0,0.0,40.4081,4
1018,33.9333,30.705,86.6641,0.1786,0.0002,0.005,2.0,2.0,2.0,0.1634,0.2219,0.7672,0.2806,0.7083,0.4976,0.4987,212.0,212.0,212.0,0.0,40.3721,3
1019,33.9667,30.7148,86.6662,0.0198,0.0,0.0029,2.0,2.0,2.0,0.1633,0.2219,0.7672,0.2806,0.7083,0.4976,0.4988,212.0,212.0,212.0,0.0,40.3766,3
1020,34.0,31.4422,87.0767,0.9317,0.0013,0.6421,3.0,3.0,3.0,0.1633,0.2219,0.7672,0.2806,0.7083,0.4977,0.4988,212.0,212.0,212.0,0.0,40.3619,3
1021,34.0333,31.2322,86.96,0.3183,0.0002,0.0199,3.0,3.0,3.0,0.1632,0.2219,0.7672,0.2806,0.7083,0.4977,0.4988,212.0,212.0,212.0,0.0,40.3795,3
1022,34.0667,31.0802,86.8679,0.2846,0.0001,0.0177,3.0,3.0,3.0,0.1632,0.2219,0.7672,0.2806,0.7083,0.4977,0.4988,212.0,212.0,212.0,0.0,40.3819,3
1023,34.1,30.9683,86.8172,0.1854,0.0001,0.0103,2.0,2.0,2.0,0.1632,0.2219,0.7672,0.2806,0.7083,0.4977,0.4987,212.0,212.0,212.0,0.0,40.3797,3
1024,34.1333,30.9346,86.7925,0.2972,0.0017,0.6548,2.0,2.0,2.0,0.163,0.2219,0.7672,0.2806,0.7083,0.498,0.4986,214.0,214.0,214.0,0.0,40.5435,3
1025,34.1667,30.9517,86.791,0.5447,0.0031,0.8706,2.0,2.0,2.0,0.163,0.2203,0.7672,0.2806,0.7083,0.4976,0.4988,214.0,214.0,214.0,0.0,40.4768,5
1026,34.2,30.7937,86.7328,0.3817,0.002,0.602,2.0,2.0,2.0,0.1628,0.2219,0.7688,0.2806,0.7083,0.4977,0.4984,214.0,214.0,214.0,0.0,40.3669,3
1027,34.2333,30.7128,86.6813,0.6681,0.0055,1.4802,2.0,2.0,2.0,0.1631,0.2219,0.7672,0.2806,0.7083,0.4983,0.4986,214.0,214.0,214.0,0.0,40.4448,3
1028,34.2667,30.6685,86.6465,1.505,0.0104,4.1129,2.0,2.0,2.0,0.1634,0.2203,0.7656,0.2806,0.7083,0.4978,0.4987,212.0,212.0,212.0,0.0,40.4011,3
1029,34.3,30.6399,86.6083,2.6212,0.0141,9.7313,2.0,2.0,2.0,0.1631,0.2172,0.7625,0.2806,0.7083,0.4968,0.4986,212.0,212.0,212.0,0.0,40.4766,3
1030,34.3333,30.6049,86.5515,4.1556,0.0193,17.9074,2.0,2.0,2.0,0.1626,0.2125,0.7578,0.2806,0.7083,0.4949,0.4987,212.0,212.0,212.0,0.0,39.9556,3
1031,34.3667,30.6828,86.5591,6.0979,0.0263,27.5833,2.0,2.0,2.0,0.1625,0.2062,0.7516,0.2806,0.7083,0.4928,0.4989,212.0,212.0,212.0,0.0,39.8191,3
1032,34.4,30.7235,86.5322,7.7022,0.0304,35.516,2.0,2.0,2.0,0.1628,0.1969,0.7438,0.2806,0.7083,0.4893,0.4983,212.0,212.0,212.0,0.0,40.1191,4
1033,34.4333,30.7806,86.5894,8.804,0.0357,40.7254,2.0,2.0,2.0,0.1628,0.1719,0.7391,0.2806,0.7083,0.4855,0.4979,212.0,212.0,212.0,0.0,40.3895,6
1034,34.4667,30.6989,86.6362,6.6335,0.0305,27.6557,2.0,2.0,2.0,0.1635,0.1875,0.7375,0.2806,0.7083,0.483,0.4981,214.0,214.0,214.0,0.0,40.6234,4
1035,34.5,30.8187,86.8144,13.4299,0.0467,66.5597,2.0,2.0,2.0,0.1634,0.1984,0.7523,0.125,0.7083,0.4859,0.4964,212.0,212.0,212.0,0.0,40.392,3
1036,34.5333,30.6679,86.7368,15.0578,0.0566,66.2719,2.0,2.0,2.0,0.1644,0.2312,0.7781,0.2806,0.7083,0.4934,0.4981,212.0,212.0,212.0,0.0,40.9039,5
1037,34.5667,30.8017,85.8812,15.3598,0.0603,61.7619,2.0,2.0,2.0,0.1653,0.2531,0.8484,0.2806,0.7083,0.5139,0.4994,214.0,214.0,214.0,0.0,40.3126,4
1038,34.6,29.0195,79.2107,18.5767,0.0645,89.65,2.0,2.0,2.0,0.1571,0.1688,0.8703,0.2806,0.7083,0.5261,0.4903,212.0,212.0,212.0,0.0,39.9245,3
1039,34.6333,26.4291,71.7807,18.442,0.0637,92.0234,2.0,2.0,2.0,0.1439,0.1635,0.8734,0.2806,0.7083,0.5356,0.4757,212.0,212.0,212.0,0.0,40.6418,3
1040,34.6667,22.9545,62.8773,15.3056,0.0641,70.0201,2.0,2.0,2.0,0.1238,0.1312,0.8766,0.2778,0.6972,0.5172,0.4452,214.0,214.0,214.0,0.0,40.6961,3
1041,34.7,22.1817,59.0171,17.1333,0.0604,107.0256,2.0,2.0,2.0,0.1197,0.1266,0.8766,0.2778,0.9361,0.5443,0.4394,215.0,215.0,215.0,0.0,40.6241,3
1042,34.7333,19.7524,51.3553,12.7549,0.0508,70.2448,2.0,2.0,2.0,0.1056,0.1125,0.8766,0.0955,0.9389,0.5505,0.4222,218.0,218.0,218.0,0.0,42.2144,3
1043,34.7667,16.5766,44.5617,11.9032,0.055,65.5476,2.0,2.0,2.0,0.0858,0.1,0.8,0.075,0.9389,0.5262,0.3908,218.0,218.0,218.0,0.0,42.2511,3
1044,34.8,16.0433,40.1849,13.9269,0.0475,118.7997,2.0,2.0,2.0,0.0842,0.097,0.8781,0.075,0.9389,0.5743,0.3884,217.0,217.0,217.0,0.0,43.09,4
1045,34.8333,13.1558,32.1494,11.8072,0.0451,102.8759,2.0,2.0,2.0,0.0674,0.0875,0.8734,0.0722,0.9389,0.5936,0.372,222.0,222.0,222.0,0.0,42.1489,3
1046,34.8667,10.6759,25.074,10.4403,0.0454,93.4401,2.0,2.0,2.0,0.0523,0.0788,0.8781,0.0639,0.9417,0.6067,0.3483,217.0,217.0,217.0,0.0,44.8829,5
1047,34.9,8.4782,17.9175,7.6527,0.0291,112.8522,2.0,2.0,2.0,0.0403,0.0703,0.8846,0.0667,0.9417,0.6696,0.352,203.0,203.0,203.0,0.0,46.8105,3
1048,34.9333,5.7625,9.4077,5.8156,0.0277,102.808,2.0,2.0,2.0,0.0236,0.0062,0.9368,0.0583,0.9444,0.7214,0.376,153.0,153.0,153.0,0.0,51.4223,4
1049,34.9667,2.5231,2.0578,3.2577,0.0207,0.0269,2.0,2.0,2.0,0.0029,0.0,0.9453,0.0417,0.9481,0.2925,0.6161,117.0,117.0,117.0,0.0,143.1998,3
1050,35.0,3.3159,2.998,1.0927,0.0007,1.1158,3.0,3.0,3.0,0.0023,0.0425,0.9453,0.0417,0.9444,0.3751,0.5307,115.0,115.0,115.0,0.0,170.1577,2
1051,35.0333,3.149,2.8018,0.3492,0.0,0.0827,3.0,3.0,3.0,0.0023,0.0425,0.9453,0.0417,0.9444,0.3756,0.5315,115.0,115.0,115.0,0.0,169.9617,2
1052,35.0667,3.1491,2.6976,0.31,0.0002,0.1094,3.0,3.0,3.0,0.0024,0.043,0.9938,0.0417,0.9444,0.4094,0.5277,112.0,112.0,112.0,0.0,166.4252,3
1053,35.1,3.2404,2.6483,0.6222,0.0005,0.2852,2.0,2.0,2.0,0.0026,0.0399,0.9453,0.0111,0.9444,0.3484,0.489,109.0,109.0,109.0,0.0,159.5017,3
1054,35.1333,2.9412,2.5019,0.3567,0.0001,0.7443,2.0,2.0,2.0,0.0025,0.0434,0.9453,0.0132,0.9444,0.3562,0.4849,110.0,110.0,110.0,0.0,162.4774,2
1055,35.1667,2.6272,2.3119,0.3573,0.0003,0.0769,2.0,2.0,2.0,0.0023,0.0425,0.9453,0.0417,0.9444,0.3745,0.5315,115.0,115.0,115.0,0.0,170.1823,2
1056,35.2,2.5273,2.2064,0.1343,0.0,0.0768,2.0,2.0,2.0,0.0023,0.0425,0.9453,0.0417,0.9444,0.3762,0.5299,115.0,115.0,115.0,0.0,169.9465,2
1057,35.2333,2.4744,2.1501,0.0704,0.0,0.0364,2.0,2.0,2.0,0.0023,0.0425,0.9453,0.0417,0.9444,0.3768,0.5291,115.0,115.0,115.0,0.0,170.1169,2
1058,35.2667,2.44,2.1107,0.0523,0.0,0.0404,2.0,2.0,2.0,0.0023,0.0425,0.9453,0.0417,0.9444,0.3745,0.5315,115.0,115.0,115.0,0.0,170.1113,2
1059,35.3,2.4309,2.0953,0.034,0.0,0.0441,2.0,2.0,2.0,0.0023,0.0426,0.9469,0.0417,0.9444,0.38,0.535,113.0,113.0,113.0,0.0,169.7189,2
1060,35.3333,2.4175,2.0831,0.0331,0.0,0.0479,2.0,2.0,2.0,0.0023,0.0425,0.9453,0.0417,0.9444,0.3736,0.5314,115.0,115.0,115.0,0.0,169.6769,2
1061,35.3667,2.4105,2.0725,0.0268,0.0,0.0115,2.0,2.0,2.0,0.0023,0.041,0.9453,0.0417,0.9444,0.3721,0.5286,113.0,113.0,113.0,0.0,169.9253,2
1062,35.4,2.577,2.1235,0.196,0.0006,0.0287,2.0,2.0,2.0,0.0028,0.0429,0.9453,0.0417,0.9444,0.3816,0.4544,120.0,120.0,120.0,0.0,145.9737,2
1063,35.4333,2.6246,2.1538,0.4084,0.0008,0.1056,2.0,2.0,2.0,0.0025,0.0434,0.9469,0.0028,0.9444,0.3682,0.4919,110.5,110.5,110.5,0.0,162.3478,5
1064,35.4667,2.6884,2.2174,0.084,0.0,0.095,2.0,2.0,2.0,0.0025,0.0435,0.9469,0.0028,0.9444,0.37,0.4906,110.0,110.0,110.0,0.0,162.2912,5
1065,35.5,2.4363,2.0799,0.3303,0.0003,0.1202,2.0,2.0,2.0,0.0023,0.0426,0.9453,0.0417,0.9444,0.3745,0.5339,113.0,113.0,113.0,0.0,169.0987,2
1066,35.5333,2.5312,2.0715,0.1697,0.0001,0.2141,2.0,2.0,2.0,0.0024,0.0422,0.9453,0.0417,0.9599,0.3745,0.547,112.0,112.0,112.0,0.0,166.8453,2
1067,35.5667,2.5287,2.0729,0.022,0.0,0.057,2.0,2.0,2.0,0.0024,0.0422,0.9453,0.0417,0.9472,0.3735,0.5454,112.0,112.0,112.0,0.0,166.573,2
1068,35.6,2.5468,2.3198,0.2835,0.0001,0.2275,2.0,2.0,2.0,0.0023,0.0426,0.9453,0.0417,0.9444,0.3727,0.5306,113.0,113.0,113.0,0.0,168.7845,2
1069,35.6333,2.4071,2.0711,0.1648,0.0,0.0495,2.0,2.0,2.0,0.0023,0.0426,0.9453,0.0417,0.9444,0.3725,0.5329,113.0,113.0,113.0,0.0,169.2209,2
1070,35.6667,2.405,2.0744,0.0461,0.0,0.0458,2.0,2.0,2.0,0.0023,0.0426,0.9453,0.0417,0.9444,0.3724,0.5307,113.0,113.0,113.0,0.0,169.556,2
1071,35.7,2.4191,2.0588,0.047,0.0,0.0267,2.0,2.0,2.0,0.0023,0.0427,0.9469,0.0417,0.9444,0.3791,0.5334,113.0,113.0,113.0,0.0,168.0038,2
1072,35.7333,2.5396,2.1802,0.1571,0.0,0.0303,2.0,2.0,2.0,0.0023,0.0426,0.9453,0.0417,0.9444,0.3756,0.5352,113.0,113.0,113.0,0.0,168.5473,2
