frame,time,luma,center_luma,diff,mask_change,fg_diff,bg_r,bg_g,bg_b,fg_area,x0,x1,y0,y1,cx,cy,fg_r,fg_g,fg_b,fg_sat,sharp,bands
0,0.0,0.391,0.1654,0.0,1.0,255.0,0.0,0.0,0.0,0.001,0.4438,0.5559,0.0528,0.9472,0.5004,0.6349,90.0,86.0,73.0,0.0,102.4863,2
1,0.0333,0.6943,1.0717,0.3533,0.0046,0.3198,0.0,0.0,0.0,0.0056,0.4516,0.5875,0.0556,0.9472,0.5442,0.5668,101.0,0.0,3.0,255.0,27.98,3
2,0.0667,1.7468,4.0371,1.2876,0.0039,49.7186,0.0,0.0,0.0,0.0094,0.4578,0.6391,0.0556,0.9472,0.5652,0.5521,132.0,19.0,3.0,247.0,34.7671,3
3,0.1,2.7963,7.182,1.1742,0.0054,58.2796,0.0,0.0,0.0,0.0147,0.4719,0.6844,0.0583,0.945,0.5856,0.538,180.0,31.0,18.0,207.0,33.8,3
4,0.1333,3.9535,10.5885,1.9522,0.0042,52.6093,0.0,0.0,0.0,0.0185,0.4781,0.7078,0.0583,0.9444,0.5906,0.5326,207.0,74.0,31.0,164.0,33.8231,3
5,0.1667,5.4131,14.9325,1.9142,0.0093,52.1465,0.0,0.0,0.0,0.025,0.4703,0.8156,0.0639,0.9444,0.6219,0.5257,209.0,46.0,34.0,166.0,27.5027,3
6,0.2,8.2838,23.0664,3.9339,0.0134,51.9374,0.0,0.0,0.0,0.0333,0.2391,0.8537,0.0667,0.9417,0.5973,0.5181,182.0,51.0,28.0,201.0,26.0652,3
7,0.2333,10.8862,29.9174,4.4662,0.016,59.5768,0.0,0.0,0.0,0.0418,0.2188,0.8547,0.4167,0.9417,0.5546,0.5131,158.0,82.5,28.0,204.0,23.8985,3
8,0.2667,12.1741,32.7015,5.9212,0.0186,61.5945,0.0,0.0,0.0,0.0499,0.2125,0.9469,0.4194,0.9389,0.5772,0.5161,151.0,94.0,51.0,172.0,21.2493,3
9,0.3,13.048,32.4432,5.2703,0.0201,56.1062,0.0,0.0,0.0,0.0534,0.2109,0.9938,0.425,0.9389,0.6085,0.5184,143.0,96.0,51.0,157.0,22.7562,3
10,0.3333,13.521,31.4044,5.4179,0.0174,52.4292,0.0,0.0,0.0,0.0527,0.2109,0.9953,0.4306,0.9389,0.6073,0.5184,138.0,123.0,82.0,131.0,25.0799,3
11,0.3667,13.7692,30.8802,4.7463,0.0157,50.0354,0.0,0.0,0.0,0.056,0.2109,0.9953,0.4333,0.9389,0.5989,0.5176,129.0,119.0,117.0,135.0,23.5273,3
12,0.4,13.5017,28.6338,5.2976,0.0141,48.1086,0.0,0.0,0.0,0.0577,0.2109,0.9938,0.4361,0.9389,0.5813,0.515,124.0,124.0,127.0,119.0,23.788,3
13,0.4333,13.1046,27.3733,4.3328,0.0175,45.1162,0.0,0.0,0.0,0.0539,0.2125,0.9906,0.4389,0.9389,0.5445,0.5105,113.0,113.0,138.0,111.0,26.4949,3
14,0.4667,12.8382,28.5785,4.8002,0.0146,40.9219,0.0,0.0,0.0,0.0551,0.2141,0.9891,0.4417,0.9389,0.539,0.5076,108.0,108.0,118.0,126.0,28.3488,3
15,0.5,12.2628,30.6089,4.0496,0.0146,36.0995,0.0,0.0,0.0,0.057,0.2156,0.9887,0.4444,0.9389,0.5428,0.5058,107.0,107.0,108.0,108.0,30.8084,3
16,0.5333,11.9123,30.9298,4.0106,0.0118,32.2046,0.0,0.0,0.0,0.0558,0.2156,0.9828,0.4444,0.9389,0.5324,0.5025,118.0,133.0,125.0,61.0,34.3859,3
17,0.5667,10.7879,29.9609,2.8525,0.0087,26.8571,0.0,0.0,0.0,0.0549,0.2172,0.9703,0.4444,0.9389,0.5243,0.5006,117.0,137.0,166.0,34.0,37.4034,4
18,0.6,9.852,28.2549,2.4907,0.0075,20.1631,0.0,0.0,0.0,0.0529,0.2172,0.8172,0.4444,0.9389,0.5097,0.4995,134.0,153.0,183.0,25.0,40.7186,3
19,0.6333,9.1607,26.5418,1.3702,0.0045,14.494,0.0,0.0,0.0,0.0514,0.2172,0.7953,0.4472,0.9389,0.5021,0.4994,145.0,161.5,187.0,7.0,44.9874,3
20,0.6667,8.6245,25.0519,1.3462,0.0033,10.3858,0.0,0.0,0.0,0.0503,0.2188,0.7828,0.4472,0.9389,0.4977,0.4996,159.0,167.0,187.0,5.0,48.3354,3
21,0.7,8.2521,23.9497,0.6749,0.0025,7.4324,0.0,0.0,0.0,0.0494,0.2188,0.7781,0.4472,0.9389,0.4945,0.5001,173.0,178.5,186.0,3.0,50.8405,3
22,0.7333,8.0006,23.2704,0.8632,0.0024,5.2741,0.0,0.0,0.0,0.0491,0.2188,0.7781,0.4472,0.9389,0.494,0.5004,172.0,174.0,182.0,3.0,51.412,3
23,0.7667,7.7762,22.6001,0.409,0.0019,4.2516,0.0,0.0,0.0,0.0487,0.2188,0.778,0.45,0.9389,0.4937,0.5008,182.0,180.5,185.5,2.0,51.3568,3
24,0.8,7.5525,21.9431,0.7292,0.0016,3.4461,0.0,0.0,0.0,0.0486,0.2188,0.7767,0.45,0.9389,0.4943,0.5009,183.0,182.0,179.0,2.0,51.3422,3
25,0.8333,7.3417,21.3122,0.3364,0.0016,3.4027,0.0,0.0,0.0,0.0488,0.2195,0.7774,0.45,0.9389,0.4946,0.501,174.0,174.0,175.0,2.0,51.446,3
26,0.8667,7.1417,20.7588,0.6324,0.0012,2.9748,0.0,0.0,0.0,0.0485,0.2203,0.7766,0.45,0.9389,0.4947,0.501,179.0,181.0,179.0,2.0,51.5018,3
27,0.9,6.9678,20.237,0.2522,0.001,2.565,0.0,0.0,0.0,0.0484,0.2203,0.7773,0.45,0.9389,0.4949,0.5011,180.0,182.0,188.0,2.0,51.0204,3
28,0.9333,6.7849,19.7075,0.5669,0.0006,2.2131,0.0,0.0,0.0,0.0483,0.2203,0.7766,0.45,0.9389,0.4951,0.5012,179.0,179.0,182.0,2.0,50.9268,3
29,0.9667,6.5935,19.1337,0.2288,0.0007,2.2046,0.0,0.0,0.0,0.0481,0.2203,0.7766,0.45,0.9389,0.4952,0.5012,176.0,176.0,179.0,0.0,51.1743,3
30,1.0,6.5382,18.9831,0.4724,0.0007,1.9962,0.0,0.0,0.0,0.0478,0.2203,0.7781,0.45,0.9389,0.4951,0.5012,175.0,176.0,176.0,0.0,51.3751,3
31,1.0333,6.5068,18.8888,0.0496,0.0003,0.7247,0.0,0.0,0.0,0.0478,0.2203,0.7781,0.45,0.9389,0.4952,0.5012,175.0,176.0,176.0,0.0,51.3055,3
32,1.0667,6.5199,18.8994,0.3766,0.0003,0.569,0.0,0.0,0.0,0.0476,0.2203,0.7781,0.45,0.9389,0.4951,0.5011,176.0,176.0,176.0,0.0,51.397,3
33,1.1,6.5182,18.8939,0.0078,0.0001,0.1073,0.0,0.0,0.0,0.0476,0.2203,0.7781,0.45,0.9389,0.4951,0.5011,175.0,176.0,176.0,0.0,51.3824,3
34,1.1333,6.525,18.8454,0.361,0.0001,0.1312,0.0,0.0,0.0,0.0475,0.2203,0.7781,0.45,0.9389,0.4952,0.5011,175.0,176.0,176.0,0.0,51.3779,3
35,1.1667,6.5248,18.8443,0.0055,0.0,0.0591,0.0,0.0,0.0,0.0476,0.2203,0.7781,0.45,0.9389,0.4951,0.5011,175.0,176.0,176.0,0.0,51.3536,3
36,1.2,6.5206,18.7801,0.3649,0.0001,0.1023,0.0,0.0,0.0,0.0475,0.2203,0.7781,0.45,0.9389,0.4952,0.5012,175.0,176.0,176.0,0.0,51.3536,3
37,1.2333,6.5206,18.7797,0.0035,0.0,0.0364,0.0,0.0,0.0,0.0475,0.2203,0.7781,0.45,0.9389,0.4952,0.5012,175.0,176.0,176.0,0.0,51.3616,3
38,1.2667,6.5411,18.7963,0.3837,0.0001,0.1367,0.0,0.0,0.0,0.0475,0.2203,0.7781,0.45,0.9389,0.4951,0.5012,175.0,175.0,176.0,0.0,51.399,3
39,1.3,6.5413,18.7965,0.0036,0.0,0.0205,0.0,0.0,0.0,0.0475,0.2203,0.7781,0.45,0.9389,0.4951,0.5012,175.0,175.0,176.0,0.0,51.3988,3
40,1.3333,0.3518,0.2078,6.5812,0.0466,0.1386,0.0,0.0,0.0,0.001,0.4426,0.5559,0.0528,0.9472,0.4997,0.6379,89.0,86.0,74.0,6.0,101.8479,2
41,1.3667,0.4591,0.2081,0.1266,0.0016,0.0752,0.0,0.0,0.0,0.0026,0.2469,0.5531,0.0528,0.9472,0.3525,0.7918,98.0,0.0,4.0,255.0,47.0725,3
42,1.4,0.8832,0.1947,0.7458,0.0029,43.3979,0.0,0.0,0.0,0.0056,0.2469,0.5484,0.0556,0.9472,0.3231,0.8392,103.0,8.0,3.0,255.0,38.9688,3
43,1.4333,1.6933,0.2476,0.8378,0.0049,54.9011,0.0,0.0,0.0,0.0103,0.2469,0.5406,0.0556,0.9472,0.3352,0.8587,162.0,16.0,6.0,238.0,34.7955,3
44,1.4667,2.8891,0.34,1.5342,0.0037,56.8246,0.0,0.0,0.0,0.0137,0.2484,0.5344,0.0583,0.9472,0.3336,0.8571,214.0,68.0,17.0,208.0,34.7806,3
45,1.5,4.1083,0.5957,1.7455,0.0079,58.8175,0.0,0.0,0.0,0.0208,0.2484,0.5206,0.0611,0.9444,0.3537,0.8471,208.0,41.0,30.0,182.0,24.3509,3
46,1.5333,6.3633,3.0739,3.4678,0.0127,62.4874,0.0,0.0,0.0,0.0287,0.2391,0.5281,0.0639,0.9444,0.3619,0.805,145.0,56.0,28.0,213.0,21.432,4
47,1.5667,9.1133,10.3235,5.3031,0.0186,68.1539,0.0,0.0,0.0,0.0357,0.2391,0.5656,0.4556,0.9417,0.3767,0.7532,95.0,55.0,28.0,219.0,21.5997,4
48,1.6,10.486,16.3474,6.7833,0.0181,64.535,0.0,0.0,0.0,0.0383,0.2391,0.5703,0.4472,0.9417,0.3877,0.7073,97.0,73.0,38.0,204.0,22.697,5
49,1.6333,9.8966,16.7723,6.2591,0.0206,58.2216,0.0,0.0,0.0,0.04,0.2453,0.6391,0.4444,0.9417,0.4212,0.6886,133.0,67.0,47.0,172.0,22.8774,4
50,1.6667,10.8025,18.5502,6.1196,0.0245,54.0541,0.0,0.0,0.0,0.0481,0.25,0.7297,0.4444,0.9389,0.4672,0.6831,131.0,84.0,37.0,194.0,22.4152,4
51,1.7,11.719,20.7669,6.0098,0.02,56.7815,0.0,0.0,0.0,0.0503,0.2531,0.7344,0.4444,0.9389,0.4868,0.6653,112.0,111.0,47.0,181.0,25.1153,4
52,1.7333,11.7728,22.609,6.2309,0.0196,50.8543,0.0,0.0,0.0,0.0508,0.2547,0.7359,0.4472,0.9389,0.4998,0.6421,123.0,98.0,75.0,147.0,26.3772,4
53,1.7667,11.5514,23.1716,5.2944,0.02,43.8861,0.0,0.0,0.0,0.0522,0.2562,0.7375,0.4472,0.9389,0.5136,0.6225,152.0,110.0,67.0,136.0,27.4258,4
54,1.8,11.9465,25.2113,5.6522,0.0186,44.0606,0.0,0.0,0.0,0.0538,0.2578,0.7406,0.4472,0.9389,0.5258,0.605,120.0,119.0,75.0,133.0,28.4029,4
55,1.8333,11.7623,27.4215,5.4572,0.0175,41.0436,0.0,0.0,0.0,0.0531,0.2594,0.7422,0.45,0.9389,0.5309,0.5772,91.0,112.0,76.0,148.0,30.7808,4
56,1.8667,10.7336,28.1073,5.2615,0.0159,35.0121,0.0,0.0,0.0,0.0494,0.2594,0.7422,0.45,0.9389,0.5254,0.542,89.0,102.0,98.0,86.0,34.4104,4
57,1.9,9.3279,25.8631,3.4329,0.0112,26.2434,0.0,0.0,0.0,0.0454,0.2594,0.7422,0.45,0.9417,0.515,0.5178,131.0,138.0,144.0,33.0,39.21,4
58,1.9333,8.4167,23.9289,2.4971,0.0073,17.9455,0.0,0.0,0.0,0.0421,0.2594,0.7406,0.45,0.9417,0.5032,0.503,178.0,188.0,197.0,10.0,43.5238,3
59,1.9667,7.8029,22.3235,1.1986,0.0034,11.0561,0.0,0.0,0.0,0.0411,0.2594,0.7391,0.45,0.9417,0.4996,0.5012,188.0,201.0,211.0,3.0,46.1541,3
60,2.0,7.4004,21.0671,1.2213,0.002,7.7543,0.0,0.0,0.0,0.0407,0.2594,0.7375,0.45,0.9417,0.4993,0.5007,196.0,205.0,214.0,2.0,48.8782,3
61,2.0333,7.1248,20.2416,0.3857,0.0012,4.3207,0.0,0.0,0.0,0.0405,0.2594,0.7375,0.45,0.9417,0.4992,0.5007,192.0,196.0,212.0,0.0,50.7276,3
62,2.0667,6.9453,19.6733,0.8177,0.0008,3.6529,0.0,0.0,0.0,0.0403,0.2594,0.7359,0.45,0.9417,0.4984,0.5005,189.0,190.0,201.0,0.0,52.1175,3
63,2.1,6.7685,19.1407,0.2096,0.0006,1.8325,0.0,0.0,0.0,0.04,0.2594,0.7359,0.45,0.9417,0.498,0.5004,189.0,189.0,193.0,0.0,52.4966,3
64,2.1333,6.6054,18.6159,0.7681,0.0005,1.7474,0.0,0.0,0.0,0.0399,0.2594,0.7359,0.45,0.9417,0.4977,0.5005,189.0,189.0,193.0,0.0,52.6453,3
65,2.1667,6.4113,18.0319,0.2066,0.0005,1.9088,0.0,0.0,0.0,0.04,0.2597,0.7359,0.45,0.9417,0.498,0.5004,186.0,186.0,187.0,0.0,52.5077,3
66,2.2,6.2401,17.5018,0.7739,0.0005,1.9725,0.0,0.0,0.0,0.0401,0.2594,0.7359,0.45,0.9417,0.4977,0.5004,185.0,185.0,186.0,0.0,52.653,3
67,2.2333,6.106,17.0986,0.1432,0.0004,1.4392,0.0,0.0,0.0,0.04,0.2595,0.7359,0.45,0.9417,0.4978,0.5004,182.0,183.0,185.0,0.0,52.4649,3
68,2.2667,5.9694,16.6734,0.7767,0.0005,1.5895,0.0,0.0,0.0,0.0399,0.2609,0.7359,0.45,0.9417,0.4978,0.5003,182.0,182.0,183.0,0.0,52.6583,3
69,2.3,5.8278,16.2483,0.1493,0.0003,1.5586,0.0,0.0,0.0,0.0399,0.2624,0.7359,0.45,0.9417,0.4982,0.5005,181.0,181.0,182.0,0.0,52.8089,3
70,2.3333,0.5208,0.2906,5.983,0.039,1.6471,0.0,0.0,0.0,0.001,0.4425,0.5559,0.0528,0.9472,0.5004,0.639,90.5,84.0,73.0,7.0,102.2894,2
71,2.3667,1.0398,0.289,0.6077,0.0,2.2409,0.0,0.0,0.0,0.001,0.4425,0.556,0.0528,0.9472,0.5003,0.6495,97.0,86.0,73.0,6.0,101.9379,2
72,2.4,10.4034,7.3249,10.9191,0.0048,10.5101,0.0,0.0,0.0,0.0057,0.4438,0.5484,0.0056,0.9472,0.5027,0.2782,96.0,1.0,1.0,250.0,24.655,2
73,2.4333,31.4712,26.1679,22.403,0.0129,59.9181,0.0,0.0,0.0,0.0184,0.0312,0.6078,0.0139,0.9444,0.4195,0.3132,101.0,1.0,3.0,250.0,14.117,3
74,2.4667,34.1867,33.7546,34.9626,0.0251,83.3237,0.0,0.0,0.0,0.0404,0.0219,0.6109,0.0417,0.9417,0.4223,0.3168,89.0,40.0,8.0,247.0,13.4312,2
75,2.5,39.5714,42.2742,34.71,0.035,88.4608,3.0,0.0,0.0,0.0616,0.0234,0.9609,0.075,0.9389,0.4345,0.3349,52.0,81.0,17.0,243.0,12.748,2
76,2.5333,47.9492,59.1494,44.0273,0.046,87.9834,1.0,0.0,1.0,0.0819,0.0422,0.9691,0.075,0.9306,0.4659,0.3403,53.0,69.0,44.0,243.0,12.2543,9
77,2.5667,63.0337,79.6837,49.7836,0.0627,90.6979,4.0,0.0,2.0,0.1146,0.1109,0.9688,0.1028,0.9389,0.5033,0.3937,59.0,73.0,28.0,242.0,11.5766,4
78,2.6,62.4376,91.2967,60.714,0.071,92.5886,1.0,0.0,1.0,0.1435,0.1469,0.925,0.1556,0.9056,0.5316,0.4376,58.0,82.0,95.0,241.0,12.6174,5
79,2.6333,70.0057,107.5164,57.0332,0.0854,89.4062,0.0,0.0,0.0,0.1758,0.075,0.9141,0.1861,0.9278,0.534,0.4786,69.0,84.0,96.0,241.0,13.2223,3
80,2.6667,62.0619,113.3172,53.3232,0.0955,87.03,0.0,0.0,0.0,0.2039,0.0312,0.8719,0.2111,0.9194,0.5136,0.5077,68.0,108.0,129.0,237.0,13.9399,2
81,2.7,51.1275,109.9265,42.0424,0.0896,85.185,0.0,0.0,0.0,0.2184,0.0344,0.8391,0.2361,0.8941,0.4933,0.5271,69.0,118.0,146.0,236.0,15.0144,3
82,2.7333,41.7449,102.3889,33.6502,0.0826,82.8227,0.0,0.0,0.0,0.2167,0.075,0.8188,0.2528,0.8444,0.4834,0.5331,61.0,133.5,169.0,236.0,16.2112,3
83,2.7667,35.5401,96.5613,24.4294,0.071,77.3547,0.0,0.0,0.0,0.204,0.1219,0.8016,0.2667,0.8222,0.4826,0.5342,61.0,136.0,182.0,234.0,17.9526,3
84,2.8,31.3178,90.5712,17.7461,0.0607,70.2468,0.0,0.0,0.0,0.1873,0.1562,0.7875,0.2778,0.7917,0.4838,0.53,67.0,132.0,187.0,227.0,19.5555,3
85,2.8333,28.2643,83.5662,13.0471,0.0516,63.2086,0.0,0.0,0.0,0.1716,0.1797,0.7734,0.2861,0.7694,0.4846,0.5266,68.0,134.0,189.0,217.0,21.7808,3
86,2.8667,25.9551,77.0997,10.2549,0.0431,56.2542,0.0,0.0,0.0,0.1598,0.1984,0.7625,0.2917,0.75,0.4853,0.5238,72.0,143.5,188.0,199.0,23.7802,3
87,2.9,24.1394,71.6929,7.9613,0.0361,50.7604,0.0,0.0,0.0,0.1479,0.2172,0.7547,0.2972,0.7389,0.4885,0.5204,80.0,133.0,186.0,168.0,25.2641,3
88,2.9333,22.68,67.3519,6.693,0.0303,44.7973,0.0,0.0,0.0,0.1384,0.2297,0.7469,0.3028,0.7278,0.4901,0.5171,90.0,143.5,185.0,124.0,27.1622,3
89,2.9667,21.5027,63.8235,5.2215,0.0256,39.4787,0.0,0.0,0.0,0.1303,0.2409,0.7406,0.3083,0.7194,0.4911,0.5141,94.0,145.0,178.0,69.0,28.949,3
90,3.0,20.5234,60.8879,4.6539,0.0228,35.0307,0.0,0.0,0.0,0.1233,0.2516,0.7359,0.3111,0.7111,0.4913,0.5128,96.0,147.0,180.0,21.0,29.0649,3
91,3.0333,19.7118,58.455,3.638,0.0196,30.4551,0.0,0.0,0.0,0.1174,0.2594,0.7312,0.3139,0.7056,0.4935,0.5107,111.0,154.0,178.0,6.0,30.5616,3
92,3.0667,19.0174,56.3564,3.3502,0.0162,26.825,0.0,0.0,0.0,0.1133,0.2656,0.7281,0.3167,0.7,0.494,0.509,115.0,153.0,178.0,4.0,31.6617,3
93,3.1,18.4391,54.6223,2.5956,0.0145,23.6482,0.0,0.0,0.0,0.1095,0.2703,0.725,0.3194,0.6944,0.4949,0.5079,120.0,168.0,166.0,3.0,33.426,3
94,3.1333,17.9501,53.114,2.5361,0.0125,20.8321,0.0,0.0,0.0,0.1064,0.275,0.7219,0.3222,0.6917,0.4951,0.5067,124.0,169.0,174.0,3.0,33.9503,3
95,3.1667,17.5479,51.9079,1.8567,0.0104,17.659,0.0,0.0,0.0,0.1031,0.2781,0.7188,0.3222,0.6889,0.4951,0.5061,138.0,166.0,161.0,3.0,35.1315,3
96,3.2,17.1965,50.7933,1.9159,0.0089,15.4196,0.0,0.0,0.0,0.1011,0.2797,0.7172,0.325,0.6861,0.4959,0.5053,140.0,173.0,166.0,3.0,36.3437,3
97,3.2333,16.9194,49.9626,1.3282,0.0079,12.9565,0.0,0.0,0.0,0.0986,0.2812,0.7156,0.325,0.6833,0.496,0.5047,151.0,171.0,165.0,3.0,37.1302,3
98,3.2667,16.6395,49.1362,1.4778,0.0072,11.239,0.0,0.0,0.0,0.0968,0.2828,0.7141,0.3278,0.6806,0.4961,0.5046,148.0,181.5,178.0,2.0,38.2993,3
99,3.3,16.4389,48.5334,0.9251,0.0061,8.9113,0.0,0.0,0.0,0.0949,0.2844,0.7125,0.3278,0.6806,0.4968,0.5042,166.0,186.0,181.0,0.0,39.298,3
100,3.3333,16.2801,48.0207,1.1013,0.0056,7.5805,0.0,0.0,0.0,0.0934,0.2859,0.7109,0.3278,0.6778,0.4966,0.5039,175.0,189.0,182.0,0.0,40.2947,3
101,3.3667,16.1486,47.6271,0.6138,0.0044,5.8886,0.0,0.0,0.0,0.0923,0.2859,0.7109,0.3306,0.6778,0.497,0.5036,182.0,195.0,195.0,0.0,40.7248,3
102,3.4,16.0608,47.2892,0.8356,0.0038,4.5866,0.0,0.0,0.0,0.0907,0.2891,0.7109,0.3306,0.675,0.4968,0.5036,183.0,189.0,193.0,0.0,41.5988,3
103,3.4333,15.9916,47.0808,0.3551,0.0033,3.1317,0.0,0.0,0.0,0.0895,0.2891,0.7094,0.3306,0.675,0.4965,0.5031,195.0,207.0,197.0,0.0,41.9628,3
104,3.4667,15.9397,46.9075,0.6177,0.0023,2.2592,0.0,0.0,0.0,0.0889,0.2891,0.7094,0.3306,0.675,0.4966,0.5027,203.0,207.0,204.0,0.0,42.2302,3
105,3.5,15.9097,46.8182,0.1827,0.0021,1.4939,0.0,0.0,0.0,0.0881,0.2891,0.7094,0.3306,0.675,0.4972,0.502,210.0,214.0,210.0,0.0,42.2003,3
106,3.5333,15.9003,46.7301,0.4968,0.0015,0.9897,0.0,0.0,0.0,0.0876,0.2891,0.7094,0.3306,0.6722,0.4971,0.5015,214.0,215.0,216.0,0.0,42.4864,3
107,3.5667,15.9151,46.7743,0.1118,0.0013,0.8882,0.0,0.0,0.0,0.0877,0.2891,0.7094,0.3306,0.6722,0.4973,0.5011,221.0,215.0,216.0,0.0,42.7522,3
108,3.6,16.0125,47.0375,0.5477,0.0014,1.3299,0.0,0.0,0.0,0.0875,0.2891,0.7094,0.3306,0.6722,0.4976,0.501,216.0,225.0,216.0,0.0,43.0605,3
109,3.6333,15.9117,46.7345,0.1337,0.001,1.0857,0.0,0.0,0.0,0.0877,0.2891,0.7094,0.3306,0.6722,0.4976,0.501,214.0,214.0,218.0,0.0,42.7992,3
110,3.6667,15.9192,46.7326,0.4649,0.0007,0.4893,0.0,0.0,0.0,0.0872,0.2891,0.7094,0.3306,0.6722,0.4976,0.5009,215.0,216.0,217.5,0.0,42.8392,3
111,3.7,15.9183,46.7296,0.0046,0.0,0.026,0.0,0.0,0.0,0.0872,0.2891,0.7094,0.3306,0.6722,0.4976,0.5009,215.0,216.0,217.0,0.0,42.8649,3
112,3.7333,15.9194,46.7183,0.4391,0.0002,0.1378,0.0,0.0,0.0,0.0872,0.2891,0.7094,0.3306,0.6722,0.4976,0.5009,215.0,216.0,218.0,0.0,42.8583,3
113,3.7667,15.9192,46.7169,0.0023,0.0,0.0078,0.0,0.0,0.0,0.0872,0.2891,0.7094,0.3306,0.6722,0.4976,0.5009,215.0,216.0,218.0,0.0,42.8811,3
114,3.8,0.4692,0.4467,15.9535,0.0862,0.2098,0.0,0.0,0.0,0.001,0.4426,0.5559,0.0528,0.9472,0.4999,0.6378,89.0,85.0,73.0,6.0,102.0182,2
115,3.8333,1.2095,2.6651,0.7411,0.0,0.1801,0.0,0.0,0.0,0.001,0.4425,0.5559,0.0528,0.9472,0.4995,0.6351,89.5,86.0,73.0,6.0,102.7301,2
116,3.8667,2.3265,5.9518,1.5512,0.0,1.0426,0.0,0.0,0.0,0.001,0.4438,0.556,0.0528,0.9472,0.5008,0.6295,90.0,86.0,73.0,0.0,103.2194,2
117,3.9,3.573,9.6876,1.2908,0.0006,0.0455,0.0,0.0,0.0,0.0016,0.4203,0.5547,0.0528,0.9472,0.4964,0.5974,76.0,77.0,74.0,142.0,74.8807,6
118,3.9333,4.9083,13.6906,1.8811,0.0032,7.1851,0.0,0.0,0.0,0.0048,0.3984,0.5625,0.0528,0.9472,0.4993,0.5564,62.0,86.0,88.0,209.0,43.1,7
119,3.9667,6.3377,17.9747,1.6003,0.0097,12.5006,0.0,0.0,0.0,0.0141,0.3953,0.6109,0.0583,0.9444,0.503,0.5396,47.0,72.0,60.0,234.0,31.118,3
120,4.0,7.8647,22.5075,2.2261,0.0133,12.3728,0.0,0.0,0.0,0.0257,0.3812,0.6141,0.0639,0.9444,0.5054,0.5272,44.5,58.0,65.0,238.0,27.0227,3
121,4.0333,9.3508,26.9629,1.8784,0.0145,12.104,0.0,0.0,0.0,0.0366,0.3766,0.6172,0.3361,0.9417,0.5042,0.52,47.0,54.0,70.0,236.0,25.4734,3
122,4.0667,10.9005,31.4322,2.528,0.015,12.5839,0.0,0.0,0.0,0.0467,0.3734,0.6344,0.3361,0.9389,0.503,0.5143,55.0,65.0,75.0,234.0,24.8466,3
123,4.1,12.3792,35.8621,2.1609,0.0164,13.9984,0.0,0.0,0.0,0.0572,0.3578,0.6484,0.3361,0.9389,0.5027,0.5108,73.0,74.0,79.0,231.0,24.4495,3
124,4.1333,13.8245,40.2062,2.8618,0.0163,15.3591,0.0,0.0,0.0,0.066,0.3516,0.6547,0.3333,0.6694,0.503,0.5089,84.0,83.0,86.0,226.0,24.1586,3
125,4.1667,15.1645,44.2217,2.3675,0.0161,15.5838,0.0,0.0,0.0,0.0734,0.3422,0.6578,0.3333,0.6694,0.5019,0.5058,95.0,86.0,90.0,213.0,23.8615,3
126,4.2,16.3706,47.8579,2.9582,0.0149,15.5204,0.0,0.0,0.0,0.079,0.3375,0.6641,0.3333,0.6667,0.503,0.5036,100.0,87.0,97.0,196.0,24.1249,3
127,4.2333,17.4833,51.1929,2.4249,0.0138,15.56,0.0,0.0,0.0,0.0837,0.3344,0.675,0.3333,0.6667,0.5026,0.5023,101.5,95.0,101.5,173.0,24.3751,3
128,4.2667,18.4702,54.272,2.9748,0.0137,15.4411,0.0,0.0,0.0,0.0877,0.3328,0.6766,0.3333,0.6667,0.5014,0.5015,110.0,101.0,109.0,153.0,24.2653,3
129,4.3,19.3281,56.8425,2.3114,0.014,14.5553,0.0,0.0,0.0,0.0915,0.3203,0.6781,0.3333,0.6667,0.4995,0.5009,116.0,102.0,111.0,145.0,24.0288,3
130,4.3333,20.0477,59.0132,2.7157,0.014,13.7911,0.0,0.0,0.0,0.0949,0.3125,0.6812,0.3333,0.6667,0.4993,0.5002,132.0,111.5,122.0,147.0,24.2048,3
131,4.3667,20.6567,60.8368,2.1058,0.0133,12.926,0.0,0.0,0.0,0.0983,0.3125,0.6851,0.3333,0.6667,0.5002,0.4993,147.0,124.0,130.0,155.0,23.7286,3
132,4.4,21.1313,62.2695,2.5215,0.013,12.4624,0.0,0.0,0.0,0.1019,0.3094,0.6891,0.3333,0.6667,0.5002,0.4986,155.0,134.0,138.0,164.0,23.4525,3
133,4.4333,21.5019,63.3802,1.8602,0.0125,11.5639,0.0,0.0,0.0,0.105,0.3062,0.6938,0.3333,0.6667,0.5,0.4985,164.0,145.0,148.0,173.0,23.2238,3
134,4.4667,21.7322,64.0994,2.2042,0.0111,10.5294,0.0,0.0,0.0,0.1065,0.3047,0.6953,0.3333,0.6667,0.5001,0.4975,171.0,154.0,155.0,183.0,23.1344,3
135,4.5,21.8746,64.5265,1.4772,0.0103,9.3518,0.0,0.0,0.0,0.1075,0.3047,0.6984,0.3333,0.6667,0.5008,0.4971,173.0,159.0,161.0,193.0,22.984,3
136,4.5333,21.9068,64.6847,1.792,0.0089,8.3807,0.0,0.0,0.0,0.109,0.3047,0.6984,0.3333,0.6667,0.5009,0.4973,175.0,166.0,160.0,198.0,22.8827,3
137,4.5667,21.9074,64.685,1.1441,0.0076,7.7369,0.0,0.0,0.0,0.1099,0.3033,0.7,0.3333,0.6667,0.5005,0.4969,178.0,168.0,157.0,200.0,22.7167,3
138,4.6,21.8676,64.6585,1.4687,0.0066,7.1671,0.0,0.0,0.0,0.1103,0.3031,0.7,0.3333,0.6667,0.5006,0.4969,178.0,172.0,155.0,202.0,22.3356,3
139,4.6333,21.8473,64.5975,0.954,0.0063,6.7854,0.0,0.0,0.0,0.1104,0.3016,0.7,0.3333,0.6667,0.4999,0.497,174.0,174.0,157.0,202.0,22.0523,3
140,4.6667,21.8519,64.6826,1.3203,0.0062,6.684,0.0,0.0,0.0,0.1103,0.3016,0.7016,0.3333,0.6667,0.5006,0.4973,175.0,169.0,151.0,202.0,22.135,3
141,4.7,21.8582,64.6999,0.8642,0.0063,6.2477,0.0,0.0,0.0,0.1102,0.3016,0.7016,0.3333,0.6667,0.5005,0.4976,171.0,166.0,150.0,202.0,22.1451,3
142,4.7333,21.8931,64.8951,1.2686,0.007,6.5357,0.0,0.0,0.0,0.1101,0.3031,0.7016,0.3333,0.6667,0.5003,0.4976,172.0,164.0,151.0,201.0,22.2378,3
143,4.7667,21.9932,65.1949,0.9656,0.0073,6.5883,0.0,0.0,0.0,0.1099,0.3019,0.7016,0.3333,0.6667,0.4997,0.498,172.0,162.0,150.0,199.0,22.2608,3
144,4.8,22.0979,65.5643,1.3912,0.0082,7.1534,0.0,0.0,0.0,0.1101,0.3016,0.7016,0.3333,0.6667,0.4993,0.4982,174.0,162.0,146.0,196.0,22.5164,3
145,4.8333,22.2428,65.9985,1.2049,0.0085,7.8433,0.0,0.0,0.0,0.1096,0.3016,0.7016,0.3333,0.6667,0.4989,0.4985,174.0,160.0,148.0,192.0,22.3365,3
146,4.8667,22.435,66.584,1.6411,0.0088,8.5261,0.0,0.0,0.0,0.1089,0.3013,0.7031,0.3333,0.6667,0.499,0.4983,173.0,158.0,152.0,185.0,22.4677,3
147,4.9,22.6488,67.2248,1.5174,0.0096,9.491,0.0,0.0,0.0,0.108,0.2984,0.7033,0.3333,0.6667,0.4987,0.4985,174.0,158.0,152.0,176.0,22.6921,3
148,4.9333,22.8928,67.986,1.9776,0.0119,10.4357,0.0,0.0,0.0,0.1064,0.2984,0.7062,0.3333,0.6667,0.4987,0.4984,175.0,153.0,152.0,168.0,22.9662,3
149,4.9667,23.163,68.7961,1.8454,0.0118,11.226,0.0,0.0,0.0,0.1045,0.2969,0.7062,0.3333,0.6667,0.4981,0.4984,171.0,145.0,151.0,158.0,23.1906,3
150,5.0,23.4734,69.6887,2.3485,0.0134,11.9822,0.0,0.0,0.0,0.1028,0.2969,0.7078,0.3333,0.6667,0.4981,0.4981,168.0,141.0,148.0,148.0,23.3234,3
151,5.0333,23.7887,70.6335,2.1854,0.0142,12.8587,0.0,0.0,0.0,0.1027,0.2938,0.7078,0.3333,0.6667,0.4986,0.4975,155.0,139.0,139.0,140.0,23.1816,3
152,5.0667,24.118,71.6219,2.6707,0.0153,14.001,0.0,0.0,0.0,0.1022,0.2906,0.7078,0.3333,0.6667,0.499,0.4974,143.0,134.0,131.0,137.0,23.0382,3
153,5.1,24.5162,72.8154,2.5282,0.0151,14.8106,0.0,0.0,0.0,0.1019,0.2891,0.7094,0.3333,0.6667,0.4984,0.4978,134.0,134.0,129.0,133.0,22.9921,3
154,5.1333,24.9792,74.1853,2.9564,0.0156,15.1249,0.0,0.0,0.0,0.102,0.2859,0.7125,0.3333,0.6667,0.4983,0.4973,124.0,131.0,129.0,128.0,22.7771,3
155,5.1667,25.4752,75.672,2.7284,0.0161,14.8754,0.0,0.0,0.0,0.1018,0.2828,0.7156,0.3306,0.6667,0.4985,0.4973,123.0,129.0,131.0,127.0,22.4067,3
156,5.2,25.993,77.187,3.0861,0.0164,14.2388,0.0,0.0,0.0,0.1016,0.2812,0.7156,0.3306,0.6667,0.4985,0.4977,122.0,125.0,133.0,135.0,22.1946,3
157,5.2333,26.518,78.7611,2.7918,0.0166,13.6808,0.0,0.0,0.0,0.1021,0.2781,0.7188,0.3306,0.6667,0.4994,0.4972,126.0,127.0,137.0,153.0,22.0279,3
158,5.2667,27.0539,80.348,3.0956,0.0171,13.0807,0.0,0.0,0.0,0.1036,0.275,0.7203,0.3306,0.6667,0.4996,0.4977,136.0,134.0,145.0,171.0,21.4778,3
159,5.3,27.5377,81.7985,2.6663,0.017,12.4377,0.0,0.0,0.0,0.1048,0.2734,0.7234,0.3306,0.6667,0.5004,0.4972,150.0,141.0,146.0,188.0,20.9403,3
160,5.3333,27.9887,83.1167,2.8595,0.0165,11.6882,0.0,0.0,0.0,0.1068,0.2719,0.7234,0.3306,0.6667,0.5012,0.4979,168.0,145.0,152.0,200.0,20.6421,3
161,5.3667,28.359,84.2186,2.3421,0.0159,10.5246,0.0,0.0,0.0,0.1076,0.2703,0.7266,0.3306,0.6667,0.5018,0.4984,178.0,146.0,150.0,205.5,20.337,3
162,5.4,28.6737,85.0935,2.4473,0.0147,9.6479,0.0,0.0,0.0,0.1086,0.2703,0.7266,0.3306,0.6667,0.5013,0.4986,182.0,150.0,152.0,208.0,20.1752,3
163,5.4333,0.344,0.201,28.2772,0.1077,0.2326,0.0,0.0,0.0,0.001,0.4426,0.5559,0.0528,0.9472,0.5,0.6404,89.0,86.0,74.0,7.0,102.298,2
164,5.4667,0.3586,0.1817,0.4187,0.0002,0.3199,0.0,0.0,0.0,0.0011,0.4438,0.8984,0.0528,0.9472,0.5546,0.6188,86.0,79.0,76.0,10.0,89.8487,3
165,5.5,0.393,0.1822,0.0482,0.0004,13.3897,0.0,0.0,0.0,0.0015,0.4438,0.9016,0.0528,0.9472,0.6439,0.584,74.0,75.0,84.0,143.0,80.7377,3
166,5.5333,0.4783,0.1552,0.5214,0.0007,29.0441,0.0,0.0,0.0,0.0022,0.4453,0.9016,0.0528,0.9472,0.7205,0.5552,65.0,73.0,89.0,180.0,70.765,3
167,5.5667,0.5705,0.1553,0.1497,0.001,40.0766,0.0,0.0,0.0,0.0032,0.4457,0.9016,0.0528,0.9472,0.7687,0.537,60.0,72.0,98.0,173.0,65.5267,3
168,5.6,0.7101,0.1515,0.6633,0.0015,45.7392,0.0,0.0,0.0,0.0044,0.45,0.9016,0.0528,0.9472,0.8003,0.5251,27.5,67.5,111.5,176.0,62.8792,3
169,5.6333,0.9064,0.1557,0.355,0.0022,53.0545,0.0,0.0,0.0,0.0062,0.4516,0.9016,0.0556,0.9472,0.8195,0.5171,33.0,73.0,125.0,180.0,65.5903,3
170,5.6667,1.1786,0.2141,0.9915,0.003,61.3724,0.0,0.0,0.0,0.0084,0.4578,0.9016,0.0556,0.9472,0.8281,0.5106,40.0,73.0,130.0,188.0,69.2525,3
171,5.7,1.5417,0.5762,0.8234,0.0044,68.3034,0.0,0.0,0.0,0.0119,0.4641,0.9016,0.0556,0.9472,0.8282,0.5059,44.0,73.0,122.0,198.0,70.7732,3
172,5.7333,2.0208,1.4086,1.6406,0.0058,73.9172,0.0,0.0,0.0,0.0162,0.475,0.9016,0.0583,0.9444,0.8187,0.503,46.0,68.0,112.0,202.0,74.6855,3
173,5.7667,2.5323,2.6307,1.6617,0.0073,76.4269,0.0,0.0,0.0,0.0218,0.4797,0.9,0.0611,0.9444,0.8014,0.501,53.0,61.0,101.0,206.0,77.9184,3
174,5.8,3.0886,4.0974,2.6882,0.0098,78.194,0.0,0.0,0.0,0.0287,0.4531,0.8984,0.0639,0.9444,0.775,0.5,51.0,47.0,87.0,212.0,76.1434,3
175,5.8333,3.69,5.8334,2.9176,0.0123,79.5329,0.0,0.0,0.0,0.0355,0.3688,0.8969,0.3889,0.9417,0.7461,0.4994,48.0,38.0,75.0,218.0,75.0725,3
176,5.8667,4.293,7.7123,4.1101,0.0168,83.7681,0.0,0.0,0.0,0.0415,0.3062,0.8953,0.3889,0.9417,0.7141,0.4992,47.0,33.0,69.0,227.0,74.7464,3
177,5.9,4.8243,9.6923,4.3897,0.0197,86.9485,0.0,0.0,0.0,0.0472,0.2449,0.8926,0.3917,0.9389,0.6852,0.4995,48.0,30.0,63.0,232.0,74.578,3
178,5.9333,5.2196,11.6134,5.5135,0.0235,89.1993,0.0,0.0,0.0,0.0522,0.2047,0.8906,0.3917,0.9389,0.6547,0.5007,48.0,25.0,59.0,236.5,75.4959,3
179,5.9667,5.5486,13.2398,5.6233,0.0271,92.0201,0.0,0.0,0.0,0.0552,0.1812,0.8891,0.3944,0.9389,0.6241,0.5016,49.0,23.0,59.0,241.0,75.767,3
180,6.0,5.9231,14.6522,6.6627,0.0293,94.9518,0.0,0.0,0.0,0.0582,0.1597,0.8875,0.3972,0.9389,0.5906,0.5025,49.0,22.0,56.0,244.0,75.6233,3
181,6.0333,6.2295,15.6839,6.4994,0.0306,96.0192,0.0,0.0,0.0,0.0606,0.1469,0.8844,0.3972,0.9389,0.5592,0.5026,49.0,22.0,53.0,244.0,76.1158,3
182,6.0667,6.5429,16.5143,7.214,0.0319,94.6661,0.0,0.0,0.0,0.0627,0.132,0.8812,0.3972,0.6028,0.5346,0.5027,46.0,20.0,53.0,242.0,76.6311,3
183,6.1,6.745,16.9376,6.5703,0.0302,91.8779,0.0,0.0,0.0,0.062,0.1234,0.8797,0.3972,0.9389,0.5132,0.5028,54.0,26.0,55.0,240.0,78.7298,3
184,6.1333,6.8212,17.0284,6.7007,0.0279,88.0395,0.0,0.0,0.0,0.0593,0.1188,0.8781,0.3972,0.9389,0.4985,0.5032,63.0,35.0,58.0,233.0,81.6908,3
185,6.1667,6.8751,17.0303,5.3303,0.0242,80.7932,0.0,0.0,0.0,0.0543,0.1172,0.8781,0.3972,0.9389,0.4899,0.5031,74.0,55.0,69.0,226.0,86.461,3
186,6.2,6.8911,16.9847,4.8091,0.0197,69.7152,0.0,0.0,0.0,0.0489,0.1141,0.8781,0.3972,0.9389,0.4853,0.5038,87.0,82.0,85.0,207.0,92.5012,3
187,6.2333,6.8884,16.8029,3.1625,0.0152,55.784,0.0,0.0,0.0,0.0429,0.1125,0.8797,0.3944,0.9417,0.4861,0.5039,108.0,104.0,105.0,162.0,99.7848,3
188,6.2667,6.9018,16.6713,2.7297,0.0116,41.8494,0.0,0.0,0.0,0.0372,0.1094,0.8812,0.3944,0.9417,0.4908,0.5048,133.0,137.0,134.0,55.0,110.0563,3
189,6.3,6.9136,16.6092,1.3296,0.0073,27.5714,0.0,0.0,0.0,0.0331,0.1094,0.8828,0.0667,0.9444,0.4993,0.5055,147.0,148.0,147.0,13.0,119.8108,3
190,6.3333,6.9709,16.7153,1.2964,0.0046,15.2141,0.0,0.0,0.0,0.0303,0.1078,0.883,0.0639,0.9444,0.5076,0.5057,159.0,162.0,161.0,5.0,127.9377,3
191,6.3667,7.0154,16.8152,0.303,0.0021,6.031,0.0,0.0,0.0,0.0288,0.1094,0.8844,0.0639,0.9444,0.5126,0.506,173.0,174.0,174.5,4.0,132.5399,3
192,6.4,7.0284,16.8686,0.7059,0.0014,1.9995,0.0,0.0,0.0,0.0282,0.1094,0.8844,0.0639,0.9444,0.5141,0.5057,178.0,178.0,178.0,3.0,133.7629,3
193,6.4333,7.0282,16.8678,0.0266,0.0002,0.2682,0.0,0.0,0.0,0.0282,0.1094,0.8844,0.0639,0.9444,0.5143,0.5056,178.0,178.0,178.0,3.0,133.7286,3
194,6.4667,7.0186,16.8917,0.6114,0.0007,0.3706,0.0,0.0,0.0,0.0284,0.1094,0.8844,0.0639,0.9444,0.5135,0.5054,176.0,176.0,178.0,3.0,133.1802,3
195,6.5,7.019,16.8933,0.0117,0.0001,0.104,0.0,0.0,0.0,0.0284,0.1094,0.8844,0.0639,0.9444,0.5136,0.5055,176.0,176.0,178.0,3.0,133.1755,3
196,6.5333,6.9962,16.8664,0.5858,0.0004,0.2962,0.0,0.0,0.0,0.0285,0.1094,0.8844,0.0639,0.9444,0.5138,0.5054,176.0,176.0,176.0,3.0,132.903,3
197,6.5667,6.9965,16.8664,0.0102,0.0001,0.084,0.0,0.0,0.0,0.0284,0.1094,0.8844,0.0639,0.9444,0.5141,0.5055,176.0,176.0,176.0,3.0,132.9977,3
198,6.6,6.9878,16.8774,0.5355,0.0003,0.2098,0.0,0.0,0.0,0.0284,0.1094,0.8844,0.0639,0.9444,0.5143,0.5053,176.0,176.0,178.0,3.0,133.1604,3
199,6.6333,6.9881,16.8777,0.0055,0.0,0.027,0.0,0.0,0.0,0.0284,0.1094,0.8844,0.0639,0.9444,0.5142,0.5053,176.0,176.0,178.0,3.0,133.1795,3
200,6.6667,6.9598,16.8688,0.5027,0.0004,0.2512,0.0,0.0,0.0,0.0284,0.1094,0.8844,0.0639,0.9444,0.5138,0.5051,176.0,176.0,178.0,3.0,133.1178,3
201,6.7,6.9595,16.868,0.0039,0.0,0.0104,0.0,0.0,0.0,0.0284,0.1094,0.8844,0.0639,0.9444,0.5138,0.5051,176.0,176.0,178.0,3.0,133.0828,3
202,6.7333,6.9382,16.8714,0.4547,0.0005,0.2808,0.0,0.0,0.0,0.0284,0.1094,0.8844,0.0639,0.9444,0.5139,0.5054,176.0,176.0,178.0,3.0,133.0112,3
203,6.7667,6.938,16.8708,0.0036,0.0,0.0166,0.0,0.0,0.0,0.0284,0.1094,0.8844,0.0639,0.9444,0.5139,0.5052,176.0,176.0,178.0,3.0,133.021,3
204,6.8,6.9174,16.8907,0.4517,0.0007,0.6784,0.0,0.0,0.0,0.0286,0.1094,0.8859,0.0639,0.9444,0.5151,0.5054,175.0,175.0,175.0,3.0,133.0263,3
205,6.8333,6.8958,16.7998,0.1888,0.0015,3.5724,0.0,0.0,0.0,0.0299,0.1094,0.8906,0.0639,0.9444,0.5209,0.5046,164.0,165.0,162.0,4.0,131.5306,3
206,6.8667,6.8957,16.7096,1.0229,0.0042,13.3177,0.0,0.0,0.0,0.033,0.1109,0.8938,0.0667,0.9417,0.5324,0.5028,150.0,150.0,150.0,7.0,123.1232,3
207,6.9,6.9666,16.7098,1.2763,0.007,26.5361,0.0,0.0,0.0,0.0374,0.1112,0.8953,0.3944,0.9417,0.5466,0.5012,136.0,144.0,145.0,42.0,112.0958,3
208,6.9333,7.1411,16.7779,2.5178,0.0118,40.7197,0.0,0.0,0.0,0.0435,0.1125,0.8966,0.3972,0.9417,0.5591,0.5007,109.0,115.0,125.0,150.0,100.9649,3
209,6.9667,7.4309,16.9399,3.0866,0.0161,52.835,0.0,0.0,0.0,0.0501,0.1141,0.8969,0.3972,0.9389,0.5636,0.5005,90.0,94.0,110.0,190.0,91.9175,3
210,7.0,7.8344,17.2195,4.469,0.0206,63.7643,0.0,0.0,0.0,0.0565,0.1156,0.8969,0.3972,0.9389,0.5656,0.5002,77.0,82.0,101.0,211.0,85.2014,3
211,7.0333,8.4371,18.0431,5.1147,0.0256,72.102,0.0,0.0,0.0,0.0639,0.1172,0.8953,0.3972,0.6048,0.5674,0.5001,69.0,66.0,95.0,218.0,80.8954,3
212,7.0667,9.2704,19.6298,6.4372,0.0312,77.5238,0.0,0.0,0.0,0.0729,0.1172,0.8953,0.3972,0.6028,0.5686,0.4992,61.0,52.0,93.5,220.0,75.7714,3
213,7.1,10.4595,22.4042,7.1406,0.0364,80.5593,0.0,0.0,0.0,0.0847,0.1172,0.8938,0.3972,0.6,0.566,0.4985,52.0,47.0,97.0,218.0,70.7283,3
214,7.1333,12.182,27.0417,8.5111,0.0397,81.2476,0.0,0.0,0.0,0.0985,0.1188,0.8922,0.3972,0.6,0.5576,0.498,52.0,51.0,108.0,211.0,67.0026,4
215,7.1667,14.5583,33.9997,9.1748,0.0381,80.4037,0.0,0.0,0.0,0.1129,0.1141,0.8906,0.3972,0.6,0.5396,0.4982,56.0,62.0,122.0,202.0,64.424,3
216,7.2,17.416,42.6987,10.262,0.0346,79.2891,0.0,0.0,0.0,0.1229,0.1125,0.8891,0.3972,0.6,0.523,0.4987,68.0,84.0,141.0,189.0,63.6032,4
217,7.2333,20.3313,51.5077,10.5327,0.0305,78.8588,0.0,0.0,0.0,0.1306,0.1109,0.8891,0.3972,0.6,0.5095,0.4986,84.0,107.0,154.0,177.0,63.1302,4
218,7.2667,23.1292,59.6327,11.4018,0.0285,80.2088,0.0,0.0,0.0,0.1353,0.1094,0.8875,0.3972,0.6,0.496,0.4989,103.0,126.0,168.0,171.0,60.8608,3
219,7.3,25.6345,66.6825,11.4524,0.0267,82.1279,0.0,0.0,0.0,0.1352,0.1078,0.8859,0.3972,0.6028,0.4835,0.499,118.5,147.0,178.0,168.0,58.8069,3
220,7.3333,27.7278,72.1326,11.609,0.025,81.8336,0.0,0.0,0.0,0.1336,0.1062,0.8844,0.3944,0.6028,0.4744,0.4989,133.0,158.0,182.0,164.0,56.3824,3
221,7.3667,29.2335,75.7875,10.682,0.0236,78.8257,0.0,0.0,0.0,0.1304,0.1062,0.8828,0.3944,0.6028,0.4693,0.4992,146.0,166.0,186.0,159.0,53.3206,3
222,7.4,30.124,77.4699,10.0163,0.0234,73.7904,0.0,0.0,0.0,0.1256,0.1047,0.8812,0.3944,0.6056,0.4679,0.4998,154.0,167.5,180.0,150.0,48.427,3
223,7.4333,30.4658,77.7309,8.4334,0.0245,67.6677,0.0,0.0,0.0,0.1186,0.1047,0.8812,0.3917,0.6056,0.4676,0.4996,155.0,157.0,167.0,137.0,43.3436,3
224,7.4667,30.5401,77.3111,7.2353,0.0235,58.7595,0.0,0.0,0.0,0.1088,0.1031,0.8812,0.3917,0.6056,0.4694,0.4993,151.0,141.0,148.0,108.0,38.5821,3
225,7.5,30.4603,76.7678,5.2157,0.022,47.8252,0.0,0.0,0.0,0.0984,0.1016,0.8812,0.3917,0.6056,0.473,0.4991,144.0,124.0,124.0,65.0,35.8993,3
226,7.5333,30.3349,76.1923,4.035,0.019,35.7056,0.0,0.0,0.0,0.0887,0.1031,0.8812,0.3917,0.6083,0.4772,0.4991,141.0,118.0,117.0,30.0,34.1271,3
227,7.5667,30.2062,75.7421,2.4264,0.0152,24.6634,0.0,0.0,0.0,0.0809,0.1031,0.8828,0.3917,0.6083,0.4822,0.4992,134.0,112.0,112.0,13.0,33.3614,3
228,7.6,30.1155,75.4949,1.8917,0.0114,15.8994,0.0,0.0,0.0,0.0745,0.1031,0.8828,0.3917,0.6083,0.4866,0.5001,132.0,112.0,113.0,7.0,33.6896,3
229,7.6333,30.0411,75.3891,0.885,0.0072,9.3684,0.0,0.0,0.0,0.0702,0.1047,0.8828,0.3917,0.6083,0.4919,0.5003,125.0,110.0,110.0,3.0,34.2788,3
230,7.6667,30.0091,75.3625,0.8666,0.0041,4.7297,0.0,0.0,0.0,0.0676,0.1062,0.8834,0.3917,0.6083,0.4967,0.5008,123.0,111.5,110.0,2.0,35.1264,3
231,7.7,29.9808,75.376,0.1943,0.0021,1.747,0.0,0.0,0.0,0.0661,0.1062,0.8844,0.3917,0.6083,0.5004,0.5012,123.0,115.0,113.0,2.0,35.8298,3
232,7.7333,29.9552,75.3742,0.519,0.001,0.6807,0.0,0.0,0.0,0.0656,0.1078,0.8844,0.3917,0.6083,0.5021,0.5016,123.0,118.5,118.0,2.0,35.8653,3
233,7.7667,29.9484,75.3735,0.0399,0.0004,0.1572,0.0,0.0,0.0,0.0654,0.1094,0.8844,0.3917,0.6083,0.5029,0.5015,123.0,120.0,120.0,2.0,35.8669,3
234,7.8,29.9507,75.3555,0.4667,0.0004,0.1879,0.0,0.0,0.0,0.0653,0.1094,0.8844,0.3917,0.6083,0.5029,0.5015,123.0,120.0,122.0,2.0,35.811,3
235,7.8333,29.9491,75.3509,0.0141,0.0001,0.0364,0.0,0.0,0.0,0.0653,0.1094,0.8844,0.3917,0.6083,0.5029,0.5014,122.0,120.0,120.0,2.0,35.7866,3
236,7.8667,29.9648,75.3536,0.4715,0.0003,0.105,0.0,0.0,0.0,0.0653,0.1094,0.8844,0.3917,0.6083,0.503,0.5014,123.0,120.0,122.0,2.0,35.8279,3
237,7.9,29.9646,75.3531,0.0042,0.0,0.0059,0.0,0.0,0.0,0.0653,0.1094,0.8844,0.3917,0.6083,0.5031,0.5014,122.0,120.0,120.0,2.0,35.8236,3
238,7.9333,29.9664,75.3487,0.4851,0.0002,0.0578,0.0,0.0,0.0,0.0653,0.1094,0.8844,0.3917,0.6083,0.5029,0.5015,123.0,122.0,122.5,2.0,35.8114,3
239,7.9667,29.9663,75.3478,0.0037,0.0,0.0025,0.0,0.0,0.0,0.0653,0.1094,0.8844,0.3917,0.6083,0.5029,0.5014,123.0,122.0,122.0,2.0,35.8124,3
240,8.0,0.4009,0.1723,30.0189,0.0643,0.9397,0.0,0.0,0.0,0.001,0.4438,0.5559,0.0528,0.9472,0.5007,0.6309,90.0,86.0,73.0,0.0,102.8119,2
241,8.0333,0.4008,0.172,0.0013,0.0,0.0905,0.0,0.0,0.0,0.001,0.4438,0.5559,0.0528,0.9472,0.5006,0.6323,89.5,86.0,73.0,0.0,102.4884,2
242,8.0667,0.4573,0.2751,0.5387,0.0,0.0,0.0,0.0,0.0,0.001,0.4438,0.5559,0.0528,0.9472,0.5006,0.6323,89.5,86.0,73.0,0.0,102.4884,2
243,8.1,0.4584,0.2775,0.0041,0.0,0.0,0.0,0.0,0.0,0.001,0.4438,0.5559,0.0528,0.9472,0.5006,0.6323,89.5,86.0,73.0,0.0,102.4884,2
244,8.1333,0.4642,0.316,0.5836,0.0,0.021,0.0,0.0,0.0,0.001,0.4425,0.5559,0.0528,0.9472,0.4986,0.6333,89.0,86.0,73.0,0.0,102.4095,2
245,8.1667,0.4678,0.3262,0.0071,0.0,0.0254,0.0,0.0,0.0,0.001,0.4425,0.5559,0.0528,0.9472,0.4986,0.6333,89.0,86.0,73.0,0.0,102.3708,2
246,8.2,0.4747,0.3782,0.5874,0.0,0.7027,0.0,0.0,0.0,0.001,0.4422,0.5558,0.0528,0.9472,0.4979,0.6413,88.0,83.0,73.0,18.0,100.9634,2
247,8.2333,0.4874,0.4157,0.0172,0.0,0.0393,0.0,0.0,0.0,0.001,0.4422,0.5558,0.0528,0.9472,0.4979,0.6413,88.0,83.0,73.0,18.0,100.9812,2
248,8.2667,0.4896,0.4659,0.5886,0.0001,2.4193,0.0,0.0,0.0,0.001,0.4427,0.5557,0.0528,0.9472,0.5007,0.6519,89.0,87.5,74.0,22.0,99.3098,2
249,8.3,0.5215,0.5612,0.0408,0.0,0.1966,0.0,0.0,0.0,0.0011,0.4428,0.5556,0.0528,0.9472,0.5005,0.6467,88.0,84.0,75.0,23.5,97.3792,4
250,8.3333,0.5656,0.6876,0.5891,0.0001,3.4914,0.0,0.0,0.0,0.0011,0.443,0.5555,0.0528,0.9472,0.4994,0.6356,88.5,81.0,75.0,24.0,94.2332,4
251,8.3667,0.626,0.8683,0.0719,0.0002,0.3248,0.0,0.0,0.0,0.0011,0.4432,0.5553,0.0528,0.9472,0.4986,0.6329,87.0,80.0,74.0,25.0,92.0461,5
252,8.4,0.689,1.1006,0.6088,0.0003,3.0543,0.0,0.0,0.0,0.0011,0.4431,0.5553,0.0528,0.9472,0.499,0.6144,88.0,80.0,73.0,14.0,92.278,3
253,8.4333,0.7887,1.3991,0.1121,0.0003,0.6014,0.0,0.0,0.0,0.0011,0.4431,0.5553,0.0528,0.9472,0.499,0.6162,88.0,80.0,70.0,10.0,92.0018,3
254,8.4667,0.9328,1.7924,0.652,0.0003,2.6916,0.0,0.0,0.0,0.0012,0.4432,0.5552,0.0528,0.9472,0.4987,0.6263,87.0,80.0,72.0,10.0,90.5382,4
255,8.5,1.0793,2.2318,0.1741,0.0003,0.7271,0.0,0.0,0.0,0.0011,0.4431,0.5553,0.0528,0.9472,0.4991,0.6284,88.0,81.0,69.0,7.0,91.4171,3
256,8.5333,1.2708,2.7758,0.7649,0.0004,0.7363,0.0,0.0,0.0,0.0012,0.4435,0.555,0.0528,0.9472,0.4963,0.6182,91.0,82.0,74.0,10.0,85.035,5
257,8.5667,1.4776,3.3949,0.2859,0.0005,1.3484,0.0,0.0,0.0,0.0014,0.4438,0.5547,0.0528,0.9472,0.495,0.605,97.0,80.0,70.0,20.0,76.9181,4
258,8.6,1.7179,4.1726,0.8806,0.0007,2.0569,0.0,0.0,0.0,0.0015,0.4438,0.5547,0.0528,0.9472,0.4929,0.5917,101.0,80.0,66.0,129.0,71.3532,5
259,8.6333,2.0257,5.0955,0.4408,0.0008,5.7037,0.0,0.0,0.0,0.0019,0.4422,0.5558,0.0528,0.9472,0.497,0.5772,110.0,88.0,60.0,159.0,62.5384,4
260,8.6667,2.3537,6.1695,0.9977,0.0011,4.6869,0.0,0.0,0.0,0.0018,0.4362,0.5622,0.0528,0.9472,0.4927,0.575,105.0,90.0,60.0,155.0,65.1054,5
261,8.7,2.7415,7.3321,0.624,0.0013,1.6102,0.0,0.0,0.0,0.0016,0.4344,0.5828,0.0528,0.9472,0.502,0.59,94.0,91.0,69.0,115.0,71.8467,8
262,8.7333,3.1248,8.5793,1.1479,0.0021,5.2273,0.0,0.0,0.0,0.003,0.4422,0.5891,0.0528,0.9472,0.5072,0.5534,98.0,89.0,69.0,164.0,45.282,6
263,8.7667,3.6139,10.0456,0.8384,0.0048,20.9639,0.0,0.0,0.0,0.0069,0.4216,0.5925,0.0556,0.9472,0.5007,0.5243,109.0,98.0,81.0,163.0,29.4587,3
264,8.8,4.0948,11.5504,1.3076,0.0057,25.2545,0.0,0.0,0.0,0.0103,0.4136,0.5969,0.0556,0.9472,0.4987,0.5191,164.0,100.0,97.0,152.0,24.3017,3
265,8.8333,4.5589,12.9412,0.9179,0.0061,21.1461,0.0,0.0,0.0,0.013,0.4016,0.6031,0.0582,0.9472,0.497,0.5188,205.0,103.0,96.0,154.0,23.2398,3
266,8.8667,4.9863,14.2589,1.2716,0.0065,18.6254,0.0,0.0,0.0,0.0156,0.3938,0.6062,0.0583,0.9444,0.4947,0.5197,212.0,107.0,101.0,148.0,21.9222,3
267,8.9,5.3928,15.4778,0.8831,0.0067,16.5619,0.0,0.0,0.0,0.0181,0.3891,0.6078,0.0583,0.9444,0.4932,0.5193,215.0,109.5,102.0,140.0,20.7704,3
268,8.9333,5.7501,16.5654,1.1695,0.0062,14.589,0.0,0.0,0.0,0.0202,0.3859,0.6125,0.0611,0.9444,0.4936,0.5203,217.0,113.0,106.0,135.0,20.376,3
269,8.9667,6.093,17.5925,0.7833,0.0059,12.6129,0.0,0.0,0.0,0.022,0.3828,0.6141,0.0611,0.9444,0.4941,0.5208,221.0,117.0,103.0,134.0,19.8846,3
270,9.0,6.4333,18.5846,1.0802,0.0063,12.0211,0.0,0.0,0.0,0.0243,0.3781,0.6172,0.0611,0.9444,0.4946,0.5214,224.0,123.0,110.0,128.5,19.4849,3
271,9.0333,6.7262,19.4619,0.6768,0.0058,10.2162,0.0,0.0,0.0,0.0269,0.375,0.6203,0.0639,0.9444,0.4949,0.5218,223.0,124.0,111.0,127.0,19.4543,3
272,9.0667,6.9793,20.2336,0.932,0.0058,9.4392,0.0,0.0,0.0,0.029,0.3703,0.625,0.0639,0.9444,0.4955,0.5215,225.0,126.0,111.0,125.0,19.2488,4
273,9.1,7.216,20.9427,0.5779,0.0063,8.5988,0.0,0.0,0.0,0.031,0.3656,0.6266,0.0667,0.9417,0.4946,0.5212,225.0,126.0,113.0,120.0,19.3599,4
274,9.1333,7.4199,21.5595,0.8207,0.0062,7.9225,0.0,0.0,0.0,0.033,0.3594,0.6281,0.0667,0.9417,0.4937,0.5209,226.0,126.0,109.0,119.0,18.9286,3
275,9.1667,7.5888,22.0657,0.4708,0.0057,7.2857,0.0,0.0,0.0,0.0341,0.3562,0.6312,0.3861,0.9417,0.4918,0.5207,228.0,131.0,107.0,117.0,19.2107,3
276,9.2,7.7262,22.4597,0.7254,0.0052,6.46,0.0,0.0,0.0,0.0354,0.3547,0.6312,0.3849,0.9417,0.4897,0.5202,228.0,136.0,107.0,111.0,18.9615,3
277,9.2333,7.8313,22.7742,0.3594,0.0047,5.635,0.0,0.0,0.0,0.0365,0.3531,0.6344,0.3861,0.9417,0.4872,0.5198,228.0,138.0,107.0,109.0,18.9249,3
278,9.2667,7.9246,23.0059,0.6541,0.0043,5.0142,0.0,0.0,0.0,0.0375,0.3516,0.6375,0.3833,0.9417,0.4866,0.519,229.0,143.0,110.0,102.0,18.9037,3
279,9.3,7.986,23.1884,0.2803,0.0041,4.518,0.0,0.0,0.0,0.0384,0.35,0.6391,0.3833,0.9417,0.4857,0.5186,229.0,144.0,111.0,98.0,18.8946,3
280,9.3333,8.0392,23.2985,0.5921,0.0034,4.0221,0.0,0.0,0.0,0.0396,0.35,0.6406,0.3833,0.9417,0.4851,0.5184,229.0,144.0,111.0,95.5,18.9352,3
281,9.3667,8.0676,23.383,0.2223,0.0031,3.7295,0.0,0.0,0.0,0.0403,0.3484,0.6422,0.3833,0.9417,0.4846,0.5181,229.0,146.0,112.0,93.0,19.01,3
282,9.4,8.0917,23.3825,0.5762,0.0028,3.4736,0.0,0.0,0.0,0.0406,0.3469,0.6438,0.3833,0.9417,0.4844,0.5181,228.0,144.0,110.0,87.0,19.3753,3
283,9.4333,8.0868,23.3668,0.1984,0.0026,3.3054,0.0,0.0,0.0,0.0408,0.3453,0.6453,0.3833,0.9417,0.4836,0.5179,225.0,144.0,111.0,85.0,19.6616,3
284,9.4667,8.061,23.2856,0.5761,0.0024,3.237,0.0,0.0,0.0,0.0411,0.3422,0.6453,0.3833,0.9417,0.4833,0.5182,224.0,143.0,110.0,78.0,20.0567,3
285,9.5,8.0356,23.2087,0.2009,0.0024,3.3851,0.0,0.0,0.0,0.0415,0.3422,0.6453,0.3848,0.9417,0.4827,0.5183,223.0,140.0,109.0,69.0,20.4564,3
286,9.5333,8.0359,23.1613,0.5877,0.0024,3.3323,0.0,0.0,0.0,0.0416,0.3406,0.6453,0.3861,0.9417,0.4828,0.5185,221.0,136.0,109.0,69.0,20.8975,3
287,9.5667,8.0148,23.0966,0.198,0.0022,3.5066,0.0,0.0,0.0,0.0417,0.3406,0.6453,0.3861,0.9417,0.4825,0.5184,219.0,133.0,108.0,60.0,21.6077,3
288,9.6,7.9962,23.0179,0.6188,0.0023,3.6266,0.0,0.0,0.0,0.0418,0.3391,0.6453,0.3861,0.9417,0.4823,0.5184,216.0,130.0,104.0,51.0,22.2747,3
289,9.6333,7.9729,22.9477,0.2003,0.0021,3.7578,0.0,0.0,0.0,0.0416,0.3391,0.6453,0.3861,0.9417,0.483,0.5183,214.0,129.0,101.0,40.0,23.0645,3
290,9.6667,7.9363,22.8429,0.6214,0.0021,3.7972,0.0,0.0,0.0,0.0414,0.3391,0.6453,0.3833,0.9417,0.4832,0.518,210.0,127.0,97.0,27.0,24.0916,3
291,9.7,7.9112,22.7674,0.1938,0.0019,3.7983,0.0,0.0,0.0,0.0411,0.3406,0.6469,0.3833,0.9417,0.4836,0.5179,207.0,130.0,97.0,18.0,25.193,3
292,9.7333,7.9067,22.7013,0.6279,0.0021,3.8487,0.0,0.0,0.0,0.0406,0.3406,0.6469,0.3833,0.9417,0.484,0.5179,201.0,129.0,101.0,13.0,27.0741,3
293,9.7667,7.884,22.6327,0.1837,0.0019,3.607,0.0,0.0,0.0,0.0407,0.3406,0.6469,0.3855,0.9417,0.484,0.5178,193.0,124.0,97.0,8.0,28.0427,3
294,9.8,7.8559,22.5628,0.6379,0.0015,3.6816,0.0,0.0,0.0,0.0407,0.3406,0.6484,0.3861,0.9417,0.4846,0.5177,186.0,120.0,95.0,4.0,29.4618,3
295,9.8333,7.8343,22.4972,0.175,0.0014,3.5322,0.0,0.0,0.0,0.0404,0.3406,0.6469,0.3861,0.9417,0.4851,0.5181,179.0,119.0,95.0,3.0,31.2841,3
296,9.8667,7.9054,22.6922,0.6407,0.0014,3.8831,0.0,0.0,0.0,0.0403,0.3406,0.6484,0.3833,0.9417,0.4857,0.5179,158.0,119.0,98.0,3.0,33.403,3
297,9.9,7.8857,22.6324,0.2377,0.0015,4.8051,0.0,0.0,0.0,0.0407,0.3406,0.6484,0.3833,0.9417,0.4852,0.5176,101.0,98.0,90.0,3.0,38.2873,3
298,9.9333,7.8936,22.5703,0.6774,0.0011,4.0037,0.0,0.0,0.0,0.0407,0.3406,0.6484,0.3861,0.9417,0.4851,0.5178,101.0,97.5,91.0,0.0,42.2738,3
299,9.9667,7.7284,22.0739,0.2009,0.0026,3.5602,0.0,0.0,0.0,0.04,0.3422,0.6484,0.3861,0.9417,0.487,0.5183,112.0,101.0,101.0,0.0,44.5177,3
300,10.0,7.7993,22.2291,0.6704,0.0007,2.0697,0.0,0.0,0.0,0.04,0.3422,0.6484,0.3861,0.9417,0.4872,0.5184,109.0,101.0,101.0,0.0,43.5414,3
301,10.0333,7.8004,22.2309,0.0036,0.0,0.0214,0.0,0.0,0.0,0.04,0.3422,0.6484,0.3861,0.9417,0.4872,0.5184,109.0,101.0,101.0,0.0,43.5829,3
302,10.0667,7.8297,22.2938,0.5777,0.0,0.1197,0.0,0.0,0.0,0.04,0.3422,0.6484,0.3861,0.9417,0.4871,0.5184,109.0,101.0,101.0,0.0,43.5462,3
303,10.1,7.8302,22.2945,0.0042,0.0,0.0014,0.0,0.0,0.0,0.04,0.3422,0.6484,0.3861,0.9417,0.4871,0.5184,109.0,101.0,101.0,0.0,43.5606,3
304,10.1333,7.8424,22.3121,0.6041,0.0,0.256,0.0,0.0,0.0,0.04,0.3422,0.6484,0.3861,0.9417,0.4871,0.5184,108.0,101.0,101.0,0.0,43.6484,3
305,10.1667,7.8426,22.312,0.003,0.0,0.005,0.0,0.0,0.0,0.04,0.3422,0.6484,0.3861,0.9417,0.4871,0.5184,108.5,101.0,101.0,0.0,43.6508,3
306,10.2,7.8366,22.3287,0.616,0.0001,0.4449,0.0,0.0,0.0,0.04,0.3422,0.6484,0.3861,0.9417,0.4871,0.5184,109.0,101.0,101.0,0.0,43.6966,3
307,10.2333,7.837,22.3288,0.0014,0.0,0.002,0.0,0.0,0.0,0.04,0.3422,0.6484,0.3861,0.9417,0.4871,0.5184,109.0,101.0,101.0,0.0,43.6928,3
308,10.2667,0.4814,0.3008,7.9653,0.0391,0.9924,0.0,0.0,0.0,0.001,0.4438,0.5559,0.0528,0.9472,0.5001,0.6416,89.0,83.5,74.0,21.0,101.2318,2
309,10.3,0.4817,0.3007,0.0024,0.0,0.0929,0.0,0.0,0.0,0.001,0.4438,0.5559,0.0528,0.9472,0.5001,0.6416,89.0,83.5,74.0,23.0,101.235,2
310,10.3333,4.1947,7.7295,11.456,0.0734,3.8497,0.0,0.0,0.0,0.0743,0.0172,0.9918,0.3,0.7056,0.594,0.4772,1.0,0.0,211.0,255.0,5.6811,3
311,10.3667,24.2265,48.0755,16.1743,0.0491,74.6465,0.0,0.0,0.0,0.0884,0.0172,0.9906,0.2833,0.7,0.5552,0.4841,13.0,195.0,15.0,246.0,22.4274,3
312,10.4,26.0971,52.6393,17.1534,0.0434,86.2608,0.0,0.0,0.0,0.0992,0.0125,0.9906,0.2917,0.7056,0.5492,0.4861,221.0,0.0,35.0,255.0,16.6701,3
313,10.4333,26.1292,52.4673,6.3744,0.0349,47.8302,0.0,0.0,0.0,0.0791,0.0094,0.9891,0.2917,0.7083,0.4993,0.477,32.0,103.0,190.0,221.0,22.4879,3
314,10.4667,25.1219,50.2654,9.9768,0.0178,56.9205,0.0,0.0,0.0,0.0776,0.0109,0.9891,0.3,0.7028,0.5161,0.4721,208.0,138.5,16.0,227.0,24.6944,3
315,10.5,14.0086,28.87,9.7021,0.0384,43.3134,0.0,0.0,0.0,0.0884,0.0078,0.9875,0.3139,0.6889,0.4719,0.4831,231.0,0.0,31.0,255.0,18.0298,3
316,10.5333,13.1244,26.1394,15.6843,0.0578,81.0491,0.0,0.0,0.0,0.1134,0.0078,0.9875,0.3278,0.6667,0.4535,0.5047,12.0,11.0,242.0,240.0,20.4811,3
317,10.5667,26.831,51.9869,12.2436,0.0313,69.8492,0.0,0.0,0.0,0.1172,0.0078,0.9859,0.3389,0.6611,0.4433,0.5085,30.0,253.0,249.0,215.0,22.3563,3
318,10.6,33.2085,64.2444,10.1153,0.0429,63.1709,0.0,0.0,0.0,0.0946,0.0078,0.9844,0.3472,0.6556,0.4387,0.5157,62.0,252.0,246.0,85.0,27.0732,3
319,10.6333,33.8609,65.7401,3.6337,0.0298,36.3562,0.0,0.0,0.0,0.0771,0.0109,0.9859,0.3556,0.65,0.484,0.5049,122.0,225.0,204.0,45.0,26.5181,3
320,10.6667,31.9838,62.5188,7.022,0.0499,38.6773,0.0,0.0,0.0,0.1037,0.0078,0.9859,0.3639,0.6361,0.4708,0.4972,251.0,253.0,47.0,98.0,19.5504,3
321,10.7,21.9483,44.1252,8.025,0.0274,42.2456,0.0,0.0,0.0,0.1117,0.0078,0.9844,0.3722,0.6278,0.4398,0.5007,235.0,137.0,40.0,138.0,23.3286,3
322,10.7333,16.4679,33.9858,7.6376,0.0243,41.0339,0.0,0.0,0.0,0.1014,0.0062,0.9812,0.3778,0.6111,0.4188,0.4952,231.0,107.0,72.0,48.0,27.0079,3
323,10.7667,15.4801,31.8896,4.4858,0.0091,40.2238,0.0,0.0,0.0,0.101,0.0062,0.9812,0.3833,0.6139,0.4128,0.4971,108.0,42.0,244.0,75.0,27.2321,3
324,10.8,18.6905,37.3265,6.1231,0.0247,42.7138,0.0,0.0,0.0,0.1127,0.0078,0.9875,0.3889,0.6111,0.465,0.4944,46.0,252.0,243.0,171.0,20.4172,3
325,10.8333,20.5703,40.4527,6.4831,0.047,55.4871,0.0,0.0,0.0,0.0869,0.0172,0.9906,0.3917,0.6111,0.5637,0.4878,34.0,33.0,239.0,196.0,22.3771,3
326,10.8667,23.2738,45.562,5.2099,0.0208,51.1196,0.0,0.0,0.0,0.0826,0.0156,0.9906,0.4083,0.6056,0.5589,0.4945,38.0,251.0,249.0,81.0,24.0439,3
327,10.9,25.1529,49.3187,3.5431,0.0231,35.9282,0.0,0.0,0.0,0.0719,0.0141,0.9891,0.4056,0.6056,0.5289,0.4976,55.0,218.0,204.0,67.0,27.9164,3
328,10.9333,23.9579,48.3151,5.7965,0.0155,38.7184,0.0,0.0,0.0,0.0675,0.0141,0.9882,0.4056,0.5972,0.5218,0.498,90.0,181.0,33.0,117.0,28.3713,3
329,10.9667,17.9215,37.0074,7.2146,0.0401,36.5155,0.0,0.0,0.0,0.0972,0.0156,0.9906,0.4083,0.5889,0.5697,0.4898,228.0,181.0,89.0,160.0,17.8196,3
330,11.0,15.004,31.1474,6.8398,0.014,44.9768,0.0,0.0,0.0,0.0937,0.0188,0.9922,0.4083,0.5583,0.5969,0.4839,228.0,171.0,89.0,132.0,26.5585,3
331,11.0333,14.1823,29.5506,3.4006,0.0051,31.8829,0.0,0.0,0.0,0.0932,0.0172,0.9922,0.4083,0.5583,0.5945,0.4845,145.0,77.0,65.0,26.0,29.8623,3
332,11.0667,14.0935,29.0235,3.4781,0.0148,17.4095,0.0,0.0,0.0,0.0934,0.0125,0.9906,0.4111,0.5833,0.5525,0.4913,76.0,46.0,197.0,21.0,30.2795,3
333,11.1,17.8832,34.4213,3.9303,0.0115,18.9076,0.0,0.0,0.0,0.0974,0.0125,0.9906,0.4139,0.5806,0.5513,0.494,37.0,159.0,229.0,26.0,28.9625,3
334,11.1333,20.6165,39.7684,4.1943,0.0166,22.0258,0.0,0.0,0.0,0.0939,0.0188,0.9922,0.4167,0.5806,0.5887,0.4942,73.0,122.0,197.0,45.0,29.4517,3
335,11.1667,21.4151,41.6195,2.6312,0.0066,23.2015,0.0,0.0,0.0,0.0903,0.0172,0.9922,0.4222,0.5778,0.5902,0.4951,112.0,200.0,65.0,25.0,30.4671,3
336,11.2,19.9886,39.2611,2.8446,0.005,26.6182,0.0,0.0,0.0,0.0878,0.0172,0.9922,0.425,0.575,0.5855,0.4956,204.0,70.0,32.0,66.0,31.7731,3
337,11.2333,16.7149,33.6631,5.1691,0.0157,37.0548,0.0,0.0,0.0,0.0914,0.0125,0.9891,0.4306,0.575,0.5393,0.4958,201.0,37.0,15.0,227.0,30.8404,3
338,11.2667,9.7817,21.5783,5.4619,0.0239,36.5789,0.0,0.0,0.0,0.0716,0.0094,0.9859,0.4389,0.5722,0.4711,0.4975,215.0,12.0,24.0,170.0,29.6158,3
339,11.3,8.3885,18.5151,6.4343,0.0317,28.8568,0.0,0.0,0.0,0.0605,0.0109,0.9859,0.4278,0.9389,0.4874,0.4904,24.0,25.0,116.0,39.0,30.4904,3
340,11.3333,14.1423,28.3609,4.4287,0.0047,21.4418,0.0,0.0,0.0,0.0618,0.0109,0.9875,0.4278,0.9389,0.4991,0.49,28.0,125.0,112.0,39.0,37.2818,3
341,11.3667,16.4141,32.4419,4.8105,0.0207,27.5928,0.0,0.0,0.0,0.0794,0.0078,0.9828,0.4306,0.5556,0.4323,0.4986,32.0,32.0,38.0,62.0,31.6241,3
342,11.4,17.2339,33.5379,3.617,0.0066,36.4692,0.0,0.0,0.0,0.0821,0.0078,0.9828,0.4333,0.5611,0.4233,0.5007,32.0,34.0,226.0,106.0,34.0327,3
343,11.4333,18.9943,36.4126,5.2665,0.0215,45.2838,0.0,0.0,0.0,0.0987,0.0094,0.9891,0.4361,0.5611,0.4828,0.4995,155.0,253.0,94.0,128.0,29.9534,3
344,11.4667,16.2502,32.0836,4.702,0.0144,35.3005,0.0,0.0,0.0,0.092,0.0094,0.9875,0.4361,0.5639,0.496,0.4985,232.0,45.0,60.0,37.0,32.281,3
345,11.5,14.9502,29.8793,3.2331,0.0231,20.5663,0.0,0.0,0.0,0.0821,0.0078,0.9812,0.4472,0.5639,0.4188,0.5011,236.0,251.0,235.0,2.0,36.8214,3
346,11.5333,14.6475,29.3331,1.5372,0.0057,10.8617,0.0,0.0,0.0,0.0833,0.0062,0.9812,0.4472,0.5639,0.4123,0.5016,240.0,238.0,230.0,2.0,43.173,3
347,11.5667,14.806,29.5009,2.9575,0.0192,18.0786,0.0,0.0,0.0,0.097,0.0078,0.9891,0.4389,0.5611,0.4775,0.4999,74.0,55.0,244.0,8.0,38.151,3
348,11.6,18.6011,35.4015,3.6969,0.0078,24.0894,0.0,0.0,0.0,0.097,0.0078,0.9875,0.4417,0.5611,0.4743,0.4999,65.0,253.0,251.0,13.0,38.8018,3
349,11.6333,20.3633,38.274,2.9051,0.0197,18.7931,0.0,0.0,0.0,0.0803,0.0062,0.9812,0.4417,0.5611,0.4127,0.5016,247.0,252.0,250.0,0.0,40.0574,3
350,11.6667,20.1919,38.0367,1.5438,0.01,11.094,0.0,0.0,0.0,0.0734,0.0078,0.9828,0.4417,0.5583,0.4336,0.5023,238.0,228.0,185.0,0.0,41.9442,3
351,11.7,19.0311,36.4924,3.1612,0.0109,22.0592,0.0,0.0,0.0,0.079,0.0062,0.9828,0.4417,0.5556,0.4157,0.5015,249.0,252.0,39.0,8.0,36.852,3
352,11.7333,13.3505,29.0589,5.947,0.0063,40.2215,0.0,0.0,0.0,0.0772,0.0078,0.9812,0.4444,0.5556,0.4187,0.5017,233.0,35.0,11.0,235.0,32.8852,3
353,11.7667,7.3215,18.8093,4.9318,0.0183,36.7154,0.0,0.0,0.0,0.0606,0.0062,0.7,0.4472,0.9389,0.3505,0.5035,222.0,18.0,12.0,220.0,32.6177,3
354,11.8,5.2853,14.7937,2.7793,0.0306,9.4019,0.0,0.0,0.0,0.0311,0.1618,0.6547,0.0654,0.9444,0.4836,0.5026,154.0,89.0,81.0,0.0,47.8843,3
355,11.8333,5.1596,14.4487,0.2637,0.0036,2.7657,0.0,0.0,0.0,0.0286,0.3452,0.6547,0.0639,0.9444,0.499,0.5016,207.0,207.0,207.0,0.0,50.0265,3
356,11.8667,5.1272,14.3349,0.6191,0.0012,1.9507,0.0,0.0,0.0,0.0284,0.3453,0.6531,0.0639,0.9444,0.4986,0.5017,207.0,207.0,207.0,0.0,49.9234,3
357,11.9,5.0912,14.2258,0.1329,0.0013,1.8721,0.0,0.0,0.0,0.0281,0.3453,0.6531,0.0639,0.9444,0.4989,0.5018,202.0,202.0,202.0,0.0,50.4513,3
358,11.9333,5.0677,14.1254,0.6177,0.0012,1.8276,0.0,0.0,0.0,0.028,0.3469,0.6531,0.0639,0.9444,0.4985,0.5018,203.0,202.0,204.0,0.0,49.8735,3
359,11.9667,5.0381,14.0359,0.1161,0.0012,1.6007,0.0,0.0,0.0,0.0279,0.3469,0.6516,0.0639,0.9444,0.4981,0.5019,217.0,216.5,217.5,0.0,49.8488,3
360,12.0,4.992,13.9095,0.6485,0.0013,1.6968,0.0,0.0,0.0,0.0278,0.3469,0.6516,0.0639,0.9444,0.4986,0.5013,208.0,208.0,208.0,0.0,50.391,3
361,12.0333,4.9669,13.834,0.0972,0.0009,1.5514,0.0,0.0,0.0,0.0277,0.3484,0.6516,0.0639,0.9444,0.4988,0.5015,205.0,205.0,205.0,0.0,51.3101,3
362,12.0667,5.0065,13.8278,0.6435,0.0009,1.5391,0.0,0.0,0.0,0.0277,0.3484,0.65,0.0639,0.9444,0.498,0.5016,211.0,211.0,211.0,0.0,52.0755,3
363,12.1,4.984,13.7585,0.0865,0.0008,1.4306,0.0,0.0,0.0,0.0276,0.3484,0.65,0.0639,0.9444,0.4981,0.5015,207.5,207.5,207.5,0.0,52.4325,3
364,12.1333,4.9696,13.6957,0.6826,0.0008,1.5023,0.0,0.0,0.0,0.0275,0.3484,0.65,0.0639,0.9444,0.498,0.5016,207.0,207.0,207.0,0.0,52.7141,3
365,12.1667,4.953,13.645,0.0702,0.0007,1.2744,0.0,0.0,0.0,0.0274,0.35,0.65,0.0639,0.9444,0.4985,0.5016,194.0,194.0,194.0,0.0,52.3755,3
366,12.2,4.9298,13.5917,0.6741,0.0007,1.1495,0.0,0.0,0.0,0.0272,0.35,0.6489,0.0639,0.9444,0.4988,0.5016,204.0,204.0,204.0,0.0,52.3861,3
367,12.2333,4.9156,13.5483,0.0595,0.0005,1.013,0.0,0.0,0.0,0.0272,0.35,0.6484,0.0639,0.9444,0.4988,0.5016,205.0,205.0,205.0,0.0,52.4058,3
368,12.2667,4.8975,13.5305,0.6739,0.0005,1.1715,0.0,0.0,0.0,0.0272,0.35,0.6484,0.0639,0.9444,0.4991,0.5019,201.0,201.0,201.0,0.0,52.6741,3
369,12.3,4.8859,13.4949,0.0515,0.0005,1.0298,0.0,0.0,0.0,0.0272,0.35,0.6484,0.0639,0.9444,0.499,0.5018,200.0,200.0,200.0,0.0,52.5957,3
370,12.3333,4.8729,13.4804,0.6476,0.0006,1.1699,0.0,0.0,0.0,0.0273,0.35,0.6484,0.0639,0.9444,0.4989,0.5028,198.0,198.0,198.0,0.0,52.4799,3
371,12.3667,4.8629,13.4501,0.0386,0.0003,0.8091,0.0,0.0,0.0,0.0272,0.3509,0.6484,0.0639,0.9444,0.4988,0.5029,200.0,200.0,200.0,0.0,52.3247,3
372,12.4,4.8429,13.4304,0.6299,0.0003,0.9308,0.0,0.0,0.0,0.027,0.3516,0.6484,0.0639,0.9444,0.4986,0.5023,196.0,196.0,196.0,0.0,51.7467,3
373,12.4333,4.8385,13.4166,0.0297,0.0003,0.6047,0.0,0.0,0.0,0.027,0.3516,0.6484,0.0639,0.9444,0.4982,0.5023,193.0,193.0,193.0,0.0,51.5071,3
374,12.4667,4.8319,13.394,0.6079,0.0004,0.6125,0.0,0.0,0.0,0.0268,0.3516,0.6484,0.0639,0.9444,0.4979,0.5022,195.0,195.0,195.0,0.0,51.1835,3
375,12.5,4.8284,13.383,0.0188,0.0002,0.3659,0.0,0.0,0.0,0.0267,0.3516,0.6484,0.0639,0.9444,0.4976,0.5023,195.0,195.0,195.0,0.0,51.1929,3
376,12.5333,4.8046,13.3803,0.5879,0.0002,0.3452,0.0,0.0,0.0,0.0268,0.3516,0.6484,0.0639,0.9444,0.4978,0.502,194.0,194.0,194.0,0.0,51.1585,3
377,12.5667,4.8025,13.3747,0.0075,0.0,0.1234,0.0,0.0,0.0,0.0267,0.3516,0.6484,0.0639,0.9444,0.4977,0.5022,193.0,193.0,193.0,0.0,51.2075,3
378,12.6,0.4201,0.3137,4.8511,0.0258,0.1801,0.0,0.0,0.0,0.001,0.4426,0.5558,0.0528,0.9472,0.5006,0.6314,90.0,86.0,73.0,6.0,101.4259,2
379,12.6333,0.4202,0.3141,0.0021,0.0,0.1786,0.0,0.0,0.0,0.001,0.4425,0.5559,0.0528,0.9472,0.5004,0.6391,90.0,86.0,74.0,6.0,102.5864,2
380,12.6667,0.3876,0.3185,0.4791,0.0,0.1473,0.0,0.0,0.0,0.001,0.4425,0.5559,0.0528,0.9472,0.5004,0.6391,90.0,86.0,74.0,6.0,102.6499,2
381,12.7,0.4806,0.5977,0.2741,0.0043,0.0863,0.0,0.0,0.0,0.0053,0.4503,0.5484,0.0556,0.9472,0.4981,0.5163,1.0,0.0,94.0,255.0,26.2132,3
382,12.7333,0.8479,1.7381,1.574,0.0128,20.1965,0.0,0.0,0.0,0.0144,0.4312,0.5672,0.0583,0.9444,0.5004,0.498,1.0,0.0,102.0,255.0,14.6135,3
383,12.7667,2.2704,5.9075,2.9639,0.0332,34.4926,0.0,0.0,0.0,0.0412,0.3562,0.6797,0.2833,0.9417,0.5146,0.4781,1.0,0.0,154.0,255.0,17.3218,3
384,12.8,5.3568,14.9737,4.9056,0.0444,39.2192,0.0,0.0,0.0,0.065,0.2844,0.75,0.2722,0.6639,0.5107,0.4807,1.0,1.0,139.0,255.0,22.4467,3
385,12.8333,11.4948,32.3794,6.2765,0.0448,48.307,0.0,0.0,0.0,0.0865,0.2344,0.7516,0.2472,0.6778,0.5102,0.4761,4.0,35.0,162.0,240.0,36.3656,3
386,12.8667,18.0918,49.8205,7.9486,0.0391,53.8734,0.0,0.0,0.0,0.096,0.2359,0.7531,0.225,0.6861,0.5074,0.4749,19.0,112.0,139.0,229.0,46.2533,3
387,12.9,22.1785,59.8679,7.9606,0.0364,56.5649,0.0,0.0,0.0,0.1068,0.2328,0.7531,0.2056,0.6944,0.5081,0.4722,35.0,153.0,141.0,168.0,49.5855,3
388,12.9333,25.0937,66.0035,7.9924,0.0348,52.8677,0.0,0.0,0.0,0.1123,0.2359,0.7547,0.1917,0.7056,0.5014,0.475,96.0,124.0,138.0,89.0,50.9212,3
389,12.9667,26.9921,70.5719,6.104,0.0284,43.8009,0.0,0.0,0.0,0.1195,0.2359,0.7547,0.1861,0.7139,0.5025,0.4728,117.0,132.0,143.0,68.0,48.1409,5
390,13.0,28.5502,74.8361,5.9948,0.0298,39.3443,0.0,0.0,0.0,0.1236,0.2359,0.7562,0.1778,0.7167,0.5046,0.4692,130.0,138.0,120.0,68.0,46.9191,3
391,13.0333,29.1973,76.6245,5.69,0.0335,39.1452,0.0,0.0,0.0,0.1256,0.2359,0.7578,0.1722,0.7222,0.5039,0.4713,139.0,134.0,126.0,65.0,44.0028,3
392,13.0667,29.4494,76.5592,6.4572,0.0367,40.0073,0.0,0.0,0.0,0.1329,0.2359,0.7578,0.1694,0.7306,0.5083,0.4732,131.0,118.0,115.0,80.0,41.6289,3
393,13.1,30.3199,78.5695,5.8719,0.0387,35.28,0.0,0.0,0.0,0.1372,0.2344,0.7562,0.1667,0.7389,0.5104,0.4723,116.0,104.0,132.0,81.0,39.8172,3
394,13.1333,31.7278,82.4936,6.135,0.0398,34.946,0.0,0.0,0.0,0.1413,0.2344,0.7578,0.1611,0.7444,0.5107,0.4743,117.0,101.0,134.0,84.0,40.3286,3
395,13.1667,33.0368,87.6943,6.0489,0.0418,33.9917,0.0,0.0,0.0,0.1438,0.2328,0.7578,0.1611,0.7472,0.5066,0.4784,116.0,110.0,120.0,87.0,36.9194,3
396,13.2,33.717,90.9984,6.3834,0.044,33.3928,0.0,0.0,0.0,0.1459,0.2312,0.7594,0.1861,0.7444,0.5034,0.4857,108.0,95.0,139.0,87.0,34.9193,4
397,13.2333,34.957,95.4768,5.6538,0.041,31.2207,0.0,0.0,0.0,0.147,0.2312,0.7609,0.1889,0.7417,0.5042,0.4896,108.0,103.0,145.0,85.0,34.0512,3
398,13.2667,36.1957,99.6037,5.8042,0.0401,30.7071,0.0,0.0,0.0,0.1454,0.2312,0.7609,0.2,0.7417,0.5019,0.4918,113.0,130.0,136.0,74.0,33.2479,3
399,13.3,36.673,101.9843,4.9907,0.0361,27.9649,0.0,0.0,0.0,0.1459,0.2312,0.7609,0.2167,0.7444,0.4987,0.4954,124.0,131.0,124.0,67.0,32.4711,3
400,13.3333,37.0181,103.2961,4.9718,0.0357,26.7545,0.0,0.0,0.0,0.1441,0.2312,0.7609,0.2306,0.7444,0.495,0.4992,133.0,124.0,115.0,54.0,32.0381,3
401,13.3667,36.9052,103.2061,4.5751,0.034,27.2708,0.0,0.0,0.0,0.1426,0.2312,0.7609,0.2389,0.7417,0.4933,0.5009,130.0,110.0,122.0,47.0,30.5045,3
402,13.4,36.9717,103.4808,4.6757,0.0326,25.6478,0.0,0.0,0.0,0.1418,0.2312,0.7609,0.2472,0.7333,0.4933,0.5014,129.0,105.0,130.0,41.0,29.5108,3
403,13.4333,37.0997,103.927,4.2932,0.0331,26.4165,0.0,0.0,0.0,0.1395,0.2328,0.7594,0.2528,0.7278,0.4924,0.5013,125.0,112.0,137.0,38.0,29.3458,3
404,13.4667,37.2301,104.299,4.6344,0.0327,26.6492,0.0,0.0,0.0,0.1365,0.2344,0.7594,0.2611,0.7222,0.4919,0.5024,133.0,130.5,137.0,32.0,28.9008,3
405,13.5,36.9045,103.4775,4.0932,0.032,26.1377,0.0,0.0,0.0,0.1315,0.2344,0.7578,0.2667,0.7194,0.4925,0.5027,140.0,132.0,145.0,26.0,29.1616,3
406,13.5333,36.2697,101.8383,4.4459,0.0315,27.0454,0.0,0.0,0.0,0.1249,0.2375,0.7562,0.2722,0.7194,0.4928,0.5042,150.0,137.0,144.0,19.5,29.8094,3
407,13.5667,35.1885,98.9942,4.4524,0.0332,32.7739,0.0,0.0,0.0,0.1177,0.2422,0.7531,0.275,0.725,0.4939,0.5057,151.0,141.0,147.0,15.0,31.4178,3
408,13.6,33.4186,94.256,5.8665,0.0389,45.4047,0.0,0.0,0.0,0.1081,0.2484,0.7469,0.2806,0.7222,0.4948,0.5072,144.0,139.5,143.5,12.0,32.1384,3
409,13.6333,31.6602,89.4844,5.2381,0.0362,45.9752,0.0,0.0,0.0,0.0988,0.2539,0.7406,0.2833,0.7167,0.4957,0.5076,146.0,138.0,141.0,9.0,34.7912,3
410,13.6667,30.5417,86.4104,3.8442,0.0261,30.795,0.0,0.0,0.0,0.0912,0.2578,0.7359,0.2889,0.7139,0.4967,0.5084,147.0,147.0,140.0,2.0,36.4029,3
411,13.7,29.827,84.455,2.2873,0.0182,19.4899,0.0,0.0,0.0,0.0873,0.2609,0.7328,0.2889,0.7139,0.4978,0.5075,152.0,143.0,144.0,2.0,39.5864,3
412,13.7333,29.2685,82.9637,2.0435,0.0147,11.8439,0.0,0.0,0.0,0.0821,0.2625,0.7297,0.2917,0.7111,0.4972,0.5081,148.0,140.0,146.0,0.0,40.907,3
413,13.7667,28.8837,81.8879,1.1395,0.0128,6.3425,0.0,0.0,0.0,0.0801,0.2656,0.7281,0.2929,0.7111,0.497,0.508,126.5,125.0,125.5,0.0,42.4508,3
414,13.8,28.5987,81.0674,1.3388,0.0106,3.809,0.0,0.0,0.0,0.0797,0.2656,0.7281,0.2944,0.7111,0.4976,0.5081,165.0,169.0,169.0,0.0,41.9053,3
415,13.8333,28.3717,80.4473,0.6595,0.0086,2.7486,0.0,0.0,0.0,0.079,0.2672,0.7266,0.2944,0.7085,0.4962,0.5069,162.0,159.5,160.0,0.0,41.3839,3
416,13.8667,28.2174,79.9641,1.0515,0.0066,2.3249,0.0,0.0,0.0,0.0791,0.2672,0.725,0.2944,0.7083,0.4963,0.5061,154.0,152.0,153.0,0.0,42.0018,3
417,13.9,28.0862,79.5977,0.398,0.0052,2.2357,0.0,0.0,0.0,0.0793,0.2688,0.7266,0.2972,0.7083,0.4969,0.5077,179.0,180.0,178.0,0.0,42.9108,3
418,13.9333,27.9665,79.3015,0.8607,0.0041,1.8502,0.0,0.0,0.0,0.0787,0.2688,0.725,0.2972,0.7083,0.498,0.5081,190.0,190.0,192.0,0.0,41.9856,3
419,13.9667,27.8927,79.0978,0.2363,0.0031,1.0884,0.0,0.0,0.0,0.0779,0.2688,0.725,0.2972,0.7083,0.497,0.508,166.0,166.0,166.0,0.0,41.0966,3
420,14.0,27.7575,78.8098,0.822,0.0028,1.3503,0.0,0.0,0.0,0.0773,0.2703,0.7234,0.2972,0.7083,0.496,0.5078,138.0,138.0,138.0,0.0,41.2358,3
421,14.0333,27.7335,78.7357,0.1187,0.0015,0.4673,0.0,0.0,0.0,0.0773,0.2703,0.7234,0.2972,0.7083,0.4959,0.5081,154.0,154.0,155.0,0.0,41.423,3
422,14.0667,27.7653,78.7644,0.6123,0.0007,0.3804,0.0,0.0,0.0,0.0774,0.2703,0.7234,0.2972,0.7083,0.496,0.5081,159.0,159.0,160.0,0.0,41.6106,3
423,14.1,9.5062,0.2598,35.9205,0.1241,0.359,0.0,0.0,0.0,0.0485,0.2688,0.7234,0.0861,0.9389,0.4911,0.17,189.0,181.0,179.5,0.0,41.8081,3
424,14.1333,9.622,0.2656,1.3536,0.0066,13.2806,0.0,0.0,0.0,0.0504,0.2688,0.725,0.0861,0.9389,0.4929,0.1721,193.0,137.0,138.0,0.0,38.8856,3
425,14.1667,9.9745,0.2656,2.4476,0.0137,46.6996,0.0,0.0,0.0,0.055,0.2688,0.725,0.0861,0.9389,0.4937,0.1771,223.0,42.0,52.0,2.0,40.1271,3
426,14.2,10.5909,1.3057,4.6362,0.0223,61.1813,0.0,0.0,0.0,0.0625,0.2688,0.7266,0.0889,0.2667,0.4941,0.1858,224.0,8.0,27.5,4.0,35.6486,3
427,14.2333,11.4122,8.1371,5.6421,0.0334,57.7845,0.0,0.0,0.0,0.0677,0.2688,0.7281,0.0889,0.2944,0.4938,0.202,223.0,2.0,13.0,17.0,32.3123,3
428,14.2667,12.4222,16.9426,7.4544,0.0432,51.8526,0.0,0.0,0.0,0.073,0.2688,0.7312,0.0917,0.3278,0.4918,0.2247,223.0,1.0,13.0,63.0,32.7768,3
429,14.3,13.6227,26.7047,7.7993,0.048,43.4137,0.0,0.0,0.0,0.077,0.2688,0.7312,0.0917,0.3694,0.4917,0.2499,222.0,1.0,16.0,107.0,31.552,3
430,14.3333,14.8909,32.4233,8.9602,0.0513,42.5908,0.0,0.0,0.0,0.0805,0.2672,0.7328,0.0944,0.4111,0.4915,0.2784,219.0,0.0,20.0,141.0,31.5223,3
431,14.3667,16.2267,36.4578,8.796,0.0526,39.3964,0.0,0.0,0.0,0.0839,0.2672,0.7328,0.0972,0.4583,0.4899,0.3091,216.0,0.0,24.0,160.0,32.1497,3
432,14.4,17.5149,40.5105,9.5152,0.0537,38.9958,0.0,0.0,0.0,0.0879,0.2672,0.7328,0.0972,0.5056,0.4895,0.3392,212.0,0.0,25.0,176.0,33.6284,3
433,14.4333,18.7172,44.2172,9.3538,0.0556,39.6812,0.0,0.0,0.0,0.0919,0.2672,0.7328,0.0972,0.55,0.4884,0.3667,200.0,0.0,28.0,196.0,35.1525,3
434,14.4667,19.8219,47.7736,9.8101,0.0562,37.5674,0.0,0.0,0.0,0.0985,0.2672,0.7328,0.0972,0.5917,0.4867,0.3854,175.0,0.0,34.0,224.0,33.1511,3
435,14.5,20.8252,50.8528,9.7201,0.0595,38.5688,0.0,0.0,0.0,0.1095,0.2672,0.7328,0.0972,0.6306,0.4847,0.4014,151.0,0.0,44.0,237.0,32.5914,3
436,14.5333,21.7788,53.7287,10.0981,0.0588,36.2345,0.0,0.0,0.0,0.1193,0.2672,0.7328,0.0944,0.6667,0.4848,0.414,122.0,0.0,46.0,240.0,31.744,3
437,14.5667,23.0232,56.7023,10.3313,0.063,39.1288,0.0,0.0,0.0,0.1287,0.2672,0.7328,0.0917,0.7,0.4884,0.4239,94.0,1.0,51.0,237.0,31.4691,3
438,14.6,24.3825,59.6469,10.7359,0.0627,37.8134,0.0,0.0,0.0,0.1406,0.2672,0.7328,0.0917,0.7278,0.4899,0.428,77.0,3.0,59.0,235.0,30.3989,3
439,14.6333,26.032,62.4924,10.6052,0.0646,37.9912,0.0,0.0,0.0,0.1498,0.2688,0.7328,0.0917,0.7556,0.4902,0.4348,68.0,10.0,48.0,236.0,29.2102,3
440,14.6667,27.9452,60.4919,10.7874,0.0631,35.32,0.0,0.0,0.0,0.1596,0.2688,0.7328,0.0944,0.7806,0.4885,0.442,68.0,19.0,44.0,238.0,28.8452,3
441,14.7,30.5158,58.9017,10.4382,0.0686,33.9952,0.0,0.0,0.0,0.1768,0.2688,0.7328,0.0944,0.8,0.4909,0.4417,61.0,35.0,42.0,238.0,28.0452,3
442,14.7333,33.7004,59.6981,10.7952,0.0656,32.9087,0.0,0.0,0.0,0.1835,0.2688,0.7328,0.0944,0.8194,0.4909,0.454,67.0,56.0,32.0,237.0,28.3638,3
443,14.7667,37.175,62.8802,10.2088,0.0648,30.9833,0.0,0.0,0.0,0.1837,0.2688,0.7344,0.0944,0.8361,0.4898,0.4709,83.0,82.0,24.0,236.0,28.6761,3
444,14.8,40.3473,67.0874,10.2641,0.064,29.6611,0.0,0.0,0.0,0.1856,0.2672,0.7344,0.0944,0.8528,0.4886,0.4809,96.0,89.0,20.0,236.0,27.4789,3
445,14.8333,43.0063,71.5251,9.0693,0.0612,26.4983,0.0,0.0,0.0,0.1911,0.2672,0.7344,0.0944,0.8639,0.4885,0.4908,105.0,98.0,18.0,237.0,27.5678,3
446,14.8667,45.1857,76.2731,8.8611,0.0609,24.5697,0.0,0.0,0.0,0.1909,0.2672,0.7344,0.0944,0.875,0.4892,0.5039,120.0,96.0,17.0,238.0,27.2675,3
447,14.9,46.8003,81.4665,8.1087,0.0581,22.2103,0.0,0.0,0.0,0.1887,0.2672,0.7344,0.0944,0.8833,0.4855,0.5183,140.0,82.0,16.0,238.0,27.4165,3
448,14.9333,47.4141,85.9256,8.1849,0.0543,20.4265,0.0,0.0,0.0,0.1876,0.2672,0.7344,0.0972,0.8917,0.4827,0.5301,161.0,67.0,16.0,238.0,26.9436,3
449,14.9667,46.7849,89.1965,7.635,0.0561,19.205,0.0,0.0,0.0,0.186,0.2672,0.7344,0.1056,0.8972,0.4815,0.542,172.0,58.0,15.0,239.0,26.7492,3
450,15.0,45.3161,90.1777,7.7045,0.059,17.7592,0.0,0.0,0.0,0.1789,0.2672,0.7344,0.1222,0.9028,0.4813,0.5597,174.0,48.0,15.0,238.0,26.2432,3
451,15.0333,43.459,89.4191,6.9197,0.0613,14.3083,0.0,0.0,0.0,0.1732,0.2672,0.7344,0.1472,0.9056,0.4824,0.5783,175.0,41.0,15.0,238.0,25.9937,3
452,15.0667,41.3386,86.6294,6.7698,0.0603,12.944,0.0,0.0,0.0,0.1678,0.2672,0.7344,0.1793,0.9056,0.4836,0.5978,175.0,39.0,15.0,238.0,26.3336,3
453,15.1,39.016,82.3665,6.071,0.0582,11.5612,0.0,0.0,0.0,0.1605,0.2672,0.7344,0.2167,0.9083,0.4844,0.6161,175.0,35.0,15.0,238.0,25.8685,3
454,15.1333,36.6309,76.3433,6.6593,0.0617,15.0067,0.0,0.0,0.0,0.1546,0.2672,0.7344,0.2611,0.9083,0.4863,0.638,178.0,34.0,16.0,238.0,25.9581,3
455,15.1667,34.2137,68.7845,7.4539,0.0656,26.3949,0.0,0.0,0.0,0.1493,0.2672,0.7344,0.3056,0.9056,0.4876,0.6571,180.0,31.0,16.0,238.0,26.5815,3
456,15.2,31.937,61.9606,8.5732,0.0694,34.6975,0.0,0.0,0.0,0.1424,0.2672,0.7344,0.3528,0.9056,0.4885,0.6747,190.0,27.0,13.0,239.0,26.1238,3
457,15.2333,29.7573,59.2524,8.7547,0.0711,36.481,0.0,0.0,0.0,0.126,0.2672,0.7344,0.3972,0.9083,0.4869,0.6827,221.0,34.0,11.0,238.0,25.551,3
458,15.2667,25.8766,54.2135,8.7191,0.072,33.549,0.0,0.0,0.0,0.1132,0.2672,0.7344,0.4389,0.9083,0.4859,0.6872,223.0,10.0,10.0,239.0,22.614,3
459,15.3,20.9297,47.1802,7.8782,0.0703,31.6285,0.0,0.0,0.0,0.1028,0.2672,0.7344,0.4806,0.9083,0.4884,0.6914,224.0,2.0,10.0,239.0,23.7685,3
460,15.3333,17.2492,38.2613,7.9031,0.068,33.2466,0.0,0.0,0.0,0.0961,0.2672,0.7344,0.5167,0.9083,0.4934,0.6899,223.0,0.0,10.0,241.0,25.5375,3
461,15.3667,16.1357,34.9714,7.8245,0.0514,40.8657,0.0,0.0,0.0,0.0803,0.2672,0.7328,0.5417,0.9083,0.4924,0.6959,218.0,0.0,15.0,147.0,30.3223,3
462,15.4,17.4609,38.9686,9.194,0.0515,40.6084,0.0,0.0,0.0,0.085,0.2672,0.7328,0.4944,0.9083,0.4923,0.6671,214.0,0.0,18.0,127.0,30.5887,3
463,15.4333,18.6903,42.812,8.9999,0.0526,39.1884,0.0,0.0,0.0,0.0886,0.2672,0.7328,0.45,0.9056,0.4919,0.6401,204.0,0.0,22.0,170.0,30.6,3
464,15.4667,19.8009,46.3735,9.4071,0.0544,39.5117,0.0,0.0,0.0,0.0944,0.2672,0.7328,0.4083,0.9028,0.4914,0.6145,189.0,0.0,30.0,180.0,32.0468,3
465,15.5,20.7061,49.5106,9.2225,0.0582,40.1038,0.0,0.0,0.0,0.1015,0.2672,0.7328,0.3694,0.9,0.4884,0.5954,169.0,0.0,35.0,217.0,32.2825,3
466,15.5333,21.4753,52.1924,9.731,0.0582,39.57,0.0,0.0,0.0,0.1101,0.2672,0.7328,0.3333,0.9028,0.4867,0.5844,124.0,0.0,42.0,232.0,31.6674,3
467,15.5667,22.3398,54.4868,9.7703,0.0592,40.138,0.0,0.0,0.0,0.118,0.2672,0.7328,0.3,0.9028,0.4909,0.5732,95.0,0.0,54.0,231.0,32.1148,3
468,15.6,23.3025,56.6228,10.3945,0.0596,40.6878,0.0,0.0,0.0,0.1264,0.2672,0.7344,0.2694,0.9028,0.4941,0.5646,77.0,1.0,69.0,230.0,32.6806,3
469,15.6333,24.5448,58.8676,10.3165,0.0623,41.2053,0.0,0.0,0.0,0.1384,0.2688,0.7344,0.2417,0.9028,0.4939,0.5635,62.0,4.0,74.0,232.0,31.6418,3
470,15.6667,26.1432,57.2388,10.6992,0.0656,39.5473,0.0,0.0,0.0,0.1515,0.2688,0.7344,0.2194,0.9056,0.4933,0.5654,55.0,12.0,69.0,235.0,29.963,3
471,15.7,28.6251,56.4003,10.6621,0.0716,37.9621,0.0,0.0,0.0,0.1681,0.2688,0.7344,0.1972,0.9056,0.4943,0.5712,42.0,27.0,61.0,236.0,28.7559,3
472,15.7333,32.0612,57.6135,10.9926,0.0688,34.4197,0.0,0.0,0.0,0.1779,0.2672,0.7344,0.1806,0.9056,0.4966,0.5643,42.0,55.0,46.0,236.0,28.9845,3
473,15.7667,36.0763,60.928,10.7616,0.0667,32.7123,0.0,0.0,0.0,0.1777,0.2688,0.7344,0.1611,0.9056,0.4948,0.5475,54.0,90.0,30.0,235.0,29.4231,3
474,15.8,39.8726,65.2477,10.6278,0.0653,31.1129,0.0,0.0,0.0,0.1799,0.2672,0.7344,0.1472,0.9056,0.4931,0.5342,69.0,117.0,22.0,235.0,29.4121,3
475,15.8333,43.0759,69.8129,9.6248,0.0643,28.9119,0.0,0.0,0.0,0.1839,0.2672,0.7344,0.1361,0.9056,0.4951,0.5268,77.0,138.0,18.0,237.0,28.2291,3
476,15.8667,45.4834,74.7925,9.2565,0.0647,25.7272,0.0,0.0,0.0,0.1824,0.2672,0.7344,0.125,0.9056,0.4945,0.5105,97.0,118.0,16.0,238.0,28.2721,3
477,15.9,46.9357,80.3855,8.5198,0.0638,23.4268,0.0,0.0,0.0,0.1749,0.2672,0.7344,0.1139,0.9056,0.4909,0.491,118.0,86.0,16.0,238.0,27.5506,3
478,15.9333,47.3651,85.1908,8.3387,0.0599,20.3794,0.0,0.0,0.0,0.1724,0.2672,0.7344,0.1083,0.9028,0.4891,0.4734,134.0,69.0,15.0,237.0,28.1185,3
479,15.9667,46.7523,88.6236,7.6347,0.0615,19.1289,0.0,0.0,0.0,0.1697,0.2672,0.7359,0.1028,0.8944,0.4881,0.4593,147.0,62.0,15.0,238.0,27.8791,3
480,16.0,45.3313,89.7845,7.6974,0.0619,17.7029,0.0,0.0,0.0,0.1643,0.2672,0.7359,0.0972,0.8778,0.488,0.4398,153.0,54.0,15.0,237.0,27.7439,3
481,16.0333,43.4754,89.273,6.9271,0.0632,14.1033,0.0,0.0,0.0,0.1582,0.2672,0.7359,0.0944,0.8528,0.4888,0.4209,155.0,49.0,15.0,237.0,27.8208,3
482,16.0667,41.4289,87.164,6.8789,0.0624,11.2743,0.0,0.0,0.0,0.1519,0.2672,0.7359,0.0917,0.8194,0.4896,0.4025,153.0,41.0,15.0,238.0,26.9233,3
483,16.1,39.1465,83.9284,6.1091,0.0586,9.8926,0.0,0.0,0.0,0.1467,0.2672,0.7359,0.0917,0.7833,0.49,0.3814,157.0,38.0,15.0,237.0,27.2755,3
484,16.1333,36.7173,78.5206,6.1786,0.0562,9.5909,0.0,0.0,0.0,0.1411,0.2672,0.7344,0.0917,0.7389,0.4911,0.3616,160.0,37.0,15.0,237.0,27.243,3
485,16.1667,34.2963,71.3687,5.4778,0.0542,9.1819,0.0,0.0,0.0,0.1347,0.2672,0.7344,0.0889,0.6917,0.4921,0.3404,167.0,35.0,16.0,237.0,27.2974,3
486,16.2,31.9099,64.3147,5.5602,0.0523,9.4585,0.0,0.0,0.0,0.1287,0.2672,0.7344,0.0889,0.6472,0.4924,0.3216,165.0,37.0,17.0,237.0,27.5633,3
487,16.2333,29.6087,57.4431,4.7993,0.05,9.3991,0.0,0.0,0.0,0.1214,0.2672,0.7344,0.0889,0.6028,0.4924,0.304,161.0,37.0,18.0,237.0,28.0455,3
488,16.2667,27.4393,50.8398,4.8834,0.0476,9.8495,0.0,0.0,0.0,0.1156,0.2672,0.7344,0.0889,0.5583,0.4927,0.2883,152.0,40.0,19.0,236.0,28.3079,3
489,16.3,0.4713,0.2853,24.925,0.1147,0.1674,0.0,0.0,0.0,0.001,0.4422,0.556,0.0528,0.9472,0.4982,0.6295,90.0,86.0,73.0,0.0,103.288,2
490,16.3333,0.4741,0.2836,0.5853,0.0002,2.7454,0.0,0.0,0.0,0.0011,0.4431,0.7359,0.0528,0.9472,0.5221,0.6244,89.0,81.0,75.0,27.0,90.6451,3
491,16.3667,0.4933,0.3393,0.0264,0.0001,8.7237,0.0,0.0,0.0,0.0012,0.4434,0.7359,0.0528,0.9472,0.5386,0.6134,86.0,87.0,81.0,33.0,92.0014,3
492,16.4,0.5149,0.4325,0.6123,0.0002,18.0511,0.0,0.0,0.0,0.0014,0.4438,0.7359,0.0528,0.9472,0.5594,0.6024,88.0,88.0,83.0,28.0,92.9486,3
493,16.4333,0.5532,0.5448,0.0662,0.0003,19.7425,0.0,0.0,0.0,0.0017,0.4438,0.7391,0.0528,0.9472,0.5913,0.5764,84.0,87.0,86.0,106.5,87.7539,3
494,16.4667,0.6051,0.7027,0.6592,0.0006,29.5391,0.0,0.0,0.0,0.0022,0.4438,0.7391,0.0528,0.9472,0.6257,0.5431,77.0,79.0,89.0,149.0,78.5693,3
495,16.5,0.675,0.9138,0.1369,0.0008,36.242,0.0,0.0,0.0,0.0029,0.4448,0.7406,0.0528,0.9472,0.6455,0.5252,72.0,77.0,93.0,159.0,75.0775,3
496,16.5333,0.7401,1.1877,0.7465,0.001,43.0558,0.0,0.0,0.0,0.0036,0.4469,0.7391,0.0528,0.9472,0.6587,0.5082,68.0,80.0,97.0,164.0,78.5284,3
497,16.5667,0.8507,1.5171,0.2509,0.0013,46.6932,0.0,0.0,0.0,0.0047,0.45,0.7391,0.0528,0.9472,0.6663,0.4964,66.0,77.0,98.0,170.0,83.0505,3
498,16.6,0.965,1.9336,0.8565,0.0018,51.8601,0.0,0.0,0.0,0.006,0.4511,0.7391,0.0556,0.9472,0.6661,0.4885,65.0,75.5,96.0,178.5,86.0066,3
499,16.6333,1.1409,2.4587,0.4933,0.0024,55.728,0.0,0.0,0.0,0.0077,0.4531,0.7391,0.0556,0.9472,0.6599,0.4806,60.0,73.0,98.0,193.0,84.4044,3
500,16.6667,1.3277,3.1258,1.1231,0.0031,58.1487,0.0,0.0,0.0,0.01,0.45,0.7391,0.0556,0.9472,0.6452,0.4749,49.0,63.0,90.0,197.0,81.1272,3
501,16.7,1.6015,3.9447,0.8609,0.0043,62.2889,0.0,0.0,0.0,0.0125,0.3917,0.7391,0.0556,0.9472,0.6251,0.4701,45.0,54.0,86.0,205.0,78.8685,3
502,16.7333,1.8633,4.7917,1.5111,0.0051,65.3866,0.0,0.0,0.0,0.015,0.3516,0.7391,0.0583,0.9454,0.6075,0.4659,42.0,48.0,76.0,208.0,78.7374,4
503,16.7667,2.1177,5.5177,1.3167,0.0065,69.0277,0.0,0.0,0.0,0.0172,0.3281,0.8586,0.0583,0.9444,0.5941,0.461,51.0,53.0,79.0,216.0,81.7795,4
504,16.8,2.3381,6.16,1.9235,0.0076,71.7038,0.0,0.0,0.0,0.0194,0.3074,0.8625,0.0583,0.9444,0.5873,0.4567,55.0,52.0,80.0,218.0,81.2578,4
505,16.8333,2.6233,6.8087,1.7448,0.0088,71.6549,0.0,0.0,0.0,0.0221,0.2953,0.8641,0.0611,0.9444,0.5887,0.4533,55.0,52.0,81.0,218.0,78.9116,4
506,16.8667,2.9555,7.5171,2.2971,0.0097,70.4323,0.0,0.0,0.0,0.0247,0.2859,0.8656,0.0611,0.9444,0.595,0.4514,56.0,53.0,81.0,214.0,79.8465,4
507,16.9,3.3403,8.2649,2.1544,0.0107,68.8643,0.0,0.0,0.0,0.0276,0.2797,0.8656,0.0639,0.9444,0.6011,0.4503,54.0,50.0,84.0,213.0,78.1671,4
508,16.9333,3.7972,9.2762,2.7148,0.0118,67.822,0.0,0.0,0.0,0.0307,0.275,0.8656,0.0659,0.9444,0.6109,0.4514,55.0,55.0,89.0,211.0,76.6707,4
509,16.9667,4.3525,10.6277,2.627,0.0139,66.913,0.0,0.0,0.0,0.0344,0.2734,0.8641,0.2861,0.9417,0.6209,0.4552,53.0,52.0,93.0,208.0,74.0358,3
510,17.0,5.1118,12.6516,3.2818,0.0171,65.772,0.0,0.0,0.0,0.0401,0.275,0.8641,0.2889,0.9417,0.6272,0.4613,44.0,46.0,96.0,204.0,69.2347,3
511,17.0333,6.1813,15.6184,3.4236,0.0203,63.3716,0.0,0.0,0.0,0.049,0.2779,0.8641,0.2912,0.9389,0.6224,0.4689,35.0,40.0,101.0,199.0,63.4435,3
512,17.0667,7.6975,19.9252,4.3621,0.0231,62.1462,0.0,0.0,0.0,0.0593,0.2828,0.8625,0.2917,0.9389,0.6068,0.4778,34.0,42.0,113.0,194.0,58.777,3
513,17.1,9.6525,25.624,4.7181,0.0228,61.9559,0.0,0.0,0.0,0.0696,0.275,0.8625,0.2889,0.6528,0.5876,0.4848,41.0,54.0,129.0,189.0,56.1962,3
514,17.1333,11.7757,31.8723,5.5603,0.0224,61.6144,0.0,0.0,0.0,0.078,0.2516,0.8609,0.2889,0.6556,0.5722,0.4909,51.0,73.0,141.0,178.0,54.6587,3
515,17.1667,13.8466,38.0084,5.6709,0.0235,60.6178,0.0,0.0,0.0,0.085,0.2188,0.8609,0.2889,0.6639,0.5589,0.4968,61.0,89.0,147.0,165.0,54.6523,3
516,17.2,15.7928,43.7359,6.3118,0.0253,60.0445,0.0,0.0,0.0,0.0916,0.1953,0.8594,0.2889,0.6722,0.5509,0.5037,75.0,98.0,151.0,161.0,53.9727,3
517,17.2333,17.6169,49.1505,6.304,0.0261,59.3615,0.0,0.0,0.0,0.0979,0.1781,0.8594,0.2889,0.6806,0.5451,0.5119,87.0,110.0,157.0,159.0,53.3483,3
518,17.2667,19.4009,54.3258,6.77,0.0262,57.895,0.0,0.0,0.0,0.1037,0.1656,0.8578,0.2861,0.6861,0.5366,0.5192,94.0,117.0,160.0,152.0,52.3542,3
519,17.3,21.1456,59.18,6.413,0.0263,54.9573,0.0,0.0,0.0,0.1069,0.1578,0.8578,0.2861,0.6917,0.5304,0.5266,101.0,130.0,164.0,140.0,52.235,3
520,17.3333,22.8058,63.655,6.4344,0.0249,52.0229,0.0,0.0,0.0,0.1086,0.15,0.8578,0.2861,0.6972,0.525,0.5332,108.0,140.0,168.0,120.0,51.9266,3
521,17.3667,24.3098,67.747,5.7835,0.0242,48.2502,0.0,0.0,0.0,0.1086,0.1438,0.8562,0.2861,0.7028,0.5198,0.5398,117.0,146.0,171.0,99.0,52.0859,3
522,17.4,25.7136,71.59,5.6919,0.0236,44.9706,0.0,0.0,0.0,0.108,0.1406,0.8547,0.2861,0.7056,0.5176,0.5466,122.0,147.0,172.0,73.0,52.5284,3
523,17.4333,27.0359,75.323,5.0974,0.0223,42.2369,0.0,0.0,0.0,0.1085,0.1375,0.8531,0.2861,0.7083,0.5156,0.5539,124.0,146.0,171.0,53.0,52.6715,3
524,17.4667,28.2983,78.8762,5.1295,0.0198,40.0011,0.0,0.0,0.0,0.1093,0.1359,0.8516,0.2861,0.7111,0.5147,0.5612,127.0,147.0,172.0,30.0,52.4499,3
525,17.5,29.4583,82.1266,4.5221,0.0177,37.2714,0.0,0.0,0.0,0.1105,0.1337,0.85,0.2861,0.7111,0.5117,0.5674,129.0,147.0,167.0,21.0,52.2141,3
526,17.5333,30.5595,85.1099,4.5238,0.016,34.6222,0.0,0.0,0.0,0.1103,0.1312,0.8484,0.2861,0.7139,0.5067,0.5713,129.0,147.0,167.0,15.0,51.9313,3
527,17.5667,31.4931,87.6293,3.818,0.0139,31.5496,0.0,0.0,0.0,0.1099,0.1297,0.8469,0.2861,0.7139,0.5025,0.5744,129.0,147.0,159.0,11.0,51.7333,3
528,17.6,32.234,89.4353,3.7587,0.0115,28.2303,0.0,0.0,0.0,0.1092,0.1281,0.8453,0.2861,0.7167,0.4958,0.5756,131.0,145.0,152.0,9.0,51.3672,3
529,17.6333,32.6875,90.3965,2.9083,0.0103,24.5588,0.0,0.0,0.0,0.108,0.1266,0.8453,0.2861,0.7167,0.4899,0.5757,131.0,134.0,148.0,7.0,50.3429,3
530,17.6667,32.9629,90.7831,2.8316,0.0096,20.6718,0.0,0.0,0.0,0.1053,0.125,0.8459,0.2861,0.7167,0.4854,0.5736,129.0,130.0,141.0,5.0,49.8067,3
531,17.7,33.1084,90.8232,1.9335,0.0098,16.4201,0.0,0.0,0.0,0.102,0.1234,0.8469,0.2861,0.7167,0.483,0.5701,126.0,124.0,131.0,5.0,50.1128,3
532,17.7333,33.1909,90.7089,1.9452,0.0087,12.8789,0.0,0.0,0.0,0.0993,0.1234,0.8484,0.2861,0.7167,0.4834,0.5665,123.0,118.5,125.0,3.0,50.6827,3
533,17.7667,33.2358,90.5574,1.1925,0.0075,9.9201,0.0,0.0,0.0,0.0973,0.1219,0.8484,0.2861,0.7167,0.4855,0.5625,120.0,116.0,122.0,3.0,51.0799,3
534,17.8,33.2487,90.4808,1.4056,0.0067,8.2516,0.0,0.0,0.0,0.0957,0.1203,0.8484,0.2861,0.7167,0.4881,0.559,117.0,115.0,117.0,2.0,51.4636,3
535,17.8333,33.2675,90.4952,0.8913,0.0059,7.1074,0.0,0.0,0.0,0.095,0.1203,0.8484,0.2861,0.7167,0.4899,0.5556,112.0,109.0,111.0,2.0,51.9553,3
536,17.8667,33.2962,90.5121,1.3167,0.006,7.0277,0.0,0.0,0.0,0.0951,0.1203,0.8484,0.2861,0.7167,0.4908,0.5526,107.0,104.0,105.0,2.0,52.2852,3
537,17.9,33.2894,90.4909,0.9839,0.0061,7.3155,0.0,0.0,0.0,0.0959,0.1203,0.8484,0.2861,0.7167,0.4904,0.5503,102.0,101.0,101.0,2.0,52.4646,3
538,17.9333,33.2846,90.4553,1.5916,0.007,8.4687,0.0,0.0,0.0,0.0969,0.1203,0.8484,0.2861,0.7167,0.489,0.5483,100.0,98.0,98.0,2.0,52.5861,3
539,17.9667,33.2404,90.3219,1.348,0.0077,9.6931,0.0,0.0,0.0,0.0983,0.1203,0.8484,0.2861,0.7167,0.4868,0.5467,96.0,95.0,94.0,2.0,52.0007,3
540,18.0,33.1237,89.9833,2.1815,0.0105,11.8406,0.0,0.0,0.0,0.0986,0.1203,0.8469,0.2861,0.7167,0.4833,0.5449,94.0,93.0,93.0,0.0,51.2427,3
541,18.0333,33.0103,89.6426,1.7395,0.0105,12.2574,0.0,0.0,0.0,0.0986,0.1203,0.8469,0.2861,0.7167,0.4794,0.5436,93.0,93.0,91.0,0.0,50.9417,3
542,18.0667,32.9302,89.2656,2.3985,0.0113,13.8263,0.0,0.0,0.0,0.0979,0.1203,0.8484,0.2861,0.7167,0.477,0.543,94.0,93.0,93.0,0.0,50.7258,3
543,18.1,32.7725,88.8149,2.0233,0.0109,14.9438,0.0,0.0,0.0,0.0975,0.1203,0.8484,0.2861,0.7167,0.4772,0.5424,95.0,93.0,93.0,0.0,50.3655,3
544,18.1333,32.594,88.3389,2.74,0.0126,16.4718,0.0,0.0,0.0,0.0968,0.1203,0.85,0.2861,0.7167,0.4774,0.5427,97.0,94.0,94.0,0.0,49.8547,3
545,18.1667,32.3742,87.8559,2.3789,0.0131,18.2676,0.0,0.0,0.0,0.097,0.1203,0.8469,0.2861,0.7167,0.4774,0.5425,100.0,96.0,95.0,0.0,48.8191,3
546,18.2,32.1344,87.3829,3.2575,0.0153,20.9098,0.0,0.0,0.0,0.0982,0.1203,0.8422,0.2861,0.7167,0.4767,0.5417,101.0,96.0,96.0,0.0,47.9484,3
547,18.2333,31.8397,86.8604,3.071,0.0169,24.0663,0.0,0.0,0.0,0.0997,0.1203,0.8359,0.2861,0.7167,0.4768,0.5412,103.0,97.0,97.0,2.0,46.7002,3
548,18.2667,31.4904,86.1081,4.1836,0.0193,28.4933,0.0,0.0,0.0,0.102,0.1203,0.8266,0.2861,0.7167,0.4765,0.5409,110.0,100.0,100.0,10.0,45.6766,3
549,18.3,31.0393,84.9005,4.1038,0.0207,32.753,0.0,0.0,0.0,0.104,0.1203,0.8203,0.2861,0.7167,0.4757,0.5415,119.0,105.0,103.0,23.0,44.7039,3
550,18.3333,30.433,83.1101,5.2417,0.0228,37.145,0.0,0.0,0.0,0.1055,0.1203,0.8156,0.2861,0.7167,0.4742,0.5436,132.0,112.0,107.0,40.0,44.1872,4
551,18.3667,29.5404,80.404,5.1884,0.0249,41.4334,0.0,0.0,0.0,0.1072,0.1203,0.8109,0.2861,0.7167,0.4693,0.5464,148.0,123.5,104.0,73.0,43.323,4
552,18.4,28.2061,76.517,6.2981,0.0257,46.5575,0.0,0.0,0.0,0.1074,0.1188,0.8094,0.2861,0.7167,0.462,0.5502,160.0,123.0,98.0,113.0,42.7818,4
553,18.4333,26.5063,71.3813,6.1748,0.0254,51.1586,0.0,0.0,0.0,0.1053,0.1172,0.8078,0.2861,0.7167,0.4546,0.5552,161.0,115.0,91.0,133.0,43.0926,4
554,18.4667,24.5384,65.5234,6.828,0.0276,54.4383,0.0,0.0,0.0,0.1011,0.1156,0.8062,0.2861,0.7167,0.4463,0.5627,165.0,108.0,87.0,140.0,43.5237,4
555,18.5,22.5845,59.5648,6.121,0.0275,55.248,0.0,0.0,0.0,0.0952,0.1156,0.8047,0.2861,0.7167,0.4393,0.5712,168.0,109.0,84.0,139.0,43.6948,4
556,18.5333,20.6961,53.8481,6.2284,0.026,55.0684,0.0,0.0,0.0,0.089,0.1141,0.8031,0.2861,0.7167,0.4352,0.5791,173.0,113.0,86.0,139.0,43.2729,4
557,18.5667,18.8969,48.4475,5.4413,0.0236,55.8264,0.0,0.0,0.0,0.084,0.1125,0.8,0.2861,0.7167,0.4327,0.5893,185.0,120.0,88.0,144.0,43.5752,4
558,18.6,17.0937,43.2719,5.6849,0.0229,57.4718,0.0,0.0,0.0,0.0797,0.1125,0.7969,0.2861,0.7167,0.4317,0.5991,192.0,124.0,90.0,149.0,43.8178,4
559,18.6333,15.373,38.4971,5.1331,0.022,59.5392,0.0,0.0,0.0,0.0759,0.1109,0.7938,0.2861,0.7194,0.4322,0.6093,193.0,125.0,93.0,155.0,44.4547,4
560,18.6667,13.7681,34.2996,5.4656,0.0204,61.7889,0.0,0.0,0.0,0.072,0.1109,0.7875,0.2861,0.7194,0.4368,0.6158,178.0,115.0,89.0,161.0,46.094,4
561,18.7,12.3581,30.6238,4.9637,0.0191,64.0565,0.0,0.0,0.0,0.069,0.1109,0.7797,0.2861,0.7222,0.4421,0.6184,162.0,104.0,82.0,165.0,48.3194,4
562,18.7333,11.0644,27.4493,5.2641,0.019,66.1637,0.0,0.0,0.0,0.0662,0.1094,0.7688,0.2889,0.7222,0.4439,0.6177,147.0,94.0,75.0,169.0,50.2109,5
563,18.7667,9.8867,24.5762,4.8359,0.018,68.6276,0.0,0.0,0.0,0.0636,0.1094,0.7547,0.2889,0.7222,0.4401,0.6144,134.0,81.0,66.0,174.0,52.61,6
564,18.8,8.702,21.6444,5.1031,0.0184,71.1362,0.0,0.0,0.0,0.06,0.1094,0.7391,0.2944,0.9389,0.4323,0.6093,120.0,72.0,59.0,182.0,56.0825,6
565,18.8333,7.6085,18.7545,4.6299,0.0178,72.8525,0.0,0.0,0.0,0.0557,0.1094,0.8494,0.3,0.9389,0.43,0.5988,105.0,61.0,53.0,193.0,59.748,6
566,18.8667,6.636,16.0783,4.6751,0.0181,73.1575,0.0,0.0,0.0,0.0509,0.1094,0.8594,0.3056,0.9389,0.4352,0.5817,94.0,52.0,46.5,203.0,63.351,6
567,18.9,5.8076,13.5788,4.0257,0.0183,72.1671,0.0,0.0,0.0,0.0462,0.1109,0.8625,0.3028,0.9407,0.4477,0.5588,88.0,44.0,48.0,208.0,66.8437,6
568,18.9333,5.2502,11.7987,3.9773,0.0182,70.4012,0.0,0.0,0.0,0.0423,0.1109,0.8633,0.2944,0.9417,0.473,0.5321,79.0,41.0,55.0,211.0,69.7412,7
569,18.9667,5.0464,11.0733,3.4023,0.0177,68.4873,0.0,0.0,0.0,0.0404,0.1109,0.8641,0.2972,0.9417,0.5121,0.5071,72.0,46.0,70.0,209.0,71.6754,6
570,19.0,5.1568,11.4303,3.5878,0.0177,67.3007,0.0,0.0,0.0,0.0406,0.1125,0.8641,0.2932,0.9417,0.5517,0.4906,63.0,47.0,80.0,207.0,71.7478,4
571,19.0333,5.6198,12.9232,3.3622,0.0193,65.6174,0.0,0.0,0.0,0.0441,0.1141,0.8641,0.2917,0.9417,0.5835,0.4819,51.0,44.0,89.0,203.0,68.7458,4
572,19.0667,6.49,15.6585,3.9855,0.022,63.5217,0.0,0.0,0.0,0.0515,0.1172,0.8631,0.2917,0.9389,0.5986,0.4797,38.0,39.0,96.0,200.0,63.43,4
573,19.1,7.8755,19.942,4.2148,0.0241,62.2615,0.0,0.0,0.0,0.0608,0.1219,0.8625,0.2917,0.9389,0.5944,0.4829,35.0,42.0,109.0,195.0,59.0774,5
574,19.1333,9.7499,25.6075,5.102,0.0235,62.0,0.0,0.0,0.0,0.0702,0.1312,0.8625,0.2907,0.7111,0.582,0.487,41.0,54.0,126.0,189.0,56.5289,5
575,19.1667,11.8186,31.8776,5.3379,0.0229,61.6342,0.0,0.0,0.0,0.0782,0.2422,0.8609,0.2889,0.7,0.5699,0.4918,52.0,73.0,140.0,178.0,54.9273,4
576,19.2,13.8813,38.0159,5.9829,0.0234,60.6483,0.0,0.0,0.0,0.0849,0.2141,0.8609,0.2889,0.6722,0.558,0.4973,62.0,90.0,147.0,166.0,54.8935,5
577,19.2333,15.7946,43.7457,6.0247,0.0256,60.1413,0.0,0.0,0.0,0.0915,0.1938,0.8594,0.2889,0.6722,0.5508,0.504,76.0,98.0,151.0,161.0,54.1248,4
578,19.2667,17.6009,49.1151,6.5853,0.0262,59.4059,0.0,0.0,0.0,0.098,0.1781,0.8594,0.2889,0.6806,0.5447,0.5119,87.0,110.0,157.0,159.0,53.3898,4
579,19.3,19.3955,54.3032,6.4782,0.0261,57.8279,0.0,0.0,0.0,0.1036,0.1672,0.8578,0.2881,0.6861,0.5367,0.5194,94.0,117.0,160.0,153.0,52.5471,3
580,19.3333,21.1577,59.1713,6.6913,0.0265,54.9923,0.0,0.0,0.0,0.1071,0.1594,0.8578,0.2861,0.6917,0.5303,0.5264,101.0,129.0,162.0,140.0,52.3097,3
581,19.3667,22.8069,63.6576,6.1699,0.025,52.043,0.0,0.0,0.0,0.1085,0.15,0.8578,0.2861,0.6972,0.5248,0.5332,107.0,139.0,168.0,121.0,52.0196,3
582,19.4,24.3383,67.7664,6.0865,0.0241,48.4547,0.0,0.0,0.0,0.1086,0.1453,0.8562,0.2861,0.7028,0.5198,0.5396,116.0,147.0,171.0,98.0,52.1923,3
583,19.4333,25.7256,71.6121,5.4037,0.0236,44.8825,0.0,0.0,0.0,0.1081,0.1406,0.8547,0.2861,0.7056,0.5173,0.5467,123.0,147.0,172.0,73.0,52.5582,3
584,19.4667,27.0574,75.3305,5.4268,0.0224,42.343,0.0,0.0,0.0,0.1085,0.1375,0.8531,0.2861,0.7083,0.5156,0.5538,124.0,146.0,171.0,52.0,52.7279,3
585,19.5,28.3101,78.8758,4.8214,0.0196,39.9075,0.0,0.0,0.0,0.1094,0.1359,0.8516,0.2861,0.7111,0.5144,0.561,126.0,147.0,172.0,30.0,52.6207,3
586,19.5333,29.4717,82.1277,4.8636,0.0179,37.3573,0.0,0.0,0.0,0.1107,0.1328,0.85,0.2861,0.7111,0.5111,0.5674,129.0,147.0,167.0,20.0,52.1284,3
587,19.5667,30.5368,85.0821,4.1802,0.0154,34.4835,0.0,0.0,0.0,0.1102,0.1312,0.8484,0.2861,0.7139,0.507,0.5712,129.0,147.0,167.0,15.0,52.0488,3
588,19.6,31.4859,87.5921,4.1533,0.0143,31.5597,0.0,0.0,0.0,0.11,0.1297,0.8453,0.2861,0.7139,0.502,0.5746,129.0,146.0,159.0,11.0,51.7501,3
589,19.6333,32.199,89.4003,3.3802,0.0112,28.1308,0.0,0.0,0.0,0.1092,0.1281,0.8453,0.2861,0.7167,0.4954,0.5752,130.0,145.0,152.0,9.0,51.4021,3
590,19.6667,32.6737,90.375,3.2847,0.0102,24.6105,0.0,0.0,0.0,0.1082,0.1266,0.8453,0.2861,0.7167,0.4898,0.5755,131.0,134.0,147.0,7.0,50.3716,3
591,19.7,32.9424,90.7677,2.4171,0.0094,20.6077,0.0,0.0,0.0,0.1053,0.125,0.8458,0.2861,0.7167,0.4852,0.5734,130.0,130.0,141.0,6.0,49.853,3
592,19.7333,33.0945,90.8116,2.333,0.0102,16.4795,0.0,0.0,0.0,0.1022,0.1234,0.8469,0.2861,0.7167,0.4828,0.57,126.0,124.0,131.0,5.0,50.1386,3
593,19.7667,33.1759,90.6929,1.5123,0.0082,12.7922,0.0,0.0,0.0,0.0994,0.1219,0.847,0.2861,0.7167,0.4832,0.5664,123.0,119.0,125.0,4.0,50.7373,3
594,19.8,33.227,90.567,1.6051,0.0076,10.0077,0.0,0.0,0.0,0.0973,0.1219,0.8484,0.2861,0.7167,0.4854,0.5626,120.0,116.0,122.0,3.0,51.0592,3
595,19.8333,33.2567,90.5038,0.9808,0.0063,8.0502,0.0,0.0,0.0,0.096,0.1203,0.8484,0.2861,0.7167,0.4882,0.5588,116.0,113.0,117.0,3.0,51.3331,3
596,19.8667,0.3907,0.1627,33.2883,0.0951,1.0,0.0,0.0,0.0,0.001,0.4438,0.5559,0.0528,0.9472,0.501,0.6309,90.0,84.0,73.0,0.0,103.1285,2
597,19.9,1.822,0.1626,1.4303,0.0112,0.1086,0.0,0.0,0.0,0.0121,0.4641,0.6609,0.0556,0.9472,0.5653,0.1989,88.0,82.0,70.0,3.0,67.8422,3
598,19.9333,1.8955,0.1676,0.8159,0.0021,21.7925,0.0,0.0,0.0,0.0126,0.4662,0.6609,0.0583,0.9472,0.5664,0.199,102.0,74.0,62.0,5.0,64.4814,3
599,19.9667,2.0539,0.1674,1.0489,0.0032,73.6151,0.0,0.0,0.0,0.0146,0.4729,0.6625,0.0583,0.9444,0.5675,0.2,195.0,39.0,39.0,55.0,60.3001,3
600,20.0,2.2871,0.1702,1.5822,0.0057,76.9194,0.0,0.0,0.0,0.0171,0.475,0.6672,0.0583,0.9444,0.5693,0.2061,221.0,8.0,20.0,94.0,51.8199,3
601,20.0333,2.6217,0.1601,2.2868,0.0106,62.178,0.0,0.0,0.0,0.0186,0.4781,0.6719,0.0583,0.9444,0.5715,0.2208,219.0,4.0,18.0,136.0,50.535,3
602,20.0667,3.1286,3.447,2.6864,0.0132,55.9464,0.0,0.0,0.0,0.02,0.4781,0.6781,0.0611,0.9444,0.5746,0.2407,205.0,6.0,23.0,149.0,48.0689,3
603,20.1,3.6116,5.7739,2.4476,0.0147,53.7601,0.0,0.0,0.0,0.0217,0.4781,0.6844,0.0611,0.9444,0.5765,0.2621,202.0,4.0,27.0,166.0,48.1082,3
604,20.1333,4.1557,7.3961,3.3739,0.0178,48.858,0.0,0.0,0.0,0.0254,0.4781,0.6922,0.0639,0.9444,0.578,0.2823,179.0,0.0,40.0,204.0,44.9623,3
605,20.1667,4.6437,8.9785,2.9801,0.0194,41.3491,0.0,0.0,0.0,0.03,0.4797,0.7,0.0644,0.9417,0.5816,0.3033,164.0,0.0,48.0,255.0,42.4834,3
606,20.2,5.1003,10.4898,3.929,0.0196,39.3283,0.0,0.0,0.0,0.0352,0.4812,0.7078,0.1333,0.9417,0.5851,0.3205,148.0,0.0,56.0,255.0,40.3766,3
607,20.2333,5.5828,11.9585,3.6171,0.0216,40.1807,0.0,0.0,0.0,0.0412,0.4828,0.7141,0.1333,0.9417,0.5894,0.3383,129.0,0.0,74.0,245.0,41.7199,3
608,20.2667,6.0898,13.3339,4.5293,0.0222,40.0959,0.0,0.0,0.0,0.0461,0.4828,0.7219,0.1361,0.9389,0.5923,0.355,110.0,5.0,96.0,238.0,43.9542,3
609,20.3,6.7625,14.883,4.1181,0.0249,42.0316,0.0,0.0,0.0,0.052,0.4844,0.7281,0.1333,0.9389,0.5942,0.367,88.0,13.0,113.0,237.0,46.1664,3
610,20.3333,7.6785,16.7682,4.9195,0.0284,39.6669,0.0,0.0,0.0,0.0617,0.4844,0.7328,0.1333,0.6333,0.5972,0.3704,63.0,20.0,118.0,235.0,44.3129,3
611,20.3667,8.983,19.2255,4.4792,0.0263,39.7772,0.0,0.0,0.0,0.0697,0.4859,0.7391,0.1306,0.6667,0.5998,0.381,59.0,47.0,102.0,231.0,43.8925,3
612,20.4,10.5551,22.4555,5.2946,0.0255,39.3024,0.0,0.0,0.0,0.074,0.4844,0.7438,0.1306,0.6944,0.602,0.3955,61.0,86.0,84.0,231.0,42.7864,3
613,20.4333,12.2694,26.24,4.6699,0.0268,39.0024,0.0,0.0,0.0,0.0758,0.4844,0.7484,0.1333,0.7222,0.6054,0.4158,68.0,113.0,63.0,233.0,42.4056,3
614,20.4667,13.7675,30.0624,5.0444,0.0254,36.547,0.0,0.0,0.0,0.0797,0.4844,0.7531,0.1333,0.7472,0.6078,0.4266,74.0,150.0,40.0,234.0,39.4644,3
615,20.5,15.1372,32.7273,4.2217,0.0242,34.2637,0.0,0.0,0.0,0.0821,0.4844,0.7562,0.1333,0.7694,0.6103,0.442,91.0,165.0,26.0,237.0,38.6586,3
616,20.5333,16.0215,34.1693,4.8117,0.0273,37.1505,0.0,0.0,0.0,0.0792,0.4844,0.7594,0.1361,0.7889,0.6136,0.4659,110.0,141.0,24.0,237.0,37.6146,3
617,20.5667,16.3843,35.4828,4.225,0.0283,37.3102,0.0,0.0,0.0,0.0783,0.4875,0.7625,0.1472,0.8056,0.6169,0.4853,122.0,125.0,22.0,237.0,36.5643,3
618,20.6,16.1648,37.0273,4.5316,0.0287,36.3905,0.0,0.0,0.0,0.0778,0.4906,0.7656,0.1667,0.8194,0.6201,0.5019,136.0,117.0,20.0,238.0,35.8101,3
619,20.6333,15.6078,37.7698,3.9936,0.0283,34.6115,0.0,0.0,0.0,0.0753,0.4953,0.7688,0.1944,0.8333,0.6244,0.5268,145.0,105.0,19.0,238.0,34.9902,3
620,20.6667,14.8543,37.3916,4.1965,0.0286,32.9524,0.0,0.0,0.0,0.0719,0.4984,0.7703,0.2278,0.8444,0.6294,0.5531,146.0,100.0,19.0,238.0,34.8423,3
621,20.7,13.9978,34.8989,3.6019,0.0279,30.6921,0.0,0.0,0.0,0.0684,0.5047,0.7734,0.2694,0.8528,0.6346,0.5816,148.0,95.0,18.0,238.0,34.8184,3
622,20.7333,13.0381,31.8857,3.6921,0.0261,28.6239,0.0,0.0,0.0,0.0641,0.5109,0.775,0.3111,0.9389,0.6393,0.6071,148.0,91.0,19.0,238.0,34.9567,3
623,20.7667,12.0788,28.7993,3.0823,0.0249,26.1243,0.0,0.0,0.0,0.0608,0.5125,0.775,0.3583,0.9389,0.644,0.6335,150.0,88.0,18.0,238.0,34.9554,3
624,20.8,11.1131,25.7584,3.1114,0.0228,23.612,0.0,0.0,0.0,0.0572,0.5062,0.7766,0.4056,0.9389,0.6491,0.657,154.0,87.0,18.0,238.0,35.721,3
625,20.8333,10.1661,22.8342,2.49,0.021,21.8759,0.0,0.0,0.0,0.0541,0.5031,0.7781,0.45,0.9389,0.6532,0.6791,153.0,84.0,19.0,238.0,36.1485,3
626,20.8667,9.249,20.0015,2.519,0.0194,19.9953,0.0,0.0,0.0,0.051,0.5,0.7781,0.4917,0.9389,0.6577,0.7,160.0,83.0,19.0,238.0,35.4188,3
627,20.9,9.7801,17.2716,3.3405,0.0277,18.5247,0.0,0.0,0.0,0.0587,0.4844,0.7781,0.1306,0.9389,0.644,0.6109,154.0,80.0,20.0,231.0,42.241,4
628,20.9333,9.0571,14.6081,2.74,0.0181,25.8865,0.0,0.0,0.0,0.0566,0.4828,0.7781,0.1306,0.9389,0.6439,0.6079,153.0,80.0,23.0,231.0,41.6487,4
629,20.9667,8.5311,11.9558,3.4552,0.0192,47.7765,0.0,0.0,0.0,0.0556,0.4828,0.7766,0.1306,0.9389,0.6425,0.5975,179.0,63.0,23.0,233.0,41.1836,4
630,21.0,8.1815,9.3804,4.3035,0.0227,49.5097,0.0,0.0,0.0,0.0558,0.4828,0.7766,0.1306,0.9389,0.6408,0.5884,186.0,46.0,19.0,234.0,40.3846,4
631,21.0333,7.9972,8.902,4.4219,0.0253,51.4832,0.0,0.0,0.0,0.0541,0.4828,0.7781,0.1306,0.9389,0.6395,0.5851,194.0,40.0,19.0,232.0,40.4902,4
632,21.0667,7.993,9.8589,5.0281,0.0272,51.9418,0.0,0.0,0.0,0.0538,0.4828,0.7781,0.1306,0.9389,0.6363,0.5779,200.0,32.0,18.0,229.0,41.1986,4
633,21.1,8.0791,9.6153,4.8035,0.0282,48.1496,0.0,0.0,0.0,0.0559,0.4844,0.7766,0.1306,0.9389,0.631,0.5607,200.5,13.0,18.0,233.0,39.2794,4
634,21.1333,8.2171,9.9107,5.2365,0.0293,43.0925,0.0,0.0,0.0,0.0597,0.4844,0.7766,0.1306,0.9389,0.6249,0.5428,195.0,2.0,19.0,237.0,37.074,4
635,21.1667,8.3239,10.9629,5.076,0.0293,41.4593,0.0,0.0,0.0,0.0644,0.4844,0.775,0.1333,0.875,0.6198,0.5245,193.0,0.0,26.0,240.0,37.6148,4
636,21.2,8.4628,12.5167,5.5998,0.0308,40.7024,0.0,0.0,0.0,0.0683,0.4859,0.775,0.1333,0.875,0.6154,0.5102,173.0,0.0,41.0,240.0,38.1785,4
637,21.2333,8.7304,14.1548,5.4419,0.0314,41.308,0.0,0.0,0.0,0.0711,0.4873,0.7734,0.1333,0.875,0.6114,0.5053,147.0,1.0,61.0,238.0,40.5216,4
638,21.2667,9.4105,16.0284,5.9247,0.0341,42.2055,0.0,0.0,0.0,0.0778,0.4875,0.7719,0.1361,0.8722,0.6069,0.4945,109.0,3.0,83.0,233.0,42.6238,4
639,21.3,10.4597,18.3784,5.7947,0.0372,42.4455,0.0,0.0,0.0,0.0875,0.4875,0.7688,0.1389,0.8722,0.6055,0.4902,88.0,11.0,101.0,229.0,42.9877,4
640,21.3333,11.9162,21.4673,6.3626,0.0357,42.3869,0.0,0.0,0.0,0.0944,0.4812,0.7641,0.1389,0.8694,0.6043,0.4911,79.0,35.0,102.0,228.0,44.3908,4
641,21.3667,13.7169,25.4014,6.2323,0.0366,42.6089,0.0,0.0,0.0,0.0995,0.4672,0.7641,0.1361,0.8694,0.6041,0.4986,73.0,60.0,88.0,229.0,44.8418,4
642,21.4,15.6831,29.6269,6.5838,0.0365,42.7162,0.0,0.0,0.0,0.1022,0.4531,0.7656,0.1389,0.8667,0.6049,0.512,74.0,89.0,69.0,230.5,44.8907,3
643,21.4333,17.5261,31.4931,6.0323,0.0339,42.6061,0.0,0.0,0.0,0.1056,0.4375,0.7672,0.1333,0.8667,0.604,0.5131,80.0,120.0,46.0,233.0,42.589,3
644,21.4667,19.0542,33.8965,5.9339,0.0326,39.1065,0.0,0.0,0.0,0.1038,0.4203,0.7703,0.1333,0.8667,0.6035,0.5248,96.0,141.0,31.0,236.0,41.9682,3
645,21.5,20.1335,37.1479,5.1821,0.0332,36.3558,0.0,0.0,0.0,0.101,0.4,0.7734,0.1333,0.8694,0.6019,0.5427,111.0,130.0,25.0,237.0,40.0347,3
646,21.5333,20.4346,39.9395,5.2793,0.0322,34.8432,0.0,0.0,0.0,0.1021,0.3844,0.7734,0.1389,0.8722,0.5992,0.5508,124.0,117.0,22.0,238.0,36.8012,3
647,21.5667,20.0138,41.8619,4.8992,0.0332,33.502,0.0,0.0,0.0,0.1018,0.3656,0.7719,0.1556,0.8694,0.5969,0.563,133.0,102.0,20.0,238.0,35.2441,3
648,21.6,19.2576,42.9313,5.2314,0.0347,32.4211,0.0,0.0,0.0,0.0985,0.3469,0.7719,0.1806,0.8694,0.5952,0.5873,132.0,91.0,19.0,238.0,34.7308,3
649,21.6333,18.3522,43.2845,4.8762,0.0349,32.0723,0.0,0.0,0.0,0.0951,0.3297,0.7719,0.2167,0.8667,0.5937,0.6124,130.0,84.0,19.0,238.0,33.7181,3
650,21.6667,17.4949,41.4105,5.1799,0.0347,32.0162,0.0,0.0,0.0,0.0919,0.3125,0.7734,0.2639,0.8667,0.5907,0.6383,130.0,83.0,19.0,238.0,34.4899,3
651,21.7,16.6732,38.1454,4.7753,0.0334,32.3448,0.0,0.0,0.0,0.0892,0.2953,0.7734,0.3139,0.8722,0.5883,0.6611,131.0,82.0,19.0,237.0,35.348,3
652,21.7333,15.7983,34.8762,4.9293,0.0322,31.5899,0.0,0.0,0.0,0.0862,0.2781,0.775,0.3694,0.875,0.5835,0.6826,133.0,82.0,19.0,237.0,35.5479,3
653,21.7667,14.8722,31.6729,4.301,0.0299,30.48,0.0,0.0,0.0,0.0826,0.2609,0.775,0.4222,0.875,0.5774,0.6993,138.0,82.0,19.0,237.0,35.5382,3
654,21.8,13.9576,28.5024,4.732,0.029,34.1034,0.0,0.0,0.0,0.0797,0.2469,0.775,0.4722,0.875,0.5715,0.7138,146.0,83.0,20.0,236.0,35.7341,3
655,21.8333,13.043,25.3623,4.4645,0.0266,39.4001,0.0,0.0,0.0,0.0769,0.2344,0.775,0.5194,0.875,0.5647,0.7264,155.0,80.0,19.0,237.0,36.2792,3
656,21.8667,12.1687,22.2356,4.8896,0.0248,44.7884,0.0,0.0,0.0,0.0748,0.225,0.775,0.5639,0.875,0.5571,0.7362,161.0,74.0,19.0,237.0,36.2101,3
657,21.9,11.3032,19.1051,3.9743,0.0224,40.0921,0.0,0.0,0.0,0.0718,0.2203,0.775,0.6028,0.875,0.5483,0.7442,165.0,69.0,18.0,237.0,36.8804,3
658,21.9333,10.4977,16.2075,3.8682,0.0212,35.2944,0.0,0.0,0.0,0.0692,0.2203,0.775,0.6389,0.875,0.5402,0.7504,173.0,67.0,18.0,237.0,36.8614,3
659,21.9667,9.8317,13.6644,3.9237,0.0228,47.1257,0.0,0.0,0.0,0.0671,0.2203,0.775,0.6472,0.875,0.5313,0.7534,180.0,61.0,17.0,237.0,37.4928,3
660,22.0,9.3766,11.8166,4.6458,0.0247,52.511,0.0,0.0,0.0,0.0645,0.2188,0.775,0.6306,0.875,0.5232,0.7531,182.0,62.0,17.0,235.0,36.8502,3
661,22.0333,9.013,10.8543,4.201,0.0252,49.7584,0.0,0.0,0.0,0.063,0.2188,0.775,0.6111,0.9389,0.5147,0.7492,183.0,53.0,17.0,235.0,36.9665,3
662,22.0667,8.7514,11.248,4.7848,0.0257,48.6735,0.0,0.0,0.0,0.0615,0.2188,0.775,0.5833,0.9389,0.5021,0.7419,187.0,38.0,17.0,235.0,37.0694,3
663,22.1,8.6444,12.7687,4.3464,0.0254,49.0697,0.0,0.0,0.0,0.0587,0.2188,0.775,0.5528,0.9389,0.4868,0.7307,179.0,24.0,18.0,235.0,38.9844,3
664,22.1333,8.8026,14.4569,4.9533,0.0261,50.1722,0.0,0.0,0.0,0.0572,0.2188,0.775,0.5167,0.9389,0.4748,0.7177,164.0,20.0,20.0,234.0,39.6326,3
665,22.1667,9.0992,16.2101,4.5587,0.0275,51.6145,0.0,0.0,0.0,0.0564,0.2203,0.7719,0.4806,0.9389,0.4662,0.7027,159.0,18.0,25.0,233.0,41.3191,3
666,22.2,9.3928,17.7455,5.306,0.0287,52.3195,0.0,0.0,0.0,0.0572,0.2219,0.7719,0.4444,0.9389,0.4601,0.6882,146.0,16.0,35.0,235.0,41.5247,3
667,22.2333,9.6775,19.1227,4.9744,0.0295,51.4974,0.0,0.0,0.0,0.061,0.2219,0.7734,0.4111,0.9389,0.4548,0.6728,125.0,11.0,46.0,236.0,41.9647,3
668,22.2667,9.959,20.1785,5.8046,0.03,51.1039,0.0,0.0,0.0,0.0659,0.2219,0.7703,0.3778,0.8694,0.4494,0.6589,111.0,10.0,61.0,238.0,40.8638,3
669,22.3,10.3626,21.4245,5.4738,0.0311,49.7417,0.0,0.0,0.0,0.0709,0.2219,0.7719,0.3472,0.8694,0.4526,0.6471,100.0,13.0,73.0,237.0,41.0194,3
670,22.3333,10.9456,23.1249,6.2693,0.0326,49.8869,0.0,0.0,0.0,0.0743,0.2223,0.7734,0.3194,0.8722,0.4594,0.6387,81.0,19.0,73.0,236.0,41.7879,3
671,22.3667,11.8326,25.8165,5.8904,0.0361,49.0549,0.0,0.0,0.0,0.0841,0.2234,0.7703,0.2944,0.8722,0.4538,0.6309,60.0,30.5,79.0,236.0,38.9729,3
672,22.4,13.0296,29.6588,6.6838,0.0341,47.5352,0.0,0.0,0.0,0.0904,0.2219,0.7672,0.2722,0.8722,0.4526,0.6201,53.0,54.0,69.0,235.0,37.7684,3
673,22.4333,14.563,34.1286,6.2793,0.0325,47.6191,0.0,0.0,0.0,0.0937,0.2219,0.7609,0.25,0.8694,0.456,0.6076,58.0,88.0,52.0,234.0,37.1914,3
674,22.4667,16.0534,37.5452,6.7135,0.0342,46.7131,0.0,0.0,0.0,0.0928,0.2219,0.7531,0.2306,0.8667,0.4614,0.5967,68.0,102.0,35.0,235.0,36.1936,3
675,22.5,17.3095,39.6973,5.8997,0.0339,44.447,0.0,0.0,0.0,0.0946,0.2219,0.7422,0.2139,0.8639,0.462,0.5853,74.0,118.0,24.0,237.0,34.0856,3
676,22.5333,18.1149,40.6702,6.1001,0.0336,41.8228,0.0,0.0,0.0,0.093,0.2234,0.7312,0.2,0.8583,0.467,0.5704,91.0,110.0,20.0,238.0,32.7251,3
677,22.5667,18.6705,41.7011,5.4295,0.0363,41.8524,0.0,0.0,0.0,0.0897,0.225,0.7178,0.1861,0.8556,0.4713,0.5598,96.0,98.0,19.0,238.0,33.2018,3
678,22.6,19.0261,42.5373,5.8537,0.0364,42.8176,0.0,0.0,0.0,0.0902,0.2234,0.7031,0.175,0.85,0.4693,0.5514,104.0,90.0,19.0,238.0,33.2143,3
679,22.6333,19.0763,42.5583,5.1147,0.0367,36.9243,0.0,0.0,0.0,0.0934,0.2234,0.6859,0.1667,0.8444,0.4636,0.5471,117.0,89.0,19.0,238.0,33.803,3
680,22.6667,18.4699,40.7543,6.1234,0.0379,43.9008,0.0,0.0,0.0,0.0945,0.2245,0.6703,0.1583,0.8361,0.4595,0.5403,113.0,74.0,17.0,238.0,32.9649,3
681,22.7,17.8375,38.9478,6.1313,0.0396,47.1301,0.0,0.0,0.0,0.0925,0.2234,0.6547,0.15,0.8306,0.4589,0.5292,108.0,67.0,16.0,237.0,32.4265,3
682,22.7333,17.2372,37.4588,6.5075,0.0414,43.4238,0.0,0.0,0.0,0.089,0.2219,0.6484,0.1444,0.8222,0.4616,0.5152,116.5,67.0,17.0,237.0,33.049,4
683,22.7667,16.6999,36.2598,6.2072,0.0433,38.1459,0.0,0.0,0.0,0.087,0.2219,0.6484,0.1389,0.8167,0.4622,0.5031,119.0,62.0,17.0,238.0,32.877,4
684,22.8,0.3296,0.3035,15.4902,0.086,0.3173,0.0,0.0,0.0,0.001,0.4427,0.5558,0.0528,0.9472,0.5,0.633,90.0,86.0,73.0,6.0,100.348,2
685,22.8333,0.3301,0.3039,0.0033,0.0,0.1674,0.0,0.0,0.0,0.001,0.4426,0.5558,0.0528,0.9472,0.4999,0.638,90.0,86.0,73.0,7.0,101.0023,2
686,22.8667,6.6348,12.6304,18.733,0.0846,0.1936,0.0,0.0,0.0,0.0855,0.0094,0.9891,0.2,0.7694,0.5023,0.4845,1.0,0.0,96.5,255.0,5.494,3
687,22.9,43.4813,84.6363,24.6807,0.0485,65.9064,0.0,0.0,0.0,0.1263,0.0078,0.9859,0.2083,0.775,0.4377,0.5024,9.0,80.0,193.0,237.0,20.9339,3
688,22.9333,59.1954,115.4695,28.8726,0.0649,76.4848,0.0,0.0,0.0,0.1622,0.0078,0.9844,0.2167,0.775,0.4263,0.5163,61.0,110.0,209.0,103.0,20.2762,3
689,22.9667,63.5206,123.8191,16.9445,0.0801,49.5948,0.0,0.0,0.0,0.1621,0.0078,0.9875,0.2222,0.7694,0.4752,0.5025,216.0,247.0,44.0,118.0,21.7231,3
690,23.0,54.307,107.2616,22.3024,0.1161,60.6472,0.0,0.0,0.0,0.1931,0.0078,0.9875,0.2361,0.7583,0.4733,0.4936,232.0,175.0,34.0,156.0,21.6545,3
691,23.0333,41.8018,84.5331,20.2473,0.0873,62.7005,0.0,0.0,0.0,0.1883,0.0078,0.9875,0.2583,0.7472,0.4718,0.4912,228.0,31.0,195.0,127.0,23.5867,3
692,23.0667,42.3336,85.2073,19.057,0.0902,67.5859,0.0,0.0,0.0,0.1769,0.0078,0.9875,0.2806,0.7361,0.4574,0.4879,73.0,237.0,232.0,91.0,24.7632,3
693,23.1,42.6246,85.9365,16.5923,0.1058,64.1125,0.0,0.0,0.0,0.1804,0.0094,0.988,0.3028,0.7278,0.4786,0.4968,209.0,103.0,169.0,135.0,19.9396,3
694,23.1333,44.8034,89.0214,18.6154,0.1195,75.2063,0.0,0.0,0.0,0.1695,0.0094,0.9891,0.2778,0.7167,0.498,0.4876,40.0,33.0,230.0,183.0,20.9477,3
695,23.1667,53.2404,103.8571,18.4837,0.1068,62.3112,0.0,0.0,0.0,0.189,0.0094,0.9906,0.2889,0.7056,0.5082,0.5022,54.0,240.0,205.0,118.0,19.7272,3
696,23.2,49.6375,98.1592,14.2999,0.0865,52.6,0.0,0.0,0.0,0.1709,0.0094,0.9906,0.2972,0.6972,0.5129,0.5135,222.0,90.0,42.0,24.0,24.234,3
697,23.2333,44.5214,88.5928,9.9108,0.0598,43.1994,0.0,0.0,0.0,0.1752,0.0078,0.9891,0.3028,0.6889,0.4939,0.5178,209.0,67.0,47.0,18.0,24.6899,3
698,23.2667,40.9984,82.1784,12.8164,0.0576,41.7533,0.0,0.0,0.0,0.1801,0.0094,0.9906,0.3111,0.6833,0.5074,0.5223,190.0,82.0,33.0,114.0,24.3805,3
699,23.3,29.7405,62.2504,15.3968,0.0542,52.8816,0.0,0.0,0.0,0.1601,0.0109,0.9906,0.3167,0.6778,0.541,0.5202,172.0,34.0,27.0,165.0,25.3654,3
700,23.3333,24.0242,51.0582,18.3038,0.074,60.9739,0.0,0.0,0.0,0.1466,0.0094,0.9875,0.3667,0.675,0.4793,0.5332,48.0,30.0,35.0,217.0,24.9035,3
701,23.3667,28.9421,59.8828,20.469,0.0699,68.3381,0.0,0.0,0.0,0.1494,0.0094,0.9875,0.3278,0.6667,0.4909,0.5156,31.0,32.0,104.0,225.0,20.2921,3
702,23.4,41.374,82.1071,18.4769,0.0532,44.9618,0.0,0.0,0.0,0.1246,0.0094,0.9859,0.3306,0.6361,0.471,0.5037,45.0,55.0,41.0,127.0,29.0112,3
703,23.4333,42.5198,84.4414,12.5714,0.0497,32.3179,0.0,0.0,0.0,0.1281,0.0125,0.9891,0.3333,0.6222,0.544,0.4993,203.0,82.0,38.0,3.0,28.3967,3
704,23.4667,37.0564,75.709,5.4145,0.0369,19.2625,0.0,0.0,0.0,0.1119,0.025,0.9906,0.3389,0.6222,0.5972,0.4926,212.0,40.0,40.0,0.0,32.5237,3
705,23.5,33.8343,69.8929,8.4678,0.0671,30.2651,0.0,0.0,0.0,0.1365,0.0141,0.9906,0.3417,0.6167,0.5456,0.4729,244.0,244.0,38.0,30.0,26.6977,3
706,23.5333,26.7347,55.6532,11.3926,0.0675,36.8417,0.0,0.0,0.0,0.1821,0.0094,0.9891,0.35,0.6417,0.5203,0.4914,223.0,26.0,42.0,187.0,21.9536,3
707,23.5667,30.2332,59.8683,11.6284,0.0644,43.3849,0.0,0.0,0.0,0.1483,0.0109,0.9859,0.3694,0.6417,0.499,0.5009,34.0,139.0,239.0,51.0,30.6295,3
708,23.6,34.3989,66.613,9.9126,0.0371,38.331,0.0,0.0,0.0,0.1492,0.0094,0.9875,0.3639,0.6389,0.4801,0.5015,59.0,242.0,231.0,16.5,30.8398,3
709,23.6333,31.7026,63.4684,12.5526,0.0502,42.4635,0.0,0.0,0.0,0.1711,0.0078,0.9859,0.3611,0.6333,0.4474,0.4979,55.0,35.0,218.0,80.0,25.6509,3
710,23.6667,38.2335,74.0752,13.1409,0.0322,42.0474,0.0,0.0,0.0,0.1791,0.0078,0.9875,0.3611,0.6306,0.4682,0.4933,53.0,224.0,229.0,57.0,26.1566,3
711,23.7,42.7074,80.8891,9.5102,0.0387,33.665,0.0,0.0,0.0,0.1633,0.0094,0.9891,0.3639,0.6278,0.5096,0.4951,212.0,226.0,219.0,3.0,29.4503,3
712,23.7333,41.2222,78.4769,6.8431,0.036,23.344,0.0,0.0,0.0,0.1414,0.0156,0.9906,0.3639,0.6278,0.5652,0.4845,214.0,181.5,48.0,2.0,34.9951,3
713,23.7667,34.7842,68.946,10.1412,0.016,27.3484,0.0,0.0,0.0,0.1418,0.0156,0.9906,0.3667,0.625,0.5618,0.4855,186.0,48.0,35.0,20.0,33.4681,3
714,23.8,30.5885,61.977,14.7721,0.0341,36.495,0.0,0.0,0.0,0.1451,0.0125,0.9891,0.3694,0.6222,0.5196,0.4948,87.0,37.0,32.0,137.0,33.2019,3
715,23.8333,26.2979,53.3403,14.7895,0.0445,50.0775,0.0,0.0,0.0,0.1643,0.0109,0.9906,0.375,0.6139,0.5344,0.4906,38.0,31.0,38.0,129.5,29.4876,3
716,23.8667,26.7284,53.9375,12.4425,0.0403,50.2393,0.0,0.0,0.0,0.1742,0.0109,0.9906,0.3833,0.6167,0.5359,0.4975,37.0,63.0,197.0,121.0,30.3419,3
717,23.9,28.7146,57.7199,8.691,0.0182,43.8568,0.0,0.0,0.0,0.1754,0.0109,0.9906,0.3806,0.6167,0.5302,0.497,98.0,218.0,192.0,15.0,32.4437,3
718,23.9333,28.9994,58.3738,6.5135,0.0206,31.5342,0.0,0.0,0.0,0.173,0.0109,0.9906,0.3806,0.6167,0.5258,0.5004,132.0,94.0,219.0,3.0,33.2341,3
719,23.9667,31.5141,61.4674,6.774,0.0302,25.838,0.0,0.0,0.0,0.1668,0.0094,0.9891,0.3806,0.6139,0.4907,0.4997,47.0,150.0,222.0,18.0,34.7239,3
720,24.0,36.4048,68.7429,8.557,0.0299,25.3438,0.0,0.0,0.0,0.1665,0.0094,0.9875,0.3806,0.6111,0.4916,0.4928,153.0,226.0,219.0,10.0,32.6633,3
721,24.0333,34.288,67.496,8.2215,0.0357,22.9182,0.0,0.0,0.0,0.1668,0.0125,0.9906,0.3806,0.6083,0.5413,0.4972,221.0,102.0,96.0,2.0,33.8562,3
722,24.0667,33.1027,65.6735,7.3916,0.0223,30.261,0.0,0.0,0.0,0.1625,0.0125,0.9906,0.3833,0.6,0.552,0.4951,91.0,101.0,154.0,2.0,36.2845,3
723,24.1,33.0098,65.021,5.7957,0.0217,24.763,0.0,0.0,0.0,0.1648,0.0125,0.9906,0.3833,0.5944,0.5482,0.4958,168.0,127.0,218.0,2.0,35.4072,3
724,24.1333,34.1322,66.0913,7.4867,0.025,28.1113,0.0,0.0,0.0,0.1707,0.0114,0.9906,0.3861,0.5944,0.5358,0.4928,171.0,228.0,187.0,5.0,33.7193,3
725,24.1667,29.8588,59.6557,6.0612,0.0186,22.7017,0.0,0.0,0.0,0.1668,0.0109,0.9906,0.3861,0.5944,0.5307,0.4951,219.0,101.0,69.0,8.0,37.2515,3
726,24.2,27.6416,56.04,6.6644,0.029,24.3857,0.0,0.0,0.0,0.171,0.0125,0.9906,0.3889,0.6028,0.5454,0.4967,204.0,160.0,224.0,2.0,36.8185,3
727,24.2333,28.201,55.1343,4.8016,0.0112,23.6087,0.0,0.0,0.0,0.169,0.0109,0.9906,0.3917,0.6,0.5448,0.4968,176.0,226.0,67.0,4.0,36.1111,3
728,24.2667,26.1343,51.5848,6.1851,0.0255,28.7293,0.0,0.0,0.0,0.1514,0.0172,0.9906,0.3972,0.6,0.5691,0.4956,196.0,41.0,31.0,19.0,36.4662,3
729,24.3,21.1416,45.1464,6.2673,0.032,29.6827,0.0,0.0,0.0,0.1276,0.0141,0.9875,0.3972,0.6,0.52,0.5054,216.0,34.0,24.0,20.0,35.8317,3
730,24.3333,14.7647,38.7256,5.6357,0.0378,19.9283,0.0,0.0,0.0,0.0959,0.0203,0.9812,0.3972,0.6,0.5238,0.5215,202.0,33.0,33.0,0.0,37.5617,3
731,24.3667,12.5859,36.6346,2.9391,0.0297,3.9016,0.0,0.0,0.0,0.0708,0.2312,0.7641,0.3972,0.6,0.5023,0.5123,209.0,209.0,210.0,0.0,46.4606,3
732,24.4,12.4812,36.3423,1.0398,0.005,2.9865,0.0,0.0,0.0,0.0704,0.2344,0.7641,0.3972,0.5972,0.5029,0.512,209.0,209.0,209.0,0.0,46.8068,3
733,24.4333,12.3922,36.0737,0.4808,0.0048,2.6475,0.0,0.0,0.0,0.0696,0.2344,0.7625,0.4,0.5972,0.5027,0.512,214.0,214.0,214.0,0.0,46.7075,3
734,24.4667,12.296,35.8178,0.9671,0.0045,2.5559,0.0,0.0,0.0,0.0691,0.2344,0.7609,0.4,0.5944,0.5022,0.5121,215.0,215.0,215.0,0.0,47.0829,3
735,24.5,12.216,35.577,0.4223,0.0042,2.3243,0.0,0.0,0.0,0.0686,0.2359,0.7609,0.4,0.5944,0.5029,0.5121,212.0,211.0,212.0,0.0,46.8586,3
736,24.5333,12.116,35.3364,0.8863,0.0039,2.1049,0.0,0.0,0.0,0.0684,0.2359,0.7594,0.4,0.5944,0.5021,0.5121,211.0,211.0,211.0,0.0,47.0077,3
737,24.5667,12.0501,35.1372,0.3643,0.0039,2.0278,0.0,0.0,0.0,0.0681,0.2375,0.7594,0.4,0.5944,0.5026,0.512,209.0,209.5,209.5,0.0,46.916,3
738,24.6,11.9641,34.9743,0.7905,0.0035,1.9539,0.0,0.0,0.0,0.0678,0.2375,0.7578,0.4,0.5944,0.502,0.5117,211.0,211.0,211.0,0.0,47.6871,3
739,24.6333,11.9085,34.8057,0.3119,0.0032,1.8333,0.0,0.0,0.0,0.0674,0.2391,0.7578,0.4,0.5944,0.5015,0.5118,202.0,202.0,202.0,0.0,47.2064,3
740,24.6667,11.8335,34.6452,0.7068,0.003,1.7426,0.0,0.0,0.0,0.0675,0.2391,0.7562,0.4,0.5944,0.5011,0.5119,211.0,210.5,211.0,0.0,47.9004,3
741,24.7,11.7873,34.5043,0.2658,0.0026,2.0201,0.0,0.0,0.0,0.0674,0.2391,0.7562,0.4,0.5944,0.5016,0.5119,207.0,207.0,207.0,0.0,47.8567,3
742,24.7333,11.7119,34.3721,0.6273,0.0026,1.6934,0.0,0.0,0.0,0.0666,0.2406,0.7562,0.4,0.5944,0.5016,0.5117,215.0,215.0,215.0,0.0,46.8351,3
743,24.7667,11.6754,34.2623,0.2175,0.0024,1.3368,0.0,0.0,0.0,0.0661,0.2406,0.7547,0.4,0.5944,0.5012,0.5117,220.0,219.0,221.0,0.0,46.6025,3
744,24.8,11.6194,34.1478,0.5578,0.0022,1.3736,0.0,0.0,0.0,0.066,0.2406,0.7547,0.4028,0.5944,0.5015,0.5118,222.0,222.0,222.0,0.0,47.3396,3
745,24.8333,11.5868,34.0497,0.1799,0.0017,1.3249,0.0,0.0,0.0,0.0656,0.2422,0.7547,0.4028,0.5944,0.5019,0.5118,222.0,222.0,222.0,0.0,47.3896,3
746,24.8667,11.5638,33.9921,0.5002,0.0016,1.1813,0.0,0.0,0.0,0.0653,0.2422,0.7547,0.4028,0.5944,0.5021,0.5117,222.0,222.0,222.0,0.0,46.8837,3
747,24.9,11.5401,33.92,0.1353,0.0013,0.9536,0.0,0.0,0.0,0.0651,0.2422,0.7531,0.4028,0.5944,0.5018,0.5116,222.0,222.0,222.0,0.0,46.4795,3
748,24.9333,11.5181,33.8804,0.4628,0.0013,0.8703,0.0,0.0,0.0,0.0651,0.2422,0.7531,0.4028,0.5944,0.5019,0.5116,222.0,221.0,222.0,0.0,46.4748,3
749,24.9667,11.4982,33.8205,0.1003,0.0011,0.7202,0.0,0.0,0.0,0.0649,0.2422,0.7531,0.4028,0.5944,0.5022,0.5116,223.0,222.0,222.0,0.0,46.7718,3
750,25.0,11.478,33.7297,0.4395,0.0008,0.6962,0.0,0.0,0.0,0.0648,0.2422,0.7531,0.4028,0.5944,0.5026,0.5117,222.0,222.0,222.0,0.0,46.7942,3
751,25.0333,11.4671,33.6972,0.0641,0.0006,0.5108,0.0,0.0,0.0,0.0648,0.2422,0.7531,0.4028,0.5944,0.5027,0.5117,222.0,222.0,222.0,0.0,46.9093,3
752,25.0667,11.4546,33.6528,0.3876,0.0005,0.4315,0.0,0.0,0.0,0.0648,0.2422,0.7531,0.4028,0.5944,0.5026,0.5117,221.0,221.0,221.0,0.0,47.0643,3
753,25.1,11.4526,33.6466,0.0282,0.0003,0.252,0.0,0.0,0.0,0.0647,0.2438,0.7531,0.4028,0.5944,0.5025,0.5117,222.0,222.0,222.0,0.0,47.2467,3
754,25.1333,11.448,33.6144,0.3508,0.0002,0.1166,0.0,0.0,0.0,0.0647,0.2438,0.7531,0.4028,0.5944,0.5025,0.5117,222.0,222.0,222.0,0.0,47.3444,3
755,25.1667,11.4476,33.6133,0.0038,0.0,0.0176,0.0,0.0,0.0,0.0647,0.2438,0.7531,0.4028,0.5944,0.5025,0.5117,222.0,222.0,222.0,0.0,47.369,3
756,25.2,11.4533,33.5976,0.3464,0.0001,0.0338,0.0,0.0,0.0,0.0647,0.2438,0.7531,0.4028,0.5944,0.5026,0.5117,222.0,222.0,222.0,0.0,47.3851,3
757,25.2333,11.4531,33.5966,0.0026,0.0,0.0056,0.0,0.0,0.0,0.0647,0.2438,0.7531,0.4028,0.5944,0.5026,0.5117,222.0,222.0,222.0,0.0,47.3778,3
758,25.2667,11.457,33.5875,0.3615,0.0001,0.0323,0.0,0.0,0.0,0.0647,0.2438,0.7531,0.4028,0.5944,0.5025,0.5117,222.0,222.0,222.0,0.0,47.3664,3
759,25.3,11.4568,33.5868,0.0027,0.0,0.0004,0.0,0.0,0.0,0.0647,0.2438,0.7531,0.4028,0.5944,0.5025,0.5117,222.0,222.0,222.0,0.0,47.3669,3
760,25.3333,11.4541,33.554,0.3549,0.0001,0.0227,0.0,0.0,0.0,0.0647,0.2438,0.7531,0.4028,0.5944,0.5025,0.5117,222.0,222.0,222.0,0.0,47.3793,3
761,25.3667,11.4543,33.554,0.0018,0.0,0.0,0.0,0.0,0.0,0.0647,0.2438,0.7531,0.4028,0.5944,0.5025,0.5117,222.0,222.0,222.0,0.0,47.3794,3
762,25.4,11.4602,33.5307,0.3603,0.0001,0.0204,0.0,0.0,0.0,0.0647,0.2438,0.7531,0.4028,0.5944,0.5025,0.5117,222.0,222.0,222.0,0.0,47.3594,3
