frame,time,luma,center_luma,diff,mask_change,fg_diff,bg_r,bg_g,bg_b,fg_area,x0,x1,y0,y1,cx,cy,fg_r,fg_g,fg_b,fg_sat,sharp,bands
0,0.0,19.9795,29.0032,0.0,1.0,255.0,0.0,0.0,11.0,0.0001,,,,,,,,,,,,
1,0.0334,19.9577,28.9741,0.0582,0.0,0.0,0.0,0.0,11.0,0.0001,,,,,,,,,,,,
2,0.0667,20.0421,29.2528,0.4683,0.0,1.6,0.0,0.0,11.0,0.0001,,,,,,,,,,,,
3,0.1001,20.4621,30.4906,0.8761,0.0,1.3111,0.0,0.0,11.0,0.0001,,,,,,,,,,,,
4,0.1335,21.0969,32.4077,1.0869,0.0,1.5152,0.0,0.0,11.0,0.0001,,,,,,,,,,,,
5,0.1668,21.9591,34.9612,1.3217,0.001,2.3846,0.0,0.0,11.0,0.001,0.325,0.6344,0.0639,0.5694,0.4115,0.4829,155.0,153.0,175.0,43.0,8.8319,6
6,0.2002,23.0104,38.1141,1.0323,0.0076,26.6948,0.0,0.0,11.0,0.0086,0.3172,0.5283,0.3722,0.5722,0.4203,0.4928,198.0,196.0,214.0,25.0,8.6514,2
7,0.2336,24.2787,41.8939,1.6806,0.0176,24.8572,0.0,0.0,11.0,0.0262,0.3156,0.575,0.375,0.575,0.457,0.4858,228.0,225.0,238.0,12.0,10.7657,3
8,0.2669,25.5501,45.651,1.8515,0.0123,7.9545,0.0,0.0,11.0,0.0384,0.3156,0.6594,0.375,0.5833,0.4898,0.4906,200.0,201.0,210.0,17.0,14.3674,4
9,0.3003,25.9531,46.8318,1.6115,0.0113,10.9172,0.0,0.0,11.0,0.0441,0.3188,0.6844,0.3778,0.5944,0.5013,0.4927,236.0,235.0,245.0,12.0,21.0562,2
10,0.3337,25.5083,45.4462,3.2873,0.0194,45.0081,0.0,0.0,11.0,0.0458,0.3281,0.6844,0.3833,0.6139,0.5085,0.496,247.0,246.0,252.0,8.0,31.4556,2
11,0.367,23.8845,40.574,5.2892,0.0268,79.7305,0.0,0.0,11.0,0.0354,0.3547,0.657,0.4,0.5944,0.5063,0.4956,229.0,227.0,244.0,15.0,36.0198,2
12,0.4004,22.5434,36.505,4.4216,0.02,88.125,0.0,0.0,11.0,0.0239,0.3828,0.6266,0.4194,0.5722,0.506,0.4943,202.0,201.0,229.0,37.0,39.8423,1
13,0.4338,21.852,34.3594,3.0489,0.0112,84.7308,0.0,0.0,11.0,0.017,0.3984,0.6094,0.4278,0.5583,0.5038,0.4929,187.5,182.0,216.5,36.5,43.188,1
14,0.4671,21.4242,33.0335,2.184,0.0073,78.2259,0.0,0.0,11.0,0.0139,0.4,0.6297,0.4361,0.5472,0.4922,0.4923,123.0,115.0,172.0,64.0,51.5112,1
15,0.5005,21.1772,32.2062,2.0074,0.0071,67.3864,0.0,0.0,11.0,0.0116,0.3938,0.6031,0.4417,0.5417,0.4831,0.4922,126.0,123.0,172.0,62.0,51.3947,1
16,0.5339,21.0108,31.7073,1.1741,0.0069,64.7788,0.0,0.0,11.0,0.0099,0.3859,0.5766,0.4472,0.5389,0.4672,0.4922,161.0,157.0,193.0,47.0,57.4093,1
17,0.5672,20.9339,31.4165,1.4479,0.0063,65.6067,0.0,0.0,11.0,0.009,0.375,0.5534,0.45,0.5333,0.4526,0.493,185.0,185.0,214.0,44.0,59.035,1
18,0.6006,20.9085,31.2519,1.48,0.0059,65.9039,0.0,0.0,11.0,0.0081,0.3641,0.5328,0.4519,0.5333,0.4382,0.4928,187.0,179.0,201.0,43.0,64.0271,1
19,0.634,20.9026,31.1698,1.4359,0.0055,68.5773,0.0,0.0,11.0,0.008,0.3531,0.5406,0.4556,0.5306,0.4348,0.4937,148.0,147.0,184.0,55.0,62.0153,1
20,0.6673,20.9511,31.1788,1.442,0.0056,71.4751,0.0,0.0,11.0,0.0084,0.3438,0.5266,0.4535,0.5278,0.4268,0.4932,183.0,172.0,137.0,106.0,69.9195,1
21,0.7007,20.9778,31.2596,0.959,0.0054,75.6403,0.0,0.0,11.0,0.0094,0.3281,0.5359,0.4583,0.5333,0.4284,0.495,152.0,132.0,119.0,140.0,61.8022,1
22,0.7341,21.0363,31.4212,1.4987,0.0061,72.2642,0.0,0.0,11.0,0.0109,0.3156,0.5609,0.4587,0.5306,0.4343,0.4949,176.0,139.0,113.0,148.0,59.18,1
23,0.7674,21.286,32.0454,1.7028,0.0078,67.5602,0.0,0.0,11.0,0.0131,0.3,0.6107,0.4611,0.5306,0.4458,0.4952,167.0,137.0,108.0,149.0,57.0991,1
24,0.8008,21.5558,32.8533,2.0589,0.0096,69.1077,0.0,0.0,11.0,0.0165,0.2828,0.6531,0.4584,0.5278,0.4682,0.4947,151.5,117.5,88.0,155.0,59.6762,1
25,0.8342,21.8628,33.6742,2.3497,0.0113,70.3293,0.0,0.0,11.0,0.0192,0.2688,0.7094,0.4611,0.525,0.4856,0.4937,144.5,112.5,74.0,164.0,60.9174,1
26,0.8675,22.0594,34.2681,2.034,0.0107,73.0777,0.0,0.0,11.0,0.022,0.2512,0.7344,0.4583,0.525,0.4907,0.4932,122.0,101.0,81.0,158.0,62.6408,1
27,0.9009,22.2028,34.7272,2.5745,0.0104,74.9807,0.0,0.0,11.0,0.023,0.2344,0.7406,0.4583,0.5222,0.4835,0.4917,130.0,105.0,81.0,156.0,65.1567,1
28,0.9343,22.3618,35.1271,2.9725,0.0091,90.7634,0.0,0.0,11.0,0.0233,0.225,0.75,0.4583,0.525,0.4792,0.4908,115.0,82.0,82.0,155.0,66.2306,1
29,0.9676,22.4309,35.3928,0.8746,0.0028,11.6872,0.0,0.0,11.0,0.0243,0.225,0.7578,0.4556,0.5222,0.4861,0.4901,120.0,96.0,88.0,153.0,67.7117,2
30,1.001,22.5468,35.7555,1.0849,0.0014,9.5535,0.0,0.0,11.0,0.0246,0.225,0.7594,0.4556,0.5222,0.489,0.4902,102.0,83.0,91.0,153.0,69.8382,2
31,1.0344,22.6381,36.0335,0.3849,0.0032,8.783,0.0,0.0,11.0,0.0245,0.225,0.7656,0.4583,0.525,0.4923,0.4908,90.0,79.0,95.0,150.0,70.1226,2
32,1.0677,22.7544,36.3698,0.8323,0.0047,9.3836,0.0,0.0,11.0,0.0256,0.225,0.7734,0.4583,0.525,0.4977,0.4925,90.5,79.0,103.0,146.0,74.2761,3
33,1.1011,22.8579,36.738,0.9732,0.0043,10.158,0.0,0.0,12.0,0.0258,0.225,0.775,0.4611,0.5278,0.4993,0.4933,86.0,74.0,115.0,144.0,77.1197,3
34,1.1345,22.9288,36.9816,0.8858,0.0034,7.2507,0.0,0.0,13.0,0.026,0.225,0.7766,0.4611,0.5278,0.5002,0.4949,83.0,74.0,122.0,135.0,78.7896,2
35,1.1678,23.0012,37.2442,0.8352,0.0022,7.4754,0.0,0.0,13.0,0.0264,0.225,0.7781,0.4611,0.5278,0.5027,0.4957,85.0,75.0,126.0,124.0,80.7693,1
36,1.2012,23.0494,37.3893,0.1405,0.0005,3.5175,0.0,0.0,13.0,0.0265,0.225,0.7781,0.4611,0.5278,0.5035,0.4957,84.0,74.0,131.0,115.0,81.7056,1
37,1.2346,23.0766,37.5289,0.7024,0.0025,4.8248,0.0,0.0,13.0,0.0263,0.225,0.7781,0.4611,0.5278,0.5025,0.4952,84.0,73.0,137.0,111.0,81.423,1
38,1.2679,23.0928,37.6203,0.8495,0.0033,5.8997,0.0,0.0,13.0,0.0263,0.225,0.7781,0.4611,0.525,0.5044,0.4942,79.0,69.0,138.0,107.0,83.7525,1
39,1.3013,23.0972,37.6708,0.8899,0.0036,5.9292,0.0,0.0,15.0,0.0267,0.225,0.7781,0.4611,0.525,0.5043,0.4933,80.0,69.0,138.0,102.0,86.763,1
40,1.3347,23.1045,37.7196,0.8262,0.0024,5.2777,0.0,0.0,15.0,0.0262,0.225,0.7781,0.4583,0.525,0.5041,0.4924,80.0,70.0,138.0,92.0,85.3165,1
41,1.368,23.0978,37.7023,0.1924,0.0018,2.3693,0.0,0.0,15.0,0.026,0.225,0.7781,0.4583,0.525,0.5041,0.4919,77.0,69.0,138.0,98.0,84.2403,1
42,1.4014,23.0974,37.7269,0.5414,0.0007,1.7699,0.0,0.0,15.0,0.0261,0.225,0.7781,0.4583,0.525,0.5041,0.4919,77.0,68.0,137.5,101.0,84.4256,1
43,1.4348,23.0944,37.7493,0.6326,0.0009,2.4427,0.0,0.0,15.0,0.0261,0.225,0.7781,0.4583,0.525,0.5047,0.492,79.0,69.0,138.0,104.0,84.0052,1
44,1.4681,23.0711,37.7324,0.6934,0.0018,4.3348,0.0,0.0,13.0,0.026,0.2265,0.7797,0.4583,0.525,0.5039,0.4918,82.0,72.0,139.0,99.0,82.0754,1
45,1.5015,23.0416,37.6895,0.8595,0.0016,3.7896,0.0,0.0,13.0,0.0258,0.2266,0.7797,0.4583,0.525,0.5033,0.4919,81.0,70.0,141.0,103.0,81.9506,1
46,1.5349,23.0393,37.6844,0.119,0.0007,1.4539,0.0,0.0,13.0,0.0256,0.2266,0.7797,0.4583,0.525,0.5039,0.4919,80.0,69.0,139.0,111.0,81.84,1
47,1.5682,23.0605,37.7446,0.5384,0.0019,2.6259,0.0,0.0,13.0,0.026,0.2266,0.7797,0.4583,0.525,0.5034,0.4925,81.0,70.0,140.0,92.5,83.0211,1
48,1.6016,23.054,37.7385,0.8313,0.0031,6.0088,0.0,0.0,13.0,0.0264,0.2266,0.7781,0.4611,0.525,0.5048,0.4931,81.0,68.0,138.0,92.0,84.3473,1
49,1.635,23.0492,37.7555,0.89,0.0032,7.905,0.0,0.0,13.0,0.0265,0.225,0.7781,0.4611,0.525,0.5053,0.4936,76.0,66.0,138.0,102.0,86.6353,1
50,1.6683,23.0436,37.7579,0.933,0.0038,6.8683,0.0,0.0,13.0,0.0256,0.225,0.7781,0.4611,0.525,0.5038,0.4939,80.0,68.0,138.0,102.5,81.9932,2
51,1.7017,23.0466,37.7689,0.3338,0.003,4.5465,0.0,0.0,13.0,0.0255,0.225,0.7781,0.4611,0.526,0.5015,0.4944,80.0,69.0,137.0,102.5,81.6248,2
52,1.7351,20.2699,29.4475,3.1499,0.0255,1.9167,0.0,0.0,13.0,0.0,,,,,,,,,,,,
53,1.7684,20.2739,29.4781,0.5759,0.0,2.75,0.0,0.0,13.0,0.0,,,,,,,,,,,,
54,1.8018,20.2788,29.5126,0.5879,0.0,2.4,0.0,0.0,13.0,0.0,,,,,,,,,,,,
55,1.8352,20.2786,29.5472,0.6478,0.0,2.8095,0.0,0.0,13.0,0.0,,,,,,,,,,,,
56,1.8685,20.3071,29.6339,0.1124,0.0003,0.0,0.0,0.0,13.0,0.0003,,,,,,,,,,,,
57,1.9019,20.3564,29.7907,0.6207,0.0013,16.871,0.0,0.0,13.0,0.0013,0.3359,0.6439,0.05,0.5778,0.3721,0.5402,124.0,122.0,162.0,63.0,42.0942,3
58,1.9353,20.3993,29.8916,1.1098,0.0019,27.3221,0.0,0.0,13.0,0.0017,0.3344,0.6438,0.05,0.5667,0.3705,0.5316,150.0,147.0,182.0,49.0,49.5195,2
59,1.9686,20.4356,30.0504,0.6537,0.0024,54.4059,0.0,0.0,13.0,0.0023,0.3344,0.6422,0.05,0.55,0.3684,0.5161,185.0,183.0,207.0,38.0,59.6868,2
60,2.002,20.4366,30.1569,1.2991,0.0032,53.7199,0.0,0.0,15.0,0.003,0.3312,0.4031,0.4639,0.525,0.3655,0.4938,170.5,169.0,200.5,29.5,72.9667,2
61,2.0354,20.4859,30.3084,0.2558,0.0013,39.4734,0.0,0.0,13.0,0.0034,0.3311,0.4422,0.458,0.575,0.3693,0.4935,153.5,138.5,188.0,66.0,71.7253,4
62,2.0687,20.605,30.638,0.5006,0.0015,3.1136,0.0,0.0,15.0,0.0044,0.3312,0.4453,0.4583,0.5194,0.3824,0.4908,192.0,192.0,212.0,29.0,77.3984,2
63,2.1021,20.9149,31.5573,0.8331,0.0033,6.0605,0.0,0.0,15.0,0.0072,0.3312,0.5469,0.4611,0.55,0.4314,0.5062,185.0,183.0,207.0,37.0,72.532,2
64,2.1355,21.0506,31.972,1.1894,0.0056,22.2161,0.0,0.0,15.0,0.0081,0.3312,0.5484,0.4611,0.525,0.4421,0.495,190.0,187.0,210.0,37.0,78.3353,2
65,2.1688,21.1851,32.3765,0.8546,0.0027,4.8529,0.0,0.0,15.0,0.0096,0.3312,0.6625,0.4611,0.575,0.4638,0.5029,93.0,94.0,145.0,57.0,74.4553,3
66,2.2022,21.3215,32.7896,0.4263,0.0037,8.9491,0.0,0.0,15.0,0.0113,0.3312,0.6625,0.4611,0.5667,0.4855,0.508,127.0,131.0,150.0,43.0,74.6702,2
67,2.2356,21.4076,33.0303,0.9365,0.0036,13.326,0.0,0.0,15.0,0.012,0.3312,0.6641,0.4639,0.5556,0.4945,0.5067,157.0,158.0,169.0,39.0,76.828,2
68,2.2689,21.4758,33.2256,0.9899,0.003,15.208,0.0,0.0,15.0,0.0124,0.3297,0.6656,0.4656,0.5472,0.5004,0.5052,169.0,168.0,186.0,38.0,78.0174,3
69,2.3023,21.5206,33.3479,0.9789,0.0028,16.6839,0.0,0.0,15.0,0.0129,0.3312,0.6656,0.4667,0.5417,0.5041,0.5032,160.0,158.0,186.0,42.0,79.7726,3
70,2.3357,21.556,33.4409,0.9698,0.0028,18.6848,0.0,0.0,15.0,0.0131,0.3312,0.6656,0.4667,0.5361,0.5047,0.502,158.0,157.0,180.0,53.0,82.8805,3
71,2.369,21.5819,33.5193,0.4155,0.0026,17.393,0.0,0.0,15.0,0.0135,0.3312,0.6672,0.4667,0.5333,0.5074,0.5001,152.0,149.0,172.0,49.0,83.5172,3
72,2.4024,21.6022,33.5778,0.8924,0.0029,15.5713,0.0,0.0,15.0,0.0135,0.3312,0.6672,0.4639,0.5306,0.5077,0.4976,145.0,140.0,167.0,56.0,81.3634,2
73,2.4358,21.6172,33.6137,0.9002,0.0028,14.2107,0.0,0.0,15.0,0.0134,0.3312,0.6672,0.4611,0.5278,0.5106,0.4961,138.0,133.0,154.0,57.0,83.5293,2
74,2.4691,21.6127,33.6044,0.8241,0.0025,11.2914,0.0,0.0,15.0,0.0133,0.3312,0.6688,0.4639,0.525,0.5125,0.4949,140.0,132.0,154.0,55.0,82.6812,3
75,2.5025,21.5874,33.5933,0.9559,0.0023,7.7287,0.0,0.0,15.0,0.0134,0.3312,0.6688,0.4611,0.5222,0.5118,0.4932,132.0,129.0,147.0,55.0,82.3005,3
76,2.5359,21.5894,33.5941,0.1962,0.0015,4.1371,0.0,0.0,15.0,0.0136,0.3312,0.6688,0.4595,0.5222,0.5118,0.4922,115.0,113.0,150.0,67.0,84.81,2
77,2.5692,21.5993,33.6017,0.4617,0.0004,1.2441,0.0,0.0,15.0,0.0137,0.3312,0.6688,0.4598,0.5222,0.5122,0.4923,94.0,90.0,147.0,71.0,85.0644,2
78,2.6026,21.5929,33.6003,0.7013,0.0017,4.7846,0.0,0.0,15.0,0.0135,0.3312,0.6688,0.4639,0.5222,0.5121,0.4933,129.5,129.0,147.5,61.0,82.6705,3
79,2.636,21.5805,33.5752,0.7742,0.0025,5.5746,0.0,0.0,15.0,0.0136,0.3312,0.6688,0.4611,0.525,0.5122,0.4943,140.0,128.5,158.0,56.0,83.346,2
80,2.6693,21.5721,33.5569,0.8034,0.0023,7.2925,0.0,0.0,15.0,0.0138,0.3344,0.6688,0.4667,0.525,0.5125,0.4959,141.0,134.0,155.0,53.0,83.8246,2
81,2.7027,21.5737,33.5626,0.2317,0.0023,4.5473,0.0,0.0,15.0,0.0137,0.3328,0.6688,0.4667,0.5278,0.5119,0.4975,122.0,123.0,147.0,64.5,83.0808,3
82,2.7361,21.5572,33.5255,0.6259,0.0012,4.2903,0.0,0.0,15.0,0.0138,0.3328,0.6688,0.4639,0.5278,0.5108,0.498,99.0,95.0,151.0,66.0,84.812,1
83,2.7694,21.5379,33.4836,0.5716,0.0004,1.3698,0.0,0.0,15.0,0.0137,0.3328,0.6688,0.4639,0.5278,0.511,0.4975,134.0,127.0,153.0,65.0,85.3992,2
84,2.8028,21.5119,33.4274,0.6642,0.0011,3.7237,0.0,0.0,15.0,0.0137,0.3328,0.6688,0.4667,0.5278,0.5105,0.4974,112.5,111.0,151.0,61.0,85.0684,3
85,2.8362,21.4893,33.3828,0.771,0.002,4.8523,0.0,0.0,15.0,0.0138,0.3328,0.6688,0.4633,0.525,0.5098,0.4954,141.0,133.0,166.0,59.0,84.8754,2
86,2.8695,21.4906,33.3818,0.2209,0.0019,6.2756,0.0,0.0,15.0,0.0138,0.3344,0.6688,0.4611,0.525,0.5105,0.4947,139.0,132.0,153.0,57.5,85.2625,2
87,2.9029,21.4837,33.3524,0.6245,0.0015,4.6778,0.0,0.0,15.0,0.0136,0.3344,0.6688,0.4611,0.525,0.5115,0.4944,143.5,133.0,158.0,56.0,82.7113,2
88,2.9363,21.4674,33.2964,0.6152,0.0009,2.7897,0.0,0.0,15.0,0.0134,0.3344,0.6688,0.4611,0.525,0.5116,0.4934,127.0,122.0,160.0,58.0,82.5796,3
89,2.9696,21.4479,33.2409,0.5504,0.0006,1.9531,0.0,0.0,15.0,0.0134,0.3344,0.6688,0.4611,0.5223,0.5115,0.4933,143.0,133.0,159.0,53.0,82.9209,3
90,3.003,21.3836,33.0949,0.8419,0.0009,2.6112,0.0,0.0,15.0,0.0135,0.3328,0.6688,0.4639,0.525,0.5106,0.4942,129.0,130.0,153.0,60.0,83.661,3
91,3.0364,21.3776,33.0867,0.1317,0.0007,3.5406,0.0,0.0,15.0,0.0135,0.3328,0.6688,0.4639,0.5222,0.5103,0.4942,101.0,96.0,154.0,60.0,85.144,3
92,3.0697,21.4276,33.1987,0.4843,0.0008,3.196,0.0,1.0,15.0,0.0136,0.3328,0.6688,0.4639,0.525,0.51,0.4941,95.0,93.0,153.0,60.0,85.3064,3
93,3.1031,20.0706,29.1137,2.0394,0.0136,0.6667,0.0,1.0,15.0,0.0,,,,,,,,,,,,
94,3.1365,20.156,29.3826,0.7753,0.0,2.8333,0.0,1.0,15.0,0.0,,,,,,,,,,,,
95,3.1698,20.2518,29.6116,0.94,0.0001,1.5,0.0,1.0,15.0,0.0001,,,,,,,,,,,,
96,3.2032,20.3498,29.9041,0.5125,0.0012,39.5333,0.0,1.0,15.0,0.0011,0.3587,0.4975,0.2581,0.5028,0.3791,0.4606,161.0,159.0,193.0,45.5,12.0857,2
97,3.2366,20.4597,30.2482,1.0573,0.0022,73.9038,0.0,1.0,15.0,0.0019,0.3531,0.4125,0.4152,0.5111,0.3771,0.4719,167.0,164.0,197.0,42.0,15.7965,3
98,3.2699,20.505,30.34,1.181,0.0022,76.664,0.0,1.0,16.0,0.0024,0.3484,0.4539,0.4333,0.5139,0.3759,0.4754,179.0,178.0,208.0,37.0,22.3106,1
99,3.3033,20.4963,30.3504,1.2007,0.0034,71.3364,0.0,1.0,16.0,0.0038,0.3453,0.4359,0.4352,0.5167,0.3873,0.4788,168.0,165.0,196.0,39.0,25.7471,1
100,3.3367,20.6709,30.8196,1.3244,0.0034,63.2175,0.0,1.0,16.0,0.0039,0.3408,0.425,0.4474,0.5194,0.3828,0.4851,189.0,188.0,209.0,30.0,36.7006,1
101,3.37,20.8521,31.3647,0.9356,0.0036,49.8055,0.0,1.0,16.0,0.0049,0.3406,0.4703,0.4339,0.5411,0.3974,0.4862,176.0,173.0,205.0,40.0,41.6409,1
102,3.4034,20.8776,31.4664,1.4855,0.005,43.0089,0.0,1.0,16.0,0.0067,0.3406,0.5,0.4389,0.5389,0.4164,0.4874,181.0,179.0,209.0,39.0,44.5184,1
103,3.4368,20.8928,31.4675,1.5247,0.0055,47.856,0.0,1.0,16.0,0.008,0.3406,0.5219,0.4472,0.5353,0.4298,0.4903,189.0,186.0,215.0,37.0,48.9206,1
104,3.4701,21.146,32.3098,1.6771,0.0052,40.9097,0.0,1.0,15.0,0.0088,0.3406,0.6,0.4417,0.5306,0.4447,0.4908,172.0,169.0,201.0,43.0,56.826,1
105,3.5035,21.5725,33.6551,2.1207,0.0064,30.8039,0.0,1.0,15.0,0.0115,0.3406,0.6562,0.4206,0.5278,0.4809,0.4888,167.0,165.0,191.0,39.0,55.5057,3
106,3.5369,21.6473,33.885,1.5049,0.009,32.0267,0.0,1.0,15.0,0.016,0.3422,0.6938,0.3944,0.5338,0.5267,0.4868,145.0,147.0,168.0,38.0,54.8021,1
107,3.5702,21.385,33.0979,1.6907,0.0062,45.6755,0.0,1.0,15.0,0.0157,0.3422,0.6719,0.4389,0.5333,0.5244,0.4917,144.0,145.0,162.0,52.0,68.8965,1
108,3.6036,21.2638,32.7097,1.1609,0.0034,24.5724,0.0,1.0,15.0,0.0151,0.3422,0.6688,0.45,0.5306,0.5199,0.4929,77.0,67.0,141.0,98.0,76.3439,1
109,3.637,21.171,32.4997,0.7754,0.0018,8.517,0.0,0.0,15.0,0.0149,0.3422,0.6656,0.4528,0.5278,0.5174,0.4929,75.5,66.0,138.5,106.0,79.8629,1
110,3.6703,21.1484,32.4409,0.6629,0.001,3.1595,0.0,0.0,15.0,0.0149,0.3422,0.6652,0.4556,0.5278,0.5159,0.4926,74.0,63.0,137.0,111.5,80.1028,1
111,3.7037,21.1479,32.4389,0.0676,0.0002,0.6503,0.0,0.0,15.0,0.0148,0.3422,0.6641,0.4556,0.5278,0.5156,0.4928,74.0,63.0,137.0,114.0,80.6389,1
112,3.7371,21.1137,32.371,0.5732,0.001,2.8779,0.0,0.0,15.0,0.0149,0.3422,0.6641,0.4556,0.5278,0.5161,0.4934,75.0,65.0,138.0,108.5,80.9162,1
113,3.7704,21.1102,32.35,0.6497,0.0013,4.0559,0.0,0.0,15.0,0.0148,0.3422,0.6641,0.4556,0.5306,0.516,0.4942,74.0,63.0,136.0,105.0,82.2016,1
114,3.8038,21.0551,32.2419,0.6778,0.0014,3.9966,0.0,0.0,15.0,0.0149,0.3422,0.6652,0.4583,0.5306,0.5156,0.4947,73.0,61.5,134.0,104.0,83.3699,1
115,3.8372,21.0458,32.206,0.6731,0.0011,3.4658,0.0,1.0,15.0,0.0149,0.3422,0.6641,0.4583,0.5306,0.515,0.4949,72.0,61.0,136.0,105.0,82.3985,1
116,3.8705,21.0453,32.2095,0.0996,0.0006,2.2353,0.0,1.0,15.0,0.0149,0.3422,0.6641,0.4583,0.5306,0.515,0.4951,72.0,61.0,131.0,104.0,82.317,1
117,3.9039,21.0044,32.1171,0.505,0.0003,0.7465,0.0,1.0,15.0,0.015,0.3422,0.6641,0.4583,0.5306,0.5145,0.495,72.0,60.5,130.0,108.0,82.4052,1
118,3.9373,21.0004,32.0602,0.6011,0.0007,2.297,0.0,1.0,15.0,0.015,0.3422,0.6641,0.4583,0.5306,0.5149,0.4947,70.0,60.0,129.0,112.0,82.6851,1
119,3.9706,20.9456,31.934,0.6375,0.0011,3.2233,0.0,1.0,15.0,0.0151,0.3422,0.6656,0.4583,0.5306,0.5149,0.4945,69.0,59.0,129.0,112.0,83.4444,1
120,4.004,20.856,31.7098,1.1227,0.0011,4.0856,0.0,1.0,15.0,0.015,0.3422,0.6656,0.4583,0.5306,0.5151,0.4944,68.0,58.0,130.0,110.0,83.2149,1
121,4.0374,20.8478,31.6978,0.0852,0.0007,2.4539,0.0,1.0,15.0,0.0149,0.3422,0.6656,0.4556,0.5306,0.5157,0.4941,67.0,58.0,129.0,116.0,81.7358,1
122,4.0707,20.8714,31.7152,0.3415,0.0005,1.6194,0.0,1.0,15.0,0.015,0.3422,0.6656,0.4556,0.5293,0.5157,0.4939,67.0,58.0,129.0,113.0,81.1631,1
123,4.1041,20.8677,31.6628,0.5156,0.0003,0.8514,0.0,1.0,15.0,0.015,0.3422,0.6656,0.4556,0.5289,0.5157,0.4938,67.0,58.0,130.0,113.0,81.1046,1
124,4.1375,20.8422,31.5714,0.537,0.0005,1.5349,0.0,1.0,15.0,0.015,0.3422,0.6656,0.4556,0.5287,0.5152,0.4939,67.0,59.0,129.0,107.5,82.1807,1
125,4.1708,20.8183,31.4486,0.6073,0.0006,2.0136,0.0,1.0,15.0,0.0151,0.3422,0.6656,0.4556,0.5286,0.5144,0.4939,67.0,58.0,126.0,109.5,81.9292,1
126,4.2042,20.8151,31.4406,0.0797,0.0004,1.5507,0.0,1.0,15.0,0.015,0.3422,0.6656,0.4556,0.5289,0.5142,0.4938,66.0,57.0,125.0,109.0,82.3876,1
127,4.2376,20.8025,31.3499,0.4887,0.0003,0.743,0.0,1.0,15.0,0.0151,0.3422,0.6656,0.4556,0.5287,0.5138,0.4939,67.0,58.0,124.0,108.0,82.0597,1
128,4.2709,20.7839,31.2288,0.5679,0.0006,1.7557,0.0,1.0,15.0,0.015,0.3422,0.6656,0.4556,0.5306,0.5143,0.4942,63.0,55.0,123.0,111.0,82.8041,1
129,4.3043,20.7652,31.1118,0.6157,0.0009,2.9793,0.0,1.0,15.0,0.0151,0.3422,0.6656,0.4577,0.5306,0.5141,0.4944,65.0,56.0,124.0,113.0,82.9916,1
130,4.3377,20.734,30.9667,0.6595,0.0011,3.5513,0.0,1.0,15.0,0.015,0.3431,0.6656,0.4583,0.5306,0.5156,0.4947,63.0,55.0,124.0,111.0,84.1647,1
131,4.371,20.7341,30.967,0.1443,0.0011,3.1863,0.0,1.0,15.0,0.015,0.3422,0.6656,0.4583,0.5306,0.5152,0.4951,62.0,55.5,124.0,110.0,85.1916,1
132,4.4044,19.2374,26.4205,1.9959,0.0151,96.1333,0.0,1.0,15.0,0.0003,,,,,,,,,,,,
133,4.4378,19.4829,27.1158,0.8703,0.003,92.1905,0.0,1.0,15.0,0.0031,0.2953,0.3578,0.4611,0.5194,0.3255,0.4915,164.0,162.0,184.0,40.5,91.1325,1
134,4.4711,19.7295,27.8345,1.1464,0.0041,89.2366,0.0,1.0,15.0,0.0055,0.2812,0.4109,0.4611,0.5204,0.3416,0.4929,145.0,144.0,171.5,51.0,87.525,1
135,4.5045,19.8151,28.0801,1.4768,0.0035,93.7331,0.0,1.0,15.0,0.0068,0.2703,0.4443,0.4611,0.5222,0.3444,0.4934,85.5,83.5,122.5,79.0,88.5404,1
136,4.5379,20.0244,28.7094,1.25,0.0051,121.4705,0.0,1.0,15.0,0.0094,0.2625,0.4625,0.4611,0.5222,0.3622,0.4951,67.0,62.0,119.0,80.0,87.8354,1
137,4.5712,20.0576,28.76,1.7514,0.0033,137.9278,0.0,1.0,15.0,0.0094,0.2562,0.4578,0.4639,0.525,0.3564,0.4959,55.0,49.0,118.0,107.0,88.8004,1
138,4.6046,20.0935,28.8293,1.8826,0.0038,131.7749,0.0,1.0,15.0,0.0096,0.25,0.4797,0.4639,0.525,0.3545,0.497,60.0,56.0,120.0,85.5,87.213,1
139,4.638,20.1072,28.858,1.7042,0.0036,104.2664,0.0,1.0,15.0,0.0104,0.2469,0.4783,0.4639,0.525,0.3566,0.4968,54.0,49.0,115.0,110.0,86.2101,1
140,4.6713,20.1157,28.8605,1.5187,0.0035,73.7265,0.0,1.0,15.0,0.0109,0.2438,0.4875,0.4639,0.525,0.3588,0.4964,55.0,49.0,116.0,109.0,85.2587,1
141,4.7047,20.1414,28.9393,0.7757,0.0031,49.7514,0.0,1.0,15.0,0.0108,0.2419,0.4875,0.4639,0.525,0.3576,0.4959,55.0,49.0,118.0,112.0,88.692,1
142,4.7381,20.1435,28.9167,1.0187,0.0031,29.2209,0.0,1.0,15.0,0.0111,0.2406,0.4875,0.4611,0.5222,0.3585,0.4949,54.0,48.0,112.0,109.0,88.5323,1
143,4.7714,20.1047,28.7819,0.9008,0.0026,15.8134,0.0,1.0,15.0,0.0111,0.2391,0.4875,0.4611,0.5222,0.3593,0.494,54.0,46.0,116.0,130.0,87.048,1
144,4.8048,20.0453,28.6124,0.7294,0.0018,7.8975,0.0,1.0,15.0,0.0107,0.2391,0.4875,0.4611,0.5222,0.3591,0.4933,54.0,47.0,118.0,127.0,85.7136,1
145,4.8382,19.9624,28.3634,0.6642,0.0009,6.2309,0.0,1.0,15.0,0.0105,0.2406,0.4875,0.4611,0.5194,0.3612,0.493,65.0,59.0,122.0,97.0,84.012,1
146,4.8715,19.9251,28.2597,0.1827,0.0012,7.222,0.0,1.0,15.0,0.0104,0.2391,0.4891,0.4611,0.5222,0.3627,0.4933,66.5,65.0,124.0,105.0,81.389,1
147,4.9049,19.8327,27.9955,0.7538,0.0028,12.3136,0.0,1.0,15.0,0.0105,0.2391,0.4969,0.4611,0.5222,0.3698,0.4931,105.0,117.0,173.0,122.0,76.7407,1
148,4.9383,19.7283,27.7043,0.9135,0.0028,18.9956,0.0,1.0,15.0,0.0099,0.2375,0.4984,0.4639,0.5222,0.3702,0.4939,97.0,123.0,182.0,142.0,71.6342,1
149,4.9716,19.6731,27.5394,0.9397,0.0042,18.911,0.0,1.0,15.0,0.0097,0.2366,0.525,0.4639,0.5222,0.3767,0.4944,95.0,119.0,198.0,145.0,66.7575,1
150,5.005,19.5798,27.3351,1.2956,0.0046,26.9984,0.0,1.0,15.0,0.0097,0.2344,0.55,0.4639,0.5194,0.3842,0.4949,89.0,116.0,204.0,143.0,64.1715,1
151,5.0384,19.6215,27.467,0.681,0.0056,32.4573,0.0,1.0,15.0,0.0109,0.2328,0.575,0.4639,0.5306,0.4003,0.496,84.0,109.0,200.0,147.0,60.2625,1
152,5.0717,19.7036,27.683,1.0876,0.0061,34.6707,0.0,1.0,15.0,0.0115,0.2312,0.5969,0.4639,0.5306,0.4088,0.4969,86.0,113.0,216.5,149.0,61.202,1
153,5.1051,19.7071,27.6882,1.2477,0.0058,35.6309,0.0,1.0,15.0,0.0117,0.2297,0.6094,0.4639,0.5306,0.4042,0.4971,82.0,109.0,218.0,153.0,59.9775,1
154,5.1385,19.8897,28.2434,1.4393,0.0079,40.1538,0.0,1.0,15.0,0.0142,0.2266,0.6625,0.4639,0.5278,0.425,0.4968,76.0,105.0,210.0,160.0,62.2987,1
155,5.1718,20.167,29.0807,1.7748,0.0089,48.7269,0.0,1.0,15.0,0.0174,0.225,0.7125,0.4639,0.5333,0.4538,0.4977,68.0,101.0,197.0,161.0,66.0776,1
156,5.2052,20.436,29.8896,1.5022,0.0096,53.9297,0.0,1.0,15.0,0.0201,0.2234,0.7516,0.4639,0.5333,0.4759,0.4966,65.0,93.0,180.0,162.0,67.1473,1
157,5.2386,20.7022,30.702,2.0481,0.0097,52.1492,0.0,1.0,15.0,0.0233,0.2219,0.7781,0.4611,0.5306,0.4887,0.4957,58.0,62.0,131.0,160.0,71.1441,1
158,5.2719,20.9641,31.5047,2.0871,0.0084,49.6026,0.0,1.0,15.0,0.025,0.2198,0.7828,0.4611,0.5306,0.4958,0.4951,58.0,55.0,124.0,150.0,79.7096,1
159,5.3053,21.2233,32.3174,1.9608,0.0071,41.409,0.0,1.0,15.0,0.0254,0.2172,0.7828,0.4611,0.5306,0.4976,0.4943,58.0,49.0,117.0,122.0,85.927,1
160,5.3387,21.3205,32.6445,1.69,0.0064,26.9294,0.0,1.0,15.0,0.0258,0.2156,0.7812,0.4598,0.5306,0.4997,0.4937,56.0,49.0,112.0,116.0,88.6162,1
161,5.372,21.3581,32.7612,0.8004,0.0054,13.5185,0.0,1.0,15.0,0.0261,0.2156,0.7827,0.4611,0.5306,0.5025,0.4938,53.0,48.0,109.0,123.5,90.3564,1
162,5.4054,21.3403,32.7483,0.9956,0.0056,7.7642,0.0,1.0,15.0,0.0264,0.2141,0.7812,0.4611,0.5333,0.5008,0.4949,53.0,48.0,110.0,120.0,90.3274,1
163,5.4388,21.3066,32.6945,0.96,0.0046,8.7372,0.0,1.0,15.0,0.0264,0.2141,0.7812,0.4611,0.5333,0.4991,0.4958,53.0,48.0,111.0,121.0,90.5328,1
164,5.4721,21.2798,32.6569,0.9304,0.0047,6.9494,0.0,0.0,15.0,0.0259,0.2141,0.7812,0.4639,0.5361,0.4995,0.4973,53.0,48.0,109.0,122.0,89.3541,1
165,5.5055,21.246,32.6163,1.0201,0.004,6.1373,0.0,0.0,15.0,0.0263,0.2156,0.7812,0.4639,0.5361,0.5001,0.4983,53.0,49.0,107.0,122.0,92.4267,1
166,5.5389,21.2528,32.6423,0.2609,0.0021,4.8683,0.0,1.0,15.0,0.0266,0.2156,0.7812,0.4639,0.5361,0.5012,0.4987,55.0,51.0,110.0,113.0,92.3967,1
167,5.5722,21.2671,32.6792,0.4408,0.0007,1.7647,0.0,0.0,15.0,0.0267,0.2156,0.7812,0.4639,0.5361,0.5016,0.4987,54.0,49.0,108.0,115.5,92.8977,1
168,5.6056,21.2635,32.6656,0.722,0.0023,4.7283,0.0,1.0,15.0,0.0265,0.2156,0.7812,0.4639,0.5361,0.5011,0.4982,53.0,47.0,108.0,118.0,92.7449,1
169,5.639,21.2245,32.6132,0.8538,0.004,5.4513,0.0,0.0,15.0,0.026,0.2141,0.7828,0.4639,0.5333,0.5015,0.4971,54.0,49.0,108.0,117.0,90.615,1
170,5.6723,21.2355,32.6173,0.8752,0.0036,5.4074,0.0,0.0,15.0,0.0263,0.2141,0.7812,0.4611,0.5333,0.4999,0.4962,55.0,49.0,110.0,121.0,90.9472,1
171,5.7057,21.2425,32.6401,0.3082,0.0028,5.3956,0.0,0.0,15.0,0.0265,0.2141,0.7812,0.4611,0.5333,0.4993,0.4956,56.0,51.0,110.5,122.0,91.9476,1
172,5.7391,21.2167,32.582,0.6412,0.0017,3.4574,0.0,0.0,15.0,0.0262,0.2141,0.7812,0.4611,0.5306,0.4992,0.4952,55.0,49.0,112.0,120.0,91.6468,1
173,5.7724,21.235,32.6255,0.6055,0.001,2.1725,0.0,0.0,15.0,0.0263,0.2141,0.7812,0.4611,0.5306,0.4995,0.4949,55.0,49.0,112.0,123.0,90.8438,1
174,5.8058,21.2098,32.5899,0.6671,0.0016,2.9008,0.0,0.0,15.0,0.0265,0.2141,0.7812,0.4611,0.5306,0.5,0.495,55.0,49.0,109.0,118.0,91.2288,1
175,5.8392,21.2187,32.6108,0.7381,0.0019,3.6737,0.0,1.0,15.0,0.0264,0.2141,0.7812,0.4611,0.5306,0.5009,0.495,54.0,48.0,110.0,119.0,91.7466,1
176,5.8725,21.2161,32.606,0.1905,0.0014,3.1812,0.0,1.0,15.0,0.0262,0.2156,0.7812,0.4611,0.5306,0.501,0.4949,55.0,48.0,111.0,122.0,91.5368,1
177,5.9059,21.199,32.5991,0.5564,0.001,1.9543,0.0,0.0,15.0,0.0264,0.2156,0.7817,0.4611,0.5306,0.5007,0.4949,55.0,51.0,110.0,121.0,91.7406,1
178,5.9393,21.2132,32.6445,0.7138,0.0018,3.9864,0.0,0.0,15.0,0.0265,0.2156,0.7812,0.4611,0.5306,0.5011,0.4951,54.0,47.0,111.0,120.0,93.3051,1
179,5.9726,21.2,32.668,0.7943,0.0026,6.109,0.0,0.0,15.0,0.0266,0.2156,0.7812,0.4611,0.5306,0.5011,0.4957,55.0,49.0,113.0,115.0,91.5959,1
180,6.006,21.1567,32.6728,1.3857,0.0042,7.4351,0.0,1.0,15.0,0.0263,0.2141,0.7812,0.4611,0.5333,0.4993,0.4962,55.0,51.0,115.0,130.0,89.3484,1
181,6.0394,21.1577,32.6792,0.3772,0.0038,5.9333,0.0,1.0,15.0,0.0262,0.2141,0.7812,0.4639,0.5333,0.4989,0.4971,56.0,52.0,115.0,125.0,90.384,1
182,6.0727,18.3766,24.3376,3.0154,0.0262,0.6667,0.0,1.0,15.0,0.0,,,,,,,,,,,,
183,6.1061,18.4245,24.5201,0.532,0.0,0.0,0.0,1.0,15.0,0.0,,,,,,,,,,,,
184,6.1395,18.4961,24.787,0.59,0.0,0.0,0.0,1.0,15.0,0.0,,,,,,,,,,,,
185,6.1728,18.5856,25.1176,0.7346,0.0,0.8333,0.0,1.0,15.0,0.0,,,,,,,,,,,,
186,6.2062,18.7087,25.4852,0.3611,0.0,0.0,0.0,1.0,15.0,0.0001,,,,,,,,,,,,
187,6.2396,18.8619,26.0019,0.915,0.0001,23.0,0.0,1.0,15.0,0.0001,,,,,,,,,,,,
188,6.2729,19.063,26.6518,1.127,0.0001,19.549,0.0,1.0,15.0,0.0002,,,,,,,,,,,,
189,6.3063,19.2662,27.3382,1.324,0.0004,15.1429,0.0,1.0,15.0,0.0004,0.3516,0.6844,0.4278,0.8611,0.5967,0.5693,90.0,35.0,127.0,202.0,42.7547,4
190,6.3397,19.5534,28.2028,1.5554,0.0024,23.6481,0.0,1.0,15.0,0.0025,0.3547,0.6708,0.426,0.8481,0.5163,0.5034,131.0,129.0,165.0,60.0,21.8104,8
191,6.373,19.8741,29.168,1.3207,0.0072,23.2607,0.0,1.0,15.0,0.0061,0.3422,0.6453,0.4222,0.5667,0.4732,0.4963,150.0,148.0,183.0,46.0,23.5209,5
192,6.4064,20.2258,30.263,2.0848,0.0125,37.826,0.0,1.0,15.0,0.0096,0.3156,0.6203,0.4222,0.5639,0.4392,0.4944,168.0,167.0,193.0,34.0,26.1612,2
193,6.4398,20.6287,31.448,2.6746,0.0167,61.3429,0.0,1.0,15.0,0.0159,0.2953,0.5805,0.4222,0.5611,0.4085,0.4917,172.0,172.0,197.0,30.5,31.5623,2
194,6.4731,20.7997,31.9599,3.2301,0.0125,111.0142,0.0,1.0,15.0,0.0162,0.2844,0.5634,0.4222,0.5611,0.3922,0.4918,134.0,89.0,176.0,80.0,33.4466,2
195,6.5065,20.8661,32.1286,3.3383,0.0108,113.976,0.0,1.0,15.0,0.0167,0.2787,0.6266,0.4278,0.5611,0.3946,0.4929,146.0,131.0,180.0,58.0,37.1999,2
196,6.5399,20.8947,32.2109,2.4965,0.0134,85.9034,0.0,1.0,15.0,0.0203,0.2781,0.6125,0.4333,0.5639,0.4256,0.496,165.0,151.0,193.0,44.0,39.3749,1
197,6.5732,21.0776,32.6828,2.824,0.0114,62.8507,0.0,1.0,15.0,0.0191,0.2797,0.6952,0.4361,0.5639,0.4231,0.4964,109.0,95.0,155.0,51.0,43.7053,1
198,6.6066,21.1176,32.7184,2.8375,0.0121,60.8677,0.0,1.0,15.0,0.0203,0.2828,0.7359,0.4417,0.5667,0.449,0.4968,138.0,130.0,164.0,48.0,46.076,2
199,6.64,21.0482,32.4843,2.8236,0.0138,63.6536,0.0,1.0,15.0,0.0223,0.2859,0.7109,0.4444,0.5694,0.4764,0.497,146.0,131.0,167.0,48.0,47.8153,2
200,6.6733,20.8835,31.8951,2.7529,0.0111,67.1331,0.0,1.0,15.0,0.0209,0.2875,0.6922,0.4472,0.5694,0.4725,0.4967,122.0,87.0,152.0,70.0,52.1586,2
201,6.7067,20.7353,31.4462,2.1114,0.0096,68.3548,0.0,1.0,15.0,0.0201,0.2891,0.7391,0.45,0.5437,0.4747,0.4967,94.0,87.0,129.0,53.0,55.5105,2
202,6.7401,20.619,31.0104,2.3655,0.0092,65.4125,0.0,1.0,15.0,0.0197,0.2906,0.7375,0.4528,0.5333,0.4839,0.4963,105.0,104.0,132.0,49.0,58.2046,2
203,6.7734,20.5298,30.656,2.2468,0.0085,58.6481,0.0,1.0,15.0,0.0194,0.2922,0.725,0.4528,0.5306,0.4863,0.4963,91.0,93.0,130.0,54.0,62.2973,1
204,6.8068,20.4359,30.3227,2.0283,0.0072,52.0699,0.0,1.0,15.0,0.0189,0.2938,0.7141,0.4556,0.5306,0.4872,0.4966,84.0,81.0,126.0,65.0,63.4466,1
205,6.8402,20.3807,30.0537,1.8594,0.0063,44.6906,0.0,1.0,15.0,0.0188,0.2942,0.7078,0.4556,0.5306,0.4902,0.4965,69.0,65.0,122.0,95.0,67.9055,1
206,6.8735,20.3383,29.922,1.126,0.0058,36.6266,0.0,1.0,15.0,0.0186,0.2953,0.7016,0.4556,0.5278,0.4903,0.496,67.0,62.0,122.0,102.0,68.8967,1
207,6.9069,20.2924,29.7231,1.3808,0.0051,29.7084,0.0,1.0,15.0,0.0185,0.2953,0.6969,0.4556,0.5278,0.4895,0.4946,61.0,56.0,117.0,106.0,73.9973,1
208,6.9403,20.2577,29.5471,1.2733,0.0046,22.6565,0.0,1.0,15.0,0.0184,0.2969,0.6938,0.4556,0.525,0.4891,0.4933,63.0,55.5,124.0,102.0,73.4031,1
209,6.9736,20.2123,29.3496,1.0617,0.004,16.0454,0.0,1.0,15.0,0.0184,0.2969,0.6922,0.4528,0.525,0.4902,0.4925,59.0,53.0,115.0,103.0,77.2358,1
210,7.007,20.1529,29.1167,1.1142,0.0028,9.3583,0.0,1.0,15.0,0.0182,0.2969,0.6922,0.4528,0.525,0.4902,0.4925,58.0,52.0,113.0,100.0,79.7668,1
211,7.0404,20.1483,29.1061,0.1336,0.0009,2.7997,0.0,1.0,15.0,0.0182,0.2969,0.6906,0.4528,0.525,0.4901,0.4925,56.0,52.0,111.0,99.0,79.9757,1
212,7.0737,20.1422,29.0354,0.5996,0.0023,4.8318,0.0,1.0,15.0,0.0183,0.2969,0.6906,0.4532,0.525,0.489,0.4927,56.0,51.0,111.0,102.0,78.3815,1
213,7.1071,20.1228,28.913,0.8506,0.0033,6.4913,0.0,1.0,15.0,0.0183,0.2969,0.6922,0.4556,0.525,0.4901,0.4944,58.0,53.0,112.0,101.0,78.6191,1
214,7.1405,20.083,28.7645,0.8466,0.0031,7.7905,0.0,1.0,15.0,0.0182,0.2969,0.6922,0.4556,0.5278,0.4893,0.4956,56.0,51.0,111.0,117.5,79.381,1
215,7.1738,20.068,28.6318,0.8052,0.0029,5.3761,0.0,1.0,15.0,0.0186,0.2969,0.6922,0.4583,0.5278,0.4904,0.4971,55.0,49.0,110.0,120.0,79.6127,1
216,7.2072,20.0679,28.6282,0.1751,0.0014,3.8585,0.0,1.0,15.0,0.0185,0.2969,0.6906,0.4583,0.5291,0.4905,0.4976,56.0,52.0,109.0,118.0,79.5605,1
217,7.2406,20.0338,28.4937,0.5309,0.0006,1.7055,1.0,1.0,15.0,0.0185,0.2984,0.6906,0.4583,0.5278,0.4908,0.4975,55.0,51.0,108.0,118.0,78.8857,1
218,7.2739,20.0083,28.356,0.6848,0.0016,3.7109,1.0,1.0,16.0,0.0185,0.2969,0.6906,0.4583,0.5278,0.4892,0.4967,54.0,49.0,110.0,120.0,76.0267,1
219,7.3073,19.9493,28.1913,0.7817,0.0028,5.7098,1.0,1.0,16.0,0.0184,0.2969,0.6906,0.4556,0.5278,0.4901,0.4957,54.0,49.0,107.0,119.0,78.1336,1
220,7.3407,19.9102,28.0732,0.8015,0.0024,5.7385,1.0,1.0,16.0,0.0184,0.2969,0.6922,0.4556,0.5278,0.4907,0.495,53.0,48.0,104.0,116.0,80.3115,1
221,7.374,19.9109,28.0694,0.2391,0.0021,4.8405,1.0,1.0,16.0,0.0187,0.2969,0.6906,0.4556,0.525,0.4888,0.4939,51.0,46.0,103.0,113.0,78.5912,1
222,7.4074,19.8625,27.9483,0.6106,0.0014,3.4949,1.0,1.0,16.0,0.0185,0.2969,0.6906,0.4556,0.525,0.4896,0.4931,49.0,45.0,102.0,114.0,78.1524,1
223,7.4408,19.8378,27.8576,0.6301,0.0008,2.5876,1.0,1.0,16.0,0.0184,0.2969,0.6906,0.4537,0.525,0.4892,0.4928,49.0,45.0,103.0,125.0,79.6996,1
224,7.4741,19.7684,27.7352,0.6146,0.0007,2.3539,1.0,1.0,16.0,0.0184,0.2969,0.6906,0.4538,0.525,0.4895,0.4928,52.0,47.0,102.0,126.0,79.4009,1
225,7.5075,19.7036,27.6023,0.8341,0.0015,4.308,1.0,1.0,16.0,0.0184,0.2969,0.6906,0.4556,0.525,0.4892,0.4928,51.0,45.0,103.0,123.5,77.0512,1
226,7.5409,19.6946,27.5824,0.1775,0.0013,3.4462,1.0,1.0,16.0,0.0184,0.2969,0.6922,0.4538,0.525,0.4904,0.4929,48.0,42.0,100.0,136.0,78.9179,1
227,7.5742,19.6783,27.5544,0.4484,0.0005,1.397,1.0,1.0,16.0,0.0184,0.2969,0.6915,0.4541,0.525,0.49,0.4929,48.5,42.0,100.0,135.0,78.4134,1
228,7.6076,19.6406,27.484,0.6657,0.0015,3.605,1.0,1.0,16.0,0.0185,0.2969,0.6922,0.4556,0.525,0.4901,0.4938,48.0,42.0,100.0,135.0,76.6313,1
229,7.641,19.5917,27.4014,0.7573,0.0023,5.7022,1.0,1.0,16.0,0.0185,0.2969,0.6906,0.4556,0.525,0.4892,0.4944,52.0,47.0,102.0,116.0,77.6645,1
230,7.6743,19.5528,27.3209,0.8512,0.0027,7.0473,1.0,1.0,16.0,0.0184,0.2969,0.6915,0.4556,0.5278,0.4898,0.4953,48.0,44.0,100.0,123.0,80.7185,1
231,7.7077,19.5569,27.3348,0.3512,0.0028,6.8011,1.0,1.0,16.0,0.0184,0.2969,0.6906,0.4568,0.5278,0.488,0.4955,49.0,45.0,97.0,114.0,78.1506,1
232,7.7411,19.5171,27.2539,0.6811,0.0023,5.3649,1.0,1.0,16.0,0.0186,0.2969,0.6906,0.4583,0.5278,0.4882,0.4963,52.0,46.0,102.0,120.0,75.762,1
233,7.7744,19.5008,27.2277,0.6261,0.0011,3.0895,1.0,1.0,16.0,0.0184,0.2953,0.6906,0.4583,0.5278,0.4877,0.4967,51.5,46.0,103.5,122.0,75.0515,1
234,7.8078,17.5169,21.3924,2.9015,0.0183,162.8765,1.0,1.0,16.0,0.0004,,,,,,,,,,,,
235,7.8412,17.7,21.9438,0.7467,0.0021,149.3978,1.0,1.0,16.0,0.0022,0.475,0.5188,0.4583,0.5222,0.4971,0.4889,73.0,72.0,113.0,93.0,84.4204,1
236,7.8745,17.6956,21.9416,0.0647,0.0003,4.6646,1.0,1.0,16.0,0.0023,0.475,0.52,0.4583,0.5222,0.4973,0.4893,59.0,60.5,95.0,97.0,84.0774,1
237,7.9079,17.7428,22.0977,0.8698,0.0014,103.784,1.0,1.0,16.0,0.003,0.4703,0.5266,0.4583,0.525,0.4976,0.4914,33.0,32.0,82.0,135.0,94.6018,1
238,7.9413,17.7976,22.2841,1.0735,0.0018,119.3345,1.0,1.0,16.0,0.0036,0.4609,0.5359,0.4611,0.525,0.496,0.4928,47.0,46.0,81.0,97.0,87.3693,1
239,7.9746,17.7733,22.2377,0.5828,0.0005,5.6791,1.0,1.0,16.0,0.0037,0.4609,0.5359,0.4611,0.5265,0.4961,0.4931,50.5,50.0,81.5,98.0,88.1637,1
240,8.008,17.6692,22.033,1.5688,0.0023,130.7282,1.0,1.0,16.0,0.0035,0.4562,0.5484,0.4611,0.5278,0.4903,0.4936,161.0,160.0,186.0,46.0,100.6044,1
241,8.0414,17.6685,22.0335,0.01,0.0,0.0513,1.0,1.0,16.0,0.0035,0.4562,0.5484,0.4611,0.5278,0.4903,0.4936,161.0,160.0,186.0,46.0,100.7068,1
242,8.0747,17.8451,22.5293,1.0104,0.004,93.8697,1.0,1.0,16.0,0.0054,0.4422,0.5547,0.4639,0.5278,0.4943,0.4951,39.0,37.5,87.0,124.5,89.7433,1
243,8.1081,17.9885,22.9283,1.2985,0.0037,91.9516,0.0,1.0,16.0,0.0065,0.4297,0.5672,0.4639,0.5278,0.4958,0.4963,46.0,42.0,97.0,114.0,89.3647,1
244,8.1415,17.9844,22.9045,0.6353,0.0009,5.298,0.0,1.0,16.0,0.0066,0.4297,0.5672,0.4611,0.5271,0.4958,0.4945,46.0,42.0,97.0,118.0,92.1517,1
245,8.1748,18.0973,23.1969,1.4518,0.004,84.8292,0.0,1.0,16.0,0.0072,0.4172,0.5802,0.4611,0.525,0.4926,0.4947,60.0,59.0,105.0,100.0,92.7548,1
246,8.2082,18.2375,23.6222,1.0478,0.0048,86.044,0.0,1.0,16.0,0.0085,0.4047,0.5953,0.4611,0.525,0.4935,0.4942,59.0,58.5,118.0,96.5,89.3217,1
247,8.2416,18.2477,23.6183,0.5097,0.0004,2.0439,0.0,1.0,16.0,0.0085,0.4047,0.5953,0.4611,0.525,0.4939,0.4938,67.0,66.0,120.0,84.0,89.0875,1
248,8.2749,18.245,23.6048,1.767,0.004,125.8366,0.0,1.0,16.0,0.0085,0.3984,0.6078,0.4611,0.525,0.4884,0.4943,59.0,59.0,111.0,88.0,89.8228,1
249,8.3083,18.3773,23.9711,1.7244,0.0058,86.4699,0.0,1.0,16.0,0.0102,0.3859,0.6109,0.4611,0.525,0.4903,0.4945,53.0,48.0,102.0,118.0,89.6336,1
250,8.3417,18.3855,23.9682,0.7222,0.0016,7.5553,0.0,1.0,16.0,0.0101,0.3859,0.6109,0.4611,0.525,0.489,0.495,59.0,52.0,104.0,110.0,87.8121,1
251,8.375,18.4955,24.2965,1.8743,0.0061,86.5484,0.0,1.0,16.0,0.0111,0.3719,0.6224,0.4611,0.525,0.4872,0.4952,56.0,51.0,111.0,107.0,88.4893,1
252,8.4084,18.6474,24.7489,1.4996,0.0069,88.574,0.0,1.0,16.0,0.0127,0.3578,0.6344,0.4611,0.525,0.492,0.4953,62.0,56.0,116.0,88.0,87.7958,1
253,8.4418,18.6581,24.7612,0.621,0.0011,4.815,0.0,1.0,16.0,0.0128,0.3578,0.6344,0.4611,0.525,0.4935,0.4953,61.0,56.0,115.0,94.0,87.879,1
254,8.4751,18.6493,24.7428,2.2522,0.0053,122.139,0.0,1.0,16.0,0.0126,0.3516,0.6469,0.4639,0.525,0.4837,0.4954,66.0,61.0,118.0,88.5,90.9095,1
255,8.5085,18.7296,24.9652,2.3641,0.0063,103.1615,0.0,1.0,16.0,0.0134,0.3422,0.6516,0.4639,0.525,0.4838,0.4954,59.0,54.0,119.0,96.0,89.5965,1
256,8.5419,18.7495,24.9968,0.6375,0.0012,4.8874,0.0,1.0,16.0,0.0134,0.3422,0.6516,0.4639,0.525,0.4827,0.4955,61.0,55.5,119.0,93.0,90.8482,2
257,8.5752,18.8674,25.3563,1.7626,0.0075,85.79,0.0,1.0,16.0,0.0147,0.3297,0.6641,0.4635,0.525,0.4847,0.4953,58.0,52.0,115.0,102.0,89.5089,2
258,8.6086,18.9712,25.6307,2.3854,0.0058,111.211,0.0,1.0,16.0,0.0151,0.325,0.6688,0.4634,0.525,0.4892,0.495,61.0,59.0,111.0,98.0,88.1366,1
259,8.642,18.956,25.6007,0.7986,0.0024,6.8125,0.0,1.0,16.0,0.0148,0.3253,0.6688,0.4611,0.525,0.4879,0.4942,55.0,52.0,109.0,109.0,88.3871,1
260,8.6753,19.1246,26.0423,2.4329,0.0084,85.0327,0.0,1.0,16.0,0.0165,0.3125,0.6828,0.4611,0.5222,0.4922,0.4932,54.0,48.0,108.0,115.0,91.7554,1
261,8.7087,19.2554,26.406,2.5594,0.0084,84.3955,0.0,1.0,16.0,0.0177,0.3016,0.6969,0.4611,0.5222,0.4903,0.4932,60.0,54.0,111.0,112.0,91.4378,1
262,8.7421,19.2556,26.4086,0.1995,0.0017,3.7697,0.0,1.0,16.0,0.0173,0.3016,0.6969,0.461,0.5222,0.4897,0.4924,58.0,53.0,111.0,119.0,90.8879,1
263,8.7754,19.2849,26.449,0.5149,0.0003,0.476,0.0,1.0,16.0,0.0173,0.3016,0.6969,0.4583,0.5222,0.4896,0.4922,58.0,52.0,111.0,121.0,90.8659,2
264,8.8088,19.299,26.4662,0.7387,0.0024,4.9524,0.0,1.0,16.0,0.0177,0.3016,0.6969,0.4611,0.5222,0.4902,0.4931,58.0,52.0,111.0,122.0,93.2325,1
265,8.8422,19.3139,26.4911,0.8854,0.0032,8.2206,0.0,1.0,16.0,0.0175,0.3016,0.6969,0.4611,0.525,0.4872,0.4946,60.0,54.0,115.0,108.0,89.6245,1
266,8.8755,19.3459,26.5279,0.8991,0.0035,8.4972,0.0,1.0,16.0,0.0175,0.3016,0.6969,0.4639,0.525,0.4879,0.4959,60.0,55.0,116.0,106.5,90.895,1
267,8.9089,19.3505,26.5382,0.3215,0.0027,7.4904,0.0,1.0,16.0,0.0173,0.3016,0.6969,0.4639,0.525,0.4877,0.4968,60.0,55.0,116.0,108.0,90.3404,1
268,8.9423,19.3998,26.5783,0.6297,0.0014,4.0053,0.0,1.0,16.0,0.0173,0.3016,0.6969,0.4664,0.5278,0.4878,0.4975,59.0,53.0,116.0,114.5,89.1085,1
269,8.9756,19.4193,26.5958,0.5492,0.0004,1.2062,0.0,1.0,16.0,0.0174,0.3016,0.6969,0.4639,0.5278,0.4875,0.4975,59.0,52.0,113.0,114.0,89.7792,1
270,9.009,19.4186,26.5509,0.8546,0.0016,4.0288,0.0,1.0,16.0,0.0175,0.3016,0.6969,0.4639,0.525,0.4886,0.4967,59.0,52.0,113.0,114.0,91.3676,1
271,9.0424,19.463,26.5929,0.709,0.0024,6.8822,1.0,1.0,16.0,0.0176,0.3016,0.6969,0.4639,0.525,0.4885,0.4961,59.0,53.0,111.5,108.0,90.0036,1
272,9.0757,19.4642,26.594,0.2847,0.0025,5.4609,0.0,1.0,16.0,0.0172,0.3016,0.6969,0.4639,0.525,0.4878,0.4954,59.0,53.0,110.5,116.0,87.1562,1
273,9.1091,19.5041,26.6164,0.6983,0.0024,4.78,0.0,1.0,17.0,0.0176,0.3016,0.6969,0.4611,0.525,0.4884,0.4946,58.0,52.0,113.0,111.0,90.6526,1
274,9.1425,19.5545,26.6719,0.6475,0.0012,4.103,0.0,1.0,17.0,0.0176,0.3016,0.6969,0.4611,0.5222,0.4888,0.4942,58.0,51.0,113.0,114.0,91.8337,1
275,9.1758,19.5981,26.6926,0.6263,0.0009,2.7829,0.0,1.0,17.0,0.0176,0.3016,0.6969,0.4611,0.5222,0.4884,0.4938,58.5,53.0,116.0,110.5,91.4857,1
276,9.2092,19.6354,26.7087,0.6765,0.0012,3.6438,0.0,1.0,17.0,0.0177,0.3016,0.6969,0.4611,0.5222,0.4892,0.4938,56.0,52.0,113.0,112.0,92.2719,1
277,9.2426,19.6408,26.711,0.1492,0.0009,3.3228,0.0,1.0,17.0,0.0177,0.3016,0.6969,0.4611,0.5222,0.49,0.4939,56.0,52.0,112.0,113.5,92.948,1
278,9.2759,19.6708,26.7241,0.6242,0.0013,3.8442,0.0,1.0,17.0,0.0177,0.3016,0.6969,0.4611,0.5222,0.4913,0.494,59.0,53.0,113.0,109.5,91.7003,1
279,9.3093,19.7125,26.7419,0.6032,0.0008,2.124,0.0,1.0,17.0,0.0178,0.3016,0.6969,0.4611,0.5222,0.4916,0.4941,58.0,52.0,113.0,107.0,90.8661,1
280,9.3427,19.7676,26.782,0.6836,0.0017,4.89,0.0,1.0,17.0,0.0175,0.3016,0.6969,0.4639,0.5222,0.4901,0.4946,58.0,53.0,113.0,109.0,89.5507,1
281,9.376,17.9131,21.113,2.4223,0.0175,2.0,0.0,1.0,18.0,0.0,,,,,,,,,,,,
282,9.4094,17.9148,21.1082,0.041,0.0,0.3333,0.0,1.0,18.0,0.0,,,,,,,,,,,,
283,9.4428,17.9886,21.119,0.9592,0.0,0.0,0.0,1.0,18.0,0.0,,,,,,,,,,,,
284,9.4761,18.8782,23.7642,1.2326,0.0,0.0,0.0,1.0,18.0,0.0,,,,,,,,,,,,
285,9.5095,20.1893,27.5737,2.0709,0.015,1.0,0.0,1.0,19.0,0.015,0.3391,0.575,0.4111,0.5361,0.4533,0.4778,22.0,186.0,202.0,222.0,8.3641,2
286,9.5429,19.1811,24.4506,2.2741,0.013,52.7062,0.0,2.0,19.0,0.0097,0.3833,0.5516,0.4389,0.5278,0.465,0.4873,22.0,171.0,186.5,217.0,15.41,1
287,9.5762,18.8383,23.4196,0.9968,0.0066,72.496,0.0,2.0,19.0,0.0071,0.4031,0.5422,0.4528,0.5278,0.4702,0.4912,22.0,165.0,180.0,211.0,22.6998,1
288,9.6096,18.7277,22.9917,1.11,0.0043,55.0341,0.0,2.0,19.0,0.0059,0.4141,0.5359,0.4583,0.5278,0.4735,0.4934,24.0,166.0,176.0,207.0,30.2195,1
289,9.643,18.7179,22.8162,0.9377,0.003,36.5973,0.0,2.0,20.0,0.0051,0.42,0.5328,0.4611,0.525,0.4747,0.4947,28.0,160.0,179.0,197.0,35.4482,1
290,9.6763,18.7334,22.7344,0.7902,0.0022,21.1054,0.0,2.0,22.0,0.005,0.4234,0.5312,0.4639,0.525,0.4764,0.4948,32.0,151.0,168.0,194.0,44.18,1
291,9.7097,18.7674,22.7237,0.6971,0.0014,11.7755,1.0,2.0,22.0,0.005,0.425,0.5312,0.4611,0.525,0.4756,0.4935,30.0,153.0,172.0,189.0,52.1989,1
292,9.7431,18.7754,22.7396,0.1326,0.0006,7.1006,1.0,2.0,22.0,0.0052,0.425,0.5299,0.4611,0.525,0.4756,0.4931,31.0,122.0,140.0,184.0,56.8815,1
293,9.7764,18.8301,22.7986,0.5901,0.0006,6.1085,1.0,2.0,22.0,0.0052,0.425,0.5297,0.4611,0.5222,0.4757,0.4928,29.0,80.0,97.0,179.0,63.4513,1
294,9.8098,18.9012,22.8717,0.6175,0.0004,5.6863,1.0,2.0,22.0,0.0053,0.425,0.5308,0.4583,0.5222,0.4762,0.4918,30.0,71.5,89.5,175.0,68.9214,1
295,9.8432,19.0055,23.0343,0.7359,0.0016,16.4162,1.0,2.0,22.0,0.006,0.4245,0.5609,0.4583,0.5222,0.4821,0.4915,48.5,109.0,138.0,167.0,68.5742,1
296,9.8765,19.1507,23.3385,1.2097,0.0027,81.7344,1.0,2.0,22.0,0.0067,0.4203,0.5609,0.4583,0.5222,0.4854,0.4922,42.0,66.0,109.0,167.0,71.5638,1
297,9.9099,19.2492,23.6252,0.9164,0.0034,104.1461,1.0,2.0,22.0,0.008,0.4125,0.575,0.4611,0.5222,0.4904,0.493,52.0,64.0,117.5,161.0,73.7125,1
298,9.9433,19.5419,24.3649,1.4838,0.0066,78.4493,1.0,2.0,22.0,0.011,0.3953,0.6406,0.4611,0.525,0.5074,0.4948,55.5,71.0,125.5,164.0,70.8514,1
299,9.9766,19.822,25.0689,1.7859,0.0078,80.2101,1.0,2.0,22.0,0.0131,0.3688,0.6766,0.4611,0.525,0.5073,0.4955,52.0,81.0,125.0,164.5,71.375,1
300,10.01,20.1172,25.6921,2.6183,0.0086,93.1851,1.0,2.0,23.0,0.0153,0.3391,0.6922,0.4611,0.525,0.5041,0.4956,49.0,80.0,126.0,168.0,74.77,1
301,10.0434,20.2471,26.0191,1.9189,0.0084,76.2429,1.0,2.0,23.0,0.016,0.3156,0.6924,0.4611,0.5222,0.4861,0.4955,51.0,73.0,125.0,165.0,76.3999,1
302,10.0767,20.3916,26.4598,1.7862,0.0085,84.0122,1.0,2.0,23.0,0.0177,0.2984,0.7,0.4611,0.5226,0.4869,0.4959,51.0,58.0,122.0,164.0,75.9228,1
303,10.1101,20.5593,26.7725,2.3228,0.0083,77.5127,1.0,2.0,23.0,0.0182,0.2844,0.7234,0.4639,0.525,0.4807,0.4964,49.0,68.0,113.0,160.0,77.4323,1
304,10.1435,20.7754,27.2408,2.7134,0.0086,97.1837,1.0,2.0,24.0,0.0195,0.275,0.725,0.4639,0.525,0.4832,0.497,51.0,58.0,117.0,158.0,78.1449,1
305,10.1768,20.9284,27.4857,3.056,0.0076,116.1305,1.0,2.0,24.0,0.0201,0.2672,0.7281,0.4639,0.525,0.483,0.4965,52.0,53.0,113.0,158.0,80.1114,1
306,10.2102,21.0637,27.7143,3.2822,0.0073,125.0115,1.0,2.0,24.0,0.0208,0.2594,0.7328,0.4611,0.5226,0.4814,0.4957,51.0,52.0,115.0,157.0,80.7848,1
307,10.2436,21.1475,27.9506,2.8113,0.007,122.3401,1.0,2.0,24.0,0.0218,0.2547,0.7391,0.4611,0.5222,0.4839,0.4948,52.0,53.0,112.0,153.0,83.7395,1
308,10.2769,21.2961,28.2128,3.1191,0.0068,109.0153,1.0,3.0,25.0,0.0224,0.25,0.7391,0.4611,0.5222,0.4837,0.4938,54.0,51.0,112.0,148.0,84.59,1
309,10.3103,21.4456,28.4521,2.9395,0.0068,95.0013,1.0,3.0,25.0,0.0221,0.2453,0.744,0.4583,0.5222,0.4818,0.4931,53.0,51.0,112.0,147.0,81.2953,1
310,10.3437,21.6021,28.6815,2.6958,0.0069,81.5369,1.0,3.0,25.0,0.0231,0.2422,0.7516,0.4583,0.5218,0.486,0.4926,55.0,52.0,115.0,145.0,82.9334,1
311,10.377,21.7283,28.8504,2.4473,0.0062,66.2952,2.0,3.0,26.0,0.0231,0.2391,0.7516,0.4583,0.5222,0.4853,0.4927,54.0,49.0,113.0,140.0,83.9887,1
312,10.4104,21.7831,28.9986,1.6187,0.0063,51.5933,2.0,3.0,26.0,0.0232,0.2375,0.7541,0.4611,0.5222,0.4839,0.4935,54.0,51.0,112.0,137.0,84.7571,1
313,10.4438,21.9107,29.1598,1.8684,0.0067,39.3964,2.0,3.0,26.0,0.0241,0.2359,0.7625,0.4611,0.5222,0.4858,0.4945,54.0,51.0,111.5,134.0,87.2821,1
314,10.4771,22.0209,29.3027,1.6678,0.0065,28.4248,2.0,3.0,26.0,0.0239,0.2344,0.7625,0.4611,0.525,0.4866,0.4956,53.0,48.0,113.0,141.0,86.2841,1
315,10.5105,22.126,29.3784,1.6006,0.0058,20.9123,2.0,3.0,26.0,0.0249,0.2328,0.7609,0.4639,0.525,0.4876,0.4966,52.0,47.0,110.0,133.0,90.5646,1
316,10.5439,22.2386,29.5006,1.2064,0.0051,12.7336,2.0,3.0,26.0,0.0245,0.2328,0.7609,0.4639,0.525,0.4894,0.4971,52.0,47.0,109.0,135.0,89.3054,1
317,10.5772,22.2555,29.5494,0.4745,0.004,7.3366,2.0,3.0,26.0,0.0249,0.2312,0.7609,0.4639,0.525,0.4897,0.497,53.0,47.0,110.5,133.0,90.3868,1
318,10.6106,22.3663,29.6561,0.9356,0.0037,8.5354,2.0,3.0,27.0,0.0249,0.2312,0.7609,0.4639,0.525,0.488,0.4965,52.0,46.0,110.0,133.0,90.0287,1
319,10.644,22.4557,29.7147,0.9439,0.0041,6.1762,2.0,3.0,27.0,0.0242,0.2312,0.7609,0.4611,0.525,0.4867,0.4955,52.0,46.0,110.0,139.0,88.208,1
320,10.6773,22.5473,29.7897,0.8907,0.0034,5.5145,2.0,3.0,27.0,0.0248,0.2312,0.7609,0.4611,0.5222,0.4868,0.4946,51.0,45.0,109.0,142.0,91.257,1
321,10.7107,22.6438,29.8403,0.8331,0.0022,5.3333,2.0,3.0,27.0,0.0248,0.2298,0.7609,0.4611,0.5222,0.4875,0.494,51.0,45.0,109.0,140.0,90.7691,1
322,10.7441,22.6439,29.8382,0.1814,0.0014,3.006,3.0,3.0,27.0,0.0247,0.2297,0.7609,0.4611,0.5222,0.4877,0.4936,51.0,44.5,108.0,144.0,90.756,1
323,10.7774,22.7501,29.9379,0.6195,0.0011,2.0502,3.0,3.0,27.0,0.0245,0.2303,0.7609,0.4611,0.5222,0.4865,0.4935,51.0,45.0,109.0,138.0,90.1187,1
324,10.8108,22.8347,29.9876,0.6698,0.0009,2.3424,3.0,3.0,28.0,0.0245,0.2312,0.7609,0.4611,0.5222,0.4878,0.4935,51.0,45.0,109.0,139.0,89.6031,1
325,10.8442,22.936,30.0692,0.8147,0.002,4.5897,3.0,3.0,28.0,0.0247,0.2312,0.7609,0.4611,0.5222,0.4884,0.4936,51.0,46.0,107.0,131.0,89.8439,1
326,10.8775,23.0233,30.1209,0.7776,0.0017,4.0445,3.0,3.0,28.0,0.0247,0.2312,0.7612,0.4611,0.5222,0.4896,0.4933,51.0,45.0,105.0,135.0,91.2331,1
327,10.9109,23.0235,30.1165,0.1013,0.0006,1.4991,3.0,3.0,28.0,0.0249,0.2312,0.7625,0.4611,0.5222,0.4898,0.4934,49.0,44.0,105.0,136.0,92.0017,1
328,10.9443,23.1079,30.1829,0.644,0.0013,2.6683,3.0,3.0,28.0,0.0251,0.2312,0.7625,0.4611,0.5222,0.4893,0.4937,51.0,44.0,104.0,135.0,93.0134,1
329,10.9776,23.1886,30.2357,0.8576,0.0029,6.9953,3.0,3.0,28.0,0.0249,0.2312,0.7609,0.4611,0.5222,0.4891,0.4944,51.0,46.0,105.0,131.0,90.5966,1
330,11.011,23.2728,30.2758,1.1013,0.0038,6.9483,3.0,3.0,28.0,0.0243,0.2312,0.7609,0.4611,0.525,0.4872,0.4952,51.0,45.0,104.0,139.5,90.0012,1
331,11.0444,23.3689,30.3801,0.8703,0.0036,6.0725,3.0,3.0,28.0,0.0243,0.2297,0.761,0.4639,0.525,0.4889,0.4958,51.0,45.0,105.0,127.0,88.8117,1
332,11.0777,23.3685,30.3689,0.323,0.0028,4.9733,3.0,3.0,30.0,0.0248,0.2297,0.7609,0.4639,0.525,0.4905,0.4963,49.0,44.0,105.0,140.0,92.3968,1
333,11.1111,23.4802,30.4846,0.6571,0.0012,2.9006,3.0,3.0,30.0,0.025,0.2297,0.7609,0.4639,0.525,0.4903,0.4963,49.0,44.0,104.0,134.0,91.9337,1
334,11.1445,23.5719,30.5391,0.6923,0.001,2.5217,3.0,3.0,30.0,0.0247,0.2297,0.7609,0.4639,0.525,0.4901,0.4963,49.0,44.0,105.0,136.0,91.8057,1
335,11.1778,23.6871,30.646,0.8584,0.0028,3.8888,3.0,3.0,30.0,0.0246,0.2297,0.7609,0.4639,0.525,0.4911,0.4955,49.0,44.0,107.0,140.0,90.0594,1
336,11.2112,21.2026,23.0124,3.1707,0.0244,73.1961,3.0,4.0,30.0,0.0002,,,,,,,,,,,,
337,11.2446,21.2541,23.1608,0.1441,0.0007,74.2222,3.0,4.0,30.0,0.0007,0.5219,0.6179,0.1432,0.5194,0.535,0.4912,187.0,187.0,200.0,29.0,89.0522,1
338,11.2779,21.4702,23.6237,0.7756,0.0012,94.3359,3.0,4.0,30.0,0.0017,0.5047,0.5516,0.4806,0.5222,0.5284,0.4984,166.0,164.0,186.5,33.5,96.6113,1
339,11.3113,21.8012,24.2402,1.3989,0.002,108.1855,3.0,4.0,30.0,0.0031,0.4906,0.5781,0.4778,0.5361,0.5297,0.5012,133.0,130.0,168.0,61.0,88.8899,1
340,11.3447,22.0194,24.8012,1.0593,0.0031,102.5648,3.0,4.0,30.0,0.0048,0.475,0.6016,0.4778,0.5361,0.5326,0.503,143.0,138.0,169.0,50.0,95.8814,1
341,11.378,22.2788,25.457,1.4055,0.0039,97.5799,3.0,4.0,30.0,0.0064,0.4625,0.6359,0.4778,0.5361,0.5398,0.5034,118.0,113.0,162.0,77.0,95.1551,1
342,11.4114,22.3849,25.7799,0.8883,0.0042,86.8255,3.0,4.0,30.0,0.0076,0.4484,0.6447,0.4778,0.5361,0.539,0.5033,75.0,70.0,129.0,86.0,95.4488,1
343,11.4448,22.5594,26.1344,1.5262,0.0042,86.8822,3.0,4.0,30.0,0.0085,0.4375,0.6344,0.4778,0.5361,0.536,0.5036,62.0,56.0,122.0,104.0,97.1645,1
344,11.4781,22.6562,26.2763,1.6513,0.0043,92.0133,3.0,4.0,30.0,0.0084,0.4266,0.6274,0.475,0.5361,0.5288,0.5029,60.0,54.0,119.0,104.5,95.5285,1
345,11.5115,22.7616,26.4147,1.823,0.0045,103.2174,3.0,4.0,30.0,0.0088,0.4172,0.6234,0.475,0.5361,0.5196,0.502,55.0,50.0,116.0,110.5,97.8369,1
346,11.5449,22.8655,26.5593,1.7644,0.0037,114.8362,3.0,4.0,30.0,0.0089,0.4094,0.6156,0.475,0.5361,0.5127,0.5016,53.0,46.0,112.0,117.0,98.7619,1
347,11.5782,22.8665,26.5627,1.2473,0.0033,123.2329,3.0,4.0,30.0,0.0087,0.4031,0.6109,0.475,0.5333,0.507,0.5011,49.0,44.0,109.0,121.5,99.0216,1
348,11.6116,22.9511,26.6625,1.6536,0.0032,105.856,3.0,4.0,30.0,0.0087,0.3984,0.6062,0.4722,0.5333,0.5032,0.5004,49.0,44.0,104.0,120.5,97.1945,1
349,11.645,23.0446,26.7789,1.2928,0.0025,59.1938,3.0,4.0,30.0,0.0087,0.3953,0.6031,0.4722,0.5333,0.4989,0.5007,52.0,51.0,107.0,107.0,95.8825,1
350,11.6783,23.1238,26.8602,0.8767,0.0017,13.5293,3.0,4.0,30.0,0.0088,0.3938,0.6016,0.4728,0.5333,0.4989,0.5009,48.0,47.5,107.0,121.0,94.4666,1
351,11.7117,23.2023,26.9371,0.8325,0.0015,9.1002,3.0,4.0,30.0,0.0089,0.3938,0.6008,0.475,0.5333,0.4968,0.501,47.0,44.0,105.0,135.0,94.9398,1
352,11.7451,23.1831,26.8768,0.2075,0.0012,10.312,3.0,4.0,30.0,0.009,0.3938,0.6005,0.475,0.5333,0.4961,0.5011,47.0,54.0,103.0,139.5,94.2398,1
353,11.7784,23.2728,26.9817,0.7413,0.0011,9.2907,3.0,4.0,30.0,0.009,0.3933,0.6004,0.475,0.5333,0.4966,0.5013,47.0,53.5,103.0,144.5,90.5904,1
354,11.8118,23.3384,27.0219,0.7425,0.0007,8.0621,3.0,4.0,30.0,0.009,0.3922,0.6,0.475,0.5333,0.4962,0.5012,47.0,60.0,102.0,146.5,88.0355,1
355,11.8452,23.4258,27.0897,0.7506,0.0006,8.9888,3.0,4.0,30.0,0.0091,0.3922,0.6,0.475,0.5361,0.4963,0.5015,47.0,63.0,102.0,148.0,84.0879,1
356,11.8785,23.5058,27.1526,0.8287,0.0009,10.6977,3.0,4.0,30.0,0.0092,0.3938,0.6,0.475,0.5361,0.4975,0.5017,46.0,59.5,102.0,150.0,82.3441,1
357,11.9119,23.5187,27.1774,0.1852,0.0006,11.2366,3.0,4.0,30.0,0.0092,0.3938,0.6,0.475,0.5361,0.4985,0.5016,46.0,60.0,102.0,148.0,84.1407,1
358,11.9453,23.6464,27.3712,0.7471,0.0011,11.1472,3.0,4.0,30.0,0.0091,0.3938,0.6,0.475,0.5361,0.4988,0.5017,48.0,61.0,103.0,144.0,84.9083,1
359,11.9786,23.7615,27.5508,0.7665,0.0011,9.7456,3.0,4.0,30.0,0.0091,0.3938,0.6016,0.4747,0.5333,0.4993,0.5014,48.0,65.0,103.0,144.0,86.804,1
360,12.012,23.9304,27.7537,1.3182,0.0015,10.2777,3.0,4.0,30.0,0.0088,0.3938,0.6016,0.4722,0.5333,0.5004,0.5006,51.0,60.5,104.0,144.5,84.9559,1
361,12.0454,24.0237,27.9289,0.6194,0.0014,8.9077,3.0,4.0,30.0,0.0088,0.3943,0.601,0.4722,0.5333,0.5001,0.4993,53.0,67.0,108.0,136.0,90.8534,1
362,12.0787,24.0391,27.9834,0.1684,0.0012,9.8185,3.0,4.0,30.0,0.0089,0.3953,0.6016,0.4722,0.5306,0.5,0.4989,53.0,54.0,108.0,133.0,91.976,1
363,12.1121,24.1889,28.1995,0.7258,0.0007,6.5835,3.0,4.0,30.0,0.0087,0.3953,0.6016,0.4722,0.5306,0.4998,0.4985,56.0,59.0,112.0,125.0,92.1786,1
364,12.1455,24.3293,28.4152,0.7016,0.0002,3.47,3.0,4.0,30.0,0.0086,0.3953,0.6016,0.4722,0.5306,0.4999,0.4985,59.0,59.0,116.5,113.5,94.0311,1
365,12.1788,24.4775,28.6373,0.8143,0.0013,7.5122,3.0,4.0,30.0,0.0086,0.3953,0.6016,0.4722,0.5333,0.4991,0.4991,60.0,55.0,118.0,106.0,95.8647,1
366,12.2122,24.5919,28.8036,0.9122,0.0018,9.0678,3.0,4.0,31.0,0.0086,0.3953,0.6016,0.475,0.5333,0.501,0.5005,60.5,57.5,118.0,101.5,93.7907,1
367,12.2456,24.5989,28.8205,0.214,0.0018,6.6359,3.0,4.0,30.0,0.0086,0.3953,0.6016,0.475,0.5361,0.501,0.5019,62.0,60.0,118.0,93.0,93.5711,1
368,12.2789,24.7417,29.0318,0.7716,0.0014,8.17,3.0,4.0,31.0,0.0086,0.3953,0.6016,0.475,0.5361,0.5018,0.5023,60.5,56.0,119.5,99.0,95.0823,1
369,12.3123,24.8698,29.2185,0.7961,0.0011,5.6043,3.0,4.0,31.0,0.0086,0.3953,0.602,0.475,0.5361,0.5027,0.5027,61.0,55.0,120.0,103.0,93.3411,1
370,12.3457,25.0126,29.4355,0.7248,0.0003,1.4219,3.0,4.0,30.0,0.0085,0.3953,0.6016,0.475,0.5361,0.503,0.5028,67.0,60.5,122.0,90.5,93.6756,1
371,12.379,25.1315,29.6157,0.8397,0.0011,5.6909,3.0,4.0,30.0,0.0085,0.3953,0.6016,0.475,0.5361,0.5028,0.5021,61.5,55.5,123.0,99.5,97.2242,1
372,12.4124,25.1337,29.6185,0.187,0.0013,6.7841,3.0,4.0,30.0,0.0085,0.3953,0.6016,0.475,0.5333,0.5025,0.5015,67.0,62.0,123.0,94.0,96.0006,1
373,12.4458,25.2618,29.8327,0.8108,0.0015,5.9235,3.0,4.0,30.0,0.0084,0.3953,0.6016,0.4722,0.5333,0.5027,0.5003,68.0,65.0,123.0,90.0,92.8466,1
374,12.4791,25.3906,30.0429,0.7958,0.0012,5.5965,3.0,4.0,30.0,0.0085,0.3953,0.6016,0.4722,0.5333,0.5013,0.4994,70.0,66.0,125.0,93.0,92.8798,1
375,12.5125,25.5366,30.2781,0.8932,0.0007,3.631,3.0,4.0,30.0,0.0086,0.3953,0.6016,0.4722,0.5333,0.5006,0.499,73.5,67.0,125.0,86.0,94.6433,1
376,12.5459,25.6708,30.4947,0.7276,0.0005,2.6831,3.0,4.0,30.0,0.0086,0.3953,0.6016,0.4722,0.5333,0.5009,0.4987,77.0,72.0,127.0,79.5,93.5606,1
377,12.5792,25.6749,30.5047,0.1068,0.0007,3.2933,3.0,4.0,30.0,0.0085,0.3953,0.6016,0.4722,0.5333,0.5019,0.4986,74.0,68.0,127.0,85.0,94.3896,1
378,12.6126,25.8136,30.742,0.7366,0.0005,3.4812,3.0,4.0,30.0,0.0085,0.3953,0.6016,0.4722,0.5333,0.5017,0.4986,66.0,58.0,125.0,96.5,96.3985,1
379,12.646,25.9457,31.0023,0.7717,0.0006,3.367,3.0,4.0,30.0,0.0085,0.3953,0.6016,0.4722,0.5333,0.5015,0.4988,76.0,70.0,126.0,79.0,95.9618,1
380,12.6793,25.5372,29.6201,1.8194,0.0085,0.0,3.0,4.0,30.0,0.0,,,,,,,,,,,,
381,12.7127,26.0992,31.1768,1.2435,0.0,0.0,3.0,4.0,30.0,0.0,,,,,,,,,,,,
382,12.7461,26.5487,32.5215,0.6121,0.0,0.0,3.0,4.0,30.0,0.0,,,,,,,,,,,,
383,12.7794,27.0332,33.8458,1.1925,0.0006,0.0,3.0,4.0,30.0,0.0006,0.3,0.6447,0.4639,0.5222,0.4757,0.502,117.0,77.0,179.0,145.0,6.4637,3
384,12.8128,27.1266,34.0223,0.9712,0.0013,5.6583,3.0,4.0,30.0,0.0017,0.2969,0.6547,0.4553,0.5583,0.4749,0.508,124.0,82.0,186.0,144.0,6.123,3
385,12.8462,27.2194,34.1387,1.0594,0.0027,5.7871,3.0,4.0,30.0,0.0038,0.3,0.6516,0.4528,0.5593,0.4683,0.5063,132.0,88.0,196.0,141.0,7.6427,1
386,12.8795,27.2083,34.017,1.3752,0.0056,6.3134,3.0,4.0,30.0,0.006,0.3092,0.6453,0.45,0.5583,0.4747,0.5032,143.0,94.0,207.0,140.0,9.5988,1
387,12.9129,27.0123,33.4289,1.0061,0.0075,22.6713,3.0,4.0,30.0,0.0071,0.3234,0.6359,0.4528,0.5528,0.4844,0.5013,148.0,97.0,211.0,140.0,11.9043,1
388,12.9463,26.9183,32.9818,1.6302,0.009,20.6711,3.0,4.0,30.0,0.0072,0.3438,0.625,0.4556,0.5472,0.4931,0.4995,152.0,101.0,214.0,139.0,15.4172,1
389,12.9796,26.8648,32.7217,1.516,0.0082,23.8936,3.0,4.0,30.0,0.0073,0.3609,0.6156,0.4611,0.5417,0.4989,0.4981,155.0,103.0,214.0,139.0,20.8743,1
390,13.013,26.9368,32.685,1.8515,0.0067,27.6911,3.0,4.0,30.0,0.008,0.3719,0.6094,0.4639,0.5389,0.4994,0.4976,160.0,108.0,208.0,141.0,31.17,1
391,13.0464,26.95,32.6764,1.0418,0.0049,23.4268,3.0,4.0,30.0,0.0081,0.3797,0.6047,0.4639,0.5361,0.4989,0.4969,167.0,109.0,207.0,141.0,43.6223,1
392,13.0797,26.921,32.5977,0.3669,0.0034,14.3901,3.0,4.0,30.0,0.0078,0.3843,0.6016,0.4665,0.5333,0.5009,0.4971,165.0,110.0,201.0,138.0,46.5685,1
393,13.1131,27.0273,32.7982,0.8838,0.0026,8.0386,3.0,4.0,30.0,0.0075,0.3859,0.6012,0.4667,0.5333,0.4988,0.4975,169.0,111.0,194.0,134.0,49.1951,1
394,13.1465,27.1505,33.0609,0.8512,0.0014,6.2072,3.0,4.0,31.0,0.0075,0.3875,0.6,0.4667,0.5333,0.4988,0.4975,171.0,112.0,186.0,125.0,53.0963,1
395,13.1798,27.3062,33.3713,0.8756,0.0014,6.4624,3.0,4.0,31.0,0.0075,0.3875,0.5984,0.4667,0.5333,0.4983,0.4974,175.0,117.0,176.0,119.0,54.8609,1
396,13.2132,27.4444,33.6744,1.0526,0.003,12.4073,3.0,4.0,32.0,0.0076,0.3859,0.5975,0.4667,0.5333,0.496,0.4972,178.0,122.0,169.0,106.5,55.8219,1
397,13.2466,27.48,33.7797,0.6452,0.0038,42.5683,3.0,4.0,32.0,0.0081,0.3828,0.5953,0.4667,0.5333,0.4934,0.497,179.0,125.0,160.0,97.0,59.0507,1
398,13.2799,27.6371,34.1391,1.6062,0.0041,77.3603,3.0,4.0,32.0,0.0084,0.375,0.5891,0.4667,0.5333,0.4866,0.4971,181.0,127.0,157.0,88.0,61.7088,1
399,13.3133,27.7853,34.4966,1.5579,0.0052,57.2819,3.0,4.0,32.0,0.0086,0.3654,0.6768,0.4667,0.5333,0.4771,0.4972,181.0,130.0,155.0,86.0,63.3874,1
400,13.3467,27.9473,34.8648,1.6243,0.0057,59.0176,3.0,4.0,32.0,0.0091,0.3484,0.6594,0.4694,0.5333,0.4652,0.4981,168.0,129.5,155.0,85.0,60.622,1
401,13.38,28.0953,35.2325,1.6683,0.0061,59.8531,3.0,4.0,32.0,0.0096,0.3328,0.6469,0.4694,0.5333,0.4512,0.4979,155.0,120.0,151.0,83.0,63.0325,1
402,13.4134,28.1507,35.3984,1.0091,0.0056,65.3916,3.0,4.0,32.0,0.0106,0.3234,0.6375,0.4667,0.5333,0.4462,0.4977,131.5,96.0,143.5,83.0,66.4316,1
403,13.4468,28.3313,35.841,1.8593,0.0058,87.9851,3.0,4.0,32.0,0.0109,0.3156,0.6297,0.4667,0.5333,0.4401,0.4969,131.0,97.0,144.5,79.0,75.1616,1
404,13.4801,28.4707,36.1958,1.9446,0.0055,94.622,3.0,4.0,32.0,0.0111,0.3094,0.6234,0.4667,0.5333,0.4348,0.4969,132.0,101.0,144.0,71.0,75.0066,1
405,13.5135,28.6218,36.6005,2.0103,0.0053,87.8894,3.0,4.0,31.0,0.0113,0.3047,0.6188,0.4667,0.5306,0.4329,0.4958,134.0,105.0,146.0,69.0,74.6861,1
406,13.5469,28.7663,36.9494,1.7713,0.0049,76.1653,3.0,4.0,31.0,0.0119,0.3016,0.6156,0.4639,0.5306,0.4309,0.4938,137.0,111.0,147.0,65.0,79.3046,1
407,13.5802,28.8098,37.0805,0.9967,0.0045,64.485,3.0,4.0,31.0,0.0117,0.2984,0.6125,0.4639,0.5306,0.429,0.4936,139.0,117.0,152.0,60.0,75.5315,1
408,13.6136,28.9456,37.4224,1.5432,0.0047,50.2877,3.0,4.0,31.0,0.0112,0.2953,0.6094,0.4639,0.5306,0.4266,0.4938,143.0,125.0,159.0,54.0,68.0116,1
409,13.647,29.0594,37.7115,1.4704,0.0052,36.2152,3.0,4.0,31.0,0.0109,0.2938,0.6062,0.4639,0.5306,0.4262,0.495,147.0,133.0,166.0,48.0,59.926,2
410,13.6803,29.1877,38.0454,1.4616,0.0062,26.1622,3.0,4.0,31.0,0.0106,0.2922,0.6031,0.4639,0.5333,0.4271,0.4957,159.0,151.0,179.0,43.0,54.1209,1
411,13.7137,29.3135,38.4056,1.4489,0.0063,24.2431,3.0,4.0,31.0,0.0104,0.2906,0.5969,0.4667,0.5333,0.431,0.4971,172.0,168.0,193.0,35.0,48.1817,1
412,13.7471,29.4121,38.6981,0.723,0.006,26.9521,3.0,4.0,31.0,0.0108,0.2906,0.5875,0.4667,0.5361,0.44,0.4988,169.0,168.0,189.0,34.0,42.8531,1
413,13.7804,29.6728,39.4379,1.2392,0.0039,14.0315,3.0,4.0,31.0,0.0104,0.2906,0.5875,0.4694,0.5361,0.4404,0.4998,176.0,174.0,197.0,31.0,40.302,1
414,13.8138,29.8724,40.0361,1.2595,0.0046,11.2541,3.0,5.0,31.0,0.0127,0.2891,0.7062,0.4694,0.5361,0.4724,0.4998,166.0,161.0,190.0,43.0,41.1506,1
415,13.8472,30.0773,40.5571,1.3834,0.0054,17.4924,3.0,4.0,31.0,0.0139,0.2891,0.7031,0.4694,0.5333,0.4791,0.4989,175.0,173.0,197.0,35.0,46.0372,1
416,13.8805,30.1968,40.9004,1.4266,0.0056,19.5265,3.0,4.0,31.0,0.0151,0.2875,0.7,0.4694,0.5333,0.4848,0.4978,178.0,174.0,197.0,36.0,51.1221,2
417,13.9139,30.2319,41.0036,0.5861,0.005,13.1781,3.0,4.0,31.0,0.016,0.2875,0.6984,0.4667,0.5333,0.4858,0.497,176.0,173.0,200.0,39.0,56.1251,1
418,13.9473,30.3508,41.2883,1.0455,0.0039,8.0681,3.0,4.0,30.0,0.0169,0.2875,0.6984,0.4667,0.5306,0.4873,0.4964,158.0,154.0,182.0,49.0,61.7822,1
419,13.9806,30.4209,41.4783,0.8873,0.0017,4.1869,3.0,4.0,30.0,0.0174,0.2875,0.6984,0.4667,0.5306,0.4882,0.4957,159.0,155.0,182.0,49.0,67.9045,2
420,14.014,30.5378,41.7186,1.3576,0.0014,4.1833,3.0,4.0,30.0,0.0184,0.2875,0.6984,0.4667,0.5306,0.4882,0.4954,101.0,95.0,157.0,64.0,76.3378,1
421,14.0474,30.6021,41.9205,0.668,0.0009,2.6762,3.0,4.0,30.0,0.0186,0.2875,0.6984,0.4667,0.5306,0.4877,0.4954,89.0,82.0,151.0,68.0,79.763,1
422,14.0807,30.5997,41.9231,0.1747,0.0013,3.8247,3.0,4.0,30.0,0.0186,0.2875,0.6984,0.4667,0.5306,0.4889,0.4954,89.0,83.5,150.5,68.0,82.2825,1
423,14.1141,30.7136,42.1749,0.8442,0.0014,3.4346,3.0,4.0,28.0,0.0188,0.2875,0.6984,0.4667,0.5306,0.4891,0.4953,86.0,76.5,147.0,80.0,85.0497,1
424,14.1475,30.7902,42.3793,0.7927,0.0006,1.3863,3.0,4.0,28.0,0.0188,0.2875,0.6984,0.4667,0.5306,0.4893,0.4956,84.0,74.0,146.0,85.0,84.9621,1
425,14.1808,30.8785,42.6013,0.8412,0.0009,2.1754,3.0,4.0,28.0,0.0185,0.2875,0.6984,0.4667,0.5306,0.489,0.4959,83.0,75.0,146.0,88.0,84.1755,1
426,14.2142,30.9763,42.8149,1.0267,0.003,4.6074,3.0,4.0,27.0,0.0187,0.2875,0.6984,0.4667,0.5306,0.4879,0.4971,87.0,82.0,143.0,76.0,84.6072,1
427,14.2476,30.9762,42.8211,0.3168,0.0027,6.2309,3.0,4.0,27.0,0.0192,0.2875,0.6969,0.4667,0.5333,0.4876,0.4975,77.0,68.5,139.0,95.5,89.9033,1
428,14.2809,31.0731,43.0475,0.9484,0.003,6.3627,3.0,4.0,27.0,0.019,0.287,0.6969,0.4685,0.5333,0.4883,0.4978,86.0,80.0,140.0,82.0,87.4747,1
429,14.3143,31.1655,43.2765,0.9616,0.0019,4.7607,3.0,4.0,27.0,0.0187,0.2859,0.6969,0.4694,0.5333,0.4891,0.4984,80.0,73.0,143.0,85.0,85.943,1
430,14.3477,31.2682,43.4956,0.8572,0.0009,2.5346,3.0,4.0,27.0,0.0185,0.2859,0.6959,0.4694,0.5333,0.4889,0.4985,82.0,74.0,141.0,87.0,84.8109,1
431,14.381,29.469,38.0479,2.6274,0.0185,0.0,3.0,4.0,27.0,0.0,,,,,,,,,,,,
432,14.4144,29.4879,38.1057,0.078,0.0,0.0,3.0,4.0,27.0,0.0,,,,,,,,,,,,
433,14.4478,29.6287,38.4439,0.8352,0.0005,0.0,3.0,4.0,27.0,0.0005,0.2626,0.2859,0.4639,0.5167,0.2747,0.4848,117.0,119.0,145.0,49.5,59.0261,1
434,14.4811,29.7461,38.753,0.9175,0.0009,82.9286,3.0,4.0,27.0,0.0007,0.2525,0.2756,0.4639,0.5194,0.2645,0.4847,182.0,186.0,200.0,26.0,90.6347,1
435,14.5145,29.8881,39.12,1.107,0.0014,96.2936,3.0,4.0,27.0,0.0011,0.2375,0.2617,0.4639,0.5194,0.2496,0.4868,124.5,129.0,149.0,47.0,93.6383,1
436,14.5479,30.0668,39.5589,1.0584,0.0018,116.5299,3.0,4.0,28.0,0.002,0.2234,0.275,0.4639,0.5194,0.247,0.4922,120.0,123.0,150.0,44.0,74.9806,1
437,14.5812,30.1468,39.7999,0.3674,0.0019,83.4304,3.0,4.0,28.0,0.0024,0.2094,0.2578,0.4639,0.5222,0.2325,0.4932,24.0,25.0,60.0,131.5,90.2343,1
438,14.6146,30.3702,40.3589,1.2262,0.002,112.8248,3.0,4.0,28.0,0.0037,0.1969,0.2734,0.4639,0.525,0.234,0.4965,24.0,25.0,61.0,153.0,90.8951,1
439,14.648,30.4575,40.562,1.3437,0.0017,134.3188,3.0,4.0,30.0,0.0036,0.1891,0.2625,0.4639,0.525,0.2247,0.4962,20.0,20.0,61.0,155.0,90.5324,1
440,14.6813,30.7438,41.2772,1.5727,0.0028,148.3557,3.0,4.0,30.0,0.0052,0.1812,0.3266,0.4639,0.525,0.2393,0.4964,59.0,58.0,79.0,79.0,83.3808,1
441,14.7147,31.0585,42.0904,1.766,0.0034,136.3983,3.0,4.0,30.0,0.0072,0.175,0.3375,0.4639,0.5234,0.2554,0.4961,37.0,33.0,86.0,133.0,89.543,1
442,14.7481,31.2519,42.668,1.171,0.0037,120.997,3.0,4.0,30.0,0.0089,0.1703,0.3812,0.4639,0.5222,0.2696,0.4959,48.0,44.0,96.0,120.5,90.4036,1
443,14.7814,31.5693,43.4716,2.0077,0.0045,108.0644,3.0,4.0,30.0,0.011,0.1672,0.4219,0.4639,0.5222,0.2907,0.4955,62.0,56.0,124.0,111.0,90.851,1
444,14.8148,31.9686,44.5064,2.2364,0.0059,93.2605,3.0,4.0,30.0,0.014,0.1641,0.5234,0.4639,0.5222,0.3279,0.4954,125.0,125.0,154.0,61.0,88.0382,1
445,14.8482,32.4468,45.75,2.4617,0.0074,83.4867,3.0,4.0,30.0,0.0174,0.1609,0.5828,0.4667,0.5222,0.3684,0.4957,82.0,72.0,146.0,91.0,89.2491,1
446,14.8815,32.8021,46.6196,2.5343,0.0075,70.8278,3.0,4.0,30.0,0.0201,0.1582,0.6453,0.4667,0.5222,0.3979,0.4959,83.0,73.0,146.0,93.0,88.6711,1
447,14.9149,32.9356,46.9544,1.7409,0.0067,62.764,3.0,4.0,30.0,0.0213,0.1562,0.6844,0.4667,0.525,0.4104,0.4962,83.0,74.0,146.0,87.0,88.9732,1
448,14.9483,33.2652,47.7545,2.3989,0.0078,52.7441,3.0,4.0,30.0,0.0237,0.1539,0.7375,0.4667,0.525,0.4391,0.4964,84.0,75.0,144.0,85.0,88.5271,1
449,14.9816,33.3935,47.9665,2.2737,0.0064,48.0607,3.0,4.0,30.0,0.0237,0.1516,0.7328,0.4667,0.525,0.439,0.4966,83.0,72.0,146.0,101.5,88.7277,1
450,15.015,33.669,48.6627,2.3187,0.0076,34.6779,3.0,4.0,30.0,0.0255,0.15,0.7781,0.4667,0.525,0.4606,0.4968,86.0,75.0,147.0,91.0,87.8539,1
451,15.0484,33.9043,49.2015,1.9476,0.0074,27.6024,3.0,4.0,30.0,0.0265,0.1486,0.8047,0.4667,0.525,0.4752,0.497,86.0,75.0,147.0,85.0,86.8642,1
452,15.0817,33.9887,49.3665,1.1562,0.0068,22.4274,3.0,4.0,30.0,0.0272,0.1484,0.825,0.4694,0.525,0.4854,0.497,86.0,76.0,141.0,77.0,87.0213,1
453,15.1151,34.1502,49.742,1.7094,0.0065,17.7307,3.0,4.0,30.0,0.028,0.1469,0.8281,0.4694,0.525,0.4905,0.4968,87.0,77.0,148.0,70.5,87.4242,1
454,15.1485,34.2666,49.8554,1.6097,0.0061,14.5123,3.0,4.0,30.0,0.0286,0.1465,0.8453,0.4667,0.525,0.4933,0.4965,83.0,75.0,143.0,87.0,88.9333,1
455,15.1818,34.4014,49.9917,1.5472,0.0066,11.7214,3.0,4.0,30.0,0.0291,0.1453,0.8438,0.4667,0.525,0.4952,0.4961,83.0,74.0,144.0,92.0,91.8361,1
456,15.2152,34.4853,50.0276,1.5293,0.006,11.6531,3.0,4.0,30.0,0.029,0.1438,0.8422,0.4667,0.5222,0.4954,0.4961,87.0,76.0,146.0,80.0,89.7478,1
457,15.2486,34.5037,50.0208,0.717,0.0057,9.8156,3.0,4.0,30.0,0.0287,0.1438,0.8404,0.4667,0.5222,0.495,0.4958,86.0,74.0,146.0,89.0,88.1033,1
458,15.2819,34.6168,50.1595,1.2682,0.0055,7.2036,3.0,4.0,30.0,0.0286,0.1437,0.8391,0.4667,0.5222,0.4956,0.4956,86.0,74.0,145.0,95.0,87.2932,1
459,15.3153,34.6928,50.2146,1.2051,0.0045,6.1736,3.0,4.0,30.0,0.0288,0.1422,0.8391,0.4667,0.5222,0.4932,0.4954,87.0,76.0,146.0,89.0,86.9516,1
460,15.3487,34.7875,50.2936,1.1691,0.0037,6.159,3.0,4.0,30.0,0.0289,0.1422,0.8391,0.4667,0.5222,0.4968,0.4959,86.0,77.0,146.0,85.0,88.7619,1
461,15.382,34.8743,50.3671,1.1511,0.0037,5.7515,3.0,4.0,30.0,0.0293,0.1422,0.8391,0.4667,0.525,0.4958,0.4961,87.0,75.0,146.0,97.0,92.4075,1
462,15.4154,34.881,50.3816,0.3471,0.003,5.0689,3.0,4.0,30.0,0.0289,0.1422,0.8375,0.4667,0.525,0.4951,0.4965,88.0,79.0,148.0,86.5,88.3445,1
463,15.4488,34.9733,50.4684,0.908,0.0021,3.5523,3.0,4.0,30.0,0.0287,0.1422,0.8391,0.4694,0.525,0.4953,0.497,88.0,79.0,148.0,81.0,86.5083,1
464,15.4821,35.045,50.5266,0.8822,0.0015,1.9988,3.0,4.0,30.0,0.0285,0.1422,0.8391,0.4694,0.525,0.4946,0.4975,88.0,80.0,147.5,80.5,85.9243,1
465,15.5155,35.1034,50.5335,0.9382,0.0007,1.0854,3.0,4.0,30.0,0.0284,0.1422,0.8391,0.4694,0.525,0.4955,0.4974,91.0,82.0,148.0,77.0,85.9071,1
466,15.5489,35.1976,50.6369,0.8658,0.0017,2.3231,3.0,4.0,30.0,0.0286,0.1422,0.8391,0.4694,0.525,0.4967,0.4966,90.0,81.0,151.0,77.0,86.6786,1
467,15.5822,35.191,50.6173,0.2528,0.0021,3.2441,3.0,4.0,30.0,0.0289,0.1422,0.8375,0.4667,0.525,0.4951,0.4961,90.0,81.0,150.0,82.0,88.5149,1
468,15.6156,35.293,50.7198,0.9531,0.0022,3.8699,3.0,4.0,30.0,0.0291,0.1422,0.8375,0.4667,0.525,0.4956,0.4958,88.0,79.0,146.0,91.0,92.2136,1
469,15.649,35.35,50.7652,0.933,0.0018,3.1587,3.0,4.0,30.0,0.0286,0.1422,0.8375,0.4667,0.5222,0.4944,0.4957,90.0,81.0,150.0,80.0,90.195,1
470,15.6823,35.4376,50.8379,0.9085,0.0012,2.2031,3.0,4.0,30.0,0.0286,0.1422,0.8375,0.4667,0.5222,0.4942,0.4958,90.0,81.0,150.0,81.0,89.2075,1
471,15.7157,35.4674,50.8114,1.0086,0.0018,3.8187,3.0,4.0,30.0,0.0285,0.1422,0.8375,0.4667,0.5222,0.4936,0.4955,90.0,82.0,151.0,80.0,88.4649,1
472,15.7491,35.4258,50.6952,0.3454,0.0029,5.4591,3.0,4.0,30.0,0.0283,0.1422,0.8391,0.4667,0.5222,0.4955,0.4956,91.0,81.0,150.0,77.0,87.5442,1
473,15.7824,35.3633,50.4145,1.4268,0.0052,12.8002,3.0,4.0,30.0,0.0281,0.1438,0.8391,0.4667,0.5222,0.4927,0.4957,93.0,81.0,150.0,80.0,84.04,1
474,15.8158,35.0337,49.4407,2.2871,0.007,40.22,3.0,4.0,30.0,0.0277,0.1453,0.8406,0.4667,0.5222,0.4914,0.4954,126.0,81.0,105.0,145.0,73.6356,1
475,15.8492,34.9809,49.1716,1.3645,0.005,10.8383,3.0,4.0,31.0,0.0271,0.1469,0.8422,0.4667,0.5222,0.488,0.4955,148.0,77.0,100.0,150.0,70.5292,1
476,15.8825,34.9622,49.0574,1.1331,0.003,6.2343,3.0,4.0,31.0,0.0271,0.1469,0.8422,0.4667,0.5222,0.4878,0.4957,146.0,72.0,98.0,151.0,69.8571,1
477,15.9159,34.9349,48.9754,0.2597,0.0024,4.3037,3.0,4.0,31.0,0.0273,0.1469,0.8422,0.4667,0.5222,0.4875,0.4958,138.0,63.0,98.0,151.0,70.3099,1
478,15.9493,34.9837,48.9879,0.8738,0.0017,3.3784,3.0,4.0,31.0,0.0271,0.1469,0.8422,0.4667,0.5222,0.4857,0.4958,134.0,60.0,98.0,153.0,68.8933,1
479,15.9826,34.9998,48.9854,0.9505,0.0018,3.135,3.0,4.0,31.0,0.0269,0.1469,0.8422,0.4667,0.5222,0.4846,0.4961,141.0,56.0,98.0,153.0,66.7693,1
480,16.016,35.0248,48.89,1.4354,0.0018,3.6344,3.0,5.0,31.0,0.0268,0.1469,0.8422,0.4667,0.525,0.4854,0.4963,143.0,53.0,100.0,155.0,65.5335,1
481,16.0494,35.0733,48.9824,0.6255,0.0004,0.4438,3.0,4.0,31.0,0.0268,0.1469,0.8422,0.4694,0.525,0.4855,0.4969,141.0,53.0,100.0,155.0,65.5707,1
482,16.0827,35.0695,48.9779,0.0541,0.0002,0.2899,3.0,4.0,31.0,0.0268,0.1469,0.8422,0.4667,0.525,0.4851,0.4968,143.0,53.0,100.0,155.0,65.5689,1
483,16.1161,35.1441,49.0857,0.8796,0.0016,2.1112,3.0,4.0,31.0,0.0269,0.1469,0.8422,0.4667,0.525,0.4855,0.4963,140.0,53.0,100.0,154.0,66.3465,1
484,16.1495,35.1833,49.1363,0.9299,0.0023,3.038,3.0,4.0,31.0,0.0273,0.1469,0.8422,0.4667,0.5222,0.4855,0.4955,138.0,53.0,100.0,154.0,68.3892,1
485,16.1828,35.243,49.216,0.9818,0.0022,3.3389,3.0,5.0,31.0,0.027,0.1469,0.8422,0.4667,0.5222,0.4851,0.4956,150.0,53.0,100.0,153.0,67.2832,1
486,16.2162,35.2844,49.2588,1.0318,0.0025,3.4778,3.0,5.0,31.0,0.0268,0.1469,0.8422,0.4667,0.5222,0.4836,0.4954,147.0,53.0,101.0,153.0,66.5755,1
487,16.2496,35.2932,49.2764,0.2389,0.0021,3.2236,3.0,5.0,31.0,0.0265,0.1469,0.8422,0.4667,0.5222,0.4832,0.4951,138.5,53.0,101.0,153.0,65.2649,1
488,16.2829,35.36,49.3491,0.9298,0.0023,3.0356,3.0,5.0,31.0,0.0265,0.1469,0.8422,0.4667,0.5222,0.4841,0.4948,137.0,53.0,101.0,153.0,65.0743,1
489,16.3163,35.3943,49.3922,0.8876,0.0012,2.0139,3.0,5.0,31.0,0.0265,0.1469,0.8422,0.4667,0.5222,0.4844,0.4947,138.0,53.0,101.0,153.0,64.8469,1
490,16.3497,35.4536,49.4899,0.851,0.0006,0.4428,3.0,5.0,31.0,0.0265,0.1469,0.8422,0.4667,0.5222,0.4849,0.4948,137.0,53.0,100.0,154.0,64.7956,1
491,16.383,35.5155,49.6032,0.9746,0.0015,1.6583,3.0,5.0,32.0,0.0266,0.1469,0.8417,0.4667,0.5222,0.4853,0.4953,137.0,53.0,100.0,153.0,64.6444,1
492,16.4164,33.4236,43.8611,2.2869,0.0266,0.0,3.0,5.0,32.0,0.0,,,,,,,,,,,,
493,16.4498,33.5452,44.1072,0.9467,0.0011,36.6667,3.0,5.0,32.0,0.0011,0.2984,0.3297,0.5028,0.5806,0.3073,0.5519,138.0,138.0,172.0,52.0,25.5184,1
494,16.4831,33.6174,44.2973,0.9844,0.0016,46.5366,3.0,5.0,33.0,0.0015,0.2938,0.3297,0.4778,0.5583,0.3074,0.5273,189.0,190.0,208.0,29.5,42.2811,1
495,16.5165,33.7069,44.5101,1.1982,0.0017,63.4454,3.0,5.0,33.0,0.0021,0.2922,0.3297,0.4556,0.5444,0.308,0.5056,209.0,186.0,207.0,28.0,46.9679,1
496,16.5499,33.8528,44.8774,1.1143,0.0013,52.0452,3.0,5.0,33.0,0.0021,0.2922,0.3328,0.4389,0.5278,0.3081,0.4879,246.5,249.5,250.0,8.0,45.6459,2
497,16.5832,33.9602,45.201,0.4012,0.003,46.0274,3.0,5.0,33.0,0.0042,0.2922,0.3725,0.425,0.5139,0.3292,0.4794,189.0,189.0,211.0,30.0,47.8343,1
498,16.6166,34.1266,45.5971,1.2292,0.0025,65.3213,3.0,5.0,33.0,0.0048,0.2908,0.375,0.4194,0.5056,0.3331,0.468,208.0,201.0,231.0,34.0,55.3726,1
499,16.65,34.2369,45.9138,1.2653,0.0027,59.7975,3.0,5.0,33.0,0.0059,0.2922,0.4062,0.4111,0.4972,0.3436,0.4591,162.0,159.0,196.0,49.0,49.5322,1
500,16.6833,34.3582,46.2263,1.1538,0.0027,28.6612,3.0,5.0,33.0,0.0069,0.2922,0.4078,0.4111,0.4944,0.3508,0.4541,188.0,185.0,223.0,33.0,52.6409,1
501,16.7167,34.3925,46.3025,1.0572,0.0019,14.5006,3.0,5.0,33.0,0.0071,0.2938,0.4266,0.4111,0.4972,0.3544,0.4533,162.0,158.0,200.5,53.5,53.2693,2
502,16.7501,34.4131,46.3322,1.3656,0.0029,53.9185,3.0,5.0,33.0,0.0069,0.2969,0.4297,0.4109,0.5056,0.358,0.4591,219.0,214.0,242.0,27.0,56.2638,1
503,16.7834,34.4911,46.564,0.8278,0.0049,79.3875,3.0,5.0,33.0,0.0076,0.3022,0.4688,0.4194,0.5167,0.3761,0.4674,165.0,158.0,201.0,52.0,56.571,2
504,16.8168,34.5883,46.8366,1.6387,0.0052,82.8632,3.0,5.0,33.0,0.0084,0.3062,0.4729,0.4306,0.5278,0.3865,0.4781,215.5,209.5,234.0,22.0,63.3733,2
505,16.8502,34.5845,46.811,1.6508,0.0044,78.1901,3.0,5.0,33.0,0.008,0.3094,0.4734,0.4444,0.5361,0.3883,0.4888,217.0,209.5,236.0,27.0,60.5497,2
506,16.8835,34.6008,46.8719,1.4291,0.0035,51.5987,3.0,5.0,33.0,0.0079,0.3109,0.4719,0.4583,0.5361,0.3879,0.4964,211.0,204.0,233.0,31.0,62.468,2
507,16.9169,34.7107,47.171,1.3794,0.0035,31.3622,3.0,5.0,33.0,0.009,0.3125,0.5281,0.4611,0.5341,0.4062,0.4969,207.0,204.0,226.0,27.0,62.3553,2
508,16.9503,34.7729,47.3593,0.5397,0.0031,33.9598,3.0,5.0,33.0,0.009,0.3141,0.5303,0.4611,0.5333,0.41,0.4984,232.0,228.0,249.0,18.0,64.4479,2
509,16.9836,34.8544,47.6143,1.1803,0.0038,23.1025,3.0,5.0,33.0,0.0102,0.3156,0.5562,0.4583,0.5333,0.4282,0.4974,218.0,215.0,240.0,24.0,60.7611,1
510,17.017,34.8817,47.8322,1.3795,0.0031,17.1501,3.0,6.0,34.0,0.0107,0.3172,0.5953,0.4556,0.5306,0.4385,0.4965,188.0,182.0,219.0,41.0,59.1527,1
511,17.0504,35.0242,48.2379,1.0992,0.004,16.7705,3.0,6.0,34.0,0.0117,0.3188,0.6,0.4556,0.5333,0.455,0.4956,222.0,218.0,237.0,19.0,61.547,1
512,17.0837,35.099,48.4792,1.2531,0.0037,13.048,3.0,6.0,33.0,0.0126,0.3188,0.6203,0.4556,0.5306,0.4658,0.494,188.5,186.0,218.0,42.0,59.6768,1
513,17.1171,35.147,48.6285,0.3972,0.0033,14.5979,3.0,6.0,33.0,0.0127,0.3203,0.625,0.4556,0.5278,0.4723,0.4923,218.0,215.0,243.0,23.0,59.1345,1
514,17.1505,35.2465,48.9549,1.1264,0.0041,7.3975,3.0,5.0,33.0,0.014,0.3219,0.6547,0.4556,0.525,0.4857,0.4909,150.0,152.0,176.0,36.0,60.6968,1
515,17.1838,35.3316,49.232,1.102,0.0032,10.3921,3.0,5.0,33.0,0.0146,0.3219,0.6578,0.4556,0.5222,0.4946,0.4898,189.5,185.5,222.0,34.0,61.3987,1
516,17.2172,35.3319,49.2958,1.0303,0.0027,5.4927,3.0,5.0,33.0,0.0149,0.3234,0.6703,0.4528,0.5222,0.4967,0.4887,183.0,182.0,215.0,44.0,61.4937,1
517,17.2506,35.3545,49.3929,1.0438,0.0019,5.5672,3.0,5.0,33.0,0.0148,0.3234,0.6703,0.4528,0.5222,0.4983,0.4883,194.5,190.0,223.0,42.0,61.1613,1
518,17.2839,35.3613,49.4138,0.1757,0.0015,3.2933,3.0,5.0,33.0,0.0147,0.325,0.6781,0.4528,0.5194,0.5014,0.4879,185.0,180.0,218.0,45.0,60.6239,1
519,17.3173,35.383,49.5122,0.8275,0.001,2.3483,3.0,5.0,33.0,0.0143,0.325,0.6891,0.4528,0.5194,0.5026,0.4879,197.0,195.0,224.0,31.0,60.8323,1
520,17.3507,35.4143,49.6367,0.9589,0.0016,3.6872,3.0,5.0,33.0,0.0146,0.325,0.6891,0.4528,0.5222,0.5013,0.4886,193.0,188.0,221.0,35.0,60.9547,1
521,17.384,35.3914,49.6711,0.988,0.002,4.1363,3.0,5.0,33.0,0.0148,0.325,0.6953,0.4528,0.5222,0.502,0.49,197.0,195.0,219.0,29.0,61.6552,1
522,17.4174,35.4331,49.7752,1.0032,0.0018,4.9878,3.0,5.0,33.0,0.015,0.3266,0.6969,0.4528,0.5222,0.5025,0.4905,185.0,183.0,207.0,32.0,63.874,1
523,17.4508,35.4425,49.7981,0.1887,0.0014,3.6231,3.0,5.0,33.0,0.0146,0.3266,0.7067,0.4556,0.5222,0.506,0.491,195.0,194.0,219.0,29.0,61.5112,1
524,17.4841,35.442,49.8433,0.8332,0.0011,2.5028,3.0,5.0,33.0,0.0144,0.3266,0.7078,0.4556,0.5222,0.5066,0.4914,203.0,200.0,224.0,32.5,60.713,1
525,17.5175,35.4234,49.8513,0.9631,0.0006,1.3268,3.0,5.0,33.0,0.0144,0.3266,0.7078,0.4556,0.5222,0.507,0.4913,203.0,200.0,226.0,30.0,61.3882,1
526,17.5509,35.4567,49.9383,0.8297,0.0012,2.4656,3.0,5.0,33.0,0.0145,0.3266,0.7086,0.4556,0.5222,0.5065,0.4908,207.0,203.5,231.0,26.0,62.9501,1
527,17.5842,35.467,49.9731,0.9868,0.0014,3.45,3.0,5.0,33.0,0.0147,0.3266,0.7094,0.4528,0.5222,0.5053,0.4907,200.5,200.0,226.0,27.0,63.8979,1
528,17.6176,35.4714,49.9857,0.156,0.0013,3.281,3.0,5.0,33.0,0.0147,0.3266,0.7094,0.4556,0.5222,0.5051,0.4904,194.0,190.0,221.0,28.0,63.1238,1
529,17.651,35.4926,50.0454,0.8694,0.0011,3.0317,3.0,5.0,33.0,0.0145,0.3266,0.7087,0.4556,0.5222,0.5058,0.4902,196.0,195.0,223.0,28.0,62.0373,1
530,17.6843,35.5077,50.0853,0.8878,0.001,2.0044,3.0,5.0,33.0,0.0145,0.3266,0.7094,0.4556,0.5194,0.5072,0.4897,196.0,195.0,225.0,30.0,61.6456,1
531,17.7177,35.5155,50.1053,0.8491,0.0006,1.2279,3.0,5.0,33.0,0.0144,0.3266,0.7094,0.4556,0.5194,0.5065,0.4896,198.0,195.0,228.0,28.0,61.6086,1
532,17.7511,35.5315,50.1517,0.8962,0.0007,1.3639,3.0,5.0,33.0,0.0143,0.3266,0.7094,0.4556,0.5194,0.5063,0.4896,204.0,201.0,229.5,27.0,61.7861,1
533,17.7844,35.5272,50.1469,0.0824,0.0007,1.324,3.0,5.0,33.0,0.0145,0.3266,0.7087,0.4556,0.5194,0.5048,0.4894,196.5,194.0,224.0,31.0,62.5364,1
534,17.8178,35.5467,50.1717,0.8144,0.0007,1.7101,3.0,5.0,33.0,0.0144,0.3266,0.7078,0.4528,0.5194,0.5037,0.4893,199.0,195.5,229.0,30.0,62.7318,1
535,17.8512,35.5567,50.1865,0.841,0.0004,0.9203,3.0,5.0,34.0,0.0145,0.3266,0.7088,0.4538,0.5194,0.5038,0.4894,196.0,193.0,228.0,31.0,62.4166,1
536,17.8845,35.556,50.1987,0.8711,0.0008,1.858,4.0,5.0,34.0,0.0147,0.3266,0.7078,0.4556,0.5222,0.5029,0.4902,192.0,189.0,222.5,34.0,62.2387,1
537,17.9179,35.5648,50.225,0.9538,0.0012,3.3522,4.0,5.0,34.0,0.0148,0.3266,0.7078,0.4556,0.5222,0.5027,0.4903,192.5,190.0,218.0,30.0,62.2364,1
538,17.9513,35.5664,50.2314,0.1613,0.0014,3.2411,4.0,5.0,34.0,0.0147,0.3266,0.7078,0.4556,0.5222,0.504,0.4909,203.0,200.0,229.0,27.0,62.6861,1
539,17.9846,35.5743,50.2568,0.8368,0.0014,3.4358,4.0,5.0,34.0,0.0147,0.3266,0.7078,0.4556,0.5222,0.5046,0.491,209.0,207.0,233.0,29.0,64.4998,1
540,18.018,35.7262,50.7498,1.7892,0.0064,15.1172,4.0,6.0,34.0,0.0197,0.3266,0.6984,0.4222,0.5361,0.5085,0.4881,79.0,226.0,151.5,137.0,52.0475,1
541,18.0514,34.5394,47.1908,2.0703,0.0135,39.7859,4.0,6.0,34.0,0.0097,0.4828,0.6141,0.4167,0.5361,0.5378,0.486,49.0,166.0,143.0,178.0,24.1447,1
542,18.0847,34.6535,47.5312,1.1776,0.0039,20.999,4.0,6.0,34.0,0.0114,0.4781,0.6156,0.4194,0.5389,0.5424,0.487,39.0,245.0,143.0,213.0,26.8504,1
543,18.1181,34.6509,47.53,0.2759,0.0028,14.1489,4.0,6.0,34.0,0.0114,0.475,0.6106,0.4194,0.5389,0.5393,0.4877,39.0,243.0,141.0,211.0,26.4076,1
544,18.1515,34.6718,47.5869,0.9775,0.0025,11.6571,4.0,5.0,34.0,0.0117,0.4734,0.6078,0.4194,0.5389,0.5374,0.4891,42.0,231.0,141.0,203.0,27.3527,1
545,18.1848,34.6814,47.6217,1.0054,0.0025,9.0638,3.0,5.0,34.0,0.0114,0.4719,0.6062,0.4222,0.5417,0.5349,0.4896,44.0,245.0,141.0,208.0,26.7265,1
546,18.2182,34.6753,47.6421,0.9687,0.0022,7.1272,3.0,5.0,34.0,0.0116,0.4703,0.605,0.4222,0.5417,0.5344,0.4912,42.0,235.5,141.0,207.0,27.6069,1
547,18.2516,34.6666,47.6419,0.9817,0.0018,5.2967,3.0,5.0,34.0,0.0118,0.4688,0.6047,0.4224,0.5417,0.533,0.4916,43.0,238.0,141.0,207.5,27.2261,1
548,18.2849,34.6684,47.6466,0.1025,0.0008,3.1212,3.0,5.0,34.0,0.0117,0.4688,0.6047,0.4222,0.5417,0.5326,0.4916,41.0,242.0,141.0,209.0,27.4701,1
549,18.3183,34.6816,47.6808,0.8405,0.0009,2.6202,3.0,5.0,34.0,0.0116,0.4688,0.6031,0.4222,0.5417,0.5322,0.4908,44.0,243.0,143.0,209.0,27.3719,1
550,18.3517,34.7043,47.733,0.9038,0.0013,2.9685,3.0,5.0,34.0,0.0115,0.4688,0.6031,0.4222,0.5417,0.5317,0.4895,44.0,238.0,143.0,206.0,26.1872,1
551,18.385,34.6716,47.7018,0.9268,0.0014,3.0748,3.0,5.0,34.0,0.0115,0.4688,0.6031,0.4194,0.5401,0.5317,0.4885,44.0,247.0,143.0,208.0,27.3993,1
552,18.4184,34.6762,47.7131,0.9579,0.0016,4.0546,3.0,5.0,34.0,0.0116,0.4672,0.6016,0.4194,0.5389,0.5316,0.4877,44.0,240.0,143.0,204.0,27.0792,1
553,18.4518,34.6876,47.7508,0.2012,0.002,7.1889,3.0,5.0,34.0,0.0115,0.4656,0.6016,0.4194,0.5389,0.5299,0.4871,41.0,240.0,144.0,209.0,26.4813,1
554,18.4851,34.7479,47.9625,1.0717,0.0028,14.1094,3.0,5.0,34.0,0.0116,0.4625,0.6234,0.4194,0.5389,0.5283,0.4874,41.5,237.0,145.0,203.0,26.5999,2
555,18.5185,34.8342,48.2686,1.426,0.0062,24.2981,4.0,5.0,33.0,0.0143,0.4578,0.6547,0.4194,0.5556,0.5438,0.4897,37.0,212.0,145.0,210.0,26.439,1
556,18.5519,35.0766,48.9717,1.6687,0.0096,43.3959,4.0,5.0,33.0,0.0179,0.4486,0.6922,0.4222,0.5583,0.5595,0.4908,26.0,151.0,144.0,213.0,26.8122,1
557,18.5852,35.4865,50.1915,2.288,0.0147,50.2755,4.0,5.0,33.0,0.0233,0.4344,0.7297,0.425,0.5528,0.5782,0.4919,23.0,198.0,143.0,204.0,30.0125,1
558,18.6186,35.5648,50.4306,1.691,0.017,52.0335,4.0,5.0,33.0,0.0248,0.4016,0.7344,0.4222,0.5522,0.5581,0.4905,26.0,166.0,143.0,202.0,30.0382,1
559,18.652,35.8398,51.2625,2.3518,0.0191,36.5598,4.0,5.0,33.0,0.0291,0.3562,0.7328,0.4222,0.55,0.5398,0.4903,30.0,192.0,143.0,205.0,30.1788,1
560,18.6853,36.0777,51.9824,2.7939,0.0207,49.6381,4.0,5.0,33.0,0.0314,0.3266,0.7312,0.4222,0.55,0.5239,0.4905,33.0,147.0,144.0,203.0,31.6549,1
561,18.7187,36.1768,52.3512,2.9613,0.0186,49.993,4.0,5.0,33.0,0.0326,0.3094,0.7188,0.4222,0.55,0.5117,0.4907,39.0,200.0,146.0,195.0,32.6154,1
562,18.7521,36.3583,52.9005,3.3179,0.016,62.8187,4.0,5.0,34.0,0.0354,0.2969,0.7469,0.425,0.55,0.5153,0.491,40.0,130.5,146.0,183.0,32.0575,1
563,18.7854,36.5346,53.431,2.2941,0.0132,55.9505,4.0,5.0,34.0,0.0368,0.2875,0.7422,0.425,0.55,0.5138,0.4911,40.0,189.0,147.0,176.0,33.3519,1
564,18.8188,36.6619,53.8605,2.6357,0.0105,46.1866,4.0,5.0,34.0,0.0374,0.2812,0.7375,0.425,0.55,0.5103,0.4909,46.0,188.0,151.0,172.0,35.4162,1
565,18.8522,36.8212,54.3257,2.4334,0.0097,38.7599,4.0,5.0,34.0,0.037,0.275,0.7359,0.4222,0.5472,0.505,0.4903,52.0,178.0,152.0,169.0,35.3717,1
566,18.8855,36.922,54.698,2.2754,0.0101,32.5119,4.0,5.0,34.0,0.0383,0.2719,0.7469,0.4222,0.5444,0.5082,0.4888,59.0,132.0,153.0,163.0,35.9913,1
567,18.9189,37.0698,55.1734,2.1605,0.0087,28.6333,4.0,5.0,34.0,0.0389,0.2672,0.7484,0.4222,0.5444,0.5068,0.4881,65.0,166.0,154.0,156.0,38.1101,1
568,18.9523,37.2162,55.6202,1.2861,0.0078,24.988,4.0,5.0,34.0,0.0384,0.2656,0.7469,0.4194,0.5444,0.5055,0.487,68.0,185.0,154.0,152.0,38.7666,1
569,18.9856,37.3816,56.1263,1.8396,0.0074,21.68,4.0,5.0,34.0,0.0385,0.2625,0.7453,0.4194,0.5444,0.5042,0.486,74.0,185.0,154.0,150.0,40.5865,1
570,19.019,37.4399,56.4369,1.8542,0.0061,17.5358,4.0,5.0,34.0,0.0387,0.2609,0.7438,0.4194,0.5417,0.504,0.4861,77.0,180.0,159.0,147.0,42.2267,1
571,19.0524,37.589,56.8752,1.5035,0.0063,13.1373,4.0,5.0,34.0,0.0387,0.2594,0.7422,0.4222,0.5444,0.5014,0.4876,82.0,186.0,174.0,142.0,43.7654,1
572,19.0857,37.6832,57.2016,1.566,0.0063,10.0411,4.0,5.0,33.0,0.0389,0.2594,0.7422,0.4194,0.5444,0.5006,0.4882,88.0,179.0,183.0,135.0,45.2058,1
573,19.1191,37.7783,57.4909,0.635,0.0059,7.3089,4.0,5.0,33.0,0.0385,0.2578,0.7422,0.4222,0.5472,0.4994,0.49,108.0,183.0,195.0,123.0,45.4682,1
574,19.1525,37.8461,57.7095,1.1417,0.0044,5.3852,4.0,5.0,33.0,0.0386,0.2578,0.7422,0.425,0.5472,0.4994,0.4912,127.0,186.0,193.0,104.0,46.5034,1
575,19.1858,37.8879,57.8482,1.035,0.0021,3.95,3.0,5.0,33.0,0.0384,0.2578,0.7406,0.425,0.5472,0.4994,0.4914,148.0,183.0,197.0,95.0,46.3556,1
576,19.2192,37.8948,57.9333,0.9319,0.0009,2.4376,3.0,5.0,33.0,0.0383,0.2578,0.7406,0.4226,0.5472,0.499,0.4913,168.0,185.5,201.0,79.0,46.6762,1
577,19.2526,37.8967,57.9401,1.1194,0.0031,3.9949,3.0,5.0,33.0,0.0386,0.2594,0.7406,0.425,0.5472,0.5001,0.491,174.0,183.0,207.5,63.0,48.3275,1
578,19.2859,37.8783,57.8875,0.5607,0.0051,5.4438,3.0,5.0,33.0,0.0379,0.2594,0.7391,0.425,0.5444,0.4986,0.4898,184.0,189.5,207.0,47.0,47.9158,1
579,19.3193,37.7832,57.6616,1.44,0.0056,9.5287,3.0,5.0,32.0,0.037,0.2609,0.7375,0.4222,0.5444,0.4985,0.4892,185.0,180.0,211.5,45.0,48.0522,1
580,19.3527,37.6482,57.2928,1.7536,0.0065,16.2133,3.0,5.0,32.0,0.0367,0.2641,0.7344,0.4222,0.5417,0.4985,0.488,173.0,172.0,201.0,46.0,49.507,1
581,19.386,37.4068,56.6446,2.2275,0.0075,30.2766,3.0,5.0,32.0,0.0349,0.2688,0.7281,0.425,0.5389,0.4972,0.4875,173.5,167.5,201.5,46.0,49.9753,1
582,19.4194,37.0714,55.6746,3.0933,0.0096,56.3237,3.0,5.0,31.0,0.0321,0.2781,0.7188,0.4278,0.5389,0.497,0.4876,179.0,178.0,204.0,39.0,51.9412,1
583,19.4528,36.5271,54.0413,2.8961,0.0123,80.4355,3.0,5.0,31.0,0.0271,0.2938,0.7,0.4333,0.5361,0.4947,0.4881,181.0,179.0,208.0,53.0,53.3192,1
584,19.4861,35.9394,52.3142,3.3055,0.012,83.1602,3.0,5.0,31.0,0.0217,0.3141,0.6781,0.4389,0.5306,0.4938,0.4887,188.0,182.0,216.0,48.0,58.1295,1
585,19.5195,35.5505,51.2745,2.7271,0.0081,72.8699,3.0,5.0,31.0,0.0186,0.3266,0.6656,0.4444,0.5278,0.4932,0.4887,189.5,186.0,217.0,38.0,61.3731,1
586,19.5529,35.3642,50.7386,1.9196,0.006,50.3791,3.0,5.0,31.0,0.0166,0.3328,0.6562,0.4472,0.525,0.4919,0.4893,200.0,196.0,225.0,39.0,63.3967,1
587,19.5862,35.2359,50.4086,1.6394,0.0048,30.8264,3.0,5.0,31.0,0.0157,0.3375,0.6516,0.45,0.525,0.492,0.4901,195.0,192.0,225.0,39.0,64.5829,1
588,19.6196,35.1732,50.2238,0.5585,0.0037,19.2502,3.0,5.0,31.0,0.0151,0.3391,0.6484,0.4528,0.525,0.4933,0.4908,196.0,192.5,218.5,43.0,66.1434,1
589,19.653,35.102,50.0859,1.1294,0.0031,12.1743,3.0,5.0,31.0,0.0149,0.3422,0.6453,0.4528,0.525,0.4938,0.4917,187.0,182.0,216.0,42.0,65.9089,1
590,19.6863,35.0621,50.0173,1.1041,0.003,7.5621,3.0,5.0,31.0,0.0148,0.3422,0.6453,0.4556,0.525,0.4926,0.4928,196.0,193.0,223.0,41.0,66.697,1
591,19.7197,35.0037,49.9422,0.9976,0.0021,4.5439,3.0,4.0,31.0,0.0146,0.3422,0.6438,0.4556,0.525,0.492,0.4934,195.0,193.0,222.0,43.0,66.5837,1
592,19.7531,34.9772,49.9355,0.9511,0.0009,2.3928,3.0,4.0,30.0,0.0146,0.3422,0.6438,0.4556,0.525,0.4917,0.4936,196.0,189.0,219.0,41.0,66.5623,1
593,19.7864,34.9704,49.9199,0.1078,0.0007,1.9885,3.0,4.0,30.0,0.0146,0.3422,0.6438,0.4556,0.525,0.4916,0.4935,196.0,192.0,222.0,41.0,66.8023,1
594,19.8198,34.9539,49.917,0.8952,0.0015,3.9653,3.0,4.0,30.0,0.0146,0.3422,0.6438,0.4528,0.525,0.4917,0.4927,195.0,190.0,222.0,43.0,66.3934,1
595,19.8532,34.9241,49.9069,0.988,0.0022,3.5828,3.0,4.0,30.0,0.0145,0.3422,0.6438,0.4528,0.525,0.4929,0.4912,195.0,192.0,225.0,43.0,65.4745,1
596,19.8865,34.857,49.8219,1.0084,0.0019,4.1479,3.0,4.0,30.0,0.0145,0.3422,0.6438,0.4528,0.5222,0.4923,0.4907,196.0,193.0,224.0,43.0,66.1081,1
597,19.9199,34.8267,49.7954,1.0366,0.0021,4.3905,3.0,4.0,28.0,0.0144,0.3422,0.6422,0.45,0.5222,0.4914,0.4896,186.0,181.5,216.0,45.0,66.2896,1
598,19.9533,34.825,49.7917,0.203,0.0019,3.6293,3.0,4.0,28.0,0.0145,0.3422,0.6422,0.45,0.5194,0.4917,0.4885,194.0,189.5,221.0,38.0,67.1675,1
599,19.9866,34.797,49.7747,0.8786,0.0016,3.749,3.0,4.0,28.0,0.0145,0.3422,0.6422,0.45,0.5194,0.492,0.4884,200.0,196.0,228.0,37.0,66.7753,1
600,20.02,34.6978,49.6638,1.3933,0.0012,3.4858,3.0,4.0,28.0,0.0145,0.3422,0.6422,0.45,0.5194,0.4911,0.4883,202.0,198.0,225.5,38.5,66.4546,1
601,20.0534,34.7142,49.7106,0.6419,0.0005,1.4569,3.0,4.0,28.0,0.0144,0.3422,0.6422,0.45,0.5194,0.4912,0.4884,204.0,202.0,228.0,33.0,65.9911,1
602,20.0867,34.6696,49.6658,0.921,0.0009,2.5285,3.0,4.0,28.0,0.0145,0.3422,0.6422,0.45,0.5194,0.4914,0.4888,195.0,193.0,221.0,39.0,66.858,1
603,20.1201,34.6748,49.6794,0.2052,0.0021,3.5729,3.0,4.0,28.0,0.0145,0.3422,0.6422,0.4528,0.5222,0.4915,0.4903,196.0,193.0,223.0,38.0,65.6513,1
604,20.1535,34.6527,49.6853,0.9341,0.0028,5.329,3.0,4.0,28.0,0.0145,0.3422,0.6422,0.4528,0.5222,0.4911,0.4911,196.0,193.0,223.0,40.0,67.0805,1
605,20.1868,34.644,49.7027,1.0482,0.0028,5.6774,3.0,4.0,28.0,0.0145,0.3422,0.6422,0.4528,0.525,0.4912,0.4923,182.0,179.0,212.0,51.0,65.305,1
606,20.2202,34.5986,49.6713,1.0588,0.0031,5.821,3.0,4.0,27.0,0.0146,0.3422,0.6422,0.4556,0.525,0.4922,0.4937,197.0,190.0,222.0,44.0,65.3124,1
607,20.2536,34.5807,49.6637,1.0224,0.0024,4.3308,3.0,4.0,27.0,0.0146,0.3422,0.6422,0.4573,0.5278,0.4918,0.495,183.0,176.0,216.0,53.0,64.0877,1
608,20.2869,34.5888,49.687,0.2079,0.0019,3.3682,3.0,4.0,27.0,0.0146,0.3431,0.6422,0.4583,0.5278,0.4922,0.4962,195.5,192.0,223.0,45.0,65.7064,1
609,20.3203,34.5588,49.6631,0.8636,0.0017,4.2974,3.0,4.0,27.0,0.0147,0.3438,0.6438,0.4583,0.5278,0.4925,0.4965,195.0,189.0,224.0,48.0,65.8003,1
610,20.3537,33.085,45.3058,2.1545,0.0147,0.0,3.0,4.0,27.0,0.0,,,,,,,,,,,,
611,20.387,33.0512,45.3016,0.8175,0.0,0.0,3.0,4.0,27.0,0.0,,,,,,,,,,,,
612,20.4204,33.042,45.3321,0.8806,0.0,0.0,3.0,3.0,27.0,0.0,,,,,,,,,,,,
613,20.4538,33.0521,45.3698,0.0814,0.0,0.0,3.0,3.0,27.0,0.0,,,,,,,,,,,,
614,20.4871,33.0575,45.4299,0.8103,0.0002,0.0,3.0,3.0,27.0,0.0002,,,,,,,,,,,,
615,20.5205,33.0338,45.5095,1.0274,0.0008,28.6296,3.0,3.0,27.0,0.0007,0.4297,0.4578,0.5222,0.5889,0.4442,0.5446,165.0,157.0,204.0,56.0,41.8297,1
616,20.5539,33.1079,45.7249,0.9271,0.0015,23.1667,2.0,3.0,27.0,0.001,0.4203,0.4875,0.5028,0.5694,0.4466,0.5337,185.0,180.5,212.0,52.0,44.7756,1
617,20.5872,33.1783,45.9814,1.1426,0.0026,77.4418,2.0,3.0,27.0,0.0023,0.4141,0.4734,0.4889,0.5556,0.4461,0.519,205.0,202.0,223.0,35.0,44.1915,1
618,20.6206,33.2995,46.3465,0.502,0.0032,89.1868,2.0,3.0,26.0,0.0042,0.4094,0.5031,0.4722,0.5417,0.4536,0.5097,173.0,168.5,211.0,50.0,48.3624,1
619,20.654,33.4173,46.7548,1.3212,0.0035,90.6249,2.0,3.0,27.0,0.0053,0.4047,0.5312,0.4639,0.5361,0.4594,0.5024,159.0,152.0,208.0,61.0,56.0899,1
620,20.6873,33.5667,47.2702,1.4918,0.004,79.7642,2.0,3.0,26.0,0.0065,0.4,0.5562,0.4583,0.5306,0.4677,0.4976,162.0,154.0,209.0,58.0,57.3661,1
621,20.7207,33.6279,47.5423,1.538,0.0042,73.98,2.0,3.0,26.0,0.0079,0.3969,0.5469,0.4556,0.5278,0.4713,0.4945,181.0,174.0,225.0,48.0,58.9424,1
622,20.7541,33.6842,47.7526,1.5343,0.0033,64.3814,2.0,3.0,26.0,0.0083,0.3922,0.5844,0.4528,0.525,0.4683,0.4907,174.0,168.0,210.0,54.0,60.4601,1
623,20.7874,33.7722,48.0243,0.7803,0.0038,58.7921,2.0,3.0,26.0,0.0095,0.3891,0.5844,0.4528,0.5222,0.4772,0.4879,203.0,198.0,235.0,42.0,63.9897,2
624,20.8208,33.8343,48.2704,1.4117,0.0034,50.9608,2.0,3.0,26.0,0.0105,0.3875,0.6188,0.45,0.5194,0.4839,0.4873,166.0,161.0,209.0,56.0,60.3307,1
625,20.8542,33.8907,48.4461,1.4667,0.0038,41.8352,2.0,3.0,26.0,0.0109,0.3844,0.6109,0.45,0.5194,0.4894,0.4867,193.0,190.0,221.0,36.0,60.8157,1
626,20.8875,33.9047,48.5744,1.3734,0.003,36.5761,2.0,3.0,26.0,0.0114,0.3812,0.6062,0.45,0.5222,0.487,0.4875,189.0,185.0,215.0,53.0,62.956,1
627,20.9209,33.9217,48.6805,1.3351,0.0032,25.564,2.0,3.0,26.0,0.0113,0.3797,0.6469,0.45,0.5194,0.4925,0.4879,164.0,158.0,204.0,57.0,58.6781,1
628,20.9543,33.9511,48.7719,0.4835,0.004,15.7565,2.0,3.0,26.0,0.0117,0.3781,0.6422,0.45,0.5222,0.4958,0.4885,175.0,173.0,214.0,50.0,58.1033,1
629,20.9876,33.9654,48.8507,1.1192,0.0035,13.588,2.0,3.0,26.0,0.0124,0.3781,0.6391,0.45,0.5222,0.4971,0.4886,194.0,189.0,219.0,46.0,59.3756,1
630,21.021,33.9054,48.8178,1.279,0.0028,13.5558,2.0,3.0,26.0,0.0126,0.3766,0.6359,0.45,0.5194,0.4949,0.488,195.0,193.0,222.0,42.0,61.9021,1
631,21.0544,33.9294,48.8779,1.0064,0.0027,11.4854,2.0,3.0,26.0,0.0124,0.375,0.6344,0.45,0.5194,0.4973,0.4874,204.5,202.0,226.0,34.0,61.6314,1
632,21.0877,33.9328,48.9156,1.1092,0.0027,9.183,2.0,3.0,26.0,0.0127,0.375,0.6344,0.45,0.5194,0.4957,0.4874,194.0,188.0,229.0,46.0,63.7207,1
633,21.1211,33.9326,48.9251,0.3204,0.0027,7.7607,2.0,3.0,26.0,0.0124,0.3734,0.6328,0.45,0.5194,0.4958,0.487,194.0,189.0,224.0,44.0,60.5394,2
634,21.1545,33.9306,48.937,0.984,0.0029,7.2319,2.0,3.0,26.0,0.0127,0.3734,0.6297,0.4472,0.5194,0.4938,0.4853,195.5,193.0,231.0,38.5,63.3922,1
635,21.1878,33.9193,48.9203,1.0374,0.003,7.9426,2.0,3.0,26.0,0.0121,0.3734,0.6312,0.4472,0.5167,0.4976,0.484,194.0,190.0,225.0,41.0,59.1375,2
636,21.2212,33.868,48.826,1.0642,0.0032,7.7628,2.0,3.0,26.0,0.0121,0.3719,0.6297,0.4444,0.5139,0.4936,0.4814,201.0,197.0,228.5,34.0,60.8854,2
637,21.2546,33.8547,48.7828,1.1526,0.0031,13.0394,2.0,3.0,26.0,0.0122,0.3719,0.6281,0.4417,0.5111,0.4931,0.4783,200.0,195.5,231.0,44.0,60.5072,1
638,21.2879,33.8198,48.6803,0.519,0.0038,19.028,2.0,3.0,26.0,0.0118,0.3719,0.6281,0.4361,0.5028,0.4926,0.4732,209.0,205.0,237.0,33.0,60.3498,2
639,21.3213,33.7614,48.5243,1.3433,0.0051,25.8744,2.0,3.0,26.0,0.0109,0.3719,0.6281,0.4278,0.4944,0.4925,0.4653,219.0,217.0,231.0,30.0,59.6852,1
640,21.3547,33.7098,48.3547,1.6057,0.0063,32.4069,2.0,3.0,26.0,0.01,0.3734,0.6281,0.4167,0.4833,0.4951,0.4547,207.0,203.0,224.0,34.0,52.2045,1
641,21.388,33.6083,48.1205,1.7012,0.0085,34.4904,2.0,3.0,26.0,0.0089,0.3516,0.6281,0.4028,0.6028,0.4865,0.4509,187.0,183.0,214.0,41.0,44.0292,3
642,21.4214,33.4998,47.9124,2.1185,0.0109,31.7158,2.0,3.0,26.0,0.0081,0.3391,0.6281,0.3861,0.5861,0.4535,0.4669,162.0,158.0,202.0,54.0,37.323,2
643,21.4548,33.5058,47.9305,1.0845,0.01,62.5711,2.0,3.0,26.0,0.0055,0.3297,0.6297,0.3694,0.5694,0.3975,0.5136,157.0,151.0,197.0,63.0,46.7887,4
644,21.4881,33.5303,47.9136,1.6165,0.0059,91.8082,2.0,3.0,26.0,0.0055,0.3203,0.4312,0.4861,0.5528,0.3714,0.5251,196.0,196.0,218.0,40.0,60.5289,1
645,21.5215,33.5587,48.0722,1.9238,0.0046,98.3851,2.0,3.0,26.0,0.0067,0.3125,0.4719,0.475,0.5601,0.377,0.5154,193.0,190.0,226.0,38.0,65.4236,1
646,21.5549,33.7653,48.6419,1.8656,0.0056,97.0665,2.0,3.0,26.0,0.0087,0.3062,0.4969,0.467,0.55,0.3925,0.508,213.0,211.0,233.0,27.0,65.1266,1
647,21.5882,33.8667,48.9557,2.0338,0.0059,90.715,2.0,3.0,26.0,0.0106,0.3016,0.5266,0.4611,0.5444,0.4066,0.5019,193.0,190.0,225.0,39.0,64.7998,1
648,21.6216,34.1783,49.897,1.3999,0.008,78.9821,2.0,3.0,26.0,0.0143,0.2984,0.6172,0.4583,0.5388,0.447,0.4978,207.0,204.0,235.0,31.0,65.2198,1
649,21.655,34.4681,50.7814,2.1554,0.0074,67.7518,2.0,3.0,26.0,0.0167,0.2953,0.6531,0.4528,0.5306,0.4691,0.4942,201.0,197.0,226.0,37.0,65.8362,1
650,21.6883,34.5931,51.1533,2.1029,0.0073,54.7504,2.0,3.0,26.0,0.0186,0.2922,0.675,0.4528,0.5278,0.4822,0.4924,193.0,190.0,218.0,39.0,68.2264,1
651,21.7217,34.6137,51.2576,1.9295,0.006,46.9458,2.0,3.0,26.0,0.0184,0.2891,0.7109,0.45,0.5278,0.4808,0.4914,194.0,190.0,223.0,45.0,67.0215,1
652,21.7551,34.6845,51.4911,1.9216,0.0061,40.72,2.0,3.0,26.0,0.019,0.2875,0.7,0.45,0.5278,0.482,0.4912,203.0,203.0,229.0,35.0,70.0557,1
653,21.7884,34.7559,51.7081,1.13,0.0059,38.1542,2.0,3.0,26.0,0.0195,0.2844,0.7203,0.45,0.5278,0.4886,0.4914,183.0,182.0,207.0,41.0,68.6585,1
654,21.8218,34.8053,51.8845,1.7579,0.006,34.118,2.0,3.0,26.0,0.0208,0.2828,0.7156,0.4528,0.5278,0.4941,0.4914,190.0,187.0,212.0,41.0,71.394,1
655,21.8552,34.8604,52.0315,1.7211,0.0052,32.3292,2.0,3.0,26.0,0.0208,0.2812,0.7141,0.4528,0.5278,0.4915,0.4919,180.5,178.0,207.0,42.0,69.7983,1
656,21.8885,34.8644,52.1028,1.5902,0.0053,24.7476,2.0,3.0,26.0,0.0216,0.2797,0.7344,0.4528,0.5259,0.495,0.4922,162.0,162.0,187.0,45.0,69.977,1
657,21.9219,34.8944,52.1914,1.5135,0.0048,18.677,2.0,3.0,26.0,0.0216,0.2781,0.7297,0.4528,0.525,0.4947,0.4923,171.0,172.0,194.0,42.0,69.4025,1
658,21.9553,34.9136,52.2581,0.6616,0.0049,12.3703,2.0,3.0,26.0,0.0219,0.2766,0.7266,0.4528,0.525,0.4974,0.492,172.0,169.0,201.0,46.0,69.211,1
659,21.9886,34.9307,52.3089,1.2129,0.005,10.2952,2.0,3.0,26.0,0.0218,0.2766,0.7266,0.4528,0.5278,0.4947,0.4913,175.0,173.0,202.0,48.0,70.4824,1
660,22.022,34.8839,52.3055,1.7197,0.0043,9.7971,2.0,3.0,26.0,0.0218,0.275,0.7234,0.45,0.525,0.4965,0.4908,169.5,167.5,193.5,50.0,70.3886,1
661,22.0554,34.9138,52.359,0.9334,0.0041,6.9814,2.0,3.0,26.0,0.0214,0.2734,0.7234,0.45,0.525,0.4926,0.4905,174.0,174.0,193.0,49.0,70.7388,1
662,22.0887,34.9335,52.409,1.1325,0.004,5.3342,2.0,3.0,26.0,0.0214,0.2734,0.7234,0.45,0.525,0.4936,0.4903,175.0,174.0,201.0,47.0,69.9441,1
663,22.1221,34.9364,52.4223,0.3671,0.0038,5.2652,2.0,3.0,26.0,0.022,0.2734,0.7219,0.45,0.5222,0.4952,0.4897,179.0,178.0,202.0,50.0,69.7862,1
664,22.1555,34.926,52.4267,0.9623,0.0029,5.1776,2.0,3.0,26.0,0.0219,0.2725,0.7219,0.45,0.5222,0.4914,0.4897,180.0,176.0,204.0,48.0,70.6777,1
665,22.1888,34.94,52.4706,0.9316,0.0024,3.6302,2.0,3.0,25.0,0.0218,0.2719,0.7219,0.45,0.5222,0.4923,0.4898,183.0,181.0,204.0,46.5,69.7315,1
666,22.2222,34.9139,52.4517,0.8342,0.0012,2.4853,2.0,3.0,25.0,0.0218,0.2719,0.7219,0.45,0.5222,0.4935,0.4897,179.0,176.0,206.5,46.0,70.1369,1
667,22.2556,34.9375,52.5208,0.8389,0.0006,1.5592,2.0,3.0,25.0,0.0217,0.2719,0.7219,0.45,0.5222,0.493,0.49,178.0,174.5,208.0,48.0,69.8565,1
668,22.2889,34.9438,52.5326,0.186,0.0015,2.5223,2.0,3.0,25.0,0.0213,0.2719,0.7219,0.45,0.5222,0.4918,0.4906,181.0,180.0,207.0,51.0,70.2005,1
669,22.3223,34.9324,52.5436,0.8336,0.0019,2.7317,2.0,3.0,25.0,0.0212,0.2719,0.7219,0.45,0.525,0.4903,0.491,188.5,187.0,210.5,42.0,68.963,1
670,22.3557,34.9489,52.5876,0.9223,0.002,3.4668,2.0,3.0,25.0,0.0217,0.2719,0.7219,0.4528,0.525,0.4901,0.4914,179.0,176.0,204.0,48.0,70.5459,1
671,22.389,34.9379,52.6142,0.8902,0.0021,3.8372,2.0,3.0,25.0,0.0219,0.2719,0.7219,0.4528,0.525,0.4905,0.4925,179.0,175.0,207.0,49.0,70.3627,1
672,22.4224,34.9425,52.6302,0.9131,0.0018,2.5628,2.0,3.0,25.0,0.0215,0.2719,0.7219,0.4528,0.525,0.4902,0.4933,179.0,174.0,209.0,49.0,70.0067,1
673,22.4558,34.9461,52.6445,0.1404,0.001,1.7369,2.0,3.0,25.0,0.0216,0.2719,0.7219,0.4528,0.5278,0.4898,0.4935,176.0,173.0,202.0,55.0,70.8871,1
674,22.4891,34.9603,52.6805,0.7794,0.0014,2.4432,2.0,3.0,25.0,0.0218,0.2719,0.7219,0.4528,0.5278,0.4912,0.4935,178.0,174.0,207.0,52.5,70.7387,1
675,22.5225,34.9204,52.6638,0.9635,0.0011,2.8767,2.0,3.0,25.0,0.0219,0.2726,0.7219,0.4528,0.5278,0.4931,0.4934,179.0,175.0,203.0,49.0,70.5289,1
676,22.5559,34.9391,52.7141,0.788,0.0015,3.5568,2.0,3.0,25.0,0.0219,0.2734,0.7228,0.4528,0.5278,0.4947,0.4934,180.0,177.0,195.0,52.0,70.4306,1
677,22.5892,34.9574,52.7751,0.9105,0.0015,3.3798,2.0,3.0,25.0,0.0218,0.2734,0.7234,0.4528,0.5278,0.4941,0.4933,165.0,166.0,200.0,55.0,70.3941,1
678,22.6226,34.9509,52.7597,0.1896,0.0015,2.7923,2.0,3.0,25.0,0.0216,0.2734,0.7234,0.4528,0.5259,0.4943,0.4933,174.0,172.5,194.5,53.0,70.5237,1
679,22.656,34.9666,52.8236,0.7703,0.0015,2.457,2.0,2.0,25.0,0.0217,0.2734,0.7219,0.4528,0.525,0.4944,0.4928,175.0,173.0,203.0,50.0,69.4163,1
680,22.6893,34.9875,52.8841,0.7926,0.0009,1.7127,2.0,2.0,24.0,0.0221,0.2734,0.7219,0.4528,0.525,0.4949,0.4925,169.0,167.0,195.0,54.0,69.3784,1
681,22.7227,34.9682,52.8866,0.854,0.0015,3.0272,2.0,2.0,24.0,0.0223,0.2734,0.7219,0.4528,0.525,0.4947,0.4923,165.0,164.0,195.0,54.0,70.2855,1
682,22.7561,34.9735,52.9271,0.921,0.0018,4.0432,2.0,2.0,24.0,0.0222,0.2734,0.7219,0.4528,0.525,0.4934,0.4918,165.0,160.0,190.0,51.0,69.6423,1
683,22.7894,34.9791,52.9422,0.2254,0.002,4.2473,2.0,2.0,24.0,0.0221,0.2719,0.7219,0.4528,0.525,0.4924,0.4912,176.0,174.0,196.0,52.0,70.9036,1
684,22.8228,34.9747,52.9503,0.7953,0.0015,3.1457,2.0,2.0,24.0,0.0218,0.2719,0.7219,0.4528,0.525,0.4903,0.4912,177.0,174.5,203.0,51.0,70.5684,1
685,22.8562,34.9983,53.0094,0.8193,0.0011,2.4138,2.0,2.0,24.0,0.0216,0.2719,0.7219,0.45,0.525,0.49,0.4912,182.0,179.5,204.0,47.0,70.3415,1
686,22.8895,34.9911,53.0354,0.7707,0.0008,1.2361,2.0,2.0,24.0,0.0214,0.2719,0.7219,0.45,0.525,0.4907,0.4911,185.0,181.0,211.5,44.0,69.4981,1
687,22.9229,35.0077,53.0709,0.7812,0.0004,0.4897,2.0,2.0,24.0,0.0214,0.2719,0.7219,0.45,0.525,0.4907,0.4911,185.0,182.0,212.0,44.0,69.7802,1
688,22.9563,35.0082,53.0716,0.0509,0.0002,0.3642,2.0,2.0,24.0,0.0214,0.2719,0.7219,0.45,0.525,0.4909,0.4911,185.0,182.0,211.0,44.0,69.5435,1
689,22.9896,35.0189,53.0858,0.7883,0.0017,2.7917,2.0,2.0,24.0,0.0212,0.2719,0.7203,0.45,0.525,0.4917,0.4909,183.0,181.0,212.0,47.0,70.2723,1
690,23.023,34.9731,53.0598,1.031,0.002,3.3675,2.0,2.0,24.0,0.0214,0.2719,0.7215,0.45,0.525,0.492,0.4904,181.0,176.0,210.0,51.0,70.8517,1
691,23.0564,35.007,53.1057,0.75,0.0017,2.8889,2.0,2.0,23.0,0.0215,0.2719,0.7203,0.45,0.5222,0.4915,0.4903,181.0,178.0,205.0,48.0,70.4473,1
692,23.0897,35.0352,53.1611,0.8652,0.0013,2.6227,2.0,2.0,24.0,0.022,0.2719,0.7203,0.45,0.5222,0.4918,0.4899,164.0,164.0,195.0,50.0,70.0012,1
693,23.1231,35.0353,53.1694,0.0819,0.0006,1.0423,2.0,2.0,23.0,0.0221,0.2719,0.7203,0.45,0.5222,0.4926,0.4897,173.0,168.0,198.0,47.0,69.8118,1
694,23.1565,35.0558,53.213,0.7339,0.0012,2.4104,2.0,2.0,23.0,0.022,0.2719,0.7219,0.45,0.5222,0.4928,0.4897,178.0,173.5,203.0,50.0,69.8179,1
695,23.1898,35.0631,53.2352,0.8629,0.0019,3.4941,2.0,2.0,23.0,0.0218,0.2719,0.7219,0.45,0.525,0.4919,0.4898,168.0,165.0,198.0,55.0,69.4712,1
696,23.2232,35.0642,53.2586,0.8451,0.0013,2.6437,2.0,2.0,23.0,0.0216,0.2719,0.7219,0.45,0.5228,0.4901,0.4901,175.0,173.5,203.0,51.0,68.899,1
697,23.2566,35.0861,53.2886,0.8468,0.0011,2.0565,2.0,2.0,23.0,0.0217,0.2719,0.7219,0.45,0.5222,0.4905,0.4902,168.0,165.0,200.0,54.0,69.1018,1
698,23.2899,35.0832,53.2814,0.0538,0.0002,0.4437,2.0,2.0,23.0,0.0217,0.2719,0.7219,0.45,0.5222,0.4904,0.4903,173.5,171.0,201.0,53.0,69.1714,1
699,23.3233,35.0989,53.3085,0.6981,0.0008,1.3847,2.0,2.0,23.0,0.0215,0.2719,0.7219,0.45,0.5222,0.4906,0.4904,180.0,175.0,205.0,50.5,68.7665,1
700,23.3567,35.1226,53.3366,0.8148,0.0013,2.1804,2.0,2.0,23.0,0.0215,0.2719,0.7219,0.45,0.525,0.4903,0.4906,178.0,175.0,202.0,54.0,69.553,1
701,23.39,35.1122,53.3227,0.8069,0.001,1.9536,2.0,2.0,23.0,0.0216,0.2719,0.7219,0.45,0.525,0.4909,0.4907,157.5,155.0,188.0,60.5,70.4761,1
702,23.4234,35.1372,53.3641,0.8096,0.0009,1.305,2.0,2.0,23.0,0.0215,0.2719,0.7219,0.45,0.525,0.4908,0.4909,175.0,173.0,195.0,54.0,69.8661,1
703,23.4568,35.141,53.3708,0.139,0.001,1.8923,2.0,2.0,23.0,0.0217,0.2719,0.7219,0.45,0.525,0.4902,0.4911,179.5,176.0,203.0,50.0,70.0304,1
704,23.4901,35.1493,53.3869,0.7406,0.0011,2.0716,2.0,2.0,23.0,0.0217,0.2719,0.7219,0.45,0.525,0.4907,0.4911,179.0,174.0,203.0,48.5,69.6967,1
705,23.5235,35.1208,53.3508,0.8934,0.0009,1.8581,2.0,2.0,23.0,0.0218,0.2719,0.7219,0.45,0.525,0.4901,0.4911,172.0,171.0,200.0,54.0,70.6775,1
706,23.5569,35.1493,53.3837,0.714,0.0009,1.889,2.0,2.0,23.0,0.0218,0.2719,0.7219,0.45,0.525,0.4902,0.491,172.0,172.0,202.0,56.0,70.6311,1
707,23.5902,35.1688,53.4072,0.8627,0.001,2.0971,2.0,2.0,23.0,0.0218,0.2719,0.7219,0.45,0.525,0.4904,0.4908,171.0,169.0,196.0,55.0,70.1576,1
708,23.6236,35.1635,53.397,0.1369,0.0011,1.8103,2.0,2.0,23.0,0.022,0.2719,0.7219,0.45,0.525,0.4908,0.4906,170.0,168.0,188.0,58.0,72.0086,1
709,23.657,35.1754,53.3951,0.7189,0.0008,1.6061,2.0,2.0,23.0,0.0219,0.2719,0.7219,0.45,0.525,0.4917,0.4904,176.0,173.0,194.5,53.0,71.6328,1
710,23.6903,35.1905,53.4261,0.769,0.0005,1.1654,2.0,2.0,23.0,0.022,0.2719,0.7219,0.45,0.525,0.4917,0.4904,175.0,172.0,196.0,54.0,71.1017,1
711,23.7237,35.3685,53.9808,0.9072,0.0032,3.7822,2.0,2.0,23.0,0.0236,0.2719,0.7228,0.45,0.5266,0.4949,0.4913,179.0,174.0,205.0,51.0,68.4739,1
712,23.7571,35.3424,53.8759,0.8741,0.0013,2.3392,2.0,2.0,23.0,0.0231,0.2719,0.7219,0.45,0.525,0.4934,0.4909,182.0,180.0,205.0,50.0,68.5167,1
713,23.7904,35.3474,53.8876,0.1421,0.001,2.3597,2.0,2.0,23.0,0.0231,0.2719,0.7219,0.45,0.525,0.4923,0.4908,182.0,180.0,203.0,48.0,68.0276,1
714,23.8238,35.3745,53.9116,0.7438,0.0014,2.3948,2.0,2.0,23.0,0.0229,0.2719,0.7219,0.45,0.525,0.4915,0.4908,181.0,179.0,205.0,45.0,67.127,1
715,23.8572,35.4004,53.9509,0.7805,0.001,1.678,2.0,2.0,24.0,0.0228,0.2719,0.7219,0.45,0.525,0.4909,0.4906,183.0,181.0,211.0,42.0,66.9733,1
716,23.8905,35.4103,53.9807,0.7642,0.0007,1.3635,2.0,2.0,24.0,0.0231,0.2719,0.7219,0.45,0.5273,0.4912,0.4905,188.0,185.0,215.0,42.0,67.1262,1
717,23.9239,35.4371,54.0125,0.8081,0.0007,1.3368,2.0,2.0,24.0,0.0232,0.2719,0.7219,0.45,0.5278,0.4912,0.4906,188.0,185.0,214.0,42.0,66.6587,1
718,23.9573,35.4292,53.9948,0.1147,0.0009,1.8027,2.0,2.0,24.0,0.0232,0.2719,0.7219,0.4472,0.5278,0.4915,0.4902,186.0,182.0,215.0,42.5,67.1411,1
719,23.9906,35.4749,54.0818,0.7313,0.0015,2.4957,2.0,2.0,24.0,0.0235,0.2719,0.7219,0.4472,0.525,0.4907,0.4899,188.0,186.5,219.0,41.0,67.3358,1
720,24.024,35.4977,54.19,1.3445,0.0016,3.3728,2.0,3.0,25.0,0.0239,0.2719,0.7219,0.4472,0.525,0.4906,0.4899,189.0,186.0,215.0,37.0,65.7428,1
721,24.0574,35.5934,54.3992,0.6045,0.0016,2.8081,2.0,3.0,24.0,0.0245,0.2719,0.7219,0.45,0.525,0.492,0.4899,194.0,192.0,216.5,32.0,64.4223,1
722,24.0907,35.6595,54.5462,0.8107,0.0013,2.1971,2.0,3.0,25.0,0.0248,0.2719,0.7219,0.45,0.525,0.4923,0.49,195.0,193.0,222.0,34.0,64.3186,1
723,24.1241,35.6828,54.6228,0.1829,0.0019,2.3948,2.0,3.0,25.0,0.0247,0.2719,0.7234,0.45,0.5254,0.4934,0.4904,196.0,193.0,225.0,32.0,63.3864,1
724,24.1575,35.6571,54.5202,0.7911,0.002,2.7205,2.0,3.0,25.0,0.0248,0.2719,0.7234,0.45,0.5278,0.4938,0.4911,195.0,192.0,224.0,38.0,64.3277,1
725,24.1908,35.6507,54.4377,0.824,0.0015,2.8928,2.0,3.0,26.0,0.0247,0.2719,0.7234,0.45,0.5278,0.4936,0.4916,188.0,186.0,217.0,42.0,64.8506,1
726,24.2242,35.2816,53.3541,1.0583,0.0047,6.7247,2.0,3.0,26.0,0.0218,0.2719,0.7203,0.45,0.5222,0.4883,0.4903,168.0,166.0,198.0,52.0,68.6279,1
727,24.2576,35.3077,53.3743,0.7545,0.0004,0.5262,2.0,3.0,26.0,0.0217,0.2719,0.7203,0.45,0.525,0.4882,0.4903,168.0,166.0,196.0,53.0,68.8695,1
728,24.2909,35.3076,53.3761,0.084,0.0006,1.0241,2.0,3.0,26.0,0.0215,0.2719,0.7203,0.45,0.525,0.4888,0.4904,176.0,173.5,201.0,50.0,68.5953,1
729,24.3243,35.3231,53.3829,0.7149,0.0014,2.1993,2.0,3.0,26.0,0.0215,0.2719,0.7203,0.45,0.525,0.4884,0.4907,176.0,173.0,197.0,53.0,69.4075,1
730,24.3577,35.3403,53.3862,0.7734,0.0009,1.8605,2.0,3.0,26.0,0.0216,0.2719,0.7203,0.45,0.525,0.489,0.4907,162.0,159.5,189.0,59.0,70.2898,1
731,24.391,35.3371,53.3657,0.7502,0.001,1.3168,2.0,3.0,26.0,0.0215,0.2719,0.7203,0.45,0.526,0.4892,0.4909,174.0,173.0,193.0,57.0,69.3335,1
732,24.4244,35.3571,53.3796,0.8428,0.0011,1.9961,2.0,3.0,26.0,0.0217,0.2719,0.7203,0.45,0.525,0.489,0.4912,174.0,173.0,198.0,53.0,69.2764,1
733,24.4578,35.3606,53.3856,0.1248,0.0011,1.9746,2.0,3.0,26.0,0.0217,0.2719,0.7203,0.45,0.5278,0.489,0.4914,176.0,173.0,202.0,51.0,68.8101,1
734,24.4911,35.3753,53.3774,0.6713,0.0008,1.7539,2.0,3.0,26.0,0.0218,0.2719,0.7203,0.4505,0.525,0.4882,0.4913,174.0,172.0,200.0,54.0,70.2802,1
735,24.5245,35.3601,53.3487,0.8833,0.0009,1.9068,2.0,3.0,26.0,0.0217,0.2719,0.7219,0.45,0.5275,0.4887,0.4913,172.0,169.0,197.0,56.5,70.2866,1
736,24.5579,35.386,53.3611,0.6977,0.0011,2.025,2.0,3.0,26.0,0.0217,0.2719,0.7219,0.45,0.5253,0.4885,0.4911,172.0,169.0,197.0,54.5,70.1164,1
737,24.5912,35.3915,53.3544,0.8229,0.0012,2.1031,2.0,3.0,26.0,0.0219,0.2719,0.7219,0.45,0.525,0.4893,0.4909,172.0,168.5,190.0,56.5,71.6214,1
738,24.6246,35.391,53.352,0.0941,0.0007,1.3316,2.0,3.0,26.0,0.0219,0.2719,0.7219,0.45,0.525,0.4896,0.4908,174.0,172.0,192.0,56.0,71.0134,1
739,24.658,35.4059,53.3447,0.6602,0.0005,1.1577,2.0,3.0,26.0,0.0219,0.2726,0.7219,0.45,0.525,0.4896,0.4908,171.5,169.0,190.0,53.0,70.6769,1
740,24.6913,35.4303,53.361,0.7015,0.0004,0.5724,2.0,3.0,26.0,0.0219,0.2719,0.7219,0.45,0.525,0.49,0.4908,171.0,168.0,196.5,52.0,70.5666,1
741,24.7247,35.4242,53.3556,0.6948,0.0002,0.3569,2.0,3.0,26.0,0.0219,0.2719,0.7219,0.45,0.525,0.4901,0.4908,173.0,169.0,197.0,51.0,70.6901,1
742,24.7581,35.434,53.3389,0.7862,0.0007,1.6951,2.0,3.0,26.0,0.0219,0.2719,0.7219,0.45,0.525,0.4895,0.4906,174.0,172.5,197.0,53.5,70.5678,1
743,24.7914,35.4337,53.3439,0.1291,0.001,2.0243,2.0,3.0,26.0,0.0217,0.2719,0.7219,0.45,0.525,0.4876,0.4904,172.0,172.0,201.0,53.0,69.8509,1
744,24.8248,35.4454,53.3386,0.7153,0.0013,2.4872,2.0,3.0,26.0,0.0219,0.2719,0.7219,0.45,0.525,0.4873,0.4902,175.0,174.0,203.0,50.0,69.416,1
745,24.8582,35.4517,53.3581,0.7947,0.0014,2.9914,2.0,3.0,26.0,0.0217,0.2719,0.7219,0.45,0.525,0.4887,0.49,182.0,182.0,210.0,45.0,68.8149,1
746,24.8915,35.4428,53.3394,0.7532,0.0012,2.1579,2.0,3.0,26.0,0.0217,0.2719,0.7219,0.45,0.525,0.4884,0.4899,180.0,176.0,204.0,48.0,69.1427,1
747,24.9249,35.4523,53.3461,0.7692,0.0009,1.6652,2.0,3.0,26.0,0.0215,0.2719,0.7219,0.45,0.525,0.4884,0.4894,183.0,182.0,208.0,47.0,69.19,1
748,24.9583,35.4545,53.3561,0.1754,0.0016,2.8815,2.0,3.0,26.0,0.0215,0.2719,0.7219,0.45,0.525,0.4874,0.4891,186.0,183.0,211.0,45.0,69.8656,1
749,24.9916,35.4617,53.366,0.7105,0.0016,3.3699,2.0,3.0,26.0,0.0217,0.2719,0.7219,0.45,0.525,0.489,0.4892,180.0,178.0,208.0,48.0,70.0305,1
