frame,time,luma,center_luma,diff,mask_change,fg_diff,bg_r,bg_g,bg_b,fg_area,x0,x1,y0,y1,cx,cy,fg_r,fg_g,fg_b,fg_sat,sharp,bands
0,0.0,1.185,1.185,0.0,1.0,255.0,2.0,1.0,0.0,0.0,,,,,,,,,,,,
1,0.0333,1.185,1.185,0.0,0.0,0.0,2.0,1.0,0.0,0.0,,,,,,,,,,,,
2,0.0667,1.185,1.185,0.0,0.0,0.0,2.0,1.0,0.0,0.0,,,,,,,,,,,,
3,0.1,1.185,1.185,0.0,0.0,0.0,2.0,1.0,0.0,0.0,,,,,,,,,,,,
4,0.1333,1.185,1.185,0.0,0.0,0.0,2.0,1.0,0.0,0.0,,,,,,,,,,,,
5,0.1667,1.5001,1.7991,0.315,0.0011,0.0,2.0,1.0,0.0,0.0011,0.0228,0.9944,0.3139,0.3306,0.5618,0.3226,77.0,76.0,75.0,7.0,65.1901,1
6,0.2,1.1851,1.1853,0.3149,0.0011,0.0,2.0,1.0,0.0,0.0,,,,,,,,,,,,
7,0.2333,1.5038,1.8072,0.3191,0.0011,0.0,2.0,1.0,0.0,0.0011,0.0212,0.9944,0.6861,0.7,0.5767,0.6923,79.0,77.0,76.0,6.0,70.4187,1
8,0.2667,1.1853,1.1854,0.319,0.0011,0.0,2.0,1.0,0.0,0.0,,,,,,,,,,,,
9,0.3,1.5743,1.8063,0.3888,0.0006,0.0,2.0,1.0,0.0,0.0006,0.0054,0.1203,0.05,0.4722,0.0826,0.0732,111.0,110.0,109.0,5.0,108.1141,2
10,0.3333,1.3494,1.1855,0.3899,0.0005,107.2145,2.0,1.0,0.0,0.0011,0.0516,0.1203,0.0444,0.0694,0.0865,0.0569,162.0,161.0,160.0,3.0,174.5459,1
11,0.3667,1.2669,1.1853,0.0827,0.0005,107.0886,2.0,1.0,0.0,0.0006,0.0516,0.1203,0.05,0.0611,0.0857,0.0564,113.0,112.0,111.0,5.0,111.1867,1
12,0.4,1.3185,1.3989,0.2157,0.001,0.0,2.0,1.0,0.0,0.0004,,,,,,,,,,,,
13,0.4333,1.2671,1.1857,0.2156,0.001,0.0,2.0,1.0,0.0,0.0006,0.0516,0.1203,0.05,0.0611,0.0857,0.0564,113.0,112.0,111.0,5.0,111.1867,1
14,0.4667,1.6814,1.8775,0.4148,0.0007,107.2844,2.0,1.0,0.0,0.0014,0.0065,0.5935,0.0444,0.4333,0.0936,0.1238,107.0,105.0,104.0,6.0,149.5313,2
15,0.5,1.2671,1.1857,0.4148,0.0007,107.2844,2.0,1.0,0.0,0.0006,0.0516,0.1203,0.05,0.0611,0.0857,0.0564,113.0,112.0,111.0,5.0,111.1797,1
16,0.5333,1.1854,1.1857,0.0817,0.0006,0.0,2.0,1.0,0.0,0.0,,,,,,,,,,,,
17,0.5667,1.267,1.1857,0.0816,0.0006,0.0,2.0,1.0,0.0,0.0006,0.0516,0.1203,0.05,0.0611,0.0857,0.0564,113.0,112.0,111.0,5.0,111.2906,1
18,0.6,1.4369,1.1857,0.171,0.0012,107.1189,2.0,1.0,0.0,0.0018,0.0516,0.1703,0.0444,0.9472,0.0961,0.3903,102.0,101.5,100.5,5.0,157.5105,2
19,0.6333,1.5257,1.1857,0.0894,0.0003,34.406,2.0,1.0,0.0,0.0021,0.0516,0.1719,0.0444,0.9472,0.0985,0.4717,150.0,148.0,148.0,3.0,198.1534,2
20,0.6667,1.858,2.0137,1.0886,0.0186,34.2875,2.0,1.0,0.0,0.0201,0.0125,0.9906,0.05,0.9444,0.4765,0.4871,26.0,0.0,109.0,255.0,38.3083,3
21,0.7,1.7047,2.0088,1.7819,0.0306,7.864,2.0,1.0,0.0,0.0153,0.0625,0.9125,0.05,0.5528,0.4849,0.465,26.0,0.0,111.0,255.0,39.1641,2
22,0.7333,13.2587,33.2468,12.0932,0.0676,119.28,2.0,1.0,0.0,0.0746,0.0828,0.8578,0.0583,0.5583,0.4934,0.4951,252.0,251.0,252.0,2.0,48.4972,3
23,0.7667,1.806,2.0255,11.7116,0.0645,131.2948,2.0,1.0,0.0,0.0138,0.0562,0.8281,0.05,0.9472,0.4335,0.4939,28.0,0.0,112.0,255.0,56.3103,3
24,0.8,10.0008,26.5174,8.6819,0.0509,119.9573,2.0,1.0,0.0,0.0595,0.0766,0.8562,0.0583,0.9417,0.4921,0.5005,231.0,229.0,232.0,3.0,56.6439,3
25,0.8333,2.4602,2.8135,9.0379,0.0542,135.9588,2.0,1.0,0.0,0.0157,0.0281,0.9703,0.05,0.9472,0.4954,0.4448,33.0,0.0,103.0,255.0,67.2339,4
26,0.8667,8.3458,21.5575,7.4965,0.046,127.215,2.0,1.0,0.0,0.0491,0.0734,0.8703,0.0556,0.9444,0.492,0.5013,222.0,221.0,223.0,3.0,57.2476,3
27,0.9,6.7622,16.8843,3.7022,0.0123,69.342,2.0,1.0,0.0,0.044,0.0672,0.7578,0.0556,0.9417,0.4805,0.4965,195.0,190.0,210.0,25.0,57.8128,3
28,0.9333,5.5791,12.9991,2.7008,0.0122,53.9175,2.0,1.0,0.0,0.0377,0.0641,0.8909,0.0528,0.9444,0.4862,0.5061,169.0,164.0,169.0,48.0,54.8349,3
29,0.9667,4.5542,9.5849,2.076,0.0142,46.6754,2.0,1.0,0.0,0.0301,0.0625,0.9167,0.0528,0.9472,0.4892,0.515,127.0,117.0,126.0,88.0,65.4773,3
30,1.0,3.4639,6.6566,1.5983,0.0167,39.2605,2.0,1.0,0.0,0.0182,0.0578,0.9219,0.05,0.9472,0.4751,0.5153,84.0,62.0,115.0,154.0,68.1516,3
31,1.0333,2.4694,4.0142,1.3196,0.012,30.5438,2.0,1.0,0.0,0.0121,0.0547,0.7312,0.05,0.9472,0.4365,0.4942,56.0,30.0,120.0,197.0,66.3475,3
32,1.0667,1.8582,1.7708,1.1352,0.0099,20.8695,2.0,1.0,0.0,0.0106,0.0547,0.9422,0.05,0.9472,0.4601,0.5211,31.0,0.0,112.0,255.0,74.0854,3
33,1.1,6.3831,14.9455,4.5009,0.0284,115.5311,2.0,1.0,0.0,0.0375,0.0648,0.9312,0.0528,0.9472,0.4918,0.5095,172.0,169.0,169.0,3.0,79.2916,3
34,1.1333,6.2147,14.4902,1.0406,0.004,21.1819,2.0,1.0,0.0,0.0365,0.0641,0.9266,0.0528,0.9472,0.4914,0.5101,169.0,168.0,168.0,4.0,76.55,3
35,1.1667,6.0468,14.0598,0.9568,0.0039,19.7434,2.0,1.0,0.0,0.0353,0.0641,0.9094,0.0528,0.9472,0.4905,0.5124,157.0,155.0,157.0,4.0,75.3531,3
36,1.2,5.9375,13.6592,0.9032,0.0045,18.0854,2.0,1.0,0.0,0.0337,0.0641,0.9312,0.0528,0.9472,0.4914,0.5112,154.0,153.0,153.0,4.0,75.8565,3
37,1.2333,5.8235,13.2699,0.8794,0.0041,17.4521,2.0,1.0,0.0,0.0326,0.0625,0.9328,0.0528,0.9472,0.4912,0.511,166.0,165.0,165.0,3.0,77.4255,3
38,1.2667,5.6711,12.8604,0.9086,0.0044,20.0509,2.0,1.0,0.0,0.0326,0.0625,0.9312,0.0528,0.9472,0.4901,0.5119,151.0,150.5,150.0,4.0,82.1437,3
39,1.3,5.5025,12.4284,0.9747,0.0037,22.6152,2.0,1.0,0.0,0.0316,0.0625,0.9156,0.0528,0.9472,0.4878,0.5144,152.0,150.5,150.5,4.0,83.8716,3
40,1.3333,5.3604,11.9293,1.076,0.0038,27.1108,2.0,1.0,0.0,0.0308,0.0625,0.9312,0.0528,0.9472,0.4894,0.5124,155.0,154.0,153.0,4.0,82.9605,3
41,1.3667,5.1687,11.3076,1.2475,0.0046,33.7535,2.0,1.0,0.0,0.0289,0.0617,0.9344,0.0514,0.9472,0.4899,0.5125,146.0,144.0,144.0,4.0,84.8554,3
42,1.4,5.5312,10.501,2.1114,0.008,42.657,2.0,1.0,0.0,0.0308,0.0562,0.9438,0.0528,0.9472,0.4901,0.5452,96.0,95.0,93.0,6.0,92.5683,4
43,1.4333,4.5294,9.3911,2.3418,0.0088,52.667,2.0,1.0,0.0,0.0243,0.0609,0.9359,0.05,0.9472,0.4881,0.5153,132.0,130.0,131.0,4.0,91.4797,3
44,1.4667,3.9634,7.6944,1.867,0.007,63.1723,2.0,1.0,0.0,0.0208,0.0594,0.9391,0.05,0.9472,0.4858,0.5181,131.0,130.0,130.5,5.0,99.397,3
45,1.5,2.1265,1.9758,2.8289,0.0258,46.8252,2.0,1.0,0.0,0.0176,0.0578,0.9422,0.05,0.9472,0.5049,0.526,28.0,0.0,112.0,255.0,64.6281,3
46,1.5333,2.1764,1.9995,1.411,0.0227,4.0741,2.0,1.0,0.0,0.0143,0.0547,0.9438,0.05,0.9472,0.4997,0.5449,32.0,0.0,118.0,255.0,78.8611,4
47,1.5667,2.0387,1.9236,1.0788,0.0166,4.812,2.0,1.0,0.0,0.0132,0.0562,0.9438,0.05,0.9472,0.4909,0.5287,30.0,0.0,112.0,255.0,77.9491,3
48,1.6,2.0228,1.8761,0.7872,0.0139,6.4436,2.0,1.0,0.0,0.0126,0.0548,0.9438,0.05,0.9472,0.4906,0.5318,30.0,0.0,118.0,255.0,81.2515,3
49,1.6333,2.0111,1.8411,0.7033,0.0126,9.948,2.0,1.0,0.0,0.013,0.0562,0.9438,0.05,0.9472,0.4942,0.533,27.0,0.0,112.0,255.0,77.3046,3
50,1.6667,2.004,1.8196,0.565,0.0105,7.8278,2.0,1.0,0.0,0.012,0.0547,0.9438,0.05,0.9472,0.4958,0.5336,32.0,0.0,122.0,255.0,86.269,3
51,1.7,1.9983,1.8025,0.5003,0.009,7.5813,2.0,1.0,0.0,0.0123,0.0547,0.9438,0.05,0.9472,0.4906,0.5318,30.0,0.0,117.0,255.0,81.1843,3
52,1.7333,1.9936,1.7885,0.4491,0.0088,7.0374,2.0,1.0,0.0,0.0124,0.0547,0.9438,0.05,0.9472,0.4929,0.5344,30.0,0.0,115.0,255.0,81.5862,3
53,1.7667,2.3764,2.9361,0.721,0.0095,22.7829,2.0,1.0,0.0,0.0134,0.0562,0.9438,0.05,0.9472,0.499,0.5277,33.0,1.0,120.0,255.0,108.3157,3
54,1.8,3.2555,5.5712,1.2,0.0136,40.9711,2.0,1.0,0.0,0.0226,0.0594,0.9375,0.05,0.9472,0.5042,0.5079,26.0,1.0,102.0,255.0,78.8074,3
55,1.8333,4.1043,8.1157,1.1739,0.0083,38.4545,2.0,1.0,0.0,0.0276,0.0609,0.9351,0.05,0.9472,0.5012,0.5063,34.0,2.0,105.0,170.0,79.6341,3
56,1.8667,4.9387,10.617,1.1373,0.0058,32.4734,2.0,1.0,0.0,0.0305,0.0625,0.9344,0.0528,0.9472,0.5006,0.5077,60.0,60.0,127.0,15.0,81.1002,3
57,1.9,5.8,13.1989,1.1343,0.0065,29.8031,2.0,1.0,0.0,0.0345,0.0641,0.9328,0.0528,0.9472,0.4995,0.5108,122.0,118.0,147.0,5.0,79.8834,3
58,1.9333,6.0679,14.0018,0.4584,0.0027,9.2315,2.0,1.0,0.0,0.0349,0.0641,0.9328,0.0528,0.9472,0.5012,0.5117,169.0,168.0,168.0,4.0,77.3627,3
59,1.9667,6.0518,13.9536,0.1246,0.0014,1.5347,2.0,1.0,0.0,0.0345,0.0641,0.9328,0.0528,0.9472,0.5001,0.5118,166.0,164.0,165.0,4.0,76.022,3
60,2.0,5.6955,12.8861,0.3763,0.0028,7.7863,2.0,1.0,0.0,0.0335,0.0641,0.9328,0.0528,0.9472,0.5004,0.513,133.0,130.0,136.0,3.0,75.3073,3
61,2.0333,4.8675,10.4041,0.8059,0.0048,21.976,2.0,1.0,0.0,0.0307,0.0625,0.9344,0.0528,0.9472,0.5005,0.5173,53.0,47.0,113.0,8.0,75.5692,3
62,2.0667,4.0532,7.9631,0.7912,0.0047,26.1949,2.0,1.0,0.0,0.0276,0.0609,0.9359,0.05,0.9472,0.5017,0.5213,24.0,1.0,101.0,240.0,80.7732,3
63,2.1,3.2401,5.5257,0.7871,0.0064,28.0715,2.0,1.0,0.0,0.0233,0.0594,0.9375,0.05,0.9472,0.5066,0.5253,23.0,1.0,101.0,255.0,73.4105,3
64,2.1333,2.3904,2.9787,0.8268,0.0102,36.8821,2.0,1.0,0.0,0.0149,0.0562,0.9432,0.05,0.9472,0.5003,0.53,30.0,1.0,110.0,255.0,89.8755,3
65,2.1667,1.9803,1.7492,0.3737,0.0036,11.5755,2.0,1.0,0.0,0.012,0.0547,0.9438,0.05,0.9472,0.4934,0.533,28.0,0.0,110.0,255.0,82.3044,3
66,2.2,1.9802,1.7492,0.0006,0.0,0.029,2.0,1.0,0.0,0.012,0.0547,0.9438,0.05,0.9472,0.4934,0.533,28.0,0.0,110.0,255.0,82.2862,3
67,2.2333,2.3226,1.7491,0.3425,0.0003,0.0327,2.0,1.0,0.0,0.0122,0.044,0.9438,0.05,0.9472,0.4848,0.524,28.0,0.0,109.5,255.0,81.196,4
68,2.2667,1.9799,1.7481,0.344,0.0003,0.0739,2.0,1.0,0.0,0.0119,0.0547,0.9438,0.05,0.9472,0.4933,0.533,28.0,0.0,110.0,255.0,82.336,3
69,2.3,1.98,1.7486,0.0017,0.0,0.0589,2.0,1.0,0.0,0.012,0.0547,0.9438,0.05,0.9472,0.4935,0.5328,28.0,0.0,110.0,255.0,82.3391,3
70,2.3333,2.0927,1.7486,0.1136,0.0005,0.0339,2.0,1.0,0.0,0.0125,0.0547,0.9438,0.0222,0.9472,0.4949,0.5119,30.0,0.0,109.0,255.0,81.6015,4
71,2.3667,1.9801,1.7486,0.1135,0.0005,0.0301,2.0,1.0,0.0,0.012,0.0547,0.9438,0.05,0.9472,0.4935,0.5328,28.0,0.0,110.0,255.0,82.3078,3
72,2.4,1.9801,1.7486,0.0004,0.0,0.0275,2.0,1.0,0.0,0.012,0.0547,0.9438,0.05,0.9472,0.4937,0.5326,28.0,0.0,110.0,255.0,82.2729,3
73,2.4333,1.9799,1.7481,0.0015,0.0,0.0632,2.0,1.0,0.0,0.012,0.0547,0.9438,0.05,0.9472,0.4936,0.5326,28.0,0.0,110.0,255.0,82.2718,3
74,2.4667,1.9801,1.7486,0.0011,0.0,0.0507,2.0,1.0,0.0,0.012,0.0547,0.9438,0.05,0.9472,0.4936,0.5326,28.0,0.0,110.0,255.0,82.2803,3
75,2.5,1.9799,1.7481,0.0012,0.0,0.0497,2.0,1.0,0.0,0.012,0.0547,0.9438,0.05,0.9472,0.4936,0.5326,28.0,0.0,110.0,255.0,82.2881,3
76,2.5333,1.98,1.7484,0.0011,0.0,0.0478,2.0,1.0,0.0,0.012,0.0547,0.9438,0.05,0.9472,0.4936,0.5326,28.0,0.0,110.0,255.0,82.2958,3
77,2.5667,1.9799,1.7482,0.0011,0.0,0.0499,2.0,1.0,0.0,0.012,0.0547,0.9438,0.05,0.9472,0.4936,0.5326,28.0,0.0,110.0,255.0,82.2945,3
78,2.6,1.98,1.7484,0.0011,0.0,0.0488,2.0,1.0,0.0,0.012,0.0547,0.9438,0.05,0.9472,0.4938,0.5325,28.0,0.0,110.0,255.0,82.2713,3
79,2.6333,1.9799,1.7481,0.0012,0.0,0.0575,2.0,1.0,0.0,0.012,0.0547,0.9438,0.05,0.9472,0.4938,0.5325,28.0,0.0,110.0,255.0,82.2949,3
80,2.6667,1.98,1.7485,0.0011,0.0,0.0399,2.0,1.0,0.0,0.012,0.0547,0.9438,0.05,0.9472,0.4938,0.5325,28.0,0.0,110.0,255.0,82.2865,3
81,2.7,1.9799,1.7481,0.001,0.0,0.0536,2.0,1.0,0.0,0.012,0.0547,0.9438,0.05,0.9472,0.4938,0.5325,28.0,0.0,110.0,255.0,82.2675,3
82,2.7333,1.9799,1.7483,0.0009,0.0,0.0459,2.0,1.0,0.0,0.012,0.0547,0.9438,0.05,0.9472,0.4938,0.5325,28.0,0.0,110.0,255.0,82.2619,3
83,2.7667,1.9799,1.7483,0.0005,0.0,0.0323,2.0,1.0,0.0,0.012,0.0547,0.9438,0.05,0.9472,0.4938,0.5325,28.0,0.0,110.0,255.0,82.2467,3
84,2.8,1.9799,1.7483,0.0005,0.0,0.0321,2.0,1.0,0.0,0.012,0.0547,0.9438,0.05,0.9472,0.4939,0.5323,28.0,0.0,110.0,255.0,82.2014,3
85,2.8333,1.9799,1.7483,0.0005,0.0,0.0323,2.0,1.0,0.0,0.012,0.0547,0.9438,0.05,0.9472,0.4938,0.5325,28.0,0.0,110.0,255.0,82.2045,3
86,2.8667,1.9799,1.7483,0.0005,0.0,0.0292,2.0,1.0,0.0,0.012,0.0547,0.9438,0.05,0.9472,0.4938,0.5325,28.0,0.0,110.0,255.0,82.1995,3
87,2.9,1.98,1.7483,0.0005,0.0,0.0279,2.0,1.0,0.0,0.012,0.0547,0.9438,0.05,0.9472,0.4938,0.5325,28.0,0.0,110.0,255.0,82.1898,3
88,2.9333,1.9799,1.7483,0.0006,0.0,0.0324,2.0,1.0,0.0,0.012,0.0547,0.9438,0.05,0.9472,0.4938,0.5325,28.0,0.0,110.0,255.0,82.1953,3
89,2.9667,1.98,1.7484,0.0006,0.0,0.0318,2.0,1.0,0.0,0.012,0.0547,0.9438,0.05,0.9472,0.4938,0.5325,28.0,0.0,110.0,255.0,82.2217,3
90,3.0,1.9798,1.7482,0.0024,0.0,0.1072,2.0,1.0,0.0,0.012,0.0547,0.9438,0.05,0.9472,0.4934,0.5323,28.0,0.0,110.0,255.0,82.3596,3
91,3.0333,1.9797,1.7482,0.0008,0.0,0.0399,2.0,1.0,0.0,0.012,0.0547,0.9438,0.05,0.9472,0.4936,0.5321,28.0,0.0,110.0,255.0,82.3213,3
92,3.0667,1.9797,1.7482,0.0006,0.0,0.0447,2.0,1.0,0.0,0.012,0.0547,0.9438,0.05,0.9472,0.4936,0.5321,28.0,0.0,110.0,255.0,82.3059,3
93,3.1,1.9797,1.7482,0.0006,0.0,0.0455,2.0,1.0,0.0,0.012,0.0547,0.9438,0.05,0.9472,0.4936,0.5321,28.0,0.0,110.0,255.0,82.3069,3
94,3.1333,1.9798,1.7482,0.0005,0.0,0.0358,2.0,1.0,0.0,0.012,0.0547,0.9438,0.05,0.9472,0.4936,0.5321,28.0,0.0,110.0,255.0,82.3324,3
95,3.1667,1.9798,1.7482,0.0007,0.0,0.0356,2.0,1.0,0.0,0.012,0.0547,0.9438,0.05,0.9472,0.4935,0.5323,28.0,0.0,110.0,255.0,82.3588,3
96,3.2,2.3112,1.7482,0.3318,0.0009,0.0326,2.0,1.0,0.0,0.0129,0.05,0.9469,0.05,0.9472,0.4917,0.5035,30.0,0.0,108.0,255.0,80.7201,4
97,3.2333,1.9796,1.7484,0.3326,0.0009,0.0862,2.0,1.0,0.0,0.012,0.0547,0.9438,0.05,0.9472,0.4936,0.5324,28.0,0.0,110.0,255.0,82.3501,3
98,3.2667,1.9796,1.7484,0.0007,0.0,0.0428,2.0,1.0,0.0,0.012,0.0547,0.9438,0.05,0.9472,0.4934,0.5326,28.0,0.0,110.0,255.0,82.3657,3
99,3.3,1.9794,1.7478,0.0879,0.0015,2.9831,2.0,1.0,0.0,0.0124,0.0547,0.9438,0.05,0.9472,0.4933,0.5315,28.0,0.0,111.0,255.0,79.5271,3
100,3.3333,5.947,13.6413,3.8441,0.0257,100.4397,2.0,1.0,0.0,0.0333,0.0638,0.9328,0.0528,0.9472,0.4996,0.5118,155.0,154.0,154.0,3.0,77.4941,3
101,3.3667,1.9772,1.7413,3.8343,0.0246,104.6085,2.0,1.0,0.0,0.0117,0.0547,0.9438,0.05,0.9472,0.4881,0.5362,30.0,0.0,111.0,255.0,83.048,3
102,3.4,5.7953,13.1866,3.7312,0.0248,99.1617,2.0,1.0,0.0,0.0325,0.0625,0.9328,0.0528,0.9472,0.5003,0.5116,162.0,161.0,161.0,3.0,80.3959,3
103,3.4333,1.9731,1.729,3.6881,0.0241,100.1484,2.0,1.0,0.0,0.0108,0.0547,0.9438,0.0499,0.9472,0.4863,0.5376,31.0,0.0,120.0,255.0,90.979,3
104,3.4667,5.6315,12.6954,3.5611,0.0234,96.8186,2.0,1.0,0.0,0.0321,0.0625,0.9328,0.0528,0.9472,0.4988,0.512,154.0,153.0,153.0,3.0,84.6109,3
105,3.5,1.9692,1.7173,3.5395,0.0237,95.6855,2.0,1.0,0.0,0.0106,0.0547,0.9438,0.0484,0.9472,0.4809,0.5384,32.5,0.0,120.0,255.0,93.549,3
106,3.5333,5.4722,12.2179,3.4126,0.023,86.5237,2.0,1.0,0.0,0.0314,0.0625,0.9338,0.0528,0.9472,0.4987,0.5125,157.5,156.0,157.0,4.0,85.8358,3
107,3.5667,1.9656,1.7064,3.3819,0.0229,95.1708,2.0,1.0,0.0,0.0106,0.0547,0.9438,0.0483,0.9472,0.4854,0.5381,31.0,1.0,120.0,255.0,91.7068,3
108,3.6,5.4413,11.7198,3.3792,0.0231,85.3314,2.0,1.0,0.0,0.0303,0.0609,0.9439,0.0528,0.9472,0.4998,0.5175,138.0,137.0,136.0,4.0,82.7872,4
109,3.6333,1.9621,1.6956,3.3524,0.0221,94.856,2.0,1.0,0.0,0.011,0.0547,0.9438,0.05,0.9472,0.4849,0.5361,28.0,0.0,116.0,255.0,86.9796,3
110,3.6667,1.9235,1.5797,0.2172,0.0055,6.2349,2.0,1.0,0.0,0.0085,0.0531,0.9453,0.0472,0.9472,0.4703,0.549,28.0,1.0,105.0,251.0,104.6522,3
111,3.7,1.8774,1.4416,0.1549,0.0032,4.6154,2.0,1.0,0.0,0.0059,0.0531,0.9453,0.0472,0.9472,0.4587,0.568,94.5,93.5,101.0,6.0,138.6668,3
112,3.7333,1.8285,1.2951,0.1305,0.0022,0.1229,2.0,1.0,0.0,0.0037,0.0516,0.9469,0.0472,0.95,0.4247,0.6123,154.0,154.0,153.0,3.0,207.6333,2
113,3.7667,1.7913,1.1835,0.101,0.0,0.1329,2.0,1.0,0.0,0.0037,0.0516,0.9469,0.0472,0.95,0.4247,0.6124,154.0,154.0,153.0,3.0,207.9005,2
114,3.8,1.7913,1.1834,0.0007,0.0,0.1173,2.0,1.0,0.0,0.0037,0.0516,0.9469,0.0472,0.95,0.4241,0.613,154.0,154.0,153.0,3.0,208.2031,2
115,3.8333,1.7913,1.1834,0.0005,0.0,0.1098,2.0,1.0,0.0,0.0037,0.0516,0.9469,0.0472,0.95,0.4241,0.613,154.0,154.0,153.0,3.0,208.2717,2
116,3.8667,1.7913,1.1834,0.0005,0.0,0.0901,2.0,1.0,0.0,0.0037,0.0516,0.9469,0.0472,0.95,0.4241,0.613,154.0,154.0,153.0,3.0,208.2592,2
117,3.9,1.7913,1.1834,0.0005,0.0,0.0866,2.0,1.0,0.0,0.0037,0.0516,0.9469,0.0472,0.95,0.4247,0.6124,154.0,154.0,153.0,3.0,208.0486,2
118,3.9333,1.7913,1.1834,0.0005,0.0,0.116,2.0,1.0,0.0,0.0037,0.0516,0.9469,0.0472,0.95,0.4247,0.6124,154.5,154.0,153.0,3.0,208.0843,2
119,3.9667,1.7913,1.1834,0.0005,0.0,0.1085,2.0,1.0,0.0,0.0037,0.0516,0.9469,0.0472,0.95,0.4247,0.6124,154.0,154.0,153.0,3.0,208.172,2
120,4.0,1.7919,1.185,0.0059,0.0,0.6022,2.0,1.0,0.0,0.0037,0.0516,0.9469,0.0472,0.95,0.4258,0.6146,155.0,155.0,154.0,3.0,207.5224,2
121,4.0333,1.7919,1.185,0.0006,0.0,0.1277,2.0,1.0,0.0,0.0037,0.0516,0.9469,0.0472,0.95,0.4258,0.6146,155.0,155.0,154.0,3.0,207.4586,2
122,4.0667,1.792,1.185,0.0004,0.0,0.1028,2.0,1.0,0.0,0.0037,0.0516,0.9469,0.0472,0.95,0.4265,0.614,155.0,154.0,153.0,3.0,207.296,2
123,4.1,1.7919,1.185,0.0004,0.0,0.1165,2.0,1.0,0.0,0.0037,0.0516,0.9469,0.0472,0.95,0.4265,0.614,155.0,155.0,154.0,3.0,207.443,2
124,4.1333,1.7919,1.185,0.0004,0.0,0.0811,2.0,1.0,0.0,0.0037,0.0516,0.9462,0.0472,0.95,0.4258,0.6146,155.0,155.0,154.0,3.0,207.8878,2
125,4.1667,1.7919,1.185,0.0004,0.0,0.0708,2.0,1.0,0.0,0.0037,0.0516,0.9469,0.0472,0.95,0.4265,0.6139,155.0,155.0,154.0,3.0,207.6508,2
126,4.2,1.7919,1.185,0.0004,0.0,0.0873,2.0,1.0,0.0,0.0037,0.0516,0.9469,0.0472,0.95,0.4271,0.6133,155.0,155.0,154.0,3.0,207.2861,2
127,4.2333,1.7919,1.185,0.0004,0.0,0.1179,2.0,1.0,0.0,0.0037,0.0516,0.9469,0.0472,0.95,0.4271,0.6133,155.0,154.0,153.0,3.0,207.2186,2
128,4.2667,1.7919,1.185,0.0004,0.0,0.1203,2.0,1.0,0.0,0.0037,0.0516,0.9469,0.0472,0.95,0.4271,0.6133,155.0,155.0,154.0,3.0,207.2249,2
129,4.3,1.7919,1.185,0.0004,0.0,0.0912,2.0,1.0,0.0,0.0037,0.0516,0.9469,0.0472,0.95,0.4265,0.6139,155.0,155.0,154.0,3.0,207.6675,2
130,4.3333,1.7919,1.185,0.0004,0.0,0.0755,2.0,1.0,0.0,0.0037,0.0516,0.9469,0.0472,0.95,0.4258,0.6146,155.0,155.0,154.0,3.0,207.8174,2
131,4.3667,2.4212,2.5217,0.6266,0.0038,0.0985,2.0,1.0,0.0,0.0075,0.0128,0.9856,0.0472,0.9472,0.4857,0.5804,89.0,89.0,87.0,6.0,143.5773,3
132,4.4,1.7911,1.185,0.6278,0.0038,0.3064,2.0,1.0,0.0,0.0037,0.0516,0.9469,0.0472,0.95,0.4259,0.6143,155.0,154.0,154.0,3.0,207.2121,2
133,4.4333,1.7911,1.185,0.0004,0.0,0.0836,2.0,1.0,0.0,0.0037,0.0516,0.9469,0.0472,0.95,0.4259,0.6143,155.0,154.0,154.0,3.0,207.2315,2
134,4.4667,1.7911,1.185,0.0004,0.0,0.0911,2.0,1.0,0.0,0.0037,0.0516,0.9469,0.0472,0.95,0.4259,0.6143,155.0,154.0,154.0,3.0,207.2527,2
135,4.5,1.7911,1.185,0.0004,0.0,0.1026,2.0,1.0,0.0,0.0037,0.0516,0.9469,0.0472,0.95,0.4259,0.6143,155.0,154.0,154.0,3.0,207.2293,2
136,4.5333,1.9296,1.6003,0.3282,0.0058,0.0947,2.0,1.0,0.0,0.0095,0.0547,0.944,0.0472,0.9472,0.5389,0.5449,31.0,0.0,113.0,255.0,96.5678,3
137,4.5667,1.9276,1.5943,0.4829,0.0089,3.2521,2.0,1.0,0.0,0.0094,0.0547,0.9443,0.0472,0.9472,0.5157,0.5452,31.0,0.0,113.0,255.0,97.1466,3
138,4.6,1.9272,1.5931,0.4394,0.0078,3.5343,2.0,1.0,0.0,0.0093,0.0547,0.9445,0.0472,0.9472,0.5087,0.5458,31.0,0.0,113.0,255.0,97.8137,3
139,4.6333,1.9276,1.5944,0.4371,0.0079,3.2806,2.0,1.0,0.0,0.0095,0.0547,0.9439,0.0472,0.9472,0.5003,0.545,31.0,0.0,112.0,255.0,96.3114,3
140,4.6667,1.9272,1.5932,0.4189,0.0075,3.108,2.0,1.0,0.0,0.0094,0.0547,0.9443,0.0472,0.9472,0.4931,0.5455,31.0,0.0,113.0,255.0,97.1876,3
141,4.7,1.9274,1.5938,0.3825,0.0072,2.6893,2.0,1.0,0.0,0.0095,0.0547,0.9439,0.0472,0.9472,0.4929,0.5451,31.0,1.0,112.0,255.0,96.3969,3
142,4.7333,1.9271,1.5928,0.3547,0.0066,2.8692,2.0,1.0,0.0,0.0096,0.0547,0.9438,0.0472,0.9472,0.4907,0.5446,31.0,0.0,112.0,255.0,95.4604,3
143,4.7667,1.9276,1.5944,0.3367,0.0066,2.9917,2.0,1.0,0.0,0.0094,0.0547,0.9441,0.0472,0.9472,0.4888,0.5452,32.0,0.0,113.0,255.0,97.0007,3
144,4.8,5.6044,12.6161,3.6544,0.0218,87.4221,2.0,1.0,0.0,0.0296,0.0625,0.9344,0.0528,0.9472,0.5026,0.5128,196.0,195.0,195.0,2.0,74.2594,3
145,4.8333,1.9276,1.5942,3.65,0.0218,83.0802,2.0,1.0,0.0,0.0095,0.0547,0.9438,0.0472,0.9472,0.4833,0.5454,31.0,0.0,112.0,255.0,96.0576,3
146,4.8667,5.5906,12.5745,3.6282,0.0218,89.6228,2.0,1.0,0.0,0.0295,0.0625,0.9344,0.0528,0.9472,0.4986,0.5128,194.5,194.0,194.0,2.0,73.17,3
147,4.9,1.927,1.5924,3.6046,0.0223,85.093,2.0,1.0,0.0,0.0094,0.0547,0.9453,0.0472,0.9472,0.4824,0.5455,31.0,0.0,113.0,255.0,97.4319,3
148,4.9333,5.5665,12.5026,3.5824,0.0222,89.193,2.0,1.0,0.0,0.0296,0.0625,0.9344,0.0528,0.9472,0.4947,0.5128,194.0,193.0,194.0,2.0,74.646,3
149,4.9667,1.9271,1.5929,3.5724,0.0221,89.1232,2.0,1.0,0.0,0.0093,0.0547,0.9453,0.0472,0.9472,0.4777,0.5459,32.0,0.0,116.0,255.0,98.0806,3
150,5.0,5.5326,12.3982,3.5508,0.0218,86.0272,2.0,1.0,0.0,0.0293,0.0625,0.9344,0.0528,0.9472,0.4917,0.5126,200.0,199.0,199.0,2.0,75.8884,3
151,5.0333,5.5081,12.3247,0.5465,0.0026,13.5417,2.0,1.0,0.0,0.0294,0.0625,0.9344,0.0528,0.9472,0.4905,0.5127,197.0,196.0,197.0,2.0,76.7136,3
152,5.0667,5.4804,12.2418,0.5602,0.0026,13.6122,2.0,1.0,0.0,0.0292,0.0625,0.9344,0.0528,0.9472,0.4878,0.5129,196.0,195.0,196.0,3.0,75.9652,3
153,5.1,4.3189,11.0084,1.614,0.0028,15.6216,0.0,0.0,0.0,0.0295,0.0625,0.9344,0.05,0.9472,0.4868,0.51,188.0,188.0,188.5,0.0,77.2162,4
154,5.1333,4.2768,10.8823,0.6339,0.003,15.7207,0.0,0.0,0.0,0.029,0.0621,0.9344,0.05,0.9472,0.4855,0.5104,190.0,190.0,190.0,0.0,77.0583,4
155,5.1667,4.2264,10.7315,0.7525,0.0034,17.7088,0.0,0.0,0.0,0.0288,0.0617,0.9344,0.05,0.9472,0.4831,0.5113,182.0,182.0,183.0,0.0,77.9287,5
156,5.2,4.1558,10.5525,0.8372,0.0033,22.3264,0.0,0.0,0.0,0.0286,0.0609,0.9344,0.05,0.9472,0.481,0.5114,179.0,178.0,179.0,0.0,78.7211,4
157,5.2333,4.102,10.345,0.9845,0.0035,28.2247,0.0,0.0,0.0,0.0281,0.0609,0.9344,0.05,0.9472,0.4777,0.5129,188.0,188.0,189.0,0.0,79.574,6
158,5.2667,4.0359,10.1311,1.204,0.0041,34.937,0.0,0.0,0.0,0.0273,0.0609,0.9347,0.05,0.9472,0.4749,0.5131,169.0,169.0,169.0,0.0,77.0443,9
159,5.3,3.921,9.7867,1.3543,0.0049,43.3631,0.0,0.0,0.0,0.0266,0.0609,0.9359,0.05,0.9472,0.4697,0.513,174.0,174.0,174.0,0.0,79.2245,9
160,5.3333,3.7039,9.231,1.7704,0.0054,58.3392,0.0,0.0,0.0,0.0258,0.0609,0.9359,0.05,0.9472,0.462,0.515,178.0,178.0,179.0,0.0,84.4545,4
161,5.3667,3.4459,8.4477,2.0904,0.0064,71.3568,0.0,0.0,0.0,0.0239,0.0595,0.9359,0.05,0.9472,0.4506,0.5155,167.0,167.0,169.0,0.0,83.0364,4
162,5.4,0.7114,0.2551,2.9622,0.0213,25.7394,0.0,0.0,0.0,0.007,0.0531,0.9453,0.0,0.9472,0.5162,0.5517,35.0,2.0,125.0,4.0,123.2317,4
163,5.4333,0.7173,0.2561,0.2747,0.0048,1.9049,0.0,0.0,0.0,0.0069,0.0531,0.9453,0.0,0.9472,0.4968,0.5548,36.0,3.0,129.0,3.5,124.7655,4
164,5.4667,0.7175,0.2568,0.282,0.0051,1.9981,0.0,0.0,0.0,0.0073,0.0531,0.9453,0.0391,0.9472,0.4922,0.5521,34.0,2.0,122.0,5.0,119.2428,4
165,5.5,0.7313,0.2994,0.3023,0.0052,2.7148,0.0,0.0,0.0,0.0075,0.0531,0.9453,0.0444,0.9472,0.49,0.5505,37.0,3.0,119.0,90.0,118.009,4
166,5.5333,0.7777,0.4614,0.334,0.0053,7.5311,0.0,0.0,0.0,0.0073,0.0531,0.9453,0.0444,0.9472,0.4828,0.5512,70.0,67.0,124.0,4.0,132.42,4
167,5.5667,0.8679,0.7269,0.3651,0.0053,7.424,0.0,0.0,0.0,0.0077,0.0531,0.9453,0.0,0.9472,0.4843,0.546,83.0,81.0,126.0,3.0,132.8493,4
168,5.6,0.9832,1.074,0.4111,0.0058,12.9437,0.0,0.0,0.0,0.0089,0.0539,0.9453,0.0444,0.9472,0.4836,0.5367,39.0,3.0,123.0,2.0,126.0376,5
169,5.6333,1.1554,1.5899,0.451,0.0049,24.8724,0.0,0.0,0.0,0.0104,0.0547,0.9438,0.0444,0.9472,0.4891,0.5277,39.0,3.0,119.5,0.0,109.3945,4
170,5.6667,1.4346,2.4319,0.5661,0.005,35.9151,0.0,0.0,0.0,0.0131,0.0562,0.9438,0.0472,0.9472,0.4968,0.5203,32.0,2.0,113.0,0.0,90.6188,4
171,5.7,1.948,3.7655,0.7945,0.0055,40.0152,0.0,0.0,0.0,0.0163,0.0562,0.9422,0.0461,0.9472,0.5021,0.519,59.5,59.0,110.0,0.0,85.9149,8
172,5.7333,2.3148,5.0868,0.8315,0.004,39.7023,0.0,0.0,0.0,0.0175,0.0578,0.9422,0.05,0.9472,0.5028,0.5167,123.0,124.0,137.0,0.0,83.7905,4
173,5.7667,2.5417,5.7487,0.5811,0.0025,24.1636,0.0,0.0,0.0,0.0182,0.0578,0.9408,0.05,0.9472,0.5026,0.5162,148.0,148.0,153.0,0.0,84.26,4
174,5.8,2.6138,5.9649,0.4945,0.0024,20.5369,0.0,0.0,0.0,0.0192,0.0578,0.9406,0.05,0.9472,0.5025,0.5162,152.0,150.0,158.0,0.0,82.1312,4
175,5.8333,2.6151,5.9778,0.5014,0.002,21.8939,0.0,0.0,0.0,0.0195,0.0578,0.9406,0.05,0.9472,0.5018,0.5176,144.0,145.0,153.0,0.0,83.731,4
176,5.8667,2.5676,5.8127,0.5122,0.0018,22.8984,0.0,0.0,0.0,0.019,0.0578,0.9406,0.05,0.9472,0.5007,0.5202,143.0,141.0,150.0,0.0,86.8401,4
177,5.9,2.4502,5.4056,0.5587,0.0026,23.9608,0.0,0.0,0.0,0.0179,0.0578,0.9419,0.05,0.9472,0.499,0.5273,141.0,140.0,154.0,0.0,91.0212,4
178,5.9333,2.1579,4.6135,0.6365,0.0028,26.5389,0.0,0.0,0.0,0.0163,0.0562,0.9422,0.05,0.9472,0.4973,0.5283,117.0,117.0,137.0,0.0,91.6025,3
179,5.9667,1.6969,3.2316,0.7063,0.0037,40.9966,0.0,0.0,0.0,0.0146,0.0562,0.9427,0.05,0.9472,0.4965,0.534,41.0,23.0,115.0,0.0,96.0074,3
180,6.0,1.2295,1.8306,0.7465,0.0049,48.504,0.0,0.0,0.0,0.0112,0.0547,0.9438,0.0472,0.9472,0.4905,0.544,38.0,2.0,116.0,0.0,109.5825,4
181,6.0333,1.0359,1.2398,0.5357,0.0052,28.9628,0.0,0.0,0.0,0.0086,0.0531,0.9453,0.0472,0.9472,0.4779,0.5518,79.5,73.5,127.0,0.0,127.3065,6
182,6.0667,0.905,0.8556,0.441,0.0048,17.0293,0.0,0.0,0.0,0.0075,0.0531,0.9453,0.0472,0.9472,0.4697,0.5569,97.0,97.0,136.0,0.0,137.4865,5
183,6.1,0.8088,0.5512,0.385,0.0043,10.8596,0.0,0.0,0.0,0.0067,0.0531,0.9453,0.0472,0.95,0.4619,0.5652,102.0,102.0,133.0,0.0,146.2771,4
184,6.1333,0.7533,0.3848,0.2908,0.0041,5.3996,0.0,0.0,0.0,0.0067,0.0531,0.9453,0.0472,0.95,0.4577,0.5641,76.5,76.5,129.0,0.0,142.9416,4
185,6.1667,0.7916,0.447,0.3942,0.0049,5.5259,0.0,0.0,0.0,0.0073,0.0531,0.9453,0.0472,0.9528,0.459,0.5686,47.0,4.0,122.0,0.0,128.8604,6
186,6.2,0.7645,0.2947,0.4246,0.0052,2.6512,0.0,0.0,0.0,0.0068,0.0531,0.9453,0.0472,0.95,0.452,0.5774,56.0,56.0,127.0,0.0,134.1612,9
187,6.2333,0.7341,0.2777,0.3566,0.0047,3.2545,0.0,0.0,0.0,0.0073,0.0531,0.9453,0.0472,0.9472,0.4479,0.5608,32.0,2.0,118.0,0.0,119.1672,7
188,6.2667,0.7404,0.259,0.3672,0.0052,4.0322,0.0,0.0,0.0,0.0068,0.0531,0.9453,0.0472,0.9472,0.4377,0.5736,42.0,8.0,124.0,0.0,131.9437,6
189,6.3,5.2757,13.8542,4.5667,0.0301,58.5789,0.0,0.0,0.0,0.0363,0.0641,0.9328,0.0528,0.9472,0.5448,0.5111,181.0,180.0,182.0,0.0,71.7568,5
190,6.3333,5.2899,13.8401,3.4553,0.0095,78.8195,0.0,0.0,0.0,0.0361,0.0641,0.9328,0.0528,0.9472,0.5303,0.5136,176.0,174.0,178.0,0.0,71.046,5
191,6.3667,5.2662,13.818,2.6575,0.0075,64.8222,0.0,0.0,0.0,0.0362,0.0641,0.9328,0.0528,0.9472,0.5224,0.5125,175.0,175.0,176.0,0.0,71.4306,4
192,6.4,5.2524,13.8641,2.0663,0.006,51.6214,0.0,0.0,0.0,0.0357,0.0641,0.9328,0.0528,0.9472,0.5154,0.5098,183.0,183.0,186.0,0.0,70.5038,5
193,6.4333,5.2337,13.85,1.6543,0.0051,40.3485,0.0,0.0,0.0,0.036,0.0641,0.9328,0.0528,0.9472,0.5112,0.509,182.0,182.0,186.0,0.0,70.9757,3
194,6.4667,5.2333,13.8489,1.3289,0.0041,32.5491,0.0,0.0,0.0,0.0358,0.0641,0.9328,0.0528,0.9472,0.5075,0.509,182.5,181.5,186.0,0.0,70.1112,3
195,6.5,5.2902,14.0052,1.1869,0.004,26.1423,0.0,0.0,0.0,0.0361,0.0641,0.9328,0.0528,0.9472,0.5044,0.5088,179.0,179.0,182.0,0.0,71.5534,7
196,6.5333,5.3617,14.0005,1.1168,0.004,21.0317,0.0,0.0,0.0,0.0361,0.0641,0.9328,0.0528,0.9472,0.502,0.5117,178.5,176.0,179.0,0.0,72.0488,7
197,6.5667,5.2653,13.9161,0.95,0.0038,16.7481,0.0,0.0,0.0,0.0363,0.0641,0.9328,0.0528,0.9472,0.4985,0.5095,181.0,181.0,182.0,0.0,71.3162,5
198,6.6,5.2861,14.0001,0.7418,0.0035,13.0779,0.0,0.0,0.0,0.0357,0.0641,0.9328,0.0528,0.9472,0.4972,0.5085,186.0,186.0,188.5,0.0,71.7973,5
199,6.6333,5.287,14.0028,0.5386,0.0029,8.7243,0.0,0.0,0.0,0.0356,0.0641,0.9328,0.0528,0.9472,0.4957,0.5084,183.0,183.0,187.0,0.0,71.6097,5
200,6.6667,5.2727,13.9692,0.5487,0.0034,6.6327,0.0,0.0,0.0,0.0359,0.0641,0.9328,0.0528,0.9472,0.4937,0.509,180.0,180.0,181.0,0.0,70.9007,5
201,6.7,5.2502,13.9002,0.4439,0.0026,5.0933,0.0,0.0,0.0,0.036,0.0641,0.9328,0.0528,0.9472,0.4935,0.509,181.0,181.0,181.5,0.0,71.5493,4
202,6.7333,5.2555,13.8939,0.3582,0.0025,3.8264,0.0,0.0,0.0,0.036,0.0641,0.9328,0.0528,0.9472,0.4933,0.5097,175.0,175.0,176.0,0.0,70.1305,5
203,6.7667,5.2311,13.8526,0.2814,0.0022,2.9172,0.0,0.0,0.0,0.036,0.0641,0.9328,0.0528,0.9472,0.492,0.5089,179.5,179.0,183.0,0.0,71.4254,4
204,6.8,5.2314,13.8537,0.1848,0.0018,1.9971,0.0,0.0,0.0,0.0358,0.0641,0.9328,0.0528,0.9472,0.4915,0.509,183.0,183.0,185.5,0.0,70.3549,4
205,6.8333,5.2649,13.873,0.1948,0.0016,1.5175,0.0,0.0,0.0,0.036,0.0641,0.9328,0.0528,0.9472,0.4922,0.5103,180.0,179.0,182.0,0.0,70.3748,6
206,6.8667,5.2822,13.9266,0.202,0.0013,1.3381,0.0,0.0,0.0,0.0362,0.0641,0.9323,0.0528,0.9472,0.4919,0.5098,177.0,177.0,180.5,0.0,71.07,6
207,6.9,5.2311,13.8253,0.1295,0.0007,0.9381,0.0,0.0,0.0,0.0359,0.0641,0.9328,0.0528,0.9472,0.4913,0.5092,182.0,182.0,183.0,0.0,70.8834,4
208,6.9333,5.2452,13.839,0.0596,0.0003,0.362,0.0,0.0,0.0,0.0361,0.0641,0.9328,0.0528,0.9472,0.4912,0.5095,180.0,180.0,181.0,0.0,70.8948,5
209,6.9667,5.2451,13.8387,0.0008,0.0,0.0207,0.0,0.0,0.0,0.0361,0.0641,0.9328,0.0528,0.9472,0.4912,0.5095,180.0,180.0,181.0,0.0,70.8783,5
210,7.0,5.2319,13.8501,0.0431,0.0002,0.0697,0.0,0.0,0.0,0.036,0.0641,0.9328,0.0528,0.9472,0.4911,0.5091,181.0,181.0,182.0,0.0,70.9215,4
211,7.0333,5.2212,13.8247,0.0205,0.0001,0.0322,0.0,0.0,0.0,0.0359,0.0641,0.9328,0.0528,0.9472,0.4911,0.5089,182.0,182.0,185.0,0.0,70.7418,3
212,7.0667,5.2361,13.8583,0.0253,0.0001,0.0245,0.0,0.0,0.0,0.036,0.0641,0.9328,0.0528,0.9472,0.4912,0.5085,181.0,181.0,182.5,0.0,70.8894,5
213,7.1,5.2411,13.8516,0.0437,0.0001,0.0132,0.0,0.0,0.0,0.036,0.0641,0.9328,0.0528,0.9472,0.4912,0.5091,181.0,181.0,182.5,0.0,70.828,5
214,7.1333,5.2411,13.8516,0.0006,0.0,0.0125,0.0,0.0,0.0,0.036,0.0641,0.9328,0.0528,0.9472,0.4912,0.5091,181.0,181.0,182.5,0.0,70.8314,5
215,7.1667,5.2632,13.8997,0.06,0.0003,0.0218,0.0,0.0,0.0,0.0362,0.0641,0.9324,0.0528,0.9472,0.4912,0.5094,179.0,176.0,179.0,0.0,71.1609,6
216,7.2,5.3233,13.9603,0.1472,0.0007,0.1403,0.0,0.0,0.0,0.0361,0.0641,0.9324,0.0528,0.9472,0.4912,0.5073,176.0,176.0,179.0,0.0,72.122,11
217,7.2333,5.3142,13.8471,0.1913,0.0009,0.1784,0.0,0.0,0.0,0.0363,0.0641,0.9318,0.0528,0.9472,0.491,0.5123,174.0,173.0,174.0,0.0,71.8287,7
218,7.2667,5.3148,13.9271,0.1825,0.001,0.2718,0.0,0.0,0.0,0.0361,0.0641,0.9326,0.05,0.9472,0.4913,0.5073,179.0,179.0,181.0,0.0,72.5525,7
219,7.3,5.3148,13.9271,0.0012,0.0,0.0209,0.0,0.0,0.0,0.0361,0.0641,0.9328,0.05,0.9472,0.4913,0.5073,179.0,179.0,180.5,0.0,72.5545,7
220,7.3333,5.3233,13.9159,0.1843,0.0011,0.3615,0.0,0.0,0.0,0.0362,0.0641,0.9328,0.0472,0.9472,0.4913,0.5051,176.0,176.0,179.0,0.0,72.5411,8
221,7.3667,5.302,13.9757,0.1633,0.0012,0.6652,0.0,0.0,0.0,0.0358,0.0641,0.9328,0.05,0.9472,0.4913,0.5077,188.0,188.0,189.0,0.0,73.1598,5
222,7.4,5.3017,13.9303,0.1382,0.0011,0.912,0.0,0.0,0.0,0.0359,0.0641,0.9328,0.05,0.9472,0.4912,0.5063,180.0,179.0,181.0,0.0,72.5745,4
223,7.4333,5.2665,13.9225,0.1143,0.0007,0.7232,0.0,0.0,0.0,0.0359,0.0641,0.9328,0.0528,0.9472,0.4911,0.5083,181.0,181.0,183.0,0.0,71.062,5
224,7.4667,5.2665,13.9223,0.0007,0.0,0.0131,0.0,0.0,0.0,0.0359,0.0641,0.9328,0.0528,0.9472,0.4911,0.5083,181.0,181.0,182.5,0.0,71.0677,5
225,7.5,5.278,13.8469,0.1077,0.0006,0.6548,0.0,0.0,0.0,0.0361,0.0641,0.9328,0.05,0.9472,0.4911,0.5062,179.5,179.0,181.0,0.0,71.9126,4
226,7.5333,5.2704,13.8753,0.0985,0.0006,0.4161,0.0,0.0,0.0,0.036,0.0641,0.9328,0.05,0.9472,0.4911,0.5065,179.0,179.0,180.0,0.0,71.5559,4
227,7.5667,5.3254,13.9423,0.1372,0.0007,0.636,0.0,0.0,0.0,0.0361,0.0641,0.9328,0.05,0.9472,0.491,0.5062,176.0,176.0,179.0,0.0,72.6074,5
228,7.6,5.2754,13.8795,0.1335,0.0008,0.4905,0.0,0.0,0.0,0.0359,0.0641,0.9328,0.0528,0.9472,0.4912,0.5069,181.0,181.0,183.0,0.0,72.2124,4
229,7.6333,5.2754,13.8795,0.0005,0.0,0.0114,0.0,0.0,0.0,0.0359,0.0641,0.9328,0.0528,0.9472,0.4912,0.5069,181.0,181.0,183.0,0.0,72.1995,4
230,7.6667,5.2853,13.8827,0.1025,0.0007,0.5041,0.0,0.0,0.0,0.0361,0.0641,0.9328,0.05,0.9472,0.4912,0.5062,176.0,176.0,179.0,0.0,71.416,4
231,7.7,5.2793,13.8634,0.0969,0.0004,0.5193,0.0,0.0,0.0,0.0361,0.0641,0.9328,0.05,0.9472,0.4913,0.5062,177.0,176.0,179.0,0.0,71.4362,4
232,7.7333,5.2361,13.8696,0.0727,0.0003,0.426,0.0,0.0,0.0,0.0359,0.0641,0.9328,0.0528,0.9472,0.4913,0.5088,181.0,181.0,183.0,0.0,70.9998,3
233,7.7667,5.2613,13.8602,0.0577,0.0002,0.429,0.0,0.0,0.0,0.0361,0.0641,0.9328,0.05,0.9472,0.4912,0.5067,179.0,178.5,180.0,0.0,71.5759,5
234,7.8,5.2613,13.8602,0.0004,0.0,0.0084,0.0,0.0,0.0,0.0361,0.0641,0.9328,0.05,0.9472,0.4913,0.5067,179.0,176.0,179.0,0.0,71.555,5
235,7.8333,5.2645,13.8589,0.0752,0.0003,0.3507,0.0,0.0,0.0,0.0361,0.0641,0.9328,0.05,0.9472,0.4913,0.5067,179.0,179.0,180.0,0.0,71.3057,5
236,7.8667,5.2656,13.8792,0.0811,0.0003,0.3532,0.0,0.0,0.0,0.0361,0.0641,0.9328,0.05,0.9472,0.4916,0.5069,178.0,176.0,179.0,0.0,71.0712,5
237,7.9,5.2563,13.8552,0.0752,0.0004,0.2485,0.0,0.0,0.0,0.0361,0.0641,0.9328,0.05,0.9472,0.4913,0.507,180.0,179.0,181.0,0.0,71.2896,6
238,7.9333,5.2486,13.8707,0.0606,0.0003,0.0948,0.0,0.0,0.0,0.0361,0.0641,0.9328,0.0528,0.9472,0.4912,0.5078,180.0,180.0,181.0,0.0,71.0758,5
239,7.9667,5.2486,13.8707,0.0004,0.0,0.0093,0.0,0.0,0.0,0.0361,0.0641,0.9328,0.0528,0.9472,0.4912,0.5078,180.0,179.0,181.0,0.0,71.0702,5
240,8.0,5.2574,13.8431,0.0856,0.0005,0.4661,0.0,0.0,0.0,0.0361,0.0641,0.9328,0.05,0.9472,0.4911,0.5071,180.0,180.0,182.0,0.0,71.2594,5
241,8.0333,5.2711,13.8701,0.1072,0.0006,0.7015,0.0,0.0,0.0,0.0361,0.0641,0.9328,0.05,0.9472,0.4908,0.5068,180.0,180.0,182.0,0.0,71.7108,5
242,8.0667,5.2773,13.88,0.1507,0.0009,1.1426,0.0,0.0,0.0,0.0362,0.0641,0.9328,0.05,0.9472,0.4904,0.5064,183.0,182.0,186.0,0.0,71.4722,5
243,8.1,5.2696,13.8582,0.1647,0.0013,1.2126,0.0,0.0,0.0,0.036,0.0641,0.9328,0.05,0.9472,0.4899,0.5062,179.0,179.0,180.0,0.0,71.0241,6
244,8.1333,5.2686,13.8546,0.1169,0.001,1.4378,0.0,0.0,0.0,0.036,0.0641,0.9328,0.05,0.9472,0.4905,0.5061,179.0,178.0,180.5,0.0,70.4912,6
245,8.1667,5.3024,14.0131,0.2631,0.0022,1.6207,0.0,0.0,0.0,0.0363,0.0641,0.9328,0.05,0.9472,0.4906,0.5063,174.0,174.0,176.0,0.0,71.5914,6
246,8.2,5.3087,14.0191,0.3227,0.0023,2.5133,0.0,0.0,0.0,0.0363,0.0641,0.9328,0.05,0.9472,0.4889,0.5071,180.0,179.5,182.0,0.0,71.947,6
247,8.2333,5.2821,13.9933,0.36,0.0023,2.8004,0.0,0.0,0.0,0.0361,0.0641,0.9328,0.0528,0.9472,0.4896,0.5079,176.0,175.0,178.0,0.0,70.3828,7
248,8.2667,5.3239,14.0117,0.4208,0.0026,3.8606,0.0,0.0,0.0,0.0364,0.0641,0.9314,0.05,0.9472,0.4875,0.5052,178.0,178.0,179.0,0.0,72.0514,6
249,8.3,5.3237,14.0111,0.334,0.002,4.847,0.0,0.0,0.0,0.0363,0.0641,0.9319,0.05,0.9472,0.4877,0.5053,173.0,172.0,178.0,0.0,71.2414,6
250,8.3333,5.2968,13.9573,0.571,0.0032,6.0104,0.0,0.0,0.0,0.0359,0.0641,0.9328,0.05,0.9472,0.4861,0.5072,178.0,176.0,179.0,0.0,70.8324,7
251,8.3667,5.314,14.0853,0.6459,0.0034,7.756,0.0,0.0,0.0,0.036,0.0641,0.9328,0.0528,0.9472,0.4848,0.5094,176.0,176.0,179.0,0.0,71.0286,8
252,8.4,5.2987,14.0142,0.7521,0.0036,10.7097,0.0,0.0,0.0,0.0361,0.0641,0.9312,0.0528,0.9472,0.4839,0.508,178.0,178.0,180.0,0.0,70.8522,8
253,8.4333,5.3906,14.2868,0.9464,0.004,15.2051,0.0,0.0,0.0,0.0366,0.0641,0.9312,0.0528,0.9472,0.4816,0.5096,168.0,168.0,168.0,0.0,73.2531,9
254,8.4667,5.3921,14.2911,0.9051,0.0032,20.1084,0.0,0.0,0.0,0.0366,0.0641,0.9323,0.0528,0.9472,0.48,0.5096,168.0,167.5,170.0,0.0,72.5758,9
255,8.5,5.2722,13.953,1.3404,0.0045,27.4841,0.0,0.0,0.0,0.0361,0.0641,0.9328,0.0528,0.9472,0.4749,0.509,183.0,183.0,186.0,0.0,71.3278,4
256,8.5333,5.339,14.1537,1.6245,0.0051,37.606,0.0,0.0,0.0,0.0361,0.0641,0.9325,0.0528,0.9472,0.4703,0.5088,181.0,180.0,182.0,0.0,73.3576,9
257,8.5667,0.9293,0.8979,4.5536,0.0269,106.9906,0.0,0.0,0.0,0.012,0.0547,0.9438,0.05,0.9472,0.4593,0.5353,27.0,0.0,124.0,255.0,89.3733,9
258,8.6,5.35,14.1827,4.6397,0.0279,97.0262,0.0,0.0,0.0,0.0364,0.0641,0.9328,0.0528,0.9472,0.4533,0.5109,167.0,167.0,168.0,0.0,71.5986,8
259,8.6333,0.9331,0.9423,4.4552,0.0274,92.9542,0.0,0.0,0.0,0.012,0.0547,0.9438,0.05,0.9472,0.4338,0.541,28.0,0.0,125.0,255.0,90.3879,8
260,8.6667,1.8385,3.6482,1.4179,0.0119,17.8611,0.0,0.0,0.0,0.0138,0.0562,0.9438,0.05,0.9472,0.4276,0.536,69.0,40.0,130.0,163.0,96.9113,14
261,8.7,2.6679,6.118,1.6533,0.015,28.1114,0.0,0.0,0.0,0.0213,0.0594,0.939,0.05,0.9472,0.4172,0.5194,101.0,93.0,102.0,5.0,75.7195,8
262,8.7333,3.5033,8.671,1.6416,0.0125,41.1732,0.0,0.0,0.0,0.0299,0.0625,0.9344,0.0528,0.9472,0.4114,0.5127,151.0,145.0,151.0,3.0,64.565,7
263,8.7667,4.4366,11.4373,1.7184,0.0065,42.757,0.0,0.0,0.0,0.0336,0.0641,0.9328,0.0528,0.9472,0.4069,0.5111,185.0,180.0,198.0,0.0,68.1324,6
264,8.8,5.3372,14.1369,1.5455,0.005,39.7628,0.0,0.0,0.0,0.0364,0.0641,0.9328,0.0528,0.9472,0.404,0.51,168.0,168.0,169.0,0.0,71.5383,6
265,8.8333,0.9931,0.9803,4.5849,0.0275,102.8207,0.0,0.0,0.0,0.0124,0.0547,0.9438,0.0472,0.9472,0.4131,0.5305,28.0,0.0,123.0,255.0,88.1072,9
266,8.8667,5.2873,13.9965,4.5117,0.0277,104.1228,0.0,0.0,0.0,0.0361,0.0641,0.9328,0.0528,0.9472,0.398,0.509,179.0,178.0,180.0,0.0,71.3972,7
267,8.9,0.9195,0.8641,4.4094,0.0272,105.118,0.0,0.0,0.0,0.0121,0.0547,0.9438,0.0472,0.9472,0.4083,0.532,27.0,0.0,127.0,255.0,87.9315,11
268,8.9333,1.5709,2.8136,0.9304,0.0064,15.3976,0.0,0.0,0.0,0.0122,0.0547,0.9438,0.0472,0.9472,0.4066,0.5305,63.0,32.0,136.0,180.0,97.8293,9
269,8.9667,2.3231,5.0684,0.8186,0.0069,16.6134,0.0,0.0,0.0,0.0169,0.0562,0.9422,0.05,0.9472,0.3995,0.5215,88.0,72.0,124.0,91.0,85.2844,9
270,9.0,3.0512,7.2837,0.9726,0.0126,15.7824,0.0,0.0,0.0,0.0264,0.0609,0.9359,0.05,0.9472,0.3987,0.5111,125.0,118.0,125.0,4.0,67.6705,8
271,9.0333,3.7853,9.4836,0.9357,0.0077,20.7921,0.0,0.0,0.0,0.0314,0.0625,0.9344,0.0528,0.9472,0.3971,0.5105,168.0,162.0,168.0,0.0,64.1289,6
272,9.0667,4.5606,11.8024,0.9445,0.0043,21.5826,0.0,0.0,0.0,0.0338,0.0641,0.9328,0.05,0.9472,0.3951,0.5087,193.0,189.5,207.0,0.0,68.9198,7
273,9.1,5.2966,13.9738,0.9245,0.0042,20.6695,0.0,0.0,0.0,0.0361,0.0641,0.9328,0.0528,0.9472,0.3921,0.5077,181.0,181.0,182.0,0.0,72.0526,6
274,9.1333,0.8816,0.7389,4.2356,0.0273,107.7083,0.0,0.0,0.0,0.0118,0.0547,0.9438,0.0472,0.9472,0.4018,0.532,28.0,0.0,126.0,255.0,87.0843,6
275,9.1667,0.8549,0.6668,0.2809,0.0029,7.7063,0.0,0.0,0.0,0.0098,0.0547,0.9453,0.0472,0.9472,0.4092,0.5402,24.0,0.0,104.0,255.0,99.3142,8
276,9.2,0.7727,0.3406,0.275,0.0031,7.3317,0.0,0.0,0.0,0.0071,0.0531,0.9453,0.0,0.9489,0.409,0.547,23.0,0.0,88.0,0.0,122.6221,7
277,9.2333,0.6669,0.1252,0.2009,0.0035,0.4626,0.0,0.0,0.0,0.0037,0.0516,0.9469,0.0444,0.95,0.4259,0.608,152.0,152.0,152.0,0.0,208.1114,4
278,9.2667,0.7381,0.1537,0.2456,0.0005,0.1112,0.0,0.0,0.0,0.004,0.0516,0.9469,0.045,0.9611,0.4318,0.6015,145.0,145.0,145.0,0.0,206.9526,9
279,9.3,0.7499,0.1892,0.0125,0.0,0.075,0.0,0.0,0.0,0.004,0.0516,0.9469,0.045,0.9611,0.4313,0.6021,145.0,145.0,145.0,0.0,207.1414,9
280,9.3333,0.8113,0.4427,0.3005,0.0006,0.1794,0.0,0.0,0.0,0.0039,0.0516,0.9469,0.0444,0.95,0.429,0.5945,147.0,147.0,147.0,0.0,207.5962,6
281,9.3667,1.0823,1.2935,0.4002,0.0007,0.0884,0.0,0.0,0.0,0.0041,0.0516,0.9469,0.0472,0.95,0.4314,0.603,143.0,143.0,143.0,0.0,203.8102,7
282,9.4,1.3593,2.0954,0.4563,0.0007,0.112,0.0,0.0,0.0,0.0039,0.0516,0.9469,0.0056,0.9972,0.4293,0.6041,146.0,146.0,146.0,0.0,208.0881,5
283,9.4333,1.7625,3.3633,0.5307,0.0005,0.1393,0.0,0.0,0.0,0.0039,0.0516,0.9469,0.0472,0.95,0.4278,0.6077,146.0,146.0,146.0,0.0,207.297,6
284,9.4667,2.3113,5.0085,0.6413,0.0,0.0987,0.0,0.0,0.0,0.0039,0.0516,0.9469,0.0472,0.95,0.4273,0.6083,147.0,147.0,147.0,0.0,207.5574,6
285,9.5,2.99,7.0236,1.0103,0.0004,0.0872,0.0,0.0,0.0,0.0038,0.0516,0.9469,0.0028,0.9944,0.4275,0.6055,150.0,150.0,150.0,0.0,209.4948,5
286,9.5333,3.9511,9.6234,1.596,0.0032,0.2464,0.0,0.0,0.0,0.0067,0.0531,0.9453,0.0444,0.9972,0.4466,0.5535,81.0,81.0,81.0,0.0,141.8895,14
287,9.5667,3.774,9.353,3.5058,0.0137,2.92,0.0,0.0,0.0,0.0154,0.0562,0.9422,0.05,0.9472,0.4807,0.5194,122.0,122.0,122.0,0.0,83.8505,6
288,9.6,3.5296,8.5634,3.6414,0.0235,55.1595,0.0,0.0,0.0,0.0227,0.0594,0.9375,0.05,0.9472,0.4856,0.5071,197.0,197.0,197.0,0.0,67.5327,7
289,9.6333,3.8503,9.5247,1.5288,0.0077,46.0428,0.0,0.0,0.0,0.0249,0.0609,0.9359,0.05,0.9472,0.4861,0.5064,179.0,179.0,179.0,0.0,73.2524,7
290,9.6667,0.7579,0.2835,3.1297,0.0185,74.7535,0.0,0.0,0.0,0.0075,0.0531,0.9453,0.0472,0.9965,0.4611,0.5521,38.0,1.0,131.0,0.0,123.7657,6
291,9.7,0.7514,0.2777,0.2724,0.0044,6.3312,0.0,0.0,0.0,0.0079,0.0531,0.9453,0.0472,0.9944,0.4632,0.5474,32.0,0.0,126.0,246.0,115.3541,5
292,9.7333,0.7487,0.3123,0.1799,0.0016,6.0972,0.0,0.0,0.0,0.007,0.0531,0.9453,0.0472,0.9944,0.4594,0.5617,40.0,2.0,140.0,0.0,131.5741,5
293,9.7667,0.8091,0.3698,0.2185,0.0025,3.0035,0.0,0.0,0.0,0.0078,0.0531,0.9453,0.0472,0.95,0.4631,0.5345,38.0,2.0,130.0,0.0,124.249,6
294,9.8,0.8084,0.3678,0.0541,0.0007,3.5249,0.0,0.0,0.0,0.0079,0.0531,0.9453,0.0472,0.95,0.4646,0.5347,34.0,1.0,123.0,0.0,120.9454,6
295,9.8333,0.7667,0.284,0.1885,0.0013,2.6597,0.0,0.0,0.0,0.0076,0.0531,0.9453,0.0472,0.95,0.464,0.5484,32.0,1.0,120.0,112.5,116.6614,5
296,9.8667,0.7219,0.2753,0.116,0.0009,2.1952,0.0,0.0,0.0,0.0079,0.0531,0.9453,0.0472,0.9472,0.4645,0.5464,27.0,0.0,115.0,252.0,109.8939,4
297,9.9,0.7514,0.0142,0.3699,0.0047,0.1179,0.0,0.0,0.0,0.0041,0.0516,0.9469,0.0472,0.9806,0.4316,0.6024,140.5,140.5,140.5,0.0,203.9198,7
298,9.9333,0.6453,0.0151,0.1743,0.0006,0.1143,0.0,0.0,0.0,0.0037,0.0516,0.9469,0.0472,0.95,0.4275,0.6063,151.0,151.0,151.0,0.0,208.2827,4
299,9.9667,0.7354,0.1969,0.0905,0.0,0.0949,0.0,0.0,0.0,0.0037,0.0516,0.9469,0.0472,0.95,0.4275,0.6063,151.0,151.0,151.0,0.0,208.2306,4
300,10.0,0.9966,0.6698,0.3401,0.0003,0.6611,0.0,0.0,0.0,0.0038,0.0516,0.9469,0.0472,0.95,0.4299,0.61,147.0,147.0,147.0,0.0,207.4543,6
301,10.0333,1.4884,1.7491,0.6304,0.0003,0.1395,0.0,0.0,0.0,0.0037,0.0516,0.9469,0.0462,0.95,0.4282,0.6183,151.0,151.0,151.0,0.0,208.2239,4
302,10.0667,2.2232,3.3045,0.8462,0.0002,0.0977,0.0,0.0,0.0,0.0037,0.0516,0.9469,0.0472,0.95,0.4275,0.6187,152.0,152.0,152.0,0.0,209.3166,4
303,10.1,3.1438,5.2734,1.1422,0.0003,0.0846,0.0,0.0,0.0,0.0038,0.0516,0.9469,0.0472,0.95,0.4304,0.6263,148.0,148.0,148.0,0.0,207.9762,3
304,10.1333,4.3895,8.0553,1.6653,0.0,0.0986,0.0,0.0,0.0,0.0038,0.0516,0.9469,0.0472,0.95,0.4304,0.6263,148.0,148.0,148.0,0.0,207.9966,3
305,10.1667,6.0153,11.7373,2.6687,0.0005,0.1829,0.0,0.0,0.0,0.0039,0.0516,0.9469,0.0001,0.95,0.4294,0.6147,146.0,146.0,146.0,0.0,207.2232,6
306,10.2,7.9542,16.2055,4.4519,0.0053,0.3187,0.0,0.0,0.0,0.0087,0.0533,0.9453,0.0472,0.9472,0.4671,0.5604,72.5,72.5,72.5,0.0,114.7612,7
307,10.2333,7.7581,19.9845,7.6554,0.0261,5.8359,0.0,0.0,0.0,0.0269,0.0609,0.9358,0.05,0.9472,0.4973,0.518,109.0,109.0,109.0,0.0,68.3122,6
308,10.2667,7.1296,19.4083,7.8267,0.0435,77.851,0.0,0.0,0.0,0.042,0.0656,0.9285,0.0528,0.9472,0.5042,0.5106,195.0,195.0,195.0,0.0,56.9412,4
309,10.3,7.8647,21.6117,5.0645,0.0195,90.5813,0.0,0.0,0.0,0.0472,0.0688,0.9234,0.0556,0.9444,0.5001,0.5087,233.0,233.0,233.0,0.0,61.0826,4
310,10.3333,0.8351,0.5777,7.0645,0.0371,103.499,0.0,0.0,0.0,0.0121,0.0547,0.9438,0.05,0.9472,0.4819,0.5366,27.0,0.0,108.0,255.0,82.6526,5
311,10.3667,0.9026,0.5754,0.6865,0.0115,8.8138,0.0,0.0,0.0,0.0124,0.0547,0.9438,0.0485,0.9472,0.4769,0.5442,27.0,0.0,108.0,255.0,82.7869,7
312,10.4,0.8438,0.5571,0.6042,0.0097,6.4276,0.0,0.0,0.0,0.0112,0.0547,0.9438,0.05,0.9472,0.4777,0.5411,30.0,0.0,111.0,255.0,89.7794,4
313,10.4333,0.8991,0.5845,0.4673,0.0069,6.3823,0.0,0.0,0.0,0.0121,0.0547,0.9438,0.05,0.9472,0.4807,0.5417,28.0,0.0,110.0,255.0,86.2815,10
314,10.4667,0.8983,0.5824,0.2916,0.0063,4.964,0.0,0.0,0.0,0.0113,0.0547,0.9438,0.05,0.9472,0.4826,0.5437,28.0,0.0,110.0,255.0,90.0493,10
315,10.5,0.8389,0.5454,0.3177,0.0036,5.2986,0.0,0.0,0.0,0.0118,0.0547,0.9438,0.05,0.9472,0.4812,0.5405,26.0,0.0,109.0,255.0,83.3047,4
316,10.5333,0.8317,0.5442,0.1729,0.0022,3.374,0.0,0.0,0.0,0.0118,0.0547,0.9438,0.05,0.9472,0.4781,0.5402,26.0,0.0,111.0,255.0,82.8626,6
317,10.5667,0.6388,0.0011,0.484,0.0083,0.1085,0.0,0.0,0.0,0.0037,0.0516,0.9469,0.0472,0.95,0.4278,0.6218,151.0,151.0,151.0,0.0,210.1933,4
318,10.6,0.6416,0.0006,0.0632,0.0003,0.1131,0.0,0.0,0.0,0.0038,0.0516,0.9469,0.0472,0.95,0.4297,0.6272,147.0,147.0,147.0,0.0,208.342,3
319,10.6333,0.6647,0.0697,0.0235,0.0,0.1151,0.0,0.0,0.0,0.0038,0.0516,0.9469,0.0472,0.95,0.4297,0.6272,147.0,147.0,147.0,0.0,208.3318,3
320,10.6667,0.79,0.3843,0.165,0.0004,0.5282,0.0,0.0,0.0,0.004,0.0516,0.9469,0.0472,0.95,0.4319,0.6345,146.0,146.0,146.0,0.0,204.0207,3
321,10.7,1.0516,1.1931,0.3374,0.0004,0.4429,0.0,0.0,0.0,0.0038,0.0516,0.9469,0.0472,0.95,0.4279,0.6271,148.0,148.0,148.0,0.0,208.2438,3
322,10.7333,1.3978,2.2337,0.4202,0.0003,0.2859,0.0,0.0,0.0,0.0038,0.0516,0.9469,0.0472,0.95,0.4274,0.6265,149.0,149.0,149.0,0.0,207.9875,3
323,10.7667,1.8322,3.5144,0.5351,0.0004,0.2627,0.0,0.0,0.0,0.0039,0.0516,0.9469,0.0472,0.95,0.4298,0.6313,147.0,147.0,147.0,0.0,206.3259,4
324,10.8,2.4128,5.2547,0.6792,0.0,0.1016,0.0,0.0,0.0,0.0039,0.0516,0.9469,0.0472,0.95,0.4298,0.6313,146.5,146.5,146.5,0.0,206.2589,4
325,10.8333,3.1988,7.5366,1.1152,0.0006,0.1488,0.0,0.0,0.0,0.004,0.0516,0.9469,0.0448,0.9917,0.431,0.6355,146.0,146.0,146.0,0.0,208.186,8
326,10.8667,4.0725,10.217,1.6614,0.0023,0.4982,0.0,0.0,0.0,0.0057,0.0531,0.9453,0.0472,0.9917,0.4521,0.5913,100.0,100.0,100.0,0.0,153.8328,8
327,10.9,4.0077,9.986,3.5497,0.0138,1.8128,0.0,0.0,0.0,0.0159,0.0562,0.9422,0.05,0.95,0.4845,0.5325,108.0,108.0,108.0,0.0,84.1885,8
328,10.9333,3.7654,9.165,3.6298,0.0227,63.458,0.0,0.0,0.0,0.0243,0.0608,0.9359,0.05,0.9472,0.4845,0.5238,189.0,189.0,189.0,0.0,69.7045,7
329,10.9667,4.1066,10.1879,1.6475,0.007,51.0249,0.0,0.0,0.0,0.0256,0.0609,0.9359,0.05,0.9472,0.4841,0.5229,196.0,196.0,196.0,0.0,74.3521,7
330,11.0,0.8199,0.3688,3.4348,0.0195,78.2073,0.0,0.0,0.0,0.008,0.0531,0.9453,0.0472,0.9889,0.4654,0.5705,34.0,2.0,119.0,0.0,121.248,8
331,11.0333,0.8616,0.3388,0.4404,0.0051,5.2881,0.0,0.0,0.0,0.008,0.0531,0.9453,0.0444,0.9822,0.4629,0.5716,34.0,2.0,116.0,0.0,122.3228,16
332,11.0667,0.9077,0.376,0.4527,0.0036,5.8884,0.0,0.0,0.0,0.0082,0.0531,0.9453,0.0444,0.9917,0.4631,0.5807,40.0,3.0,118.0,0.0,127.1942,12
333,11.1,0.7342,0.276,0.3195,0.0025,3.8346,0.0,0.0,0.0,0.0068,0.0531,0.9453,0.0472,0.9472,0.4612,0.5673,38.0,2.0,136.0,0.0,131.7193,5
334,11.1333,0.7343,0.2763,0.0751,0.0015,3.3059,0.0,0.0,0.0,0.0075,0.0531,0.9453,0.0472,0.9472,0.4615,0.5621,33.0,1.0,123.0,0.0,120.6188,5
335,11.1667,0.8594,0.3026,0.2175,0.0013,3.016,0.0,0.0,0.0,0.0082,0.0531,0.9453,0.0472,0.9806,0.4647,0.5755,35.0,1.0,115.0,0.0,120.4696,12
336,11.2,0.8849,0.3942,0.3203,0.0016,1.7189,0.0,0.0,0.0,0.0083,0.0531,0.9453,0.0472,0.9889,0.4659,0.5766,35.0,1.0,113.0,0.0,119.8691,11
337,11.2333,0.8431,0.2924,0.277,0.0012,0.7548,0.0,0.0,0.0,0.0082,0.0531,0.9453,0.0472,0.9917,0.4661,0.5815,35.0,2.0,113.0,0.0,118.6788,6
338,11.2667,0.7837,0.2871,0.2067,0.0009,0.1777,0.0,0.0,0.0,0.0079,0.0531,0.9453,0.0472,0.9553,0.4632,0.5634,33.0,1.0,115.0,247.0,116.5275,6
339,11.3,0.7837,0.2871,0.0012,0.0,0.0978,0.0,0.0,0.0,0.0079,0.0531,0.9453,0.0472,0.9553,0.4635,0.5632,33.0,1.0,115.0,247.0,116.6533,6
340,11.3333,0.8515,0.3323,0.2256,0.0009,0.1533,0.0,0.0,0.0,0.0082,0.0531,0.9453,0.0472,0.9556,0.4661,0.5728,34.0,2.0,113.0,0.0,118.9087,10
341,11.3667,0.8279,0.3385,0.2676,0.001,0.1243,0.0,0.0,0.0,0.008,0.0531,0.9453,0.0472,0.95,0.4648,0.5554,34.0,1.0,115.0,0.0,117.6159,13
342,11.4,0.7705,0.2899,0.1946,0.0007,0.1323,0.0,0.0,0.0,0.0079,0.0531,0.9453,0.0472,0.95,0.4644,0.5645,33.0,1.0,115.0,245.0,116.675,6
343,11.4333,0.8434,0.3224,0.1809,0.0008,0.4128,0.0,0.0,0.0,0.0083,0.0531,0.9453,0.0472,0.95,0.467,0.56,35.0,2.0,113.0,0.0,118.9406,8
344,11.4667,0.8436,0.3226,0.001,0.0,0.0806,0.0,0.0,0.0,0.0083,0.0531,0.9453,0.0472,0.95,0.467,0.5601,35.0,2.0,113.0,0.0,119.0023,8
345,11.5,0.9081,0.3752,0.3203,0.0014,0.3469,0.0,0.0,0.0,0.0085,0.0531,0.9453,0.0472,0.9472,0.4677,0.5535,37.0,2.0,113.0,0.0,120.4074,12
346,11.5333,0.7637,0.3129,0.2495,0.0011,0.342,0.0,0.0,0.0,0.008,0.0531,0.9453,0.0472,0.9472,0.4636,0.5671,33.0,1.0,115.0,0.0,116.1021,5
347,11.5667,0.7936,0.3342,0.1162,0.0006,0.4043,0.0,0.0,0.0,0.008,0.0531,0.9453,0.0472,0.9472,0.4631,0.5681,34.0,1.0,115.0,0.0,117.548,6
348,11.6,0.7873,0.3307,0.1364,0.0006,0.5328,0.0,0.0,0.0,0.0081,0.0531,0.9453,0.0472,0.9472,0.4639,0.566,34.0,1.0,115.0,0.0,116.8301,7
349,11.6333,0.7873,0.3305,0.0011,0.0,0.0701,0.0,0.0,0.0,0.0081,0.0531,0.9453,0.0472,0.9472,0.4639,0.566,34.0,1.0,115.0,0.0,116.8905,7
350,11.6667,0.8273,0.4462,0.2087,0.0008,0.1369,0.0,0.0,0.0,0.008,0.0531,0.9453,0.0472,0.9472,0.4638,0.5544,33.0,1.0,115.0,0.0,117.3258,12
351,11.7,0.755,0.3069,0.1846,0.0006,0.1028,0.0,0.0,0.0,0.0079,0.0531,0.9453,0.0472,0.9472,0.4638,0.5591,33.0,1.0,115.0,248.0,116.2512,5
352,11.7333,0.8564,0.3624,0.1973,0.0008,0.1009,0.0,0.0,0.0,0.0081,0.0531,0.9453,0.0472,0.9472,0.4645,0.5602,34.0,1.0,115.0,0.0,117.824,8
353,11.7667,0.8109,0.2838,0.2438,0.0009,0.1495,0.0,0.0,0.0,0.0081,0.0531,0.9453,0.0472,0.9472,0.4638,0.5675,34.0,1.0,115.0,0.0,117.3137,6
354,11.8,0.8109,0.2838,0.0007,0.0,0.0574,0.0,0.0,0.0,0.0081,0.0531,0.9453,0.0472,0.9472,0.4638,0.5675,34.0,1.0,115.0,0.0,117.3616,6
355,11.8333,0.8256,0.2906,0.1921,0.0008,0.3083,0.0,0.0,0.0,0.0081,0.0531,0.9453,0.0472,0.9583,0.4627,0.5653,34.0,1.0,115.0,0.0,116.6866,7
356,11.8667,0.8095,0.2774,0.211,0.0009,0.0899,0.0,0.0,0.0,0.008,0.0531,0.9453,0.0472,0.95,0.4627,0.5609,34.0,1.0,115.0,0.0,117.4071,8
357,11.9,0.8405,0.2733,0.2189,0.001,0.1766,0.0,0.0,0.0,0.0082,0.0531,0.9453,0.0472,0.9473,0.4641,0.5765,34.0,2.0,113.0,0.0,119.239,7
358,11.9333,0.7437,0.2828,0.1677,0.0007,0.081,0.0,0.0,0.0,0.0077,0.0531,0.9453,0.0472,0.95,0.4624,0.5579,33.0,0.0,115.0,248.0,115.3303,5
359,11.9667,0.7437,0.2828,0.0006,0.0,0.0584,0.0,0.0,0.0,0.0077,0.0531,0.9453,0.0472,0.95,0.4624,0.5579,33.0,0.0,115.0,248.0,115.359,5
360,12.0,0.7776,0.3091,0.1261,0.0005,0.75,0.0,0.0,0.0,0.008,0.0531,0.9453,0.0472,0.9944,0.4627,0.558,33.0,1.0,115.0,14.0,116.28,6
361,12.0333,0.7307,0.3247,0.1058,0.0005,0.2117,0.0,0.0,0.0,0.0077,0.0531,0.9453,0.0472,0.9472,0.4617,0.5545,33.0,0.0,116.0,250.0,115.6214,5
362,12.0667,0.7698,0.3086,0.0951,0.0004,0.0855,0.0,0.0,0.0,0.008,0.0531,0.9453,0.0472,0.95,0.4629,0.563,33.0,1.0,115.0,0.0,116.4816,6
363,12.1,0.7257,0.2802,0.0926,0.0004,0.0853,0.0,0.0,0.0,0.0077,0.0531,0.9453,0.0472,0.95,0.4623,0.5551,33.0,0.0,116.0,250.0,115.4028,4
364,12.1333,0.7257,0.2802,0.0005,0.0,0.0416,0.0,0.0,0.0,0.0077,0.0531,0.9453,0.0472,0.95,0.462,0.5554,33.0,0.0,116.0,250.0,115.506,4
365,12.1667,0.7263,0.2781,0.0449,0.0002,0.0992,0.0,0.0,0.0,0.0077,0.0531,0.9453,0.0472,0.95,0.4621,0.5565,33.0,0.0,116.0,250.0,115.102,5
366,12.2,0.736,0.3056,0.0613,0.0002,0.1334,0.0,0.0,0.0,0.0077,0.0531,0.9453,0.0472,0.9472,0.4623,0.5518,33.0,0.0,116.0,249.0,115.5267,4
367,12.2333,0.7262,0.2686,0.0621,0.0002,0.1419,0.0,0.0,0.0,0.0078,0.0531,0.9453,0.0472,0.9948,0.4628,0.5605,33.0,0.0,115.0,249.0,115.2507,5
368,12.2667,0.7253,0.2687,0.0481,0.0003,0.7023,0.0,0.0,0.0,0.0077,0.0531,0.9453,0.0472,0.9944,0.462,0.5596,32.0,0.0,117.0,248.0,116.0562,4
369,12.3,0.7252,0.2682,0.0241,0.0002,1.9351,0.0,0.0,0.0,0.0076,0.0531,0.9453,0.0472,0.9944,0.4623,0.5601,32.0,0.0,117.5,247.0,116.7993,4
370,12.3333,0.7394,0.2661,0.0986,0.0011,1.9695,0.0,0.0,0.0,0.0073,0.0531,0.9453,0.0472,0.9472,0.4632,0.5591,34.0,1.0,123.0,0.0,122.6214,6
371,12.3667,0.7262,0.3195,0.1175,0.0011,3.06,0.0,0.0,0.0,0.0072,0.0531,0.9453,0.0472,0.9472,0.4601,0.5569,35.0,2.0,127.0,0.0,123.7532,4
372,12.4,0.6985,0.2738,0.0928,0.0008,4.3597,0.0,0.0,0.0,0.007,0.0531,0.9453,0.0472,0.9472,0.4586,0.5591,37.0,1.0,131.0,0.0,126.9458,3
373,12.4333,0.7591,0.2945,0.1714,0.0022,3.7202,0.0,0.0,0.0,0.0072,0.0531,0.9453,0.0472,0.9486,0.4593,0.5588,38.0,2.0,126.0,0.0,128.0307,8
374,12.4667,2.9211,6.7755,2.1552,0.014,50.6397,0.0,0.0,0.0,0.0193,0.0578,0.9406,0.05,0.9472,0.4818,0.5203,169.0,169.0,169.0,0.0,85.1737,8
375,12.5,0.7668,0.3031,2.2762,0.0135,64.3089,0.0,0.0,0.0,0.0068,0.0531,0.9453,0.0139,0.9472,0.4554,0.5477,40.0,3.0,130.0,0.0,133.7888,5
376,12.5333,2.361,5.0805,1.8198,0.011,51.1557,0.0,0.0,0.0,0.0162,0.0562,0.9422,0.05,0.9472,0.4797,0.5244,158.0,158.0,158.5,0.0,98.7319,9
377,12.5667,0.8215,0.3025,1.7656,0.0112,54.9463,0.0,0.0,0.0,0.0063,0.0531,0.9453,0.0056,0.9472,0.4573,0.5435,79.0,79.0,134.0,0.0,148.1921,7
378,12.6,2.1598,4.2146,1.5737,0.0098,47.0708,0.0,0.0,0.0,0.0146,0.0562,0.9427,0.05,0.9472,0.4786,0.5286,141.0,141.0,143.0,0.0,107.8749,8
379,12.6333,0.8557,0.305,1.2528,0.0084,55.1272,0.0,0.0,0.0,0.0069,0.0531,0.9453,0.0472,0.9476,0.4611,0.5628,65.0,65.0,120.0,0.0,139.789,8
380,12.6667,0.7583,0.336,0.2925,0.0018,3.4654,0.0,0.0,0.0,0.0064,0.0531,0.9453,0.0472,0.9472,0.4547,0.5661,72.0,70.0,124.0,0.0,138.405,7
381,12.7,0.7722,0.2256,0.2118,0.0017,2.9779,0.0,0.0,0.0,0.0061,0.0531,0.9453,0.0472,0.9472,0.4543,0.5787,89.5,89.5,122.0,0.0,149.2627,8
382,12.7333,0.7489,0.218,0.2185,0.0014,3.4976,0.0,0.0,0.0,0.0055,0.0531,0.9453,0.0472,0.9472,0.45,0.5835,108.0,108.0,113.0,0.0,158.4461,8
383,12.7667,0.825,0.2845,0.2995,0.0021,2.5373,0.0,0.0,0.0,0.0051,0.0531,0.9456,0.0444,0.9477,0.4457,0.5953,113.0,113.0,113.0,0.0,178.3035,15
384,12.8,0.8106,0.2414,0.0373,0.0006,0.2625,0.0,0.0,0.0,0.0046,0.0524,0.9469,0.0444,0.95,0.4392,0.6076,130.0,130.0,130.0,0.0,198.2527,11
385,12.8333,0.719,0.1697,0.3077,0.0012,0.151,0.0,0.0,0.0,0.004,0.0516,0.9469,0.0444,0.95,0.4288,0.6051,146.0,146.0,146.0,0.0,206.7465,9
386,12.8667,0.7199,0.073,0.2091,0.0007,0.1429,0.0,0.0,0.0,0.004,0.0516,0.9469,0.0453,0.95,0.4337,0.6003,143.5,143.5,143.5,0.0,206.823,8
387,12.9,0.7113,0.1034,0.1902,0.0007,0.2078,0.0,0.0,0.0,0.004,0.0516,0.9469,0.0472,0.95,0.4315,0.5965,146.0,146.0,146.0,0.0,206.9458,7
388,12.9333,0.6711,0.1111,0.1477,0.0006,0.1085,0.0,0.0,0.0,0.0039,0.0516,0.9469,0.0472,0.95,0.427,0.6116,147.0,147.0,147.0,0.0,207.3993,4
389,12.9667,0.6711,0.1112,0.0008,0.0,0.09,0.0,0.0,0.0,0.0039,0.0516,0.9469,0.0472,0.95,0.427,0.6116,147.0,147.0,147.0,0.0,207.3161,4
390,13.0,0.6403,0.0339,0.0889,0.0003,0.0896,0.0,0.0,0.0,0.0037,0.0516,0.9469,0.0472,0.95,0.4244,0.6163,153.0,153.0,153.0,0.0,210.1602,3
391,13.0333,0.6435,0.0007,0.07,0.0002,0.1051,0.0,0.0,0.0,0.0038,0.0516,0.9469,0.0,0.95,0.4275,0.5881,148.0,148.0,148.0,0.0,208.9029,4
392,13.0667,0.6437,0.0014,0.0009,0.0,0.1398,0.0,0.0,0.0,0.0038,0.0516,0.9469,0.0,0.95,0.4272,0.5884,148.0,148.0,148.0,0.0,208.5207,4
393,13.1,0.6443,0.0027,0.0428,0.0003,0.4254,0.0,0.0,0.0,0.0038,0.0516,0.9469,0.0,0.95,0.4278,0.5959,148.0,148.0,148.0,0.0,207.8654,5
394,13.1333,0.6342,0.0049,0.0398,0.0003,0.2424,0.0,0.0,0.0,0.0038,0.0516,0.9469,0.0,0.95,0.4271,0.5958,149.0,149.0,150.5,0.0,207.6725,4
395,13.1667,0.6552,0.0208,0.0509,0.0003,0.451,0.0,0.0,0.0,0.0039,0.0516,0.9469,0.0,0.95,0.4295,0.5994,146.0,146.0,148.0,0.0,204.6284,6
396,13.2,0.685,0.0948,0.0918,0.0006,0.4789,0.0,0.0,0.0,0.0042,0.0516,0.9469,0.0,0.95,0.4349,0.5915,138.0,138.0,141.0,0.0,196.6081,9
397,13.2333,0.6895,0.108,0.0157,0.0003,1.0925,0.0,0.0,0.0,0.0043,0.0516,0.9469,0.0,0.95,0.4371,0.5888,136.0,136.0,146.0,0.0,191.7372,9
398,13.2667,0.6463,0.0731,0.1109,0.0007,1.4709,0.0,0.0,0.0,0.0042,0.0516,0.9469,0.0472,0.95,0.4353,0.5997,137.0,137.0,155.0,0.0,186.672,5
399,13.3,0.6597,0.1038,0.0913,0.001,1.8657,0.0,0.0,0.0,0.0049,0.0531,0.9466,0.0,0.95,0.4432,0.5812,120.0,120.0,155.0,0.0,166.185,4
400,13.3333,0.6776,0.1621,0.1331,0.0017,5.2974,0.0,0.0,0.0,0.0059,0.0531,0.9453,0.0,0.9472,0.4535,0.5653,97.0,97.0,146.0,0.0,142.2876,4
401,13.3667,0.7165,0.2615,0.2472,0.0037,5.9517,0.0,0.0,0.0,0.0072,0.0531,0.9453,0.0,0.9472,0.462,0.556,39.0,1.0,133.0,0.0,128.3933,4
402,13.4,0.7493,0.3598,0.3579,0.0062,7.2813,0.0,0.0,0.0,0.0088,0.0536,0.9453,0.0444,0.9472,0.4724,0.5458,33.0,0.0,123.0,0.0,108.3082,4
403,13.4333,0.7679,0.416,0.4505,0.0076,7.0261,0.0,0.0,0.0,0.0095,0.0547,0.9453,0.0472,0.9472,0.4729,0.5429,32.0,0.0,120.0,252.0,102.8751,4
404,13.4667,0.77,0.4463,0.4434,0.0079,6.9403,0.0,0.0,0.0,0.01,0.0547,0.9452,0.0472,0.9472,0.4785,0.5403,31.0,0.0,116.0,252.0,97.5552,4
405,13.5,0.7831,0.4805,0.3804,0.0064,6.3452,0.0,0.0,0.0,0.0098,0.0547,0.9453,0.0444,0.9472,0.4745,0.5398,31.0,0.0,123.0,253.0,98.9781,4
406,13.5333,0.7844,0.4865,0.415,0.0083,5.9791,0.0,0.0,0.0,0.0107,0.0547,0.9438,0.0463,0.9472,0.4796,0.5374,28.0,0.0,117.0,255.0,91.6584,4
407,13.5667,0.7888,0.4997,0.3442,0.0061,7.0301,0.0,0.0,0.0,0.0107,0.0547,0.9438,0.046,0.9472,0.4772,0.5375,31.0,0.0,120.0,255.0,95.1035,4
408,13.6,0.7945,0.5219,0.3236,0.0058,4.9455,0.0,0.0,0.0,0.0106,0.0547,0.9438,0.0472,0.9472,0.4792,0.5393,31.0,0.0,119.0,255.0,95.5356,4
409,13.6333,0.8702,0.5408,0.3721,0.0057,6.0481,0.0,0.0,0.0,0.0109,0.0547,0.9438,0.0028,0.9472,0.4821,0.5423,31.0,0.0,118.0,252.0,95.6304,8
410,13.6667,0.7914,0.5282,0.3438,0.006,5.8359,0.0,0.0,0.0,0.0118,0.0547,0.9438,0.0472,0.9472,0.4867,0.5365,26.0,0.0,111.0,255.0,83.8656,4
411,13.7,0.8014,0.54,0.2331,0.0041,6.2027,0.0,0.0,0.0,0.0118,0.0547,0.9438,0.0472,0.9472,0.4858,0.5349,26.0,0.0,113.0,255.0,83.8504,4
412,13.7333,0.8024,0.543,0.1795,0.0041,4.3467,0.0,0.0,0.0,0.0113,0.0547,0.9438,0.0472,0.9472,0.4773,0.5359,28.0,0.0,115.0,255.0,87.7282,4
413,13.7667,0.8008,0.5471,0.1812,0.0033,4.7706,0.0,0.0,0.0,0.0112,0.0547,0.9438,0.0472,0.9472,0.4796,0.5366,30.0,0.0,116.0,255.0,88.6323,4
414,13.8,0.8088,0.5477,0.1565,0.0029,3.9001,0.0,0.0,0.0,0.0111,0.0547,0.9438,0.0472,0.9472,0.4776,0.537,31.0,0.0,117.0,255.0,90.4167,4
415,13.8333,0.8305,0.5584,0.1999,0.0029,4.1965,0.0,0.0,0.0,0.0113,0.0547,0.9438,0.05,0.9472,0.4823,0.5443,31.0,0.0,116.0,255.0,92.4485,4
416,13.8667,0.8122,0.5872,0.1762,0.0026,3.5252,0.0,0.0,0.0,0.0111,0.0547,0.9438,0.05,0.9472,0.4776,0.54,31.0,0.0,118.0,255.0,91.427,3
417,13.9,0.8131,0.59,0.1373,0.0027,3.6156,0.0,0.0,0.0,0.011,0.0547,0.9438,0.05,0.9472,0.4814,0.5403,31.0,0.0,118.0,255.0,92.0628,3
418,13.9333,0.8195,0.6035,0.1951,0.0027,4.7165,0.0,0.0,0.0,0.0114,0.0547,0.9438,0.0477,0.9472,0.4823,0.5382,31.0,0.0,116.0,255.0,89.6927,4
419,13.9667,0.8579,0.7067,0.304,0.0045,4.8885,0.0,0.0,0.0,0.0114,0.0547,0.9438,0.05,0.9472,0.4806,0.5386,31.0,0.0,117.0,255.0,91.993,6
420,14.0,0.866,0.7377,0.389,0.0061,6.3582,0.0,0.0,0.0,0.0115,0.0547,0.9438,0.05,0.9472,0.4763,0.5395,28.0,0.0,113.0,255.0,88.9239,5
421,14.0333,0.909,0.8513,0.4963,0.008,8.6352,0.0,0.0,0.0,0.0119,0.0547,0.9438,0.05,0.9472,0.4827,0.5384,31.0,0.0,113.0,250.0,92.4051,4
422,14.0667,1.0273,1.2064,0.5821,0.0088,13.8628,0.0,0.0,0.0,0.0121,0.0547,0.9438,0.05,0.9472,0.4892,0.5375,33.0,0.0,117.0,249.0,101.8602,4
423,14.1,1.2883,1.9357,0.8562,0.0123,20.5912,0.0,0.0,0.0,0.0146,0.0562,0.9422,0.05,0.95,0.4852,0.5337,31.0,0.0,115.0,170.0,104.1724,6
424,14.1333,1.5422,2.6269,0.8614,0.011,18.4372,0.0,0.0,0.0,0.0178,0.0578,0.9406,0.05,0.9472,0.4943,0.5247,28.0,0.0,109.5,3.0,92.4894,9
425,14.1667,1.9448,3.909,0.8648,0.0103,23.9311,0.0,0.0,0.0,0.0222,0.0594,0.9375,0.05,0.9472,0.4934,0.5117,28.0,0.0,111.0,0.0,79.5143,8
426,14.2,2.5946,5.8174,0.9508,0.0081,30.0856,0.0,0.0,0.0,0.0272,0.0609,0.9344,0.0518,0.9472,0.4887,0.5096,28.0,0.0,110.0,0.0,70.9626,5
427,14.2333,3.5344,8.6344,1.1199,0.0085,33.0694,0.0,0.0,0.0,0.033,0.0639,0.9328,0.0528,0.9472,0.4947,0.5091,30.0,1.0,112.0,0.0,74.5423,5
428,14.2667,4.547,11.6145,1.2972,0.0084,28.8775,0.0,0.0,0.0,0.0378,0.0656,0.9312,0.0528,0.9472,0.4938,0.5127,77.0,74.0,122.0,0.0,67.5402,5
429,14.3,5.2336,13.7209,0.9819,0.0078,15.3867,0.0,0.0,0.0,0.0403,0.0656,0.9297,0.0528,0.9472,0.493,0.5127,139.5,139.0,148.0,0.0,69.5018,4
430,14.3333,5.6725,15.1228,0.7647,0.0061,9.8334,0.0,0.0,0.0,0.0437,0.0672,0.925,0.0528,0.9472,0.4905,0.5121,158.0,154.0,165.0,0.0,69.7637,5
431,14.3667,5.9032,15.8577,0.6172,0.0048,8.8708,0.0,0.0,0.0,0.0445,0.0679,0.925,0.0541,0.9459,0.4923,0.5121,160.0,159.0,183.0,0.0,63.5768,3
432,14.4,6.0096,16.1766,0.5024,0.0051,3.4291,0.0,0.0,0.0,0.0446,0.0682,0.925,0.0546,0.9454,0.4914,0.5138,162.0,162.0,192.0,0.0,60.2018,3
433,14.4333,6.0375,16.245,0.5651,0.0048,4.8233,0.0,0.0,0.0,0.0455,0.0688,0.9237,0.0528,0.9444,0.4936,0.5147,150.0,146.0,174.0,0.0,67.5662,6
434,14.4667,5.9362,15.7221,0.7018,0.0055,6.1209,0.0,0.0,0.0,0.0435,0.0672,0.925,0.0528,0.9472,0.4932,0.5193,153.0,150.0,176.0,0.0,67.4392,7
435,14.5,5.4506,14.472,0.7859,0.0058,10.4544,0.0,0.0,0.0,0.0427,0.0672,0.9266,0.0528,0.9472,0.4939,0.519,141.0,140.0,154.0,0.0,68.2363,4
436,14.5333,4.8261,12.6215,0.8906,0.006,16.9918,0.0,0.0,0.0,0.0394,0.0656,0.9312,0.0528,0.9472,0.497,0.522,115.0,115.0,155.0,0.0,67.1836,5
437,14.5667,3.8863,9.8043,1.0717,0.0073,23.7413,0.0,0.0,0.0,0.0344,0.0641,0.9328,0.0528,0.9472,0.4929,0.5272,39.0,11.0,118.0,0.0,68.8372,5
438,14.6,2.8624,6.7445,1.2202,0.0083,32.1876,0.0,0.0,0.0,0.0297,0.0625,0.9344,0.0528,0.9472,0.4897,0.5319,28.0,0.0,110.0,0.0,68.2741,4
439,14.6333,2.1513,4.6105,0.8971,0.007,28.5566,0.0,0.0,0.0,0.0253,0.0609,0.9359,0.05,0.9472,0.4867,0.5341,26.0,0.0,108.0,0.0,75.4219,4
440,14.6667,1.6942,3.2192,0.7137,0.0081,25.2495,0.0,0.0,0.0,0.0204,0.0594,0.939,0.05,0.9472,0.4883,0.5373,28.0,0.0,111.0,0.0,91.0135,5
441,14.7,1.357,2.2398,0.5764,0.0081,21.6357,0.0,0.0,0.0,0.0161,0.0562,0.9422,0.05,0.9472,0.4971,0.5356,31.0,0.0,112.0,24.0,90.944,4
442,14.7333,1.1454,1.6055,0.5585,0.0086,18.4547,0.0,0.0,0.0,0.0137,0.0562,0.9422,0.05,0.9472,0.4899,0.5351,31.0,0.0,115.0,250.0,99.5812,4
443,14.7667,1.0433,1.2185,1.0422,0.0137,13.7856,0.0,0.0,0.0,0.0134,0.0562,0.9424,0.05,0.9472,0.485,0.5381,31.0,0.0,116.0,255.0,101.7546,6
444,14.8,0.9729,1.0089,0.9439,0.0131,20.6811,0.0,0.0,0.0,0.0141,0.0562,0.9422,0.05,0.9472,0.4903,0.5364,28.0,0.0,111.0,255.0,85.1954,6
445,14.8333,0.8737,0.7633,0.4102,0.0059,9.4467,0.0,0.0,0.0,0.0145,0.0562,0.9422,0.05,0.9472,0.4928,0.5337,27.0,0.0,113.0,255.0,73.8345,4
446,14.8667,0.8892,0.7816,0.2281,0.004,4.8169,0.0,0.0,0.0,0.014,0.0562,0.9422,0.05,0.9472,0.4867,0.5343,28.0,0.0,113.0,255.0,77.3186,5
447,14.9,0.8903,0.785,0.1402,0.0022,3.8454,0.0,0.0,0.0,0.0139,0.0562,0.9422,0.05,0.9472,0.4846,0.5345,28.0,0.0,115.0,255.0,77.8692,5
448,14.9333,8.1391,22.5654,7.0832,0.0472,98.7808,0.0,0.0,0.0,0.0559,0.0734,0.9109,0.0556,0.9444,0.4957,0.5127,231.0,230.0,230.0,0.0,57.4094,4
449,14.9667,0.869,0.7791,7.0687,0.0474,96.9694,0.0,0.0,0.0,0.0138,0.0562,0.9424,0.05,0.9472,0.4923,0.5328,28.0,0.0,116.0,255.0,77.9702,3
450,15.0,8.1943,22.7268,7.1087,0.0475,97.7235,0.0,0.0,0.0,0.056,0.0734,0.9125,0.0556,0.9444,0.4955,0.5122,229.0,229.0,230.0,0.0,57.2943,5
451,15.0333,0.8897,0.8085,7.139,0.0481,94.1786,0.0,0.0,0.0,0.0138,0.0562,0.9427,0.05,0.9472,0.4856,0.5337,30.0,0.0,117.0,255.0,79.2916,5
452,15.0667,8.2282,22.8068,7.119,0.0479,94.9491,0.0,0.0,0.0,0.0563,0.0734,0.9109,0.0556,0.9444,0.4963,0.5126,228.0,228.0,228.0,0.0,57.7742,4
453,15.1,0.913,0.8588,7.1829,0.048,95.1268,0.0,0.0,0.0,0.0137,0.0562,0.9422,0.05,0.9472,0.4808,0.5348,30.0,0.0,117.0,255.0,81.1769,6
454,15.1333,8.3241,22.9557,7.2792,0.0481,96.1762,0.0,0.0,0.0,0.0567,0.0734,0.9101,0.0556,0.9444,0.496,0.5114,228.0,228.0,229.0,0.0,58.7415,10
455,15.1667,8.3246,22.8699,0.2277,0.0012,0.5596,0.0,0.0,0.0,0.0569,0.0734,0.9094,0.0556,0.9467,0.4959,0.5147,223.0,223.0,226.0,0.0,58.2832,7
456,15.2,8.3279,22.9595,0.2091,0.0012,0.4092,0.0,0.0,0.0,0.0568,0.0734,0.9096,0.0528,0.9444,0.4958,0.5113,225.0,224.0,228.0,0.0,58.4407,7
457,15.2333,8.332,22.9717,0.017,0.0002,0.2084,0.0,0.0,0.0,0.0568,0.0734,0.9096,0.0528,0.9444,0.4957,0.5113,225.0,224.0,228.0,0.0,58.4617,7
458,15.2667,8.3415,22.9624,0.1945,0.001,0.2598,0.0,0.0,0.0,0.0569,0.0734,0.9094,0.0528,0.9444,0.4956,0.5098,224.0,223.0,226.0,0.0,58.3877,8
459,15.3,8.3233,23.0329,0.171,0.0011,0.2959,0.0,0.0,0.0,0.0566,0.0734,0.9105,0.0556,0.9444,0.4956,0.5115,225.0,225.0,228.0,0.0,58.4538,5
460,15.3333,8.3269,22.9996,0.1451,0.001,0.3607,0.0,0.0,0.0,0.0567,0.0734,0.9109,0.0528,0.9444,0.4957,0.5105,224.0,223.0,226.0,0.0,58.5464,4
461,15.3667,8.287,22.9773,0.122,0.0007,0.3177,0.0,0.0,0.0,0.0565,0.0734,0.9109,0.0556,0.9444,0.4956,0.512,225.0,225.0,228.0,0.0,58.0033,5
462,15.4,8.2867,22.9763,0.0014,0.0,0.021,0.0,0.0,0.0,0.0565,0.0734,0.9109,0.0556,0.9444,0.4956,0.512,225.0,225.0,228.0,0.0,58.0119,5
463,15.4333,8.2948,22.891,0.1112,0.0007,0.2541,0.0,0.0,0.0,0.0568,0.0734,0.9109,0.0528,0.9444,0.4956,0.5105,225.0,225.0,228.0,0.0,58.1323,4
464,15.4667,8.2894,22.9262,0.1017,0.0007,0.1945,0.0,0.0,0.0,0.0567,0.0734,0.91,0.0556,0.9444,0.4955,0.5108,225.5,225.0,228.0,0.0,58.1273,4
465,15.5,8.342,22.9858,0.1411,0.0008,0.2624,0.0,0.0,0.0,0.0569,0.0734,0.9094,0.0528,0.9444,0.4956,0.5104,224.0,223.0,226.0,0.0,58.5341,5
466,15.5333,8.2929,22.9249,0.1349,0.0008,0.2073,0.0,0.0,0.0,0.0567,0.0734,0.91,0.0556,0.9444,0.4956,0.5111,226.0,225.0,228.0,0.0,58.2571,4
467,15.5667,8.2928,22.9247,0.0011,0.0,0.0165,0.0,0.0,0.0,0.0567,0.0734,0.91,0.0556,0.9444,0.4956,0.5111,226.0,225.0,228.0,0.0,58.2615,4
468,15.6,8.3056,22.9372,0.1049,0.0007,0.2508,0.0,0.0,0.0,0.0567,0.0734,0.9094,0.0528,0.9444,0.4956,0.5108,225.0,224.0,226.0,0.0,58.3622,4
469,15.6333,8.3039,22.9304,0.1035,0.0006,0.2362,0.0,0.0,0.0,0.0567,0.0734,0.9094,0.0528,0.9444,0.4956,0.5107,225.5,225.0,228.0,0.0,58.2964,4
470,15.6667,8.2527,22.913,0.0771,0.0005,0.1478,0.0,0.0,0.0,0.0565,0.0734,0.9105,0.0556,0.9444,0.4956,0.5124,228.0,227.0,229.0,0.0,57.7723,3
471,15.7,8.2804,22.9109,0.0579,0.0003,0.175,0.0,0.0,0.0,0.0567,0.0734,0.91,0.0528,0.9444,0.4957,0.511,226.0,225.0,228.0,0.0,58.1032,5
472,15.7333,8.2805,22.9111,0.0006,0.0,0.0067,0.0,0.0,0.0,0.0567,0.0734,0.91,0.0528,0.9444,0.4957,0.511,226.0,225.0,228.0,0.0,58.1132,5
473,15.7667,8.2816,22.9031,0.0783,0.0004,0.1509,0.0,0.0,0.0,0.0567,0.0734,0.9109,0.0528,0.9444,0.4956,0.5111,226.0,225.0,228.0,0.0,57.8909,5
474,15.8,8.283,22.9244,0.0818,0.0004,0.1235,0.0,0.0,0.0,0.0567,0.0734,0.9109,0.0556,0.9444,0.4958,0.5112,226.0,225.0,228.0,0.0,57.8537,5
475,15.8333,8.2727,22.8981,0.0766,0.0004,0.1145,0.0,0.0,0.0,0.0567,0.0734,0.9109,0.0556,0.9444,0.4956,0.5113,226.0,225.0,228.0,0.0,57.8726,6
476,15.8667,8.2652,22.914,0.0608,0.0002,0.0411,0.0,0.0,0.0,0.0567,0.0734,0.9109,0.0556,0.9444,0.4956,0.5118,226.0,226.0,229.0,0.0,57.7356,5
477,15.9,8.2652,22.9139,0.0008,0.0,0.0095,0.0,0.0,0.0,0.0567,0.0734,0.9109,0.0556,0.9444,0.4956,0.5118,226.0,226.0,229.0,0.0,57.7368,5
478,15.9333,8.2743,22.8884,0.0643,0.0003,0.0274,0.0,0.0,0.0,0.0567,0.0734,0.9109,0.0528,0.9444,0.4955,0.5111,226.0,225.0,228.0,0.0,57.8499,5
479,15.9667,8.2882,22.9155,0.0739,0.0003,0.0532,0.0,0.0,0.0,0.0567,0.0734,0.9109,0.0528,0.9444,0.4956,0.5109,226.0,225.0,228.0,0.0,57.9007,5
480,16.0,8.2927,22.9177,0.1126,0.0006,0.3242,0.0,0.0,0.0,0.0569,0.0734,0.9108,0.0528,0.9444,0.4956,0.5107,225.0,225.0,228.0,0.0,57.8965,5
481,16.0333,8.2842,22.896,0.0853,0.0004,0.0381,0.0,0.0,0.0,0.0569,0.0734,0.9108,0.0528,0.9444,0.4957,0.5105,225.0,225.0,228.0,0.0,57.9489,6
482,16.0667,8.2845,22.8961,0.0011,0.0,0.012,0.0,0.0,0.0,0.0569,0.0734,0.9109,0.0528,0.9444,0.4957,0.5104,225.0,225.0,228.0,0.0,57.9804,6
483,16.1,8.3148,23.0442,0.116,0.0007,0.0222,0.0,0.0,0.0,0.0571,0.0734,0.9094,0.0556,0.9444,0.4956,0.5106,222.0,222.0,226.0,0.0,58.3092,6
484,16.1333,8.3259,23.0645,0.1407,0.0008,0.038,0.0,0.0,0.0,0.057,0.0734,0.9094,0.0556,0.9444,0.4956,0.5111,223.0,223.0,226.0,0.0,58.2391,7
485,16.1667,8.2973,23.0329,0.1341,0.0006,0.0356,0.0,0.0,0.0,0.0569,0.0734,0.9094,0.0556,0.9444,0.4957,0.5116,225.0,225.0,228.0,0.0,58.0136,6
486,16.2,8.3402,23.0543,0.1469,0.0007,0.0383,0.0,0.0,0.0,0.0571,0.0734,0.9094,0.0528,0.9444,0.4955,0.5099,222.0,222.0,226.0,0.0,58.3307,6
487,16.2333,8.3402,23.0542,0.0005,0.0,0.006,0.0,0.0,0.0,0.0571,0.0734,0.9101,0.0528,0.9444,0.4955,0.5099,222.0,222.0,226.0,0.0,58.3256,6
488,16.2667,8.3098,22.9904,0.169,0.0007,0.0608,0.0,0.0,0.0,0.0569,0.0734,0.9108,0.0528,0.9444,0.4956,0.5112,225.0,225.0,228.0,0.0,57.9521,7
489,16.3,8.3281,23.121,0.1574,0.0007,0.048,0.0,0.0,0.0,0.057,0.0734,0.9094,0.0556,0.9444,0.4957,0.5124,223.0,223.0,226.0,0.0,58.3453,8
490,16.3333,8.3117,23.0465,0.1579,0.0007,0.064,0.0,0.0,0.0,0.0569,0.0734,0.9094,0.0556,0.9444,0.4956,0.5115,225.0,225.0,228.0,0.0,58.0997,8
491,16.3667,8.4014,23.3111,0.2254,0.0013,0.1668,0.0,0.0,0.0,0.0572,0.0734,0.9094,0.0556,0.9444,0.4959,0.5126,221.0,221.0,225.0,0.0,59.0838,8
492,16.4,8.4015,23.3112,0.0007,0.0,0.0089,0.0,0.0,0.0,0.0572,0.0734,0.9094,0.0556,0.9444,0.4959,0.5126,221.0,221.0,225.0,0.0,59.0836,8
493,16.4333,8.284,22.9818,0.2012,0.0012,0.1453,0.0,0.0,0.0,0.0566,0.0734,0.9094,0.0556,0.9444,0.4955,0.5123,228.0,228.0,229.0,0.0,58.01,3
494,16.4667,8.3371,23.1415,0.1446,0.0009,0.1483,0.0,0.0,0.0,0.057,0.0734,0.9094,0.0556,0.9444,0.4957,0.5122,223.0,223.0,226.0,0.0,58.8327,8
495,16.5,8.3435,23.1226,0.1855,0.0011,0.1309,0.0,0.0,0.0,0.057,0.0734,0.9094,0.0556,0.9444,0.4956,0.5124,223.5,223.0,226.0,0.0,58.5134,7
496,16.5333,8.3623,23.2131,0.2037,0.0014,0.2156,0.0,0.0,0.0,0.057,0.0734,0.9094,0.0556,0.9444,0.4958,0.5133,223.0,223.0,226.0,0.0,59.1354,7
497,16.5667,8.3624,23.2132,0.001,0.0,0.0111,0.0,0.0,0.0,0.057,0.0734,0.9094,0.0556,0.9444,0.4957,0.5134,223.0,223.0,226.0,0.0,59.1349,7
498,16.6,8.4257,23.3955,0.2843,0.002,0.4466,0.0,0.0,0.0,0.0573,0.0734,0.9093,0.0556,0.9444,0.4959,0.5137,218.0,218.0,223.0,0.0,59.5343,12
499,16.6333,8.3605,23.1832,0.289,0.0019,0.4888,0.0,0.0,0.0,0.057,0.0734,0.9094,0.0556,0.9444,0.496,0.5129,222.0,222.0,226.0,0.0,59.0337,7
500,16.6667,8.3031,23.0596,0.2099,0.0016,0.6221,0.0,0.0,0.0,0.0566,0.0734,0.9094,0.0556,0.9444,0.4961,0.5128,228.0,228.0,230.0,0.0,58.9381,5
501,16.7,8.3361,23.127,0.2389,0.0015,0.7832,0.0,0.0,0.0,0.0569,0.0734,0.9094,0.0556,0.9444,0.4964,0.513,224.0,224.0,226.0,0.0,59.2281,5
502,16.7333,8.3248,23.0931,0.0681,0.0006,0.7053,0.0,0.0,0.0,0.0569,0.0734,0.9094,0.0556,0.9444,0.4965,0.513,223.0,223.0,225.5,0.0,58.9108,5
503,16.7667,8.3752,23.1113,0.3636,0.0023,0.9585,0.0,0.0,0.0,0.057,0.0734,0.9094,0.0556,0.9444,0.4967,0.5116,217.0,217.0,221.0,0.0,58.6779,9
504,16.8,8.2451,22.8643,0.3239,0.0022,1.0022,0.0,0.0,0.0,0.0564,0.0734,0.9109,0.0556,0.9444,0.4956,0.5125,226.0,226.0,230.0,0.0,57.8155,8
505,16.8333,8.2595,22.869,0.295,0.0021,1.195,0.0,0.0,0.0,0.0565,0.0734,0.9107,0.0556,0.9444,0.4966,0.5118,226.0,226.0,229.0,0.0,58.112,11
506,16.8667,8.2246,22.7613,0.3665,0.0026,1.5661,0.0,0.0,0.0,0.0563,0.0734,0.9109,0.0556,0.9444,0.496,0.5118,228.0,228.0,228.0,0.0,58.0795,9
507,16.9,8.1869,22.648,0.2363,0.0028,1.5621,0.0,0.0,0.0,0.056,0.0734,0.9109,0.0556,0.9444,0.4939,0.5118,229.0,229.0,231.0,0.0,58.0103,9
508,16.9333,8.1288,22.5059,0.4773,0.0038,2.3252,0.0,0.0,0.0,0.0557,0.0734,0.9109,0.0556,0.9444,0.4959,0.5113,230.0,230.0,231.0,0.0,57.7049,7
509,16.9667,8.0359,22.2257,0.5398,0.0041,3.7941,0.0,0.0,0.0,0.0551,0.0734,0.911,0.0556,0.9444,0.4958,0.5123,231.0,231.0,232.0,0.0,58.0146,6
510,17.0,7.9518,21.9688,0.7967,0.0053,6.9157,0.0,0.0,0.0,0.0542,0.0719,0.9143,0.0556,0.9444,0.4948,0.5115,232.0,232.0,233.0,0.0,57.8797,7
511,17.0333,7.4618,20.4652,2.8232,0.0118,43.2381,0.0,0.0,0.0,0.0523,0.0719,0.9172,0.0556,0.9444,0.4958,0.5117,205.0,205.0,210.0,0.0,62.1552,7
512,17.0667,0.9235,0.8655,6.4899,0.0409,95.5247,0.0,0.0,0.0,0.0132,0.0562,0.9438,0.0486,0.9472,0.488,0.5302,27.0,0.0,116.0,255.0,82.1317,7
513,17.1,6.9155,18.8357,6.0257,0.0398,91.9447,0.0,0.0,0.0,0.0484,0.0688,0.9219,0.0556,0.9444,0.494,0.5129,221.0,221.0,223.0,0.0,63.3326,7
514,17.1333,0.9045,0.7368,5.9298,0.04,97.1509,0.0,0.0,0.0,0.0126,0.0547,0.9438,0.0444,0.9472,0.4831,0.5306,30.0,0.0,119.0,255.0,86.2048,7
515,17.1667,6.733,18.3104,5.7641,0.0394,92.9959,0.0,0.0,0.0,0.0473,0.0688,0.9234,0.0528,0.9444,0.4936,0.5129,222.0,222.0,224.0,0.0,63.4103,4
516,17.2,0.9594,0.819,5.795,0.0395,93.5465,0.0,0.0,0.0,0.0127,0.055,0.9438,0.0472,0.9472,0.4818,0.5342,30.0,0.0,118.0,255.0,87.3787,8
517,17.2333,6.7702,18.2376,5.6235,0.0391,90.3735,0.0,0.0,0.0,0.0473,0.0688,0.9234,0.0528,0.9472,0.4932,0.5128,210.0,209.0,212.0,0.0,65.0053,8
518,17.2667,0.9015,0.7146,5.7845,0.0396,93.8633,0.0,0.0,0.0,0.0126,0.0547,0.9438,0.0472,0.9472,0.4848,0.5317,30.0,0.0,118.0,255.0,87.0822,7
519,17.3,0.908,0.7722,0.2305,0.0015,4.2453,0.0,0.0,0.0,0.0124,0.0547,0.9438,0.05,0.9472,0.4852,0.5366,28.0,0.0,111.0,255.0,88.5374,7
520,17.3333,0.8362,0.528,0.2133,0.0017,4.9756,0.0,0.0,0.0,0.0113,0.0547,0.9438,0.0083,0.95,0.4826,0.5381,25.0,0.0,105.0,255.0,89.7878,6
521,17.3667,0.8088,0.5048,0.1727,0.0019,4.7252,0.0,0.0,0.0,0.01,0.0547,0.9453,0.05,0.9472,0.4751,0.5443,23.0,0.0,105.0,255.0,97.6092,7
522,17.4,0.7812,0.422,0.0717,0.002,4.1594,0.0,0.0,0.0,0.008,0.0531,0.9453,0.0472,0.9488,0.4684,0.5545,22.0,0.0,98.0,248.0,114.7059,7
523,17.4333,0.736,0.2676,0.1622,0.0018,4.0738,0.0,0.0,0.0,0.0065,0.0531,0.9453,0.0471,0.95,0.4562,0.5632,22.0,4.5,77.0,0.0,130.7907,10
524,17.4667,0.8128,0.2181,0.2402,0.0031,0.8256,0.0,0.0,0.0,0.0045,0.0521,0.9469,0.0444,0.9972,0.438,0.5819,131.0,131.0,131.0,0.0,192.8694,13
525,17.5,0.6748,0.0631,0.2385,0.001,0.1841,0.0,0.0,0.0,0.0038,0.0516,0.9469,0.0028,0.9972,0.4292,0.6134,148.0,148.0,148.0,0.0,209.2506,5
526,17.5333,0.6824,0.0297,0.1588,0.0006,0.1167,0.0,0.0,0.0,0.004,0.0516,0.9469,0.0452,0.95,0.4299,0.577,143.0,143.0,143.0,0.0,205.3047,6
527,17.5667,0.6824,0.0297,0.0005,0.0,0.0863,0.0,0.0,0.0,0.004,0.0516,0.9469,0.0452,0.95,0.4294,0.5775,143.0,143.0,143.0,0.0,205.6634,6
528,17.6,0.6631,0.0004,0.1114,0.0006,0.1415,0.0,0.0,0.0,0.0039,0.0516,0.9469,0.0472,0.9972,0.429,0.6028,147.0,147.0,147.0,0.0,208.8851,5
529,17.6333,0.6588,0.0005,0.0787,0.0005,0.1821,0.0,0.0,0.0,0.0039,0.0516,0.9469,0.0472,0.9972,0.4295,0.606,147.0,147.0,147.0,0.0,207.5747,4
530,17.6667,0.6584,0.042,0.0829,0.0005,0.189,0.0,0.0,0.0,0.0038,0.0516,0.9469,0.0472,0.9972,0.4297,0.6175,148.0,148.0,148.0,0.0,209.4447,4
531,17.7,0.7188,0.0997,0.1309,0.0008,0.1952,0.0,0.0,0.0,0.0042,0.0516,0.9469,0.0472,0.9952,0.4333,0.5675,138.0,138.0,138.0,0.0,203.2048,5
532,17.7333,0.7188,0.0997,0.0005,0.0,0.0669,0.0,0.0,0.0,0.0042,0.0516,0.9469,0.0472,0.9952,0.4338,0.567,138.0,138.0,138.0,0.0,203.082,5
533,17.7667,0.6769,0.0149,0.1509,0.0007,0.1855,0.0,0.0,0.0,0.0038,0.0516,0.9469,0.0472,0.95,0.4268,0.6013,150.0,150.0,150.0,0.0,209.0422,4
534,17.8,0.6326,0.0078,0.0877,0.0002,0.1134,0.0,0.0,0.0,0.0037,0.0516,0.9469,0.0472,0.95,0.4263,0.6078,152.0,152.0,152.0,0.0,209.8347,3
535,17.8333,0.7515,0.0141,0.1656,0.0005,0.1181,0.0,0.0,0.0,0.0041,0.0516,0.9469,0.0472,0.9838,0.4318,0.6046,141.0,141.0,141.0,0.0,204.8621,8
536,17.8667,0.6451,0.0151,0.1746,0.0006,0.1217,0.0,0.0,0.0,0.0037,0.0516,0.9469,0.0472,0.95,0.4275,0.6065,151.5,151.5,151.5,0.0,209.0406,4
537,17.9,0.6452,0.0153,0.0005,0.0,0.0755,0.0,0.0,0.0,0.0037,0.0516,0.9469,0.0472,0.95,0.4269,0.6072,152.0,152.0,152.0,0.0,209.3105,4
538,17.9333,0.6711,0.0076,0.1008,0.0003,0.0944,0.0,0.0,0.0,0.0038,0.0516,0.9469,0.0472,0.95,0.4292,0.6123,148.0,148.0,148.0,0.0,208.3198,7
539,17.9667,0.6386,0.002,0.0914,0.0003,0.0909,0.0,0.0,0.0,0.0037,0.0516,0.9469,0.0461,0.95,0.4282,0.6199,152.0,152.0,152.0,0.0,208.8583,4
540,18.0,0.6366,0.0057,0.0608,0.0002,0.6643,0.0,0.0,0.0,0.0037,0.0516,0.9469,0.0472,0.95,0.4272,0.6188,152.0,152.0,152.0,0.0,209.4073,6
541,18.0333,0.6427,0.0066,0.0619,0.0003,0.1948,0.0,0.0,0.0,0.0039,0.0516,0.9469,0.0472,0.95,0.4305,0.6253,147.0,147.0,147.0,0.0,207.3167,4
542,18.0667,0.6446,0.0121,0.0026,0.0,0.2479,0.0,0.0,0.0,0.0039,0.0516,0.9469,0.0472,0.95,0.4309,0.6244,146.0,146.0,146.0,0.0,206.5899,4
543,18.1,0.686,0.0203,0.0946,0.0005,0.4656,0.0,0.0,0.0,0.004,0.0516,0.9469,0.0007,0.95,0.4318,0.6116,145.0,145.0,145.0,0.0,205.1783,7
544,18.1333,0.7016,0.0336,0.1289,0.0006,1.0772,0.0,0.0,0.0,0.0041,0.0516,0.9469,0.0444,0.95,0.435,0.6268,142.0,141.0,143.0,0.0,204.4112,5
545,18.1667,0.6821,0.0537,0.117,0.0006,1.2641,0.0,0.0,0.0,0.004,0.0516,0.9469,0.0,0.95,0.4322,0.6037,146.0,146.0,148.0,0.0,207.3687,6
546,18.2,0.6839,0.0858,0.1015,0.0004,1.792,0.0,0.0,0.0,0.004,0.0516,0.9464,0.0472,0.95,0.4323,0.6215,147.0,147.0,153.0,0.0,206.3053,4
547,18.2333,0.7008,0.1364,0.0254,0.0002,2.3047,0.0,0.0,0.0,0.0042,0.0516,0.9459,0.0472,0.95,0.4345,0.6176,146.0,146.0,148.0,0.0,203.6865,4
548,18.2667,0.7163,0.2218,0.1179,0.0006,3.9735,0.0,0.0,0.0,0.0043,0.0516,0.9455,0.0472,0.95,0.4375,0.6083,152.0,151.0,154.0,0.0,204.0463,5
549,18.3,0.8353,0.374,0.1985,0.0009,7.2505,0.0,0.0,0.0,0.0048,0.0531,0.9453,0.0449,0.95,0.4437,0.6085,146.0,145.0,153.0,0.0,195.9719,7
550,18.3333,0.8646,0.6193,0.2819,0.002,10.9816,0.0,0.0,0.0,0.0059,0.0531,0.9453,0.0472,0.9472,0.4539,0.5779,137.0,137.0,140.0,0.0,181.3842,4
551,18.3667,1.0846,1.1411,0.4084,0.0025,21.2723,0.0,0.0,0.0,0.0074,0.0531,0.9453,0.0472,0.9472,0.4641,0.5692,125.0,125.0,127.0,0.0,163.3087,10
552,18.4,1.4198,2.146,0.5242,0.0035,32.0561,0.0,0.0,0.0,0.0102,0.0547,0.9438,0.0486,0.9472,0.474,0.5497,126.5,126.5,126.5,0.0,147.1164,10
553,18.4333,1.9122,3.7613,1.344,0.0076,63.0363,0.0,0.0,0.0,0.0151,0.0562,0.9422,0.05,0.9472,0.481,0.5298,93.0,90.0,115.0,0.0,113.1884,4
554,18.4667,2.0717,4.2613,1.8461,0.0109,76.4685,0.0,0.0,0.0,0.0198,0.0578,0.9391,0.05,0.9472,0.4832,0.5159,28.0,0.0,107.0,0.0,90.1551,6
555,18.5,1.9423,3.9089,1.4881,0.0105,54.4324,0.0,0.0,0.0,0.0209,0.0594,0.9391,0.05,0.9472,0.4835,0.5119,20.0,0.0,98.0,0.0,82.2479,5
556,18.5333,1.6564,3.0423,1.3017,0.0105,42.2048,0.0,0.0,0.0,0.0182,0.0578,0.9406,0.05,0.9472,0.4801,0.5159,27.0,0.0,105.0,0.0,86.2687,4
557,18.5667,1.3939,2.2556,1.0374,0.0117,37.3289,0.0,0.0,0.0,0.0164,0.0562,0.9422,0.05,0.9472,0.4831,0.5206,30.0,0.0,108.0,0.0,92.3165,4
558,18.6,1.1914,1.5874,0.8661,0.0111,24.369,0.0,0.0,0.0,0.0119,0.0547,0.9438,0.05,0.9472,0.4792,0.5412,33.0,2.0,126.0,3.0,116.734,4
559,18.6333,0.9982,1.033,0.7416,0.0094,18.2049,0.0,0.0,0.0,0.0123,0.0547,0.9438,0.05,0.9472,0.4821,0.5376,31.0,0.0,116.0,251.0,96.2442,4
560,18.6667,0.8693,0.6488,0.5565,0.0074,12.8779,0.0,0.0,0.0,0.0117,0.0547,0.9438,0.05,0.9472,0.4849,0.5397,31.0,0.0,118.0,255.0,91.2815,4
561,18.7,0.8724,0.6371,0.3792,0.006,5.844,0.0,0.0,0.0,0.0117,0.0547,0.9438,0.05,0.9472,0.4723,0.5435,32.0,0.0,118.0,255.0,91.9855,5
562,18.7333,0.8748,0.6442,0.3006,0.006,5.7634,0.0,0.0,0.0,0.0117,0.0547,0.9438,0.05,0.9472,0.4723,0.5435,31.0,0.0,119.0,255.0,90.4916,5
563,18.7667,0.9189,0.7023,0.3832,0.0053,6.4347,0.0,0.0,0.0,0.0127,0.0551,0.9433,0.05,0.9889,0.4789,0.5436,27.0,0.0,111.0,255.0,83.8957,10
564,18.8,0.8912,0.6805,0.3692,0.0053,6.0144,0.0,0.0,0.0,0.0127,0.0551,0.9433,0.0479,0.9889,0.4733,0.5399,27.0,0.0,112.0,255.0,81.6199,5
565,18.8333,0.9087,0.6968,0.3058,0.0045,5.1772,0.0,0.0,0.0,0.0125,0.0547,0.9438,0.05,0.9806,0.4819,0.5415,28.0,0.0,115.0,255.0,84.596,8
566,18.8667,0.9578,0.7481,0.322,0.0036,4.8977,0.0,0.0,0.0,0.0128,0.0555,0.943,0.05,0.9806,0.4797,0.5482,30.0,0.0,115.0,255.0,87.7328,7
567,18.9,0.9586,0.7506,0.1334,0.0022,3.945,0.0,0.0,0.0,0.0123,0.0547,0.9438,0.05,0.9827,0.4713,0.5509,31.0,0.0,116.0,255.0,91.969,7
568,18.9333,0.9479,0.7535,0.3161,0.0033,2.8824,0.0,0.0,0.0,0.0126,0.0547,0.9438,0.0472,0.9861,0.4774,0.5443,31.0,0.0,113.0,255.0,89.7118,8
569,18.9667,0.9925,0.7331,0.3114,0.0023,2.5691,0.0,0.0,0.0,0.013,0.056,0.9438,0.0472,0.95,0.4789,0.5439,31.0,0.0,113.0,255.0,88.9907,16
570,19.0,1.0406,0.7748,0.368,0.0021,1.6333,0.0,0.0,0.0,0.0129,0.0557,0.9438,0.0472,0.9889,0.4776,0.551,32.0,0.0,113.0,255.0,92.9227,12
571,19.0333,0.8689,0.6798,0.2514,0.0014,0.8592,0.0,0.0,0.0,0.0121,0.0547,0.9438,0.05,0.9472,0.4791,0.5375,31.0,0.0,116.0,255.0,88.3141,5
572,19.0667,0.869,0.6798,0.0016,0.0,0.0656,0.0,0.0,0.0,0.0121,0.0547,0.9438,0.05,0.9472,0.4789,0.5377,31.0,0.0,116.0,255.0,88.3882,5
573,19.1,0.9948,0.7055,0.2008,0.0012,0.7724,0.0,0.0,0.0,0.0126,0.0548,0.9438,0.05,0.95,0.478,0.5488,32.0,0.0,113.0,255.0,91.3018,11
574,19.1333,1.0187,0.7965,0.3345,0.0017,1.2921,0.0,0.0,0.0,0.013,0.0561,0.9438,0.05,0.9861,0.4793,0.5481,31.0,0.0,113.0,255.0,89.8082,12
575,19.1667,0.978,0.6957,0.3202,0.0019,2.0677,0.0,0.0,0.0,0.0129,0.0559,0.9438,0.05,0.9917,0.4779,0.5519,31.0,0.0,113.0,255.0,88.8427,6
576,19.2,0.9182,0.6899,0.264,0.002,1.8051,0.0,0.0,0.0,0.0122,0.0547,0.9438,0.05,0.95,0.4745,0.5415,31.0,0.0,115.0,255.0,88.6093,6
577,19.2333,0.9175,0.6879,0.0862,0.0015,2.503,0.0,0.0,0.0,0.0119,0.0547,0.9438,0.05,0.95,0.4694,0.542,31.0,0.0,117.0,255.0,89.1658,6
578,19.2667,0.9851,0.7321,0.3137,0.0024,2.7051,0.0,0.0,0.0,0.0128,0.0555,0.9438,0.05,0.9528,0.4792,0.5465,30.0,0.0,115.0,255.0,87.911,10
579,19.3,0.9606,0.7357,0.3606,0.0027,3.4895,0.0,0.0,0.0,0.0131,0.0562,0.9438,0.05,0.9472,0.4825,0.5332,28.0,0.0,112.0,255.0,83.0455,13
580,19.3333,0.9018,0.6826,0.3372,0.0032,4.3994,0.0,0.0,0.0,0.0126,0.0547,0.9438,0.05,0.9472,0.4799,0.5402,28.0,0.0,113.0,255.0,83.7819,6
581,19.3667,0.9745,0.7145,0.3716,0.0046,5.3906,0.0,0.0,0.0,0.013,0.0562,0.9438,0.05,0.95,0.4787,0.5393,27.0,0.0,112.0,255.0,85.0518,8
582,19.4,0.9709,0.704,0.2924,0.006,6.2851,0.0,0.0,0.0,0.0131,0.0562,0.9438,0.05,0.9496,0.48,0.5406,28.0,0.0,112.0,255.0,85.7987,8
583,19.4333,1.0285,0.7357,0.7779,0.0099,7.81,0.0,0.0,0.0,0.0125,0.0547,0.9438,0.0472,0.9472,0.4743,0.5366,33.0,0.0,113.0,255.0,95.0457,12
584,19.4667,0.8795,0.6597,0.6716,0.0087,8.2001,0.0,0.0,0.0,0.0124,0.0547,0.9438,0.05,0.9472,0.4788,0.5417,28.0,0.0,112.0,255.0,84.2718,5
585,19.5,0.9066,0.6732,0.3677,0.0054,6.4437,0.0,0.0,0.0,0.0128,0.0555,0.9438,0.05,0.9472,0.4804,0.5431,26.0,0.0,111.0,255.0,82.396,6
586,19.5333,0.8989,0.6634,0.2981,0.0039,5.6476,0.0,0.0,0.0,0.0123,0.0547,0.9438,0.05,0.9472,0.474,0.5453,30.0,0.0,113.0,255.0,86.2353,7
587,19.5667,6.1644,16.4478,5.1228,0.0316,98.8954,0.0,0.0,0.0,0.0403,0.0656,0.9298,0.0528,0.9472,0.4878,0.5125,224.0,224.0,228.0,0.0,72.0013,7
588,19.6,0.9375,0.7762,5.3041,0.0328,98.0305,0.0,0.0,0.0,0.0107,0.0547,0.9438,0.05,0.9472,0.4702,0.5406,32.0,0.0,122.5,255.0,98.4084,11
589,19.6333,6.0518,16.1839,5.2085,0.0325,98.7905,0.0,0.0,0.0,0.0402,0.0656,0.9301,0.0528,0.9472,0.4893,0.511,224.0,223.0,224.0,0.0,73.7271,5
590,19.6667,0.9651,0.6883,5.2001,0.0319,104.323,0.0,0.0,0.0,0.0119,0.0547,0.9438,0.05,0.9472,0.4787,0.5405,32.0,0.0,115.0,255.0,92.1182,8
591,19.7,6.0568,16.0077,5.2053,0.0323,102.649,0.0,0.0,0.0,0.04,0.0656,0.9297,0.0528,0.9472,0.4886,0.5132,217.0,217.0,217.0,0.0,75.5656,5
592,19.7333,0.92,0.6092,4.9591,0.0311,97.7955,0.0,0.0,0.0,0.0121,0.0547,0.9438,0.05,0.9472,0.478,0.545,31.0,0.0,115.0,255.0,90.6661,5
593,19.7667,6.0315,15.8973,5.1201,0.0316,98.6705,0.0,0.0,0.0,0.04,0.0656,0.9297,0.0528,0.9472,0.4887,0.5129,208.0,208.0,209.0,0.0,75.961,7
594,19.8,0.9163,0.5984,5.1307,0.0318,99.028,0.0,0.0,0.0,0.0117,0.0547,0.9438,0.05,0.9472,0.4785,0.5413,32.0,0.0,115.0,255.0,92.6283,8
595,19.8333,0.9474,0.5935,0.2435,0.0015,1.0424,0.0,0.0,0.0,0.0115,0.0547,0.9438,0.05,0.9472,0.4785,0.5541,33.0,0.0,116.0,255.0,97.3549,7
596,19.8667,0.8507,0.6038,0.193,0.0011,0.8335,0.0,0.0,0.0,0.0107,0.0547,0.9438,0.0472,0.9472,0.4794,0.541,32.0,0.0,123.0,255.0,95.8322,5
597,19.9,0.8501,0.602,0.0213,0.0005,0.6317,0.0,0.0,0.0,0.0105,0.0547,0.9438,0.0472,0.9472,0.4783,0.5417,33.0,0.0,124.0,255.0,97.0883,5
598,19.9333,0.8842,0.6311,0.1335,0.0007,0.7157,0.0,0.0,0.0,0.0108,0.0547,0.9438,0.05,0.9944,0.4776,0.5428,33.0,0.0,122.0,255.0,98.5133,6
599,19.9667,0.8378,0.6459,0.1184,0.0007,0.6319,0.0,0.0,0.0,0.0107,0.0547,0.9438,0.05,0.9472,0.4756,0.5397,33.0,0.0,123.0,255.0,96.349,5
600,20.0,0.8755,0.6227,0.1203,0.0006,1.1597,0.0,0.0,0.0,0.011,0.0547,0.9438,0.05,0.9472,0.4761,0.5457,33.0,0.0,119.0,255.0,96.8332,6
601,20.0333,0.83,0.5934,0.0961,0.0004,0.1639,0.0,0.0,0.0,0.0107,0.0547,0.9438,0.05,0.948,0.4758,0.5398,32.0,0.0,120.0,255.0,95.7205,4
602,20.0667,0.83,0.5934,0.0037,0.0,0.1203,0.0,0.0,0.0,0.0108,0.0547,0.9438,0.05,0.9479,0.4757,0.5398,32.0,0.0,120.0,255.0,95.5932,4
603,20.1,0.8306,0.5907,0.0469,0.0002,0.1726,0.0,0.0,0.0,0.0107,0.0547,0.9438,0.0472,0.95,0.4752,0.5409,33.0,0.0,120.0,255.0,95.1593,5
604,20.1333,0.8389,0.6147,0.0606,0.0002,0.2617,0.0,0.0,0.0,0.0107,0.0547,0.9438,0.05,0.9472,0.4755,0.5379,33.0,0.0,122.0,255.0,95.9976,4
605,20.1667,0.8304,0.5822,0.0608,0.0003,0.24,0.0,0.0,0.0,0.0108,0.0547,0.9438,0.05,0.95,0.4755,0.544,32.0,0.0,120.0,255.0,95.3945,5
606,20.2,0.8297,0.5825,0.04,0.0002,0.0572,0.0,0.0,0.0,0.0108,0.0547,0.9438,0.05,0.95,0.4754,0.5427,32.0,0.0,120.0,255.0,95.2908,4
607,20.2333,0.8297,0.5824,0.0007,0.0,0.0452,0.0,0.0,0.0,0.0108,0.0547,0.9438,0.05,0.95,0.4756,0.5425,32.0,0.0,120.0,255.0,95.2883,4
608,20.2667,0.8446,0.582,0.0643,0.0003,0.0455,0.0,0.0,0.0,0.0108,0.0547,0.9438,0.05,0.9472,0.4753,0.5412,32.0,0.0,120.0,255.0,95.7839,6
609,20.3,0.8299,0.6307,0.0698,0.0003,0.2004,0.0,0.0,0.0,0.0107,0.0547,0.9438,0.05,0.9472,0.4754,0.5386,33.0,0.0,122.0,255.0,95.5742,4
610,20.3333,0.8044,0.5915,0.0316,0.0001,0.2057,0.0,0.0,0.0,0.0107,0.0547,0.9438,0.05,0.9472,0.4753,0.5385,32.0,0.0,122.0,255.0,95.172,3
611,20.3667,0.8661,0.615,0.0688,0.0003,0.1844,0.0,0.0,0.0,0.0109,0.0547,0.9438,0.05,0.9472,0.4749,0.5388,33.0,0.0,120.0,255.0,96.5134,8
612,20.4,0.8662,0.6151,0.0006,0.0,0.034,0.0,0.0,0.0,0.0109,0.0547,0.9438,0.05,0.9472,0.4751,0.5386,33.0,0.0,120.0,255.0,96.4756,8
613,20.4333,0.8822,0.6498,0.1392,0.0005,0.2055,0.0,0.0,0.0,0.0109,0.0547,0.9438,0.0139,0.9472,0.4752,0.5293,33.0,0.0,119.0,255.0,96.5909,5
614,20.4667,0.8817,0.6472,0.1445,0.0005,0.1084,0.0,0.0,0.0,0.011,0.0547,0.9438,0.0472,0.9472,0.476,0.5373,33.0,0.0,119.0,255.0,97.0288,9
615,20.5,0.9497,0.6874,0.2023,0.0008,0.2045,0.0,0.0,0.0,0.0112,0.0547,0.9438,0.0444,0.9472,0.476,0.5238,33.0,0.0,118.0,255.0,98.8416,7
616,20.5333,0.9849,0.694,0.3008,0.0012,0.3649,0.0,0.0,0.0,0.0114,0.0547,0.9438,0.0472,0.9472,0.4776,0.5374,34.0,0.0,115.0,255.0,99.7976,8
617,20.5667,0.985,0.6941,0.0007,0.0,0.0358,0.0,0.0,0.0,0.0114,0.0547,0.9438,0.0472,0.9472,0.4776,0.5374,34.0,0.0,115.0,255.0,99.8058,8
618,20.6,0.889,0.7284,0.2487,0.0011,0.3772,0.0,0.0,0.0,0.011,0.0547,0.9438,0.05,0.9472,0.476,0.538,33.0,0.0,119.0,255.0,97.0153,7
619,20.6333,0.9113,0.6432,0.1732,0.0008,0.4331,0.0,0.0,0.0,0.0112,0.0547,0.9438,0.0493,0.9472,0.4764,0.5424,33.0,0.0,118.0,255.0,98.5836,8
620,20.6667,0.9031,0.6822,0.1801,0.0008,0.1344,0.0,0.0,0.0,0.0111,0.0547,0.9438,0.0472,0.9472,0.4766,0.5404,33.0,0.0,118.0,255.0,96.9891,8
621,20.7,0.9911,0.7834,0.2617,0.0012,0.2344,0.0,0.0,0.0,0.0115,0.0547,0.9438,0.0472,0.9472,0.4774,0.5414,35.0,0.0,115.0,252.0,99.0445,11
622,20.7333,0.9911,0.7835,0.0005,0.0,0.0396,0.0,0.0,0.0,0.0115,0.0547,0.9438,0.0472,0.9472,0.4774,0.5414,35.0,0.0,115.0,252.0,99.0661,11
623,20.7667,0.9104,0.7432,0.2833,0.0012,0.3377,0.0,0.0,0.0,0.011,0.0547,0.9438,0.0472,0.9472,0.4762,0.5372,33.0,0.0,119.0,255.0,96.9537,9
624,20.8,0.9128,0.6528,0.2074,0.0007,0.2509,0.0,0.0,0.0,0.0111,0.0547,0.9438,0.0472,0.9472,0.4778,0.5352,33.0,0.0,118.0,255.0,97.8281,10
625,20.8333,0.9045,0.6836,0.1895,0.0008,0.1326,0.0,0.0,0.0,0.0111,0.0547,0.9438,0.05,0.9472,0.4774,0.5342,33.0,0.0,118.0,255.0,97.5836,8
626,20.8667,0.8642,0.6906,0.1468,0.0006,0.0656,0.0,0.0,0.0,0.0109,0.0547,0.9438,0.05,0.9472,0.4763,0.5378,33.0,0.0,119.0,255.0,96.1638,5
627,20.9,0.8642,0.6906,0.0008,0.0,0.0366,0.0,0.0,0.0,0.0109,0.0547,0.9438,0.05,0.9472,0.4763,0.5378,33.0,0.0,119.0,255.0,96.1563,5
628,20.9333,0.8338,0.6151,0.088,0.0003,0.0445,0.0,0.0,0.0,0.0107,0.0547,0.9438,0.05,0.9472,0.4762,0.5387,32.0,0.0,120.0,255.0,95.3904,4
629,20.9667,0.8279,0.6444,0.0536,0.0002,0.0479,0.0,0.0,0.0,0.0108,0.0547,0.9438,0.05,0.9472,0.4759,0.5389,32.0,0.0,120.0,255.0,95.6435,4
630,21.0,0.8356,0.6667,0.0569,0.0002,0.0665,0.0,0.0,0.0,0.0108,0.0547,0.9438,0.05,0.9472,0.4755,0.5392,32.0,0.0,120.0,255.0,95.7401,4
631,21.0333,0.8718,0.7043,0.0941,0.0004,0.0409,0.0,0.0,0.0,0.011,0.0547,0.9438,0.05,0.9472,0.4759,0.5367,33.0,0.0,119.0,255.0,96.6728,5
632,21.0667,0.8718,0.7043,0.0007,0.0,0.0463,0.0,0.0,0.0,0.011,0.0547,0.9438,0.05,0.9472,0.4759,0.5367,33.0,0.0,119.0,255.0,96.6503,5
633,21.1,0.8528,0.6689,0.1129,0.0005,0.0432,0.0,0.0,0.0,0.0109,0.0547,0.9438,0.0473,0.9472,0.4759,0.5365,32.0,0.0,120.0,255.0,96.1984,6
634,21.1333,0.8143,0.5941,0.0655,0.0002,0.0556,0.0,0.0,0.0,0.0107,0.0547,0.9438,0.05,0.9472,0.4763,0.5373,32.0,0.0,120.0,255.0,95.2675,4
635,21.1667,0.8278,0.5965,0.0406,0.0002,0.0503,0.0,0.0,0.0,0.0108,0.0547,0.9438,0.05,0.9472,0.4766,0.5353,32.0,0.0,120.0,255.0,95.7327,4
636,21.2,0.8197,0.6212,0.0444,0.0002,0.0524,0.0,0.0,0.0,0.0107,0.0547,0.9438,0.05,0.9472,0.476,0.5384,32.0,0.0,120.0,255.0,95.522,4
637,21.2333,0.8197,0.6211,0.001,0.0,0.0548,0.0,0.0,0.0,0.0107,0.0547,0.9438,0.05,0.9472,0.476,0.5384,32.0,0.0,120.0,255.0,95.5248,4
638,21.2667,0.9056,0.6436,0.1224,0.0006,0.3118,0.0,0.0,0.0,0.0111,0.0547,0.9438,0.05,0.9472,0.4779,0.5267,33.0,0.0,118.0,255.0,98.0836,7
639,21.3,0.8565,0.6054,0.15,0.0007,0.3746,0.0,0.0,0.0,0.0108,0.0547,0.9438,0.0472,0.9472,0.4762,0.5327,33.0,0.0,120.0,255.0,96.9104,7
640,21.3333,0.9402,0.726,0.1772,0.001,0.6342,0.0,0.0,0.0,0.0111,0.0547,0.9438,0.05,0.9472,0.4781,0.525,35.0,0.0,119.0,252.0,100.3811,9
641,21.3667,0.8897,0.6347,0.1963,0.0012,0.8685,0.0,0.0,0.0,0.0108,0.0547,0.9438,0.05,0.9472,0.4798,0.5286,34.0,0.0,120.0,255.0,98.9902,7
642,21.4,0.89,0.6355,0.0184,0.0005,0.4862,0.0,0.0,0.0,0.0109,0.0547,0.9438,0.05,0.9472,0.4797,0.5282,33.0,0.0,120.0,255.0,98.0382,7
643,21.4333,0.8906,0.6444,0.1789,0.0012,1.0936,0.0,0.0,0.0,0.0112,0.0547,0.9438,0.05,0.95,0.4786,0.5398,33.0,0.0,118.0,255.0,96.3906,6
644,21.4667,0.8938,0.6825,0.19,0.0012,1.3173,0.0,0.0,0.0,0.0115,0.0547,0.9438,0.05,0.9472,0.479,0.5319,32.0,0.0,115.0,255.0,92.6809,8
645,21.5,0.9017,0.6416,0.1999,0.0011,1.4923,0.0,0.0,0.0,0.0119,0.0547,0.9438,0.05,0.9472,0.4786,0.53,32.0,0.0,113.0,255.0,91.6959,6
646,21.5333,0.8882,0.7091,0.1862,0.0009,1.5323,0.0,0.0,0.0,0.0118,0.0547,0.9438,0.05,0.9472,0.4782,0.5343,32.0,0.0,115.0,255.0,90.5733,6
647,21.5667,0.9656,0.9412,0.0871,0.0003,6.3911,0.0,0.0,0.0,0.0117,0.0547,0.9438,0.05,0.9472,0.4781,0.5348,32.0,0.0,115.0,252.0,104.9723,6
648,21.6,1.1291,1.4103,0.3426,0.0017,9.0587,0.0,0.0,0.0,0.0122,0.0547,0.9438,0.05,0.9472,0.4808,0.528,34.0,1.0,122.0,248.0,107.6739,6
649,21.6333,1.3488,2.0755,0.4065,0.0054,12.9691,0.0,0.0,0.0,0.015,0.0562,0.9422,0.05,0.9472,0.4784,0.5169,32.0,0.0,115.0,2.0,99.7893,5
650,21.6667,1.7467,3.0738,0.5554,0.0067,20.5159,0.0,0.0,0.0,0.019,0.0578,0.9395,0.05,0.9472,0.4804,0.5056,28.0,0.0,105.0,0.0,96.7921,8
651,21.7,2.1373,4.3472,0.726,0.0073,22.6881,0.0,0.0,0.0,0.0234,0.0594,0.9359,0.05,0.9472,0.483,0.5025,27.0,0.0,101.0,0.0,79.6023,7
652,21.7333,2.651,5.887,0.6196,0.0055,21.7392,0.0,0.0,0.0,0.0269,0.0609,0.9344,0.0501,0.9472,0.483,0.5015,26.0,0.0,96.0,0.0,71.4357,7
653,21.7667,3.2472,7.7437,0.9306,0.0064,22.6903,0.0,0.0,0.0,0.0291,0.0625,0.9344,0.0528,0.9472,0.4871,0.5025,27.0,0.0,105.0,0.0,70.7801,9
654,21.8,4.4146,11.1684,1.5971,0.0092,39.7864,0.0,0.0,0.0,0.0336,0.0641,0.9328,0.0528,0.9472,0.4895,0.5049,70.0,70.0,130.0,0.0,71.7951,8
655,21.8333,6.761,18.1971,3.2074,0.0151,58.8097,0.0,0.0,0.0,0.0442,0.0672,0.925,0.0528,0.9472,0.4886,0.5085,216.0,216.0,217.5,0.0,71.7867,8
656,21.8667,4.676,12.0064,3.2763,0.0143,56.4827,0.0,0.0,0.0,0.036,0.0641,0.9328,0.0528,0.9472,0.4929,0.5197,66.5,60.0,132.0,0.0,68.896,8
657,21.9,3.5528,8.6397,1.5838,0.0091,39.8509,0.0,0.0,0.0,0.0312,0.0625,0.9344,0.0528,0.9472,0.4901,0.5248,28.0,0.0,103.0,0.0,68.0453,8
658,21.9333,2.8257,6.5536,1.097,0.0079,25.3643,0.0,0.0,0.0,0.0285,0.0609,0.9344,0.0528,0.9472,0.4894,0.5261,22.0,0.0,100.0,0.0,64.024,7
659,21.9667,2.1679,4.5448,0.9944,0.0088,27.6191,0.0,0.0,0.0,0.0254,0.0609,0.9359,0.05,0.9472,0.4892,0.5271,24.0,0.0,100.0,0.0,76.5077,8
660,22.0,1.6107,2.9008,0.7541,0.0082,27.245,0.0,0.0,0.0,0.0194,0.0578,0.9396,0.0472,0.9472,0.4896,0.5283,27.0,0.0,110.0,0.0,88.3964,4
661,22.0333,1.2353,1.7753,0.4756,0.0082,8.333,0.0,0.0,0.0,0.0129,0.0558,0.9438,0.0028,0.9472,0.4764,0.5283,32.0,0.0,125.0,248.0,108.4481,4
662,22.0667,0.9582,0.9448,0.3809,0.0031,7.8564,0.0,0.0,0.0,0.0121,0.0547,0.9438,0.0028,0.9472,0.4741,0.5291,31.0,0.0,116.0,252.0,103.3261,5
663,22.1,0.8564,0.6717,0.1681,0.0015,7.7849,0.0,0.0,0.0,0.0124,0.0547,0.9438,0.0444,0.9472,0.4758,0.5285,31.0,0.0,115.0,255.0,84.9403,4
664,22.1333,0.8695,0.6635,0.0994,0.001,2.0864,0.0,0.0,0.0,0.0122,0.0547,0.9438,0.0444,0.9472,0.4757,0.5311,31.0,0.0,112.0,255.0,86.9497,6
665,22.1667,0.8873,0.7015,0.1319,0.0011,2.2161,0.0,0.0,0.0,0.0121,0.0547,0.9438,0.0444,0.9472,0.4781,0.531,30.0,0.0,110.0,255.0,88.2168,9
666,22.2,0.8779,0.6734,0.0408,0.0003,1.7239,0.0,0.0,0.0,0.0119,0.0547,0.9438,0.0444,0.9472,0.4782,0.5314,30.0,0.0,109.0,255.0,88.7691,9
667,22.2333,0.8145,0.5786,0.1241,0.001,2.168,0.0,0.0,0.0,0.0114,0.0547,0.9438,0.05,0.9472,0.4781,0.5363,27.0,0.0,108.0,255.0,88.8106,5
668,22.2667,0.8039,0.537,0.0665,0.0006,1.6887,0.0,0.0,0.0,0.011,0.0547,0.9438,0.0472,0.9472,0.4768,0.5345,27.0,0.0,108.0,255.0,90.2748,4
669,22.3,0.7883,0.4952,0.0532,0.0008,2.1653,0.0,0.0,0.0,0.0105,0.0547,0.9438,0.0444,0.9472,0.4743,0.535,26.0,0.0,109.0,255.0,93.1912,4
670,22.3333,0.7841,0.4658,0.0524,0.0006,1.7047,0.0,0.0,0.0,0.0102,0.0547,0.9438,0.0444,0.9472,0.4723,0.5377,25.0,0.0,108.0,255.0,94.927,5
671,22.3667,0.7752,0.4389,0.0286,0.0006,1.6765,0.0,0.0,0.0,0.0097,0.0547,0.9438,0.0444,0.9472,0.4728,0.5397,25.0,0.0,107.0,251.0,98.45,5
672,22.4,0.7663,0.412,0.0613,0.0007,1.7381,0.0,0.0,0.0,0.0092,0.0547,0.9438,0.045,0.9472,0.4711,0.5419,24.0,0.0,109.0,251.0,101.8096,4
673,22.4333,0.7433,0.367,0.0566,0.0013,2.0899,0.0,0.0,0.0,0.008,0.0531,0.9453,0.0444,0.9472,0.4651,0.5482,23.0,0.0,107.0,251.0,112.6259,4
674,22.4667,0.7385,0.3481,0.0435,0.0008,1.7341,0.0,0.0,0.0,0.0074,0.0531,0.9453,0.0,0.9472,0.4595,0.5503,22.0,0.0,98.0,0.0,120.1,5
675,22.5,0.7246,0.3079,0.0451,0.0006,1.6936,0.0,0.0,0.0,0.0068,0.0531,0.9453,0.0,0.9472,0.4589,0.5556,20.0,0.0,93.0,0.0,126.7849,7
676,22.5333,0.7144,0.2774,0.0299,0.0003,1.5408,0.0,0.0,0.0,0.0065,0.0531,0.9453,0.0,0.9472,0.4585,0.5583,20.0,0.0,84.0,0.0,130.2078,8
677,22.5667,0.7072,0.261,0.0532,0.0004,1.6006,0.0,0.0,0.0,0.0062,0.0531,0.9453,0.0444,0.9472,0.4589,0.5646,74.0,74.0,80.0,0.0,134.0744,9
678,22.6,0.7633,0.2231,0.1283,0.001,1.6033,0.0,0.0,0.0,0.006,0.0531,0.9453,0.0,0.95,0.468,0.5756,91.0,91.0,91.0,0.0,143.8869,15
679,22.6333,0.6736,0.1765,0.1156,0.0017,0.6058,0.0,0.0,0.0,0.0043,0.0516,0.9469,0.0444,0.95,0.4408,0.5956,135.0,135.0,135.0,0.0,181.5229,11
680,22.6667,0.6691,0.1441,0.0486,0.0007,0.1514,0.0,0.0,0.0,0.0037,0.0516,0.9469,0.0,0.95,0.4258,0.6042,152.0,152.0,152.0,0.0,210.3892,3
681,22.7,0.6562,0.1054,0.0333,0.0,0.0972,0.0,0.0,0.0,0.0037,0.0516,0.9469,0.0,0.95,0.426,0.6043,152.0,152.0,152.0,0.0,210.6083,3
682,22.7333,0.6347,0.0501,0.0588,0.0001,0.1677,0.0,0.0,0.0,0.0037,0.0516,0.9469,0.0,0.95,0.4261,0.6057,152.0,152.0,152.0,0.0,210.7924,3
683,22.7667,0.6334,0.0223,0.0468,0.0001,0.2221,0.0,0.0,0.0,0.0037,0.0516,0.9469,0.0,0.95,0.4262,0.6061,152.0,152.0,152.0,0.0,210.7488,3
684,22.8,0.6469,0.0087,0.0735,0.0003,0.1204,0.0,0.0,0.0,0.0038,0.0516,0.9469,0.0472,0.95,0.4307,0.6259,148.0,148.0,148.0,0.0,208.5226,3
685,22.8333,0.6269,0.0327,0.0588,0.0002,0.0908,0.0,0.0,0.0,0.0037,0.0516,0.9469,0.0472,0.95,0.4247,0.6164,153.0,153.0,153.0,0.0,210.7967,2
686,22.8667,0.6269,0.0328,0.0005,0.0,0.0985,0.0,0.0,0.0,0.0037,0.0516,0.9469,0.0472,0.95,0.4253,0.6158,153.0,153.0,153.0,0.0,210.5202,2
687,22.9,0.633,0.045,0.0466,0.0001,0.111,0.0,0.0,0.0,0.0037,0.0516,0.9469,0.0444,0.95,0.426,0.6131,152.5,152.5,152.5,0.0,210.3337,3
688,22.9333,0.6676,0.1369,0.0858,0.0003,0.0919,0.0,0.0,0.0,0.0039,0.0516,0.9469,0.0472,0.95,0.4284,0.609,147.0,147.0,147.0,0.0,209.0391,5
689,22.9667,0.6554,0.1078,0.0914,0.0003,0.2464,0.0,0.0,0.0,0.0038,0.0516,0.9469,0.0472,0.95,0.4268,0.6097,150.0,150.0,150.0,0.0,209.0538,4
690,23.0,0.6378,0.0391,0.0746,0.0002,0.0882,0.0,0.0,0.0,0.0037,0.0516,0.9469,0.0472,0.95,0.4271,0.6176,152.0,152.0,152.0,0.0,209.4079,3
691,23.0333,0.6378,0.0391,0.0005,0.0,0.1061,0.0,0.0,0.0,0.0037,0.0516,0.9469,0.0472,0.95,0.4265,0.6183,151.5,151.5,151.5,0.0,209.4994,3
692,23.0667,0.7131,0.2117,0.1314,0.0005,0.1333,0.0,0.0,0.0,0.0041,0.0516,0.9469,0.0472,0.9528,0.4319,0.6231,141.0,141.0,141.0,0.0,204.3004,6
693,23.1,0.6852,0.0566,0.1802,0.0008,0.0965,0.0,0.0,0.0,0.004,0.0516,0.9469,0.0472,0.9944,0.4316,0.6341,146.0,146.0,146.0,0.0,207.161,8
694,23.1333,0.6558,0.0446,0.1161,0.0004,0.1486,0.0,0.0,0.0,0.0038,0.0516,0.9469,0.0472,0.95,0.4279,0.6208,150.0,150.0,150.0,0.0,209.4274,6
695,23.1667,0.6659,0.0366,0.0974,0.0004,0.2123,0.0,0.0,0.0,0.0039,0.0516,0.9469,0.0472,0.95,0.4308,0.6296,146.0,146.0,146.0,0.0,206.5843,6
696,23.2,0.6666,0.0386,0.0014,0.0,0.151,0.0,0.0,0.0,0.0039,0.0516,0.9469,0.0472,0.95,0.4307,0.6293,146.0,146.0,146.0,0.0,206.7265,6
697,23.2333,0.6837,0.0334,0.1268,0.0008,0.1793,0.0,0.0,0.0,0.0041,0.0516,0.9469,0.0472,0.95,0.4336,0.6433,140.0,140.0,140.0,0.0,202.606,6
698,23.2667,0.6623,0.0179,0.0712,0.0006,1.3013,0.0,0.0,0.0,0.004,0.0516,0.9469,0.0472,0.95,0.433,0.6376,143.5,143.5,143.5,0.0,203.2502,4
699,23.3,0.6504,0.0689,0.0731,0.0005,0.3781,0.0,0.0,0.0,0.0038,0.0516,0.9469,0.0472,0.95,0.4288,0.6186,147.5,147.5,147.5,0.0,207.0036,6
700,23.3333,0.6376,0.0739,0.0553,0.0002,0.824,0.0,0.0,0.0,0.0038,0.0516,0.9469,0.0472,0.95,0.4284,0.6126,150.0,150.0,150.0,0.0,207.7802,4
701,23.3667,0.6451,0.0962,0.0111,0.0001,1.1347,0.0,0.0,0.0,0.0038,0.0516,0.9469,0.0472,0.95,0.429,0.6117,151.0,150.5,152.0,0.0,208.9091,4
702,23.4,0.7134,0.2855,0.102,0.0004,1.7301,0.0,0.0,0.0,0.0041,0.0516,0.9469,0.0444,0.95,0.4339,0.6037,147.0,147.0,148.0,0.0,207.3028,8
703,23.4333,0.8027,0.3324,0.2246,0.0009,2.6145,0.0,0.0,0.0,0.0045,0.052,0.9469,0.0444,0.9556,0.4402,0.6204,143.0,143.0,143.0,0.0,204.1552,8
704,23.4667,0.7318,0.3269,0.2389,0.001,3.2496,0.0,0.0,0.0,0.0043,0.0516,0.9469,0.0472,0.95,0.4366,0.6031,147.0,147.0,147.5,0.0,205.863,5
705,23.5,0.7946,0.5366,0.1785,0.0009,5.6153,0.0,0.0,0.0,0.0046,0.0523,0.9469,0.0444,0.95,0.439,0.5914,154.0,153.0,154.0,0.0,209.0382,6
706,23.5333,0.8621,0.7391,0.125,0.0006,8.0826,0.0,0.0,0.0,0.005,0.0531,0.9461,0.0444,0.9487,0.4442,0.5836,152.0,152.0,153.0,0.0,204.1382,6
707,23.5667,0.9699,1.0719,0.3327,0.0025,15.3811,0.0,0.0,0.0,0.0066,0.0531,0.9453,0.0472,0.9472,0.4589,0.5645,140.0,140.0,142.0,0.0,181.6897,6
708,23.6,1.2098,1.789,0.5505,0.0035,35.3245,0.0,0.0,0.0,0.009,0.0544,0.9453,0.0472,0.9472,0.4695,0.5473,130.0,130.0,131.0,0.0,154.5654,5
709,23.6333,2.0464,4.2751,1.3537,0.0084,69.042,0.0,0.0,0.0,0.0152,0.0562,0.9422,0.05,0.9472,0.4817,0.5287,116.0,116.0,116.0,0.0,119.2973,5
710,23.6667,3.224,7.8373,2.2488,0.0122,81.269,0.0,0.0,0.0,0.023,0.0594,0.9375,0.05,0.9472,0.4887,0.5179,137.0,137.0,138.0,0.0,95.1716,4
711,23.7,3.9115,9.8985,2.1403,0.0093,66.8755,0.0,0.0,0.0,0.0275,0.0609,0.9355,0.05,0.9472,0.492,0.5149,147.0,146.0,152.0,0.0,85.8941,4
712,23.7333,4.4096,11.3095,2.3169,0.0077,65.7055,0.0,0.0,0.0,0.031,0.0625,0.9344,0.0528,0.9472,0.4926,0.514,165.5,165.5,166.0,0.0,85.701,6
713,23.7667,4.7922,12.4585,2.2187,0.0068,57.0484,0.0,0.0,0.0,0.0334,0.0639,0.9328,0.0528,0.9472,0.4929,0.513,171.0,169.0,171.0,0.0,79.1928,6
714,23.8,5.0765,13.3626,2.013,0.0057,49.745,0.0,0.0,0.0,0.0363,0.0641,0.9328,0.0528,0.9472,0.4937,0.5108,178.0,174.0,183.0,0.0,79.7689,4
715,23.8333,5.4192,14.3619,1.9324,0.0057,45.8783,0.0,0.0,0.0,0.0378,0.0643,0.9312,0.0528,0.9472,0.4955,0.5104,172.0,169.0,182.0,0.0,73.2514,5
716,23.8667,5.7541,15.3658,1.9893,0.006,44.2831,0.0,0.0,0.0,0.0407,0.0656,0.9271,0.0528,0.9472,0.4948,0.51,173.0,171.0,181.0,0.0,73.4762,5
717,23.9,6.1015,16.4577,2.2625,0.0066,47.8622,0.0,0.0,0.0,0.0426,0.0672,0.9262,0.0528,0.9472,0.4956,0.5084,189.0,185.0,196.0,0.0,71.6922,4
718,23.9333,6.5109,17.6921,2.5515,0.0073,50.35,0.0,0.0,0.0,0.045,0.0681,0.924,0.0528,0.9455,0.4957,0.5086,182.0,182.0,196.0,0.0,66.8159,3
719,23.9667,7.0243,19.2198,2.933,0.0083,54.9252,0.0,0.0,0.0,0.0484,0.0688,0.9203,0.0539,0.9444,0.4964,0.5068,202.5,201.0,210.0,0.0,67.1313,5
720,24.0,7.6347,21.0275,3.4997,0.0099,62.0311,0.0,0.0,0.0,0.0517,0.0719,0.9172,0.0556,0.9444,0.4979,0.5073,209.0,207.0,212.0,0.0,63.6218,5
721,24.0333,8.3862,23.2801,4.1249,0.0127,69.4956,0.0,0.0,0.0,0.0553,0.0734,0.9109,0.0556,0.9444,0.5005,0.5066,209.0,208.0,217.0,0.0,59.5534,5
722,24.0667,9.3813,26.2452,4.9885,0.0166,74.3901,0.0,0.0,0.0,0.0604,0.075,0.9062,0.0556,0.9444,0.5032,0.5055,223.0,221.0,228.0,0.0,59.2548,6
723,24.1,10.713,28.6796,6.1041,0.0218,79.9934,0.0,0.0,0.0,0.0663,0.0766,0.9,0.0556,0.9444,0.5068,0.5038,219.0,218.0,223.0,0.0,57.1886,10
724,24.1333,12.4525,30.6468,7.507,0.0304,86.3418,0.0,0.0,0.0,0.074,0.0797,0.8922,0.0583,0.9444,0.5053,0.5063,210.0,210.0,216.0,0.0,55.1218,7
725,24.1667,14.9903,33.7931,9.2819,0.0416,92.1881,0.0,0.0,0.0,0.0829,0.0797,0.9219,0.0583,0.9444,0.5081,0.5033,203.0,203.0,205.0,0.0,53.6184,6
726,24.2,19.0154,37.8767,11.8779,0.0587,98.9682,0.0,0.0,0.0,0.0951,0.0375,0.9719,0.0583,0.9417,0.5085,0.5013,210.0,210.0,214.0,0.0,53.5382,6
727,24.2333,0.9314,0.7495,18.1826,0.0878,64.8965,0.0,0.0,0.0,0.0127,0.0552,0.9438,0.0278,0.9472,0.4772,0.5206,27.0,0.0,113.0,255.0,83.7096,8
728,24.2667,30.9705,53.0439,30.1753,0.0938,33.1598,0.0,0.0,0.0,0.0988,0.0172,0.9906,0.0611,0.9417,0.4896,0.504,100.0,98.0,140.0,0.0,51.303,5
729,24.3,0.9369,0.8472,30.1456,0.0934,36.077,0.0,0.0,0.0,0.0134,0.0562,0.9438,0.0278,0.9472,0.482,0.5211,27.0,0.0,112.0,255.0,82.4125,5
730,24.3333,39.0134,75.7855,38.2116,0.0953,35.8886,0.0,0.0,0.0,0.0995,0.0141,0.9922,0.0611,0.9417,0.4477,0.4983,61.5,60.0,112.0,0.0,48.727,5
731,24.3667,39.9671,80.4539,11.435,0.0769,73.8816,0.0,0.0,0.0,0.097,0.0078,0.9797,0.0611,0.9417,0.4385,0.503,47.0,45.0,116.0,0.0,47.657,5
732,24.4,0.8914,0.698,39.2854,0.0946,36.829,0.0,0.0,0.0,0.0126,0.0547,0.9438,0.0167,0.9472,0.4787,0.5242,30.0,0.0,115.0,255.0,86.6241,5
733,24.4333,0.9055,0.7916,0.7643,0.0123,7.4665,0.0,0.0,0.0,0.0132,0.0562,0.9438,0.0456,0.9472,0.4775,0.5227,27.0,0.0,116.0,255.0,81.0511,4
734,24.4667,7.9113,21.695,7.0513,0.0409,106.3067,0.0,0.0,0.0,0.0521,0.0719,0.9172,0.0528,0.9444,0.4982,0.5049,216.0,216.0,217.0,0.0,66.3716,5
735,24.5,0.9137,0.8049,7.059,0.0415,92.9932,0.0,0.0,0.0,0.0135,0.0562,0.9438,0.0472,0.9472,0.4829,0.5258,28.0,0.0,115.0,255.0,81.491,4
736,24.5333,8.2104,22.6778,7.1674,0.0431,102.1994,0.0,0.0,0.0,0.053,0.0719,0.9156,0.0556,0.9444,0.501,0.5048,240.0,240.0,242.0,0.0,63.0707,4
737,24.5667,0.939,0.8542,7.2468,0.0438,107.1354,0.0,0.0,0.0,0.0143,0.0562,0.9438,0.0167,0.9472,0.4817,0.524,27.0,0.0,113.0,255.0,78.0928,4
738,24.6,8.3785,23.1543,7.3418,0.0435,111.7595,0.0,0.0,0.0,0.0537,0.0719,0.9143,0.0528,0.9444,0.5,0.5051,233.0,233.0,235.0,0.0,60.5856,4
739,24.6333,8.3885,23.3202,0.453,0.0037,3.168,0.0,0.0,0.0,0.0537,0.0719,0.9156,0.0556,0.9444,0.4999,0.507,232.0,232.0,235.0,0.0,60.7053,3
740,24.6667,8.4489,23.4159,0.3564,0.003,2.3506,0.0,0.0,0.0,0.0542,0.0719,0.9156,0.0528,0.9444,0.5013,0.5055,231.0,231.0,232.0,0.0,61.5101,5
741,24.7,8.4805,23.5105,0.2343,0.0023,1.8906,0.0,0.0,0.0,0.0545,0.0719,0.9147,0.0528,0.9444,0.5001,0.5055,226.0,226.0,228.0,0.0,60.956,5
742,24.7333,8.5111,23.5913,0.2611,0.0021,1.7051,0.0,0.0,0.0,0.0545,0.0719,0.9148,0.0528,0.9444,0.5003,0.5056,231.0,231.0,232.0,0.0,61.5444,5
743,24.7667,8.5275,23.657,0.2208,0.0016,1.4663,0.0,0.0,0.0,0.0548,0.0721,0.9125,0.0556,0.9444,0.5005,0.5057,231.0,231.0,232.0,0.0,62.0093,5
744,24.8,8.5337,23.6808,0.1802,0.0014,1.1919,0.0,0.0,0.0,0.0548,0.0721,0.9125,0.0532,0.9444,0.4999,0.5057,228.0,228.0,229.0,0.0,61.6962,6
745,24.8333,8.536,23.7259,0.135,0.001,0.8034,0.0,0.0,0.0,0.0548,0.0721,0.9125,0.0556,0.9444,0.4993,0.5063,228.0,228.0,229.0,0.0,61.4088,5
746,24.8667,8.5443,23.7507,0.0558,0.0006,0.5754,0.0,0.0,0.0,0.0549,0.0725,0.9119,0.0556,0.9444,0.4996,0.5063,228.0,228.0,230.0,0.0,61.3005,5
747,24.9,8.5605,23.7475,0.0944,0.0007,0.3929,0.0,0.0,0.0,0.0549,0.0728,0.9116,0.0528,0.9444,0.4993,0.5056,226.0,226.0,229.0,0.0,61.3115,5
748,24.9333,8.5725,23.7685,0.0826,0.0005,0.1716,0.0,0.0,0.0,0.055,0.0729,0.9125,0.0528,0.9444,0.4996,0.5055,225.0,225.0,228.0,0.0,61.3376,5
749,24.9667,8.5792,23.7791,0.0923,0.0004,0.0719,0.0,0.0,0.0,0.0551,0.0732,0.9125,0.0528,0.9444,0.4996,0.505,224.0,224.0,226.0,0.0,61.4504,5
750,25.0,8.5719,23.7574,0.0853,0.0005,0.0439,0.0,0.0,0.0,0.0551,0.0732,0.9125,0.0528,0.9444,0.4996,0.5049,224.0,224.0,226.0,0.0,61.4435,6
751,25.0333,8.5721,23.7577,0.0014,0.0,0.0186,0.0,0.0,0.0,0.0551,0.0732,0.9125,0.0528,0.9444,0.4996,0.5049,224.0,224.0,226.0,0.0,61.4521,6
752,25.0667,8.6039,23.9106,0.1181,0.0007,0.0429,0.0,0.0,0.0,0.0552,0.0734,0.9124,0.0556,0.9444,0.4995,0.5051,222.0,222.0,224.0,0.0,61.9113,6
753,25.1,8.6127,23.9241,0.1412,0.0008,0.0477,0.0,0.0,0.0,0.0551,0.0734,0.9109,0.0556,0.9444,0.4995,0.5056,223.0,223.0,224.0,0.0,61.732,7
754,25.1333,8.5849,23.895,0.1336,0.0006,0.0339,0.0,0.0,0.0,0.055,0.0732,0.9112,0.0556,0.9444,0.4996,0.5062,224.0,224.0,226.0,0.0,61.405,6
755,25.1667,8.6263,23.9133,0.1461,0.0007,0.0409,0.0,0.0,0.0,0.0552,0.0734,0.9109,0.0528,0.9444,0.4994,0.5044,221.0,220.0,223.0,0.0,61.8227,6
756,25.2,8.6264,23.9134,0.0006,0.0,0.0083,0.0,0.0,0.0,0.0552,0.0734,0.9109,0.0528,0.9444,0.4994,0.5044,221.0,221.0,223.0,0.0,61.8137,6
757,25.2333,8.5994,23.8577,0.1701,0.0008,0.0947,0.0,0.0,0.0,0.055,0.073,0.9114,0.0528,0.9444,0.4995,0.5057,225.0,225.0,228.0,0.0,61.5723,7
758,25.2667,8.6155,23.9824,0.1596,0.0007,0.0621,0.0,0.0,0.0,0.0552,0.0734,0.9109,0.0556,0.9444,0.4996,0.507,222.0,222.0,224.0,0.0,61.8281,8
759,25.3,8.6005,23.9126,0.1595,0.0008,0.0367,0.0,0.0,0.0,0.055,0.0731,0.9125,0.0556,0.9444,0.4996,0.5061,225.0,224.0,228.0,0.0,61.6625,8
760,25.3333,8.6939,24.1879,0.2316,0.0012,0.0809,0.0,0.0,0.0,0.0554,0.0734,0.9114,0.0556,0.9444,0.4998,0.5072,217.0,217.0,221.0,0.0,62.589,8
761,25.3667,8.694,24.1881,0.0008,0.0,0.0078,0.0,0.0,0.0,0.0554,0.0734,0.9109,0.0556,0.9444,0.4998,0.5072,217.0,217.0,221.0,0.0,62.5922,8
762,25.4,8.573,23.8483,0.2071,0.0011,0.0993,0.0,0.0,0.0,0.0548,0.0724,0.9119,0.0556,0.9444,0.4996,0.5069,228.0,228.0,229.0,0.0,61.4886,3
763,25.4333,8.6346,24.0331,0.1561,0.001,0.2607,0.0,0.0,0.0,0.0551,0.0734,0.911,0.0556,0.9444,0.4996,0.5068,223.0,223.0,224.0,0.0,62.5211,8
764,25.4667,8.6406,24.0137,0.1989,0.0012,0.2702,0.0,0.0,0.0,0.055,0.0731,0.9113,0.0556,0.9444,0.4997,0.5068,224.0,224.0,226.0,0.0,62.567,7
765,25.5,8.6521,24.0819,0.2145,0.0014,0.2183,0.0,0.0,0.0,0.0553,0.0734,0.9118,0.0556,0.9444,0.4997,0.508,218.0,218.0,222.0,0.0,62.5461,7
766,25.5333,8.6522,24.0821,0.0006,0.0,0.0073,0.0,0.0,0.0,0.0553,0.0734,0.9118,0.0556,0.9444,0.4997,0.508,218.0,218.0,222.0,0.0,62.5449,7
767,25.5667,8.7221,24.2835,0.2752,0.0017,0.3308,0.0,0.0,0.0,0.0556,0.0734,0.9109,0.0556,0.9444,0.4997,0.5083,216.0,216.0,218.5,0.0,63.196,12
768,25.6,8.6535,24.0619,0.2705,0.0017,0.2731,0.0,0.0,0.0,0.0554,0.0734,0.9116,0.0556,0.9444,0.4996,0.5074,218.0,218.0,222.0,0.0,62.2291,7
769,25.6333,8.6008,23.9524,0.172,0.001,0.0966,0.0,0.0,0.0,0.055,0.073,0.9125,0.0556,0.9444,0.4997,0.5072,225.0,225.0,228.0,0.0,62.1597,5
770,25.6667,8.6394,24.0363,0.1865,0.0011,0.0991,0.0,0.0,0.0,0.0555,0.0734,0.9113,0.0556,0.9444,0.4995,0.5076,217.0,217.0,221.0,0.0,61.7671,7
771,25.7,8.6394,24.0362,0.0007,0.0,0.0086,0.0,0.0,0.0,0.0555,0.0734,0.9125,0.0556,0.9444,0.4996,0.5075,217.0,217.0,221.0,0.0,61.7722,7
772,25.7333,8.7046,24.0993,0.2744,0.0015,0.1096,0.0,0.0,0.0,0.0555,0.0734,0.9111,0.0556,0.9444,0.4999,0.506,217.0,216.0,221.0,0.0,62.4176,9
773,25.7667,8.5891,23.8949,0.2154,0.0011,0.1196,0.0,0.0,0.0,0.0551,0.0732,0.9127,0.0556,0.9444,0.4997,0.5069,224.0,224.0,226.0,0.0,61.5757,6
774,25.8,8.6234,23.9592,0.1514,0.0008,0.1422,0.0,0.0,0.0,0.0551,0.0734,0.914,0.0556,0.9444,0.4999,0.5062,223.0,223.0,224.0,0.0,61.8813,11
775,25.8333,8.6181,23.9405,0.1837,0.0008,0.1411,0.0,0.0,0.0,0.0552,0.0734,0.9139,0.0556,0.9444,0.4999,0.5061,222.0,222.0,224.0,0.0,61.8855,9
776,25.8667,8.6181,23.9407,0.0007,0.0,0.0097,0.0,0.0,0.0,0.0552,0.0734,0.9139,0.0556,0.9444,0.4999,0.5061,222.0,222.0,224.0,0.0,61.8889,9
777,25.9,8.6083,23.9423,0.1725,0.0009,0.0531,0.0,0.0,0.0,0.0553,0.0734,0.9125,0.0556,0.9444,0.4997,0.5056,219.0,219.0,223.0,0.0,61.6977,7
778,25.9333,8.5786,23.8526,0.1312,0.001,0.2758,0.0,0.0,0.0,0.0551,0.0734,0.9124,0.0556,0.9444,0.4997,0.5068,224.0,224.0,225.0,0.0,61.5687,6
779,25.9667,8.583,23.861,0.1962,0.0015,0.9281,0.0,0.0,0.0,0.055,0.0731,0.9125,0.0556,0.9444,0.4997,0.5061,219.0,219.0,223.0,0.0,61.9629,7
780,26.0,8.5603,23.7564,0.3006,0.0023,1.7098,0.0,0.0,0.0,0.0548,0.0722,0.9125,0.0556,0.9444,0.5005,0.506,231.0,231.0,231.5,0.0,62.3209,6
781,26.0333,8.528,23.6592,0.256,0.0022,1.9716,0.0,0.0,0.0,0.0546,0.0719,0.913,0.0556,0.9444,0.5002,0.5061,226.0,226.0,228.0,0.0,61.2757,6
782,26.0667,8.4915,23.5603,0.5512,0.0041,3.14,0.0,0.0,0.0,0.0541,0.0719,0.9147,0.0556,0.9444,0.5012,0.5068,231.0,231.0,232.0,0.0,61.95,7
783,26.1,8.3785,23.1418,0.732,0.0046,5.9565,0.0,0.0,0.0,0.0538,0.0719,0.9156,0.0528,0.9444,0.4998,0.5055,235.0,235.0,236.0,0.0,60.3895,7
784,26.1333,0.8725,0.7426,7.3868,0.0432,108.0454,0.0,0.0,0.0,0.0139,0.0562,0.9422,0.05,0.9472,0.4824,0.5294,27.0,0.0,112.0,255.0,76.1675,4
785,26.1667,8.0765,22.1529,7.2386,0.0421,101.9258,0.0,0.0,0.0,0.0525,0.0719,0.9172,0.0556,0.9444,0.4987,0.5058,235.0,235.0,236.5,0.0,64.3461,8
786,26.2,0.9624,0.8271,7.081,0.0411,107.595,0.0,0.0,0.0,0.0131,0.0562,0.9436,0.0472,0.9472,0.4775,0.5285,27.0,0.0,115.0,255.0,81.3443,8
787,26.2333,6.7524,18.2547,6.0942,0.0353,93.651,0.0,0.0,0.0,0.0459,0.0688,0.9237,0.0528,0.9444,0.4967,0.5067,196.0,196.0,197.0,0.0,69.5617,8
788,26.2667,0.9173,0.8006,5.8819,0.0349,107.1549,0.0,0.0,0.0,0.0129,0.0556,0.9438,0.05,0.9472,0.4757,0.5302,27.0,0.0,111.0,255.0,83.506,7
789,26.3,6.427,17.2867,5.5344,0.0345,98.2437,0.0,0.0,0.0,0.0433,0.0672,0.9253,0.0528,0.9472,0.497,0.5084,201.0,201.0,202.0,0.0,68.3345,6
790,26.3333,0.8751,0.7041,5.4876,0.0341,105.283,0.0,0.0,0.0,0.0126,0.0548,0.9438,0.05,0.9472,0.4766,0.5325,27.0,0.0,113.0,255.0,82.236,7
791,26.3667,0.838,0.593,0.1655,0.0032,6.2767,0.0,0.0,0.0,0.0115,0.0547,0.9438,0.05,0.9472,0.4711,0.5369,24.0,0.0,98.0,255.0,86.2423,7
792,26.4,0.7761,0.3877,0.2186,0.0033,6.5069,0.0,0.0,0.0,0.0089,0.054,0.9453,0.0472,0.95,0.4696,0.5447,19.0,0.0,91.0,255.0,101.5176,6
793,26.4333,0.8437,0.3089,0.2693,0.0041,4.3814,0.0,0.0,0.0,0.006,0.0531,0.9453,0.0444,0.9972,0.4599,0.5591,93.0,93.0,93.0,0.0,149.5565,13
794,26.4667,0.6876,0.1007,0.2763,0.0025,0.1857,0.0,0.0,0.0,0.0038,0.0516,0.9469,0.0028,0.9972,0.4286,0.6141,150.0,150.0,150.0,0.0,209.9871,5
795,26.5,0.6824,0.0298,0.1892,0.0006,0.1158,0.0,0.0,0.0,0.004,0.0516,0.9469,0.0452,0.95,0.4295,0.5764,143.0,143.0,143.0,0.0,205.4294,6
796,26.5333,0.6824,0.0298,0.0005,0.0,0.0787,0.0,0.0,0.0,0.004,0.0516,0.9469,0.0452,0.95,0.4289,0.577,143.5,143.5,143.5,0.0,205.7214,6
797,26.5667,0.663,0.0004,0.1114,0.0006,0.132,0.0,0.0,0.0,0.0039,0.0516,0.9469,0.0472,0.9972,0.429,0.6028,146.0,146.0,146.0,0.0,209.3038,5
798,26.6,0.659,0.0005,0.0788,0.0005,0.1724,0.0,0.0,0.0,0.0039,0.0516,0.9469,0.0472,0.9972,0.4305,0.6047,146.0,146.0,146.0,0.0,207.4994,4
799,26.6333,0.6584,0.0419,0.0831,0.0005,0.1935,0.0,0.0,0.0,0.0038,0.0516,0.9469,0.0472,0.9972,0.4304,0.6172,147.0,147.0,147.0,0.0,209.2034,4
800,26.6667,0.7187,0.0997,0.131,0.0008,0.2033,0.0,0.0,0.0,0.0042,0.0516,0.9469,0.0472,0.9953,0.4337,0.5674,138.0,138.0,138.0,0.0,203.2404,5
801,26.7,0.7187,0.0997,0.0005,0.0,0.0855,0.0,0.0,0.0,0.0042,0.0516,0.9469,0.0472,0.9953,0.4337,0.5674,138.0,138.0,138.0,0.0,203.2477,5
802,26.7333,0.6766,0.015,0.1507,0.0007,0.1615,0.0,0.0,0.0,0.0038,0.0516,0.9469,0.0472,0.95,0.4268,0.6012,150.0,150.0,150.0,0.0,209.2489,4
803,26.7667,0.6326,0.0079,0.0878,0.0002,0.1002,0.0,0.0,0.0,0.0037,0.0516,0.9469,0.0472,0.95,0.4263,0.6077,152.0,152.0,152.0,0.0,210.0116,3
804,26.8,0.7508,0.014,0.1652,0.0005,0.1181,0.0,0.0,0.0,0.0041,0.0516,0.9469,0.0472,0.9806,0.4318,0.6014,140.0,140.0,140.0,0.0,204.5861,8
805,26.8333,0.6451,0.0153,0.1743,0.0006,0.1193,0.0,0.0,0.0,0.0037,0.0516,0.9469,0.0472,0.95,0.4275,0.6061,151.0,151.0,151.0,0.0,209.0789,5
806,26.8667,0.6452,0.0155,0.0007,0.0,0.1054,0.0,0.0,0.0,0.0037,0.0516,0.9469,0.0472,0.95,0.4281,0.6055,151.0,151.0,151.0,0.0,209.1553,5
807,26.9,0.6711,0.008,0.1009,0.0004,0.0896,0.0,0.0,0.0,0.0039,0.0516,0.9469,0.0472,0.95,0.4298,0.6118,147.0,147.0,147.0,0.0,207.1209,7
808,26.9333,0.6388,0.0024,0.0917,0.0003,0.1844,0.0,0.0,0.0,0.0038,0.0516,0.9469,0.0464,0.95,0.429,0.6188,150.0,150.0,150.0,0.0,206.8429,5
809,26.9667,0.6359,0.0059,0.0572,0.0002,0.2242,0.0,0.0,0.0,0.0038,0.0516,0.9469,0.0472,0.95,0.4287,0.6177,150.0,150.0,150.0,0.0,206.653,6
810,27.0,0.6424,0.0061,0.0613,0.0003,0.2974,0.0,0.0,0.0,0.0039,0.0516,0.9469,0.0472,0.95,0.4318,0.6242,146.0,146.0,146.0,0.0,204.2925,4
811,27.0333,0.6436,0.0096,0.0029,0.0,0.5401,0.0,0.0,0.0,0.0039,0.0516,0.9469,0.0472,0.95,0.4325,0.6233,146.0,146.0,150.0,0.0,203.9194,4
812,27.0667,0.6843,0.0156,0.0955,0.0005,0.6987,0.0,0.0,0.0,0.004,0.0516,0.9469,0.0009,0.95,0.4328,0.6116,143.0,143.0,150.0,0.0,202.1734,7
813,27.1,0.6986,0.0243,0.1295,0.0006,0.7394,0.0,0.0,0.0,0.0042,0.0516,0.9469,0.0444,0.95,0.4352,0.6266,140.0,140.0,149.0,0.0,200.1626,5
814,27.1333,0.677,0.0388,0.1181,0.0007,0.7812,0.0,0.0,0.0,0.0041,0.0516,0.9469,0.0,0.95,0.4349,0.6013,140.0,140.0,150.5,0.0,195.5689,6
815,27.1667,0.6764,0.0635,0.1048,0.0008,1.8655,0.0,0.0,0.0,0.0045,0.0522,0.9469,0.0472,0.95,0.4399,0.6101,131.0,131.0,151.0,0.0,182.0007,4
816,27.2,0.6894,0.1023,0.0313,0.0007,2.4024,0.0,0.0,0.0,0.005,0.0531,0.9461,0.0472,0.9486,0.4461,0.5994,122.0,117.5,147.0,0.0,166.7042,4
817,27.2333,0.6975,0.1649,0.1354,0.0016,3.6065,0.0,0.0,0.0,0.0058,0.0531,0.9453,0.0472,0.9472,0.4544,0.5811,102.0,102.0,146.0,0.0,145.6098,5
818,27.2667,0.8057,0.2854,0.2525,0.0026,7.5434,0.0,0.0,0.0,0.007,0.0531,0.9453,0.0472,0.9472,0.4612,0.5771,64.0,64.0,136.0,0.0,135.5414,7
819,27.3,0.79,0.3963,0.3554,0.0041,10.0622,0.0,0.0,0.0,0.0081,0.0531,0.9453,0.0472,0.9472,0.4714,0.5573,35.0,0.0,136.0,0.0,120.4716,4
820,27.3333,0.8862,0.5462,0.4254,0.0048,12.5086,0.0,0.0,0.0,0.0092,0.0547,0.9453,0.0472,0.9472,0.4757,0.5557,35.0,0.0,133.5,0.0,113.1838,10
821,27.3667,0.942,0.7131,0.3125,0.0053,13.2095,0.0,0.0,0.0,0.0101,0.0547,0.9448,0.05,0.9472,0.4782,0.5503,33.0,0.0,129.5,0.0,111.1835,10
822,27.4,0.9642,0.9197,0.5061,0.0059,18.0614,0.0,0.0,0.0,0.0116,0.0547,0.9438,0.05,0.9472,0.4801,0.5427,34.0,0.0,136.0,244.5,106.0724,4
823,27.4333,1.0875,1.3104,0.5241,0.006,22.4086,0.0,0.0,0.0,0.0128,0.0556,0.9438,0.05,0.9472,0.4826,0.537,32.0,0.0,127.0,134.0,102.6291,6
824,27.4667,1.4574,2.4553,0.7458,0.0061,35.7731,0.0,0.0,0.0,0.0148,0.0562,0.9422,0.05,0.9472,0.4856,0.5303,33.0,0.0,130.0,4.0,101.508,5
825,27.5,2.011,4.1057,1.0353,0.0058,47.5075,0.0,0.0,0.0,0.0183,0.0578,0.9406,0.05,0.9472,0.4874,0.5259,40.0,1.0,137.0,2.0,98.02,4
826,27.5333,2.3304,5.0632,0.8732,0.0032,39.871,0.0,0.0,0.0,0.0199,0.0593,0.9406,0.05,0.9472,0.4892,0.5237,53.5,30.0,148.0,0.0,95.4761,4
827,27.5667,2.5653,5.7061,0.7382,0.0028,29.5207,0.0,0.0,0.0,0.0212,0.0594,0.9391,0.05,0.9472,0.4888,0.5244,83.0,77.0,146.0,0.0,89.2662,4
828,27.6,2.7131,6.1739,0.6028,0.0025,21.5887,0.0,0.0,0.0,0.0215,0.0594,0.9391,0.05,0.9472,0.4885,0.5218,91.0,86.0,151.0,0.0,90.768,4
829,27.6333,2.8393,6.5548,0.4985,0.0022,16.0645,0.0,0.0,0.0,0.0221,0.0594,0.9391,0.05,0.9472,0.4886,0.5209,108.0,97.0,152.0,0.0,87.8533,4
830,27.6667,2.9472,6.8567,0.4216,0.0018,13.4057,0.0,0.0,0.0,0.0228,0.0594,0.9375,0.05,0.9472,0.489,0.5218,113.0,105.0,150.0,0.0,85.6475,5
831,27.7,3.0278,7.0983,0.2795,0.0011,9.9251,0.0,0.0,0.0,0.0229,0.0594,0.9375,0.05,0.9472,0.4888,0.5217,116.0,112.0,150.0,0.0,87.261,5
832,27.7333,3.1368,7.3507,0.3715,0.0017,7.8288,0.0,0.0,0.0,0.0234,0.0594,0.9375,0.05,0.95,0.4892,0.5226,119.0,115.0,145.0,0.0,88.7633,10
833,27.7667,3.1598,7.4807,0.3221,0.0014,6.3564,0.0,0.0,0.0,0.0235,0.0594,0.9375,0.05,0.9499,0.4894,0.5209,120.0,115.0,146.0,0.0,88.0301,6
834,27.8,3.2212,7.6296,0.2836,0.0015,4.6177,0.0,0.0,0.0,0.0236,0.0601,0.9375,0.05,0.9472,0.4894,0.5218,119.0,113.0,146.0,0.0,87.9525,8
835,27.8333,3.3106,7.8005,0.3109,0.0018,3.752,0.0,0.0,0.0,0.0241,0.0609,0.9366,0.05,0.9472,0.4888,0.5252,119.0,113.0,141.0,0.0,87.8259,7
836,27.8667,3.345,7.9037,0.1202,0.0008,3.4208,0.0,0.0,0.0,0.0244,0.0609,0.9359,0.05,0.9472,0.4894,0.5248,129.0,124.0,146.0,0.0,88.0177,7
837,27.9,3.3647,7.9979,0.3241,0.0019,3.6278,0.0,0.0,0.0,0.0245,0.0609,0.9359,0.05,0.9472,0.4902,0.5223,133.0,127.0,153.0,0.0,86.6899,8
838,27.9333,3.4376,8.0632,0.3733,0.0019,4.0587,0.0,0.0,0.0,0.0248,0.0609,0.9359,0.05,0.9472,0.4906,0.5226,132.0,129.0,155.0,0.0,87.2771,16
839,27.9667,3.5092,8.1777,0.4749,0.0025,4.5695,0.0,0.0,0.0,0.0253,0.0609,0.9359,0.05,0.9472,0.4905,0.5261,129.0,124.0,153.0,0.0,87.8837,12
840,28.0,3.3612,8.1493,0.4046,0.0023,4.5078,0.0,0.0,0.0,0.0246,0.0609,0.9359,0.05,0.9472,0.4902,0.5184,136.0,123.0,171.0,0.0,80.8459,5
841,28.0333,3.3864,8.2246,0.21,0.0015,4.9874,0.0,0.0,0.0,0.025,0.0609,0.9359,0.05,0.9472,0.4906,0.5189,131.0,123.0,176.0,0.0,81.8171,5
842,28.0667,3.5302,8.3064,0.4331,0.0025,5.8729,0.0,0.0,0.0,0.0254,0.0609,0.9359,0.05,0.9472,0.491,0.5249,118.5,113.0,176.0,0.0,80.7831,11
843,28.1,3.5665,8.4332,0.6157,0.0033,6.9598,0.0,0.0,0.0,0.0259,0.0609,0.9359,0.05,0.95,0.4913,0.5265,115.0,112.0,172.0,0.0,83.3161,11
844,28.1333,3.5303,8.3484,0.6661,0.0035,10.5735,0.0,0.0,0.0,0.0258,0.0609,0.9359,0.05,0.9861,0.4903,0.53,112.0,108.0,168.0,0.0,81.8002,6
845,28.1667,3.4714,8.3443,0.6886,0.0037,12.9672,0.0,0.0,0.0,0.0255,0.0609,0.9359,0.05,0.9472,0.4905,0.5249,118.0,115.0,168.0,0.0,83.0622,6
846,28.2,3.4707,8.3423,0.6179,0.0032,17.3832,0.0,0.0,0.0,0.0254,0.0609,0.9359,0.05,0.9472,0.4909,0.527,117.0,113.0,166.0,0.0,85.382,6
847,28.2333,3.5389,8.3874,1.0003,0.0049,22.8287,0.0,0.0,0.0,0.0256,0.0609,0.9359,0.05,0.9472,0.4908,0.5332,110.0,108.0,157.0,0.0,86.3443,10
848,28.2667,3.526,8.4275,1.1616,0.0051,29.3681,0.0,0.0,0.0,0.0261,0.0609,0.9359,0.05,0.9472,0.492,0.5303,110.0,108.0,159.0,0.0,86.2245,13
849,28.3,3.4851,8.4274,1.2985,0.0055,38.8283,0.0,0.0,0.0,0.0259,0.0609,0.9359,0.05,0.9472,0.4903,0.537,110.0,105.0,161.0,0.0,83.6072,6
850,28.3333,3.5689,8.4917,1.5367,0.0061,49.5601,0.0,0.0,0.0,0.0267,0.0609,0.9359,0.05,0.9472,0.4915,0.5402,102.0,97.0,153.0,0.0,86.2434,8
851,28.3667,3.5875,8.5474,1.7016,0.0068,60.6339,0.0,0.0,0.0,0.0276,0.0609,0.9344,0.05,0.9472,0.4916,0.5445,82.0,79.0,157.0,0.0,82.3483,8
852,28.4,3.6657,8.6419,2.5608,0.01,82.2839,0.0,0.0,0.0,0.0288,0.0625,0.9344,0.05,0.9472,0.4928,0.5497,61.0,58.0,146.0,0.0,81.3841,12
853,28.4333,3.5456,8.651,3.3477,0.0124,98.7416,0.0,0.0,0.0,0.0307,0.0625,0.9344,0.0528,0.9472,0.4931,0.5626,35.0,1.0,131.0,0.0,75.1336,5
854,28.4667,3.6237,8.819,4.3273,0.0206,84.6631,0.0,0.0,0.0,0.0366,0.0641,0.9312,0.0528,0.9472,0.4937,0.5828,27.0,0.0,105.0,0.0,65.9488,6
855,28.5,3.6026,8.7692,6.0906,0.0477,25.6637,0.0,0.0,0.0,0.0362,0.0641,0.932,0.0528,0.9472,0.4912,0.4797,26.0,0.0,111.0,0.0,65.6954,7
856,28.5333,3.6045,8.7747,3.7988,0.0262,79.6286,0.0,0.0,0.0,0.0367,0.0641,0.9318,0.0528,0.9472,0.4926,0.4952,27.0,0.0,109.0,0.0,67.9144,8
857,28.5667,3.6493,8.9069,3.3288,0.0261,83.26,0.0,0.0,0.0,0.0346,0.0641,0.9328,0.0528,0.9472,0.4942,0.5041,28.0,0.0,113.0,0.0,70.0182,13
858,28.6,3.557,8.7057,2.7025,0.0207,59.8591,0.0,0.0,0.0,0.0334,0.0641,0.9328,0.0528,0.9472,0.4905,0.4848,28.0,0.0,113.0,0.0,67.2867,5
859,28.6333,3.6385,8.7035,2.2428,0.0174,49.1191,0.0,0.0,0.0,0.0322,0.0625,0.9328,0.0528,0.9472,0.4913,0.4967,32.0,0.0,117.0,0.0,70.8503,9
860,28.6667,3.5857,8.6011,1.9929,0.0167,37.1628,0.0,0.0,0.0,0.0316,0.0625,0.9344,0.0528,0.9472,0.4903,0.5119,32.0,0.0,118.0,0.0,72.0089,6
861,28.7,3.5683,8.5489,1.5113,0.0138,32.0152,0.0,0.0,0.0,0.0309,0.0625,0.9344,0.0528,0.9472,0.4868,0.485,33.0,1.0,122.0,0.0,72.7074,5
862,28.7333,3.5489,8.4543,1.3759,0.0102,27.7631,0.0,0.0,0.0,0.0297,0.0625,0.9344,0.0528,0.9472,0.4876,0.4929,37.0,5.0,126.0,0.0,76.5796,7
863,28.7667,3.516,8.3902,1.1571,0.0079,24.97,0.0,0.0,0.0,0.0283,0.0614,0.9344,0.0528,0.9472,0.4875,0.4972,41.0,26.0,131.0,0.0,82.3869,8
864,28.8,3.5347,8.3505,1.0241,0.0065,21.9995,0.0,0.0,0.0,0.0284,0.0615,0.9344,0.0528,0.9472,0.4873,0.5054,55.0,47.0,127.0,0.0,82.3778,7
865,28.8333,3.4274,8.3282,0.8618,0.0053,19.1079,0.0,0.0,0.0,0.0268,0.0609,0.9344,0.05,0.9472,0.4864,0.5038,83.5,80.0,141.0,0.0,80.8667,5
866,28.8667,3.4282,8.3307,0.5847,0.004,15.2631,0.0,0.0,0.0,0.0259,0.0609,0.9359,0.05,0.9472,0.4866,0.5071,109.0,105.0,150.0,0.0,78.9598,5
867,28.9,3.4577,8.3462,0.6178,0.0038,13.8658,0.0,0.0,0.0,0.026,0.0609,0.9359,0.05,0.9472,0.4855,0.5092,105.0,103.0,158.0,0.0,85.9877,6
868,28.9333,3.4084,8.3514,0.5182,0.0034,11.6719,0.0,0.0,0.0,0.0253,0.0609,0.9359,0.05,0.9472,0.4856,0.51,118.5,115.0,155.0,0.0,78.4787,4
869,28.9667,3.4592,8.3713,0.4374,0.003,9.2969,0.0,0.0,0.0,0.0263,0.0609,0.9359,0.05,0.9472,0.4862,0.513,108.0,102.0,155.0,0.0,81.6155,5
870,29.0,3.4287,8.3829,0.4072,0.0026,9.1668,0.0,0.0,0.0,0.0261,0.0609,0.9357,0.05,0.9472,0.486,0.5105,111.0,109.0,172.0,0.0,81.7239,5
871,29.0333,3.4462,8.4353,0.2524,0.0017,7.3633,0.0,0.0,0.0,0.0263,0.0609,0.9349,0.05,0.9472,0.4862,0.5115,119.0,113.0,154.0,0.0,77.6533,5
872,29.0667,3.4668,8.493,0.2391,0.0017,5.4375,0.0,0.0,0.0,0.0263,0.0609,0.9351,0.05,0.9472,0.4873,0.5125,126.0,118.0,157.0,0.0,75.381,5
873,29.1,3.5028,8.5999,0.2554,0.0015,6.0269,0.0,0.0,0.0,0.0263,0.0609,0.9359,0.05,0.9472,0.4872,0.5119,129.0,122.0,176.0,0.0,76.9092,4
874,29.1333,3.5278,8.6675,0.2509,0.0014,5.2675,0.0,0.0,0.0,0.0263,0.0609,0.9359,0.05,0.9472,0.487,0.5151,134.0,127.0,168.0,0.0,77.9973,5
875,29.1667,3.5655,8.7829,0.26,0.0016,6.0379,0.0,0.0,0.0,0.0266,0.0609,0.9356,0.05,0.9472,0.4868,0.5149,139.0,133.0,164.0,0.0,78.6061,4
876,29.2,3.6222,8.9526,0.2621,0.0016,7.2128,0.0,0.0,0.0,0.0266,0.0609,0.9357,0.05,0.9472,0.4871,0.5151,143.0,137.5,167.5,0.0,78.8845,4
877,29.2333,3.7098,9.1706,0.3716,0.002,7.9907,0.0,0.0,0.0,0.027,0.0609,0.9344,0.05,0.9472,0.4871,0.5139,138.0,133.0,169.0,0.0,77.6964,6
878,29.2667,3.7766,9.4639,0.437,0.0023,9.5639,0.0,0.0,0.0,0.0272,0.0609,0.9344,0.05,0.9472,0.487,0.5131,137.0,133.0,168.0,0.0,74.6779,4
879,29.3,3.871,9.7838,0.4974,0.0026,12.0579,0.0,0.0,0.0,0.0281,0.0609,0.9344,0.0528,0.9472,0.4877,0.5129,150.0,145.0,169.0,0.0,74.6021,3
880,29.3333,4.0761,10.2382,0.6438,0.0029,16.0526,0.0,0.0,0.0,0.0295,0.0625,0.9344,0.0528,0.9472,0.4872,0.5123,151.0,147.0,168.0,0.0,76.3038,7
881,29.3667,4.2601,10.7894,0.7539,0.0034,20.276,0.0,0.0,0.0,0.0305,0.0625,0.9344,0.0528,0.9472,0.4876,0.5113,147.0,144.0,173.0,0.0,75.142,7
882,29.4,4.5259,11.5715,1.1461,0.0047,26.8638,0.0,0.0,0.0,0.032,0.0625,0.9344,0.05,0.9472,0.4882,0.5084,159.5,155.0,173.0,0.0,71.7619,5
883,29.4333,4.8867,12.6518,1.5513,0.0059,36.1989,0.0,0.0,0.0,0.0347,0.0641,0.9328,0.0528,0.9472,0.4895,0.5093,158.0,158.0,179.0,0.0,70.5981,9
884,29.4667,5.5566,14.496,2.4492,0.008,53.659,0.0,0.0,0.0,0.0387,0.0656,0.9312,0.0528,0.9472,0.489,0.5044,169.0,167.0,193.0,0.0,66.3667,7
885,29.5,1.0365,0.849,4.7839,0.024,118.5592,0.0,0.0,0.0,0.0173,0.0575,0.9409,0.05,0.9472,0.4799,0.5226,26.0,0.0,109.0,255.0,68.9602,8
886,29.5333,1.0514,0.8938,0.461,0.0089,8.9295,0.0,0.0,0.0,0.0171,0.0569,0.9406,0.05,0.9472,0.4757,0.5239,26.0,0.0,109.0,255.0,69.5948,8
887,29.5667,0.9708,0.9735,0.8557,0.0126,11.4351,0.0,0.0,0.0,0.0184,0.0578,0.9406,0.05,0.9472,0.4769,0.5212,24.0,0.0,107.0,255.0,63.8464,7
888,29.6,0.8572,0.4807,0.7354,0.0143,10.1672,0.0,0.0,0.0,0.0097,0.0547,0.9438,0.0472,0.9472,0.4722,0.5479,31.0,0.0,113.0,251.0,104.8459,8
889,29.6333,0.8551,0.5358,0.555,0.0074,6.3873,0.0,0.0,0.0,0.0097,0.0547,0.9438,0.0472,0.9472,0.4701,0.5462,31.0,0.0,117.0,252.0,103.8891,8
890,29.6667,0.9569,0.6817,0.7547,0.0099,4.8144,0.0,0.0,0.0,0.0107,0.0547,0.9438,0.0472,0.9472,0.4712,0.5443,31.0,0.0,112.0,250.0,101.2422,11
891,29.7,0.9775,0.7433,0.6203,0.011,3.568,0.0,0.0,0.0,0.0117,0.0547,0.9438,0.0472,0.9472,0.4731,0.5402,31.0,0.0,115.0,255.0,96.0846,11
892,29.7333,2.1806,4.551,2.0216,0.0165,44.7278,0.0,0.0,0.0,0.0159,0.0562,0.9422,0.05,0.9472,0.477,0.5248,115.0,115.0,115.0,0.0,115.4004,8
893,29.7667,2.5677,5.6136,1.6851,0.0059,72.2715,0.0,0.0,0.0,0.0188,0.0578,0.9406,0.05,0.9472,0.4789,0.52,117.0,117.0,118.0,0.0,105.2306,10
894,29.8,2.8216,6.429,1.4574,0.0053,53.4151,0.0,0.0,0.0,0.0209,0.0594,0.939,0.05,0.9472,0.4791,0.5175,118.0,118.0,122.0,0.0,96.882,8
895,29.8333,2.9755,7.0188,1.1467,0.0043,39.9127,0.0,0.0,0.0,0.0221,0.0594,0.9375,0.05,0.9472,0.4788,0.5173,127.0,127.0,127.0,0.0,96.5098,5
896,29.8667,3.1305,7.4836,0.8132,0.0034,28.7477,0.0,0.0,0.0,0.0228,0.0594,0.9359,0.05,0.9472,0.4799,0.5168,119.0,119.0,123.0,0.0,91.1125,5
897,29.9,3.2272,7.7892,0.7555,0.0037,19.8755,0.0,0.0,0.0,0.0234,0.0594,0.9359,0.05,0.9472,0.4792,0.5167,134.0,134.0,134.0,0.0,87.5372,4
898,29.9333,3.3257,8.1313,0.6083,0.0032,15.4341,0.0,0.0,0.0,0.0246,0.0609,0.9359,0.05,0.9472,0.4795,0.5157,141.0,141.0,144.0,0.0,86.5347,4
899,29.9667,3.4208,8.4152,0.5216,0.0025,12.9463,0.0,0.0,0.0,0.0253,0.0609,0.9359,0.05,0.9472,0.4795,0.5154,136.0,136.0,137.0,0.0,88.0779,4
900,30.0,3.5285,8.6666,0.4894,0.0028,10.2344,0.0,0.0,0.0,0.0257,0.0609,0.9357,0.05,0.9472,0.4799,0.5143,133.0,133.0,134.0,0.0,86.9145,6
901,30.0333,3.5901,8.8511,0.3293,0.0021,7.0604,0.0,0.0,0.0,0.0259,0.0609,0.9351,0.05,0.9472,0.4799,0.514,134.0,134.0,136.0,0.0,86.6036,5
902,30.0667,3.6206,8.9661,0.3909,0.0024,5.6002,0.0,0.0,0.0,0.0261,0.0609,0.9359,0.05,0.9472,0.4798,0.5136,135.0,135.0,136.0,0.0,84.6678,5
903,30.1,3.6258,9.0223,0.3001,0.002,4.1113,0.0,0.0,0.0,0.0263,0.0609,0.9359,0.05,0.9472,0.4814,0.5136,136.0,136.0,136.0,0.0,83.0088,4
904,30.1333,3.6752,9.1323,0.2333,0.002,3.4693,0.0,0.0,0.0,0.0264,0.0609,0.9348,0.05,0.9472,0.4811,0.5132,134.0,134.0,137.0,0.0,80.7836,4
905,30.1667,3.697,9.2466,0.204,0.0016,2.5684,0.0,0.0,0.0,0.0266,0.0609,0.9355,0.05,0.9472,0.4807,0.5143,138.0,137.0,141.0,0.0,79.3704,4
906,30.2,3.7187,9.3118,0.1259,0.0014,1.9513,0.0,0.0,0.0,0.0269,0.0609,0.9359,0.05,0.9472,0.4802,0.5143,145.0,144.0,146.0,0.0,79.5035,4
907,30.2333,3.8231,9.3892,0.2151,0.0016,1.7996,0.0,0.0,0.0,0.0275,0.0609,0.9344,0.0511,0.9472,0.4807,0.5098,140.0,140.0,141.0,0.0,81.8257,7
908,30.2667,3.7872,9.3918,0.214,0.0013,1.535,0.0,0.0,0.0,0.0274,0.0609,0.9344,0.05,0.9472,0.4803,0.5118,146.0,146.0,146.0,0.0,81.3928,7
909,30.3,3.8804,9.5397,0.217,0.0014,1.3964,0.0,0.0,0.0,0.0278,0.0609,0.9344,0.0528,0.9472,0.4794,0.5091,133.0,133.0,134.0,0.0,83.0102,9
910,30.3333,3.8364,9.4676,0.2117,0.0013,1.0443,0.0,0.0,0.0,0.0278,0.0609,0.9344,0.0527,0.9472,0.48,0.5102,134.0,134.0,136.0,0.0,81.5446,7
911,30.3667,3.8366,9.4682,0.0095,0.0001,0.225,0.0,0.0,0.0,0.0278,0.0609,0.9344,0.0526,0.9472,0.4801,0.5101,136.0,136.0,136.0,0.0,81.3724,7
912,30.4,3.8296,9.4551,0.1489,0.0009,0.1616,0.0,0.0,0.0,0.0277,0.0609,0.9344,0.05,0.9472,0.48,0.5152,137.0,137.0,137.0,0.0,81.3465,6
913,30.4333,3.8319,9.4905,0.1525,0.0008,0.2027,0.0,0.0,0.0,0.0275,0.0609,0.9344,0.05,0.9472,0.4797,0.5121,140.0,140.0,141.0,0.0,81.1275,8
914,30.4667,3.8416,9.4549,0.1631,0.0007,0.1858,0.0,0.0,0.0,0.0277,0.0609,0.9344,0.0521,0.9472,0.4799,0.5117,137.0,137.0,137.0,0.0,81.4338,6
915,30.5,3.8264,9.5168,0.1513,0.0007,0.2058,0.0,0.0,0.0,0.0275,0.0609,0.9344,0.0508,0.9472,0.4796,0.5136,143.0,143.0,143.0,0.0,81.3038,6
916,30.5333,3.8264,9.5169,0.001,0.0,0.0192,0.0,0.0,0.0,0.0275,0.0609,0.9344,0.0508,0.9472,0.4796,0.5136,143.0,143.0,143.0,0.0,81.2921,6
917,30.5667,3.8212,9.4807,0.1408,0.0006,0.1588,0.0,0.0,0.0,0.0276,0.0609,0.9344,0.0518,0.9472,0.4799,0.512,138.0,138.0,139.0,0.0,81.0517,6
918,30.6,3.8,9.4239,0.114,0.0005,0.0779,0.0,0.0,0.0,0.0276,0.0609,0.9344,0.0517,0.9472,0.4799,0.5118,139.0,139.0,140.0,0.0,80.8884,5
919,30.6333,3.8782,9.4643,0.1577,0.0007,0.0838,0.0,0.0,0.0,0.0279,0.0609,0.9344,0.0528,0.9472,0.4809,0.5103,133.0,133.0,133.0,0.0,81.9991,8
920,30.6667,3.8415,9.456,0.1885,0.0009,0.0614,0.0,0.0,0.0,0.0278,0.0609,0.9344,0.0528,0.9472,0.4802,0.5119,134.0,134.0,135.0,0.0,81.4459,7
921,30.7,3.8415,9.456,0.0007,0.0,0.0147,0.0,0.0,0.0,0.0278,0.0609,0.9344,0.0528,0.9472,0.4801,0.5119,134.0,134.0,134.0,0.0,81.4666,7
922,30.7333,3.8181,9.4559,0.1455,0.0006,0.0279,0.0,0.0,0.0,0.0276,0.0609,0.9349,0.0518,0.9472,0.48,0.5128,138.0,138.0,139.0,0.0,80.9406,9
923,30.7667,3.8507,9.4783,0.1595,0.0006,0.0502,0.0,0.0,0.0,0.0278,0.0609,0.9344,0.0528,0.9472,0.4803,0.5145,134.0,134.0,136.0,0.0,81.5123,8
924,30.8,3.8486,9.4666,0.1672,0.0008,0.1012,0.0,0.0,0.0,0.0278,0.0609,0.9344,0.0528,0.9472,0.48,0.513,134.0,134.0,134.0,0.0,81.4537,8
925,30.8333,3.823,9.4499,0.1448,0.0007,0.0221,0.0,0.0,0.0,0.0277,0.0609,0.9348,0.052,0.9472,0.4798,0.5136,138.0,138.0,138.0,0.0,80.9347,8
926,30.8667,3.823,9.45,0.0006,0.0,0.0143,0.0,0.0,0.0,0.0277,0.0609,0.9348,0.052,0.9472,0.4798,0.5136,138.0,138.0,138.5,0.0,80.9228,8
927,30.9,3.8141,9.516,0.1294,0.0005,0.0138,0.0,0.0,0.0,0.0276,0.0609,0.935,0.0517,0.9472,0.4795,0.5123,139.0,139.0,140.0,0.0,80.8528,7
928,30.9333,3.846,9.5744,0.1368,0.0007,0.031,0.0,0.0,0.0,0.0279,0.0609,0.9344,0.0528,0.9472,0.4797,0.5119,133.0,133.0,133.0,0.0,81.6869,8
929,30.9667,3.8164,9.4676,0.142,0.0008,0.0272,0.0,0.0,0.0,0.0276,0.0609,0.9349,0.0519,0.9472,0.4795,0.5117,138.0,138.0,138.5,0.0,81.0249,6
930,31.0,3.8388,9.4354,0.1356,0.0006,0.0363,0.0,0.0,0.0,0.0278,0.0609,0.9344,0.0527,0.9472,0.4795,0.514,137.0,137.0,137.0,0.0,81.3351,7
931,31.0333,3.8389,9.4354,0.0006,0.0,0.0172,0.0,0.0,0.0,0.0278,0.0609,0.9359,0.0528,0.9472,0.4796,0.5139,137.0,137.0,137.0,0.0,81.3322,7
932,31.0667,3.8116,9.4427,0.1292,0.0006,0.0358,0.0,0.0,0.0,0.0277,0.0609,0.9359,0.05,0.9472,0.4794,0.5115,138.0,138.0,139.0,0.0,81.0102,6
933,31.1,3.9015,9.6274,0.192,0.0008,0.0214,0.0,0.0,0.0,0.028,0.0609,0.9353,0.05,0.9472,0.4797,0.5133,131.0,131.0,131.0,0.0,82.0071,13
934,31.1333,3.8923,9.4952,0.2649,0.0012,0.0297,0.0,0.0,0.0,0.028,0.0609,0.935,0.05,0.9472,0.4794,0.5085,131.0,131.0,131.0,0.0,82.069,10
935,31.1667,3.8424,9.5261,0.2071,0.0009,0.0287,0.0,0.0,0.0,0.0277,0.0609,0.9359,0.05,0.9472,0.4796,0.5122,137.0,137.0,137.0,0.0,81.2523,10
936,31.2,3.8424,9.5262,0.0005,0.0,0.011,0.0,0.0,0.0,0.0277,0.0609,0.9359,0.05,0.9472,0.4797,0.5121,137.0,137.0,137.0,0.0,81.2344,10
937,31.2333,3.8699,9.5307,0.1874,0.0008,0.0491,0.0,0.0,0.0,0.0278,0.0609,0.9357,0.05,0.9472,0.4794,0.5085,133.5,133.5,134.0,0.0,81.7758,7
938,31.2667,3.8902,9.4922,0.2327,0.0009,0.0484,0.0,0.0,0.0,0.0279,0.0609,0.9356,0.05,0.9472,0.4798,0.5108,133.0,133.0,133.5,0.0,81.541,8
939,31.3,3.8293,9.4492,0.1819,0.0007,0.0443,0.0,0.0,0.0,0.0277,0.0609,0.9359,0.0521,0.9472,0.4798,0.5112,137.0,137.0,138.0,0.0,80.9484,7
940,31.3333,3.8646,9.507,0.1559,0.0007,0.0834,0.0,0.0,0.0,0.0278,0.0609,0.9359,0.05,0.9472,0.4796,0.51,136.0,136.0,136.0,0.0,81.4513,5
941,31.3667,3.8646,9.5068,0.0009,0.0,0.0192,0.0,0.0,0.0,0.0278,0.0609,0.9359,0.05,0.9472,0.4796,0.51,136.0,136.0,136.0,0.0,81.4499,5
942,31.4,4.0166,9.7751,0.5038,0.0031,3.1684,0.0,0.0,0.0,0.0286,0.0625,0.9344,0.05,0.9472,0.4807,0.5043,124.0,123.5,127.0,0.0,83.4943,11
943,31.4333,3.9783,9.8325,0.6641,0.0038,8.3373,0.0,0.0,0.0,0.029,0.0625,0.9344,0.05,0.9472,0.4797,0.5064,141.0,141.0,143.0,0.0,82.191,10
944,31.4667,4.0813,10.2396,0.677,0.0032,10.9745,0.0,0.0,0.0,0.0297,0.0625,0.9344,0.05,0.9472,0.4795,0.509,144.0,144.0,145.0,0.0,84.5299,12
945,31.5,0.8702,0.5433,3.3427,0.0216,86.7875,0.0,0.0,0.0,0.0098,0.0547,0.9453,0.0472,0.9472,0.46,0.5271,34.0,0.0,122.0,251.0,106.886,7
946,31.5333,4.2511,10.6781,3.2914,0.0217,89.9361,0.0,0.0,0.0,0.0304,0.0625,0.9344,0.05,0.9472,0.4791,0.5066,144.0,144.0,144.0,0.0,81.9838,7
947,31.5667,0.7834,0.4827,3.471,0.0224,93.3516,0.0,0.0,0.0,0.0103,0.0547,0.9441,0.05,0.9472,0.4576,0.5415,28.0,0.0,113.0,252.0,93.1164,4
948,31.6,4.4155,11.2299,3.5918,0.0226,98.9843,0.0,0.0,0.0,0.0314,0.0625,0.9344,0.0528,0.9472,0.4794,0.5087,153.0,153.0,157.0,0.0,75.6355,4
949,31.6333,0.8785,0.6403,3.706,0.0243,83.7773,0.0,0.0,0.0,0.0106,0.0547,0.9438,0.0472,0.9472,0.4608,0.5338,30.0,0.0,117.0,252.0,97.5987,9
950,31.6667,4.6896,12.0324,3.9383,0.0255,96.5441,0.0,0.0,0.0,0.0337,0.0641,0.9328,0.0528,0.9472,0.4797,0.5096,162.0,162.0,164.0,0.0,78.3704,9
951,31.7,0.871,0.5853,3.7695,0.025,84.059,0.0,0.0,0.0,0.0104,0.0547,0.9439,0.0472,0.9472,0.4625,0.537,32.0,0.0,119.0,252.0,100.0866,11
952,31.7333,0.8507,0.5747,0.4286,0.0055,7.0884,0.0,0.0,0.0,0.0099,0.0547,0.9453,0.0472,0.9472,0.4616,0.5428,28.0,0.0,111.0,250.0,100.5595,11
953,31.7667,0.8396,0.6338,0.4036,0.0058,6.7714,0.0,0.0,0.0,0.0102,0.0547,0.9446,0.0472,0.9472,0.4606,0.5449,23.0,0.0,96.0,255.0,96.7417,6
954,31.8,0.7927,0.4728,0.3096,0.0064,4.4057,0.0,0.0,0.0,0.0088,0.0534,0.9453,0.0472,0.9472,0.4655,0.5469,20.0,0.0,84.0,251.0,105.0507,5
955,31.8333,0.7778,0.3335,0.2908,0.0044,1.8413,0.0,0.0,0.0,0.007,0.0531,0.9453,0.0083,0.9472,0.459,0.5439,26.0,5.0,94.0,0.0,126.6924,6
956,31.8667,0.7581,0.2741,0.1193,0.0017,1.5594,0.0,0.0,0.0,0.0058,0.0531,0.9453,0.0083,0.949,0.4486,0.5542,100.0,100.0,101.0,0.0,149.0679,13
957,31.9,0.6842,0.1624,0.2162,0.0022,0.3425,0.0,0.0,0.0,0.0039,0.0516,0.9469,0.0472,0.9944,0.434,0.6152,146.0,146.0,146.0,0.0,202.2606,8
958,31.9333,0.7129,0.1624,0.1852,0.0007,0.125,0.0,0.0,0.0,0.004,0.0516,0.9469,0.0139,0.95,0.4336,0.5808,143.0,143.0,143.0,0.0,206.3391,6
959,31.9667,0.6434,0.0009,0.1675,0.0006,0.0955,0.0,0.0,0.0,0.0038,0.0516,0.9469,0.0,0.95,0.4291,0.5886,148.0,148.0,148.0,0.0,209.7488,3
960,32.0,0.6434,0.0001,0.0057,0.0,0.6167,0.0,0.0,0.0,0.0038,0.0516,0.9469,0.0,0.95,0.4281,0.5887,148.0,148.0,148.0,0.0,209.3752,3
961,32.0333,0.6436,0.0,0.042,0.0002,0.3927,0.0,0.0,0.0,0.0038,0.0516,0.9469,0.0,0.95,0.4281,0.5962,149.0,149.0,149.0,0.0,209.0619,4
962,32.0667,0.6327,0.0,0.038,0.0003,0.1034,0.0,0.0,0.0,0.0037,0.0516,0.9469,0.0,0.95,0.4264,0.5975,152.0,152.0,152.0,0.0,209.7737,3
963,32.1,0.6522,0.0118,0.0472,0.0002,0.2462,0.0,0.0,0.0,0.0038,0.0516,0.9469,0.0,0.95,0.4279,0.6013,148.0,148.0,148.0,0.0,209.5799,5
964,32.1333,0.6793,0.0777,0.0848,0.0004,0.2317,0.0,0.0,0.0,0.0039,0.0516,0.9469,0.0,0.95,0.4314,0.5966,146.0,146.0,146.0,0.0,208.0873,8
965,32.1667,0.6794,0.0778,0.0005,0.0,0.0991,0.0,0.0,0.0,0.0039,0.0516,0.9469,0.0,0.95,0.4314,0.5966,146.0,146.0,146.0,0.0,207.9773,8
966,32.2,0.6284,0.0193,0.0823,0.0004,0.1083,0.0,0.0,0.0,0.0037,0.0516,0.9469,0.0459,0.95,0.4265,0.6136,152.0,152.0,152.0,0.0,209.2943,4
967,32.2333,0.6265,0.0043,0.0348,0.0001,0.1286,0.0,0.0,0.0,0.0037,0.0516,0.9469,0.0,0.95,0.4262,0.6057,152.0,152.0,152.0,0.0,210.1012,3
968,32.2667,0.6237,0.0009,0.0179,0.0001,0.3774,0.0,0.0,0.0,0.0037,0.0516,0.9469,0.0,0.95,0.4267,0.6003,152.0,152.0,152.0,0.0,210.1512,3
969,32.3,0.6296,0.0018,0.0228,0.0001,0.3443,0.0,0.0,0.0,0.0037,0.0516,0.9469,0.0,0.95,0.4262,0.6052,152.0,152.0,152.0,0.0,210.1066,3
970,32.3333,0.6296,0.0018,0.0005,0.0,0.0916,0.0,0.0,0.0,0.0037,0.0516,0.9469,0.0,0.95,0.4262,0.6052,152.0,152.0,152.0,0.0,210.1161,3
971,32.3667,0.6305,0.0043,0.0339,0.0001,0.1829,0.0,0.0,0.0,0.0037,0.0516,0.9469,0.0,0.95,0.4259,0.6052,152.0,152.0,152.0,0.0,210.3195,3
972,32.4,0.6212,0.0,0.0231,0.0001,0.2547,0.0,0.0,0.0,0.0037,0.0516,0.9469,0.0,0.95,0.4257,0.6044,152.0,152.0,152.0,0.0,210.379,3
973,32.4333,0.626,0.0103,0.0155,0.0001,0.3884,0.0,0.0,0.0,0.0037,0.0516,0.9469,0.0,0.95,0.4265,0.6003,152.0,152.0,152.0,0.0,210.1877,3
974,32.4667,0.6222,0.0,0.018,0.0001,0.3901,0.0,0.0,0.0,0.0037,0.0516,0.9469,0.0,0.95,0.4257,0.6023,152.0,152.0,152.0,0.0,210.3588,3
975,32.5,0.6222,0.0,0.0005,0.0,0.0875,0.0,0.0,0.0,0.0037,0.0516,0.9469,0.0,0.95,0.4263,0.6017,152.0,152.0,152.0,0.0,210.1929,3
976,32.5333,0.628,0.0224,0.0314,0.0001,0.2183,0.0,0.0,0.0,0.0037,0.0516,0.9469,0.0213,0.95,0.4257,0.608,153.0,153.0,153.0,0.0,210.1238,3
977,32.5667,0.7275,0.1137,0.1258,0.0008,0.1665,0.0,0.0,0.0,0.0045,0.052,0.9465,0.0,0.95,0.4404,0.5983,131.5,131.5,131.5,0.0,200.6623,9
978,32.6,0.7719,0.4704,0.2468,0.0014,8.6678,0.0,0.0,0.0,0.0049,0.0531,0.9453,0.0444,0.9489,0.4445,0.5807,144.0,144.0,155.0,0.0,206.6785,5
979,32.6333,1.4402,2.4551,0.8568,0.0069,18.9658,0.0,0.0,0.0,0.0112,0.0547,0.9438,0.0472,0.9472,0.4728,0.5296,111.0,111.0,140.0,0.0,129.5605,4
980,32.6667,2.9355,6.9375,2.2279,0.0173,64.0606,0.0,0.0,0.0,0.0263,0.0609,0.9349,0.05,0.9472,0.4859,0.5034,33.0,4.0,101.0,0.0,100.6143,4
981,32.7,4.0142,10.1799,2.9559,0.0156,80.9367,0.0,0.0,0.0,0.0352,0.0641,0.9328,0.0528,0.9472,0.4884,0.4974,32.0,4.0,112.0,0.0,92.9595,4
982,32.7333,4.8796,12.7504,3.2241,0.0149,72.5469,0.0,0.0,0.0,0.0419,0.0656,0.9271,0.0528,0.9472,0.4873,0.4942,28.0,2.0,104.0,0.0,87.7128,4
983,32.7667,5.5739,14.7775,3.5177,0.0155,68.3167,0.0,0.0,0.0,0.045,0.0683,0.925,0.0528,0.9444,0.4854,0.494,38.0,19.5,116.0,0.0,82.5188,4
984,32.8,6.0961,16.2828,3.4326,0.0154,59.0191,0.0,0.0,0.0,0.0495,0.0703,0.9202,0.0556,0.9444,0.4857,0.4904,39.0,30.0,122.0,0.0,79.8132,3
985,32.8333,6.5405,17.0444,3.084,0.0143,49.1108,0.0,0.0,0.0,0.0533,0.0719,0.9156,0.0556,0.9444,0.488,0.4893,34.0,13.0,122.0,0.0,76.8315,3
986,32.8667,6.9029,17.7735,2.7553,0.0138,39.8415,0.0,0.0,0.0,0.0547,0.0719,0.9125,0.0556,0.9444,0.4852,0.4873,49.0,48.5,125.0,0.0,77.0029,4
987,32.9,7.201,18.3641,2.5313,0.0142,32.2609,0.0,0.0,0.0,0.0573,0.0734,0.9108,0.0556,0.9444,0.4858,0.4864,40.0,30.0,120.0,0.0,76.2157,5
988,32.9333,7.3614,18.6069,2.2529,0.0135,27.3095,0.0,0.0,0.0,0.0589,0.0734,0.9081,0.0556,0.9444,0.4874,0.4856,39.0,37.0,116.0,0.0,72.6828,5
989,32.9667,7.4923,18.661,1.9395,0.0121,22.1209,0.0,0.0,0.0,0.0591,0.0734,0.9092,0.0556,0.9444,0.4856,0.4847,40.0,37.0,119.0,0.0,73.6499,4
990,33.0,7.6115,18.7461,1.6188,0.0116,17.495,0.0,0.0,0.0,0.0613,0.075,0.9062,0.0556,0.9444,0.487,0.4845,38.0,26.0,113.0,0.0,73.3682,4
991,33.0333,7.765,18.9355,1.4246,0.0094,14.4522,0.0,0.0,0.0,0.063,0.075,0.9047,0.0556,0.9444,0.4876,0.4845,41.0,35.0,119.0,0.0,74.3885,5
992,33.0667,7.835,18.904,1.2306,0.0088,10.9563,0.0,0.0,0.0,0.0617,0.075,0.9062,0.0556,0.9444,0.489,0.4843,39.0,37.0,122.0,0.0,72.5942,8
993,33.1,7.864,19.004,0.9986,0.0083,7.5399,0.0,0.0,0.0,0.0614,0.075,0.9062,0.0556,0.9444,0.4869,0.4832,42.0,41.0,117.0,0.0,70.1882,5
994,33.1333,7.9229,19.1128,0.7678,0.0076,4.7414,0.0,0.0,0.0,0.0622,0.075,0.9047,0.0556,0.9444,0.4857,0.484,39.0,37.0,113.0,0.0,68.3169,5
995,33.1667,7.9556,19.1881,0.4853,0.0055,3.2488,0.0,0.0,0.0,0.0629,0.075,0.9047,0.0556,0.9444,0.4866,0.4829,46.0,46.0,124.0,0.0,70.6457,5
996,33.2,7.9971,19.2397,0.4407,0.0041,2.6444,0.0,0.0,0.0,0.0634,0.0751,0.9046,0.0556,0.9444,0.4857,0.4839,51.0,49.0,125.0,0.0,72.1286,5
997,33.2333,7.9793,19.2294,0.2204,0.0021,1.5961,0.0,0.0,0.0,0.0632,0.075,0.9047,0.0556,0.9444,0.4849,0.4831,42.0,42.0,126.0,0.0,72.7635,4
998,33.2667,7.957,19.2538,0.134,0.0012,0.6982,0.0,0.0,0.0,0.063,0.075,0.9047,0.0556,0.9444,0.4847,0.4814,40.0,39.0,126.0,0.0,72.8808,5
999,33.3,7.9266,19.2139,0.2165,0.0018,1.3736,0.0,0.0,0.0,0.0632,0.075,0.9047,0.0556,0.9444,0.4859,0.4811,39.0,39.0,126.0,0.0,72.7659,3
1000,33.3333,7.9019,19.1582,0.266,0.0025,2.1565,0.0,0.0,0.0,0.0631,0.075,0.9047,0.0556,0.9444,0.4863,0.4812,40.0,39.0,125.0,0.0,72.4311,3
1001,33.3667,7.9244,19.2307,0.3926,0.0037,2.2529,0.0,0.0,0.0,0.0629,0.075,0.9047,0.0556,0.9444,0.4854,0.4817,40.0,38.0,125.0,0.0,71.4629,5
1002,33.4,11.1827,28.8012,3.5815,0.0201,21.1695,0.0,0.0,0.0,0.078,0.0812,0.8906,0.0583,0.9444,0.4891,0.4944,172.0,172.0,174.0,0.0,77.1627,7
1003,33.4333,7.8226,18.9728,3.6486,0.0206,21.5643,0.0,0.0,0.0,0.0619,0.075,0.9052,0.0556,0.9444,0.4863,0.4821,42.0,41.0,122.0,0.0,71.1104,4
1004,33.4667,10.9627,28.494,3.6304,0.0213,21.9628,0.0,0.0,0.0,0.0754,0.0797,0.8922,0.0583,0.9444,0.4869,0.4931,197.0,197.0,200.0,0.0,75.8295,4
1005,33.5,7.7251,18.9287,3.6875,0.0203,27.5536,0.0,0.0,0.0,0.0617,0.075,0.9047,0.0556,0.9444,0.4847,0.4833,39.0,31.0,113.0,0.0,70.3782,4
1006,33.5333,10.739,28.1621,3.895,0.0202,30.562,0.0,0.0,0.0,0.0738,0.0797,0.8937,0.0583,0.9444,0.488,0.4936,198.0,197.5,201.0,0.0,76.5576,4
1007,33.5667,7.4896,18.6877,4.1987,0.0212,33.6601,0.0,0.0,0.0,0.0594,0.0734,0.9078,0.0556,0.9444,0.4859,0.4827,40.0,33.5,115.0,0.0,73.6985,4
1008,33.6,10.2853,27.4376,4.7359,0.0215,43.7252,0.0,0.0,0.0,0.0725,0.0797,0.8953,0.0583,0.9444,0.4886,0.4942,183.0,183.0,189.0,0.0,78.9186,4
1009,33.6333,3.8663,9.7133,7.1471,0.037,78.3712,0.0,0.0,0.0,0.0402,0.0656,0.9297,0.0528,0.9472,0.4866,0.5166,26.0,0.0,109.0,2.0,68.9165,3
1010,33.6667,9.1238,25.2129,6.383,0.0327,75.6249,0.0,0.0,0.0,0.063,0.075,0.9046,0.0556,0.9444,0.4877,0.4957,182.0,182.0,183.0,0.0,81.679,3
1011,33.7,3.6192,8.9357,5.8249,0.0317,65.3644,0.0,0.0,0.0,0.0371,0.0641,0.9312,0.0528,0.9472,0.4851,0.5191,27.0,0.0,108.0,0.0,73.6761,5
1012,33.7333,8.7618,24.3591,5.4104,0.0302,61.2602,0.0,0.0,0.0,0.0613,0.075,0.9047,0.0556,0.9444,0.4886,0.4963,172.0,172.0,173.0,0.0,86.2468,5
1013,33.7667,3.4949,8.621,5.2388,0.0302,62.5815,0.0,0.0,0.0,0.0368,0.0641,0.9317,0.0528,0.9472,0.4846,0.5172,26.0,0.0,109.0,2.0,69.815,4
1014,33.8,8.5301,23.6867,5.0413,0.0291,58.7235,0.0,0.0,0.0,0.0599,0.0749,0.9078,0.0556,0.9444,0.4895,0.4968,155.0,155.0,160.0,0.0,82.829,5
1015,33.8333,3.4594,8.4864,4.9315,0.0296,59.1504,0.0,0.0,0.0,0.036,0.0641,0.9328,0.0528,0.9472,0.4863,0.5165,25.0,0.0,108.0,0.0,68.1872,5
1016,33.8667,3.429,8.446,0.2859,0.0047,2.5261,0.0,0.0,0.0,0.0363,0.0641,0.9328,0.0528,0.9472,0.487,0.5156,24.0,0.0,108.0,0.0,69.4241,4
1017,33.9,3.4027,8.3742,0.2243,0.0033,2.4867,0.0,0.0,0.0,0.036,0.0641,0.9328,0.0528,0.9472,0.4861,0.5155,24.0,0.0,105.0,0.0,68.7397,3
1018,33.9333,3.4066,8.3748,0.1944,0.003,2.0744,0.0,0.0,0.0,0.036,0.0641,0.9328,0.0528,0.9472,0.4846,0.5148,25.0,0.0,108.0,0.0,68.1836,5
1019,33.9667,3.4011,8.3364,0.1826,0.0028,1.6056,0.0,0.0,0.0,0.0356,0.0641,0.9328,0.0528,0.9472,0.4856,0.5156,25.0,0.0,109.0,2.0,68.5553,4
1020,34.0,3.3888,8.2999,0.1335,0.0021,1.608,0.0,0.0,0.0,0.0355,0.0641,0.9328,0.0528,0.9472,0.4852,0.5159,25.0,0.0,108.0,0.0,68.9152,4
1021,34.0333,3.4056,8.3325,0.1509,0.0022,1.051,0.0,0.0,0.0,0.0353,0.0641,0.9328,0.0528,0.9472,0.4848,0.5168,26.0,0.0,110.0,0.0,70.8504,5
1022,34.0667,3.4551,8.36,0.2206,0.002,1.1822,0.0,0.0,0.0,0.0356,0.0641,0.9328,0.0528,0.9472,0.4859,0.5149,27.0,0.0,110.0,0.0,71.8269,9
1023,34.1,3.4463,8.2469,0.2532,0.0019,1.1309,0.0,0.0,0.0,0.0357,0.0641,0.9328,0.0528,0.9472,0.4861,0.5207,28.0,0.0,110.0,0.0,72.5637,6
1024,34.1333,3.4486,8.3342,0.2414,0.0021,1.0672,0.0,0.0,0.0,0.0356,0.0641,0.9328,0.05,0.9472,0.4858,0.515,28.0,0.0,110.0,0.0,73.1355,7
1025,34.1667,3.4459,8.3261,0.0398,0.0008,0.5767,0.0,0.0,0.0,0.0357,0.0641,0.9328,0.05,0.9472,0.4858,0.5152,28.0,0.0,110.0,0.0,73.3993,7
1026,34.2,3.4481,8.2946,0.2278,0.0018,0.9917,0.0,0.0,0.0,0.0359,0.0641,0.9328,0.0472,0.9472,0.4857,0.5131,28.0,0.0,109.0,0.0,72.9859,8
1027,34.2333,3.4306,8.3662,0.192,0.002,0.663,0.0,0.0,0.0,0.0357,0.0641,0.9328,0.05,0.9472,0.4855,0.5156,28.0,0.0,111.0,0.0,73.2551,5
1028,34.2667,3.4467,8.3708,0.1767,0.0021,0.9869,0.0,0.0,0.0,0.0359,0.0641,0.9328,0.05,0.9472,0.4852,0.5143,30.0,0.0,111.0,0.0,74.1688,4
1029,34.3,3.4106,8.3597,0.1545,0.0017,0.7358,0.0,0.0,0.0,0.0357,0.0641,0.9328,0.0528,0.9472,0.4856,0.5167,28.0,0.0,111.0,0.0,73.6318,5
1030,34.3333,3.4105,8.3594,0.0061,0.0001,0.1159,0.0,0.0,0.0,0.0357,0.0641,0.9328,0.0528,0.9472,0.4855,0.5167,28.0,0.0,111.0,0.0,73.644,5
1031,34.3667,3.4014,8.2226,0.1316,0.0015,0.6832,0.0,0.0,0.0,0.0359,0.0641,0.9328,0.05,0.9472,0.4855,0.5143,28.0,0.0,110.0,0.0,72.8396,4
1032,34.4,3.4075,8.2913,0.1147,0.0013,0.436,0.0,0.0,0.0,0.0357,0.0641,0.9328,0.05,0.9472,0.4855,0.5149,28.0,0.0,111.0,0.0,73.7583,4
1033,34.4333,3.4538,8.3336,0.1573,0.0013,0.5861,0.0,0.0,0.0,0.0359,0.0641,0.9328,0.05,0.9472,0.4854,0.5146,28.0,0.0,110.0,0.0,73.5212,5
1034,34.4667,3.4021,8.2641,0.1459,0.0011,0.4209,0.0,0.0,0.0,0.0357,0.0641,0.9328,0.0528,0.9472,0.4853,0.5153,28.0,0.0,110.0,0.0,73.2887,4
1035,34.5,3.4018,8.2634,0.0024,0.0001,0.0373,0.0,0.0,0.0,0.0358,0.0641,0.9328,0.0528,0.9472,0.4852,0.5154,28.0,0.0,110.0,0.0,73.2571,4
1036,34.5333,3.4229,8.2998,0.1187,0.0013,0.4311,0.0,0.0,0.0,0.0357,0.0641,0.9328,0.05,0.9472,0.4851,0.5149,28.0,0.0,111.0,0.0,73.9541,4
1037,34.5667,3.4161,8.2787,0.1182,0.0012,0.4147,0.0,0.0,0.0,0.0358,0.0641,0.9328,0.05,0.9472,0.4855,0.5146,28.0,0.0,110.0,0.0,73.5081,4
1038,34.6,3.3709,8.2795,0.0934,0.001,0.3411,0.0,0.0,0.0,0.0355,0.0641,0.9328,0.0528,0.9472,0.4851,0.5176,28.0,0.0,111.0,0.0,73.0447,3
1039,34.6333,3.393,8.2609,0.0739,0.001,0.3045,0.0,0.0,0.0,0.0358,0.0641,0.9328,0.05,0.9472,0.4856,0.5152,28.0,0.0,110.0,0.0,73.2309,5
1040,34.6667,3.3931,8.261,0.0025,0.0001,0.0382,0.0,0.0,0.0,0.0358,0.0641,0.9328,0.05,0.9472,0.4854,0.5152,28.0,0.0,110.0,0.0,73.2267,5
1041,34.7,3.3926,8.247,0.0888,0.0009,0.2128,0.0,0.0,0.0,0.0357,0.0641,0.9328,0.05,0.9472,0.4855,0.5156,28.0,0.0,110.0,0.0,72.9151,5
1042,34.7333,3.3933,8.2673,0.0909,0.0007,0.1721,0.0,0.0,0.0,0.0357,0.0641,0.9328,0.05,0.9472,0.4856,0.5157,28.0,0.0,110.0,0.0,72.938,5
1043,34.7667,3.3809,8.2341,0.0818,0.0007,0.1427,0.0,0.0,0.0,0.0358,0.0641,0.9328,0.05,0.9472,0.4855,0.5158,28.0,0.0,110.0,0.0,72.6257,6
1044,34.8,3.373,8.2487,0.0648,0.0005,0.0911,0.0,0.0,0.0,0.0357,0.0641,0.9328,0.0528,0.9472,0.4854,0.5165,28.0,0.0,110.0,0.0,72.5346,5
1045,34.8333,3.3733,8.25,0.0022,0.0,0.0372,0.0,0.0,0.0,0.0357,0.0641,0.9328,0.0528,0.9472,0.4855,0.5165,28.0,0.0,110.0,0.0,72.5326,5
1046,34.8667,3.3816,8.2233,0.0669,0.0005,0.0696,0.0,0.0,0.0,0.0358,0.0641,0.9328,0.05,0.9472,0.4852,0.5153,28.0,0.0,110.0,0.0,72.5472,5
1047,34.9,3.3963,8.2517,0.0765,0.0005,0.0873,0.0,0.0,0.0,0.0358,0.0641,0.9328,0.05,0.9472,0.4856,0.5152,28.0,0.0,110.0,0.0,72.679,5
1048,34.9333,3.401,8.2573,0.0942,0.0006,0.0715,0.0,0.0,0.0,0.0359,0.0641,0.9328,0.05,0.9472,0.4855,0.5147,28.0,0.0,110.0,0.0,72.7193,5
1049,34.9667,3.3937,8.2357,0.0844,0.0004,0.0529,0.0,0.0,0.0,0.0359,0.0641,0.9328,0.05,0.9472,0.4856,0.5143,28.0,0.0,110.0,0.0,72.7523,5
1050,35.0,3.3936,8.2354,0.0036,0.0001,0.0505,0.0,0.0,0.0,0.0359,0.0641,0.9328,0.05,0.9472,0.4856,0.5143,28.0,0.0,110.0,0.0,72.7211,5
1051,35.0333,3.4244,8.3845,0.118,0.0008,0.0889,0.0,0.0,0.0,0.0361,0.0641,0.9328,0.05,0.9472,0.4856,0.5145,28.0,0.0,109.0,0.0,73.2499,6
1052,35.0667,3.4344,8.4027,0.1417,0.0009,0.0834,0.0,0.0,0.0,0.036,0.0641,0.9328,0.05,0.9472,0.4855,0.5153,28.0,0.0,110.0,0.0,73.0834,7
1053,35.1,3.4066,8.3722,0.1345,0.0007,0.0828,0.0,0.0,0.0,0.0359,0.0641,0.9328,0.0528,0.9472,0.4856,0.516,28.0,0.0,110.0,0.0,72.9014,5
1054,35.1333,3.4494,8.394,0.1475,0.001,0.1043,0.0,0.0,0.0,0.0361,0.0641,0.9328,0.05,0.9472,0.4854,0.5134,28.0,0.0,110.0,0.0,73.2154,6
1055,35.1667,3.4493,8.3939,0.001,0.0,0.016,0.0,0.0,0.0,0.0361,0.0641,0.9328,0.05,0.9472,0.4854,0.5134,28.0,0.0,110.0,0.0,73.1985,6
1056,35.2,3.4179,8.3263,0.1691,0.0009,0.099,0.0,0.0,0.0,0.0359,0.0641,0.9328,0.05,0.9472,0.4853,0.5154,28.0,0.0,110.0,0.0,72.7013,7
1057,35.2333,3.4375,8.4602,0.1564,0.0008,0.1028,0.0,0.0,0.0,0.036,0.0641,0.9328,0.0528,0.9472,0.4857,0.5173,28.0,0.0,110.0,0.0,73.4167,8
1058,35.2667,3.4179,8.377,0.1555,0.0008,0.1355,0.0,0.0,0.0,0.0359,0.0641,0.9328,0.0528,0.9472,0.4856,0.516,28.0,0.0,110.0,0.0,73.1058,8
1059,35.3,3.4966,8.6085,0.2107,0.0012,0.3295,0.0,0.0,0.0,0.0362,0.0641,0.9328,0.0528,0.9472,0.486,0.5176,28.0,0.0,109.0,0.0,73.8181,8
1060,35.3333,3.4966,8.6086,0.003,0.0,0.0626,0.0,0.0,0.0,0.0362,0.0641,0.9328,0.0528,0.9472,0.486,0.5176,28.0,0.0,109.0,0.0,73.786,8
1061,35.3667,3.3821,8.2878,0.186,0.0011,0.3655,0.0,0.0,0.0,0.0356,0.0641,0.9328,0.0528,0.9472,0.4854,0.5172,28.0,0.0,110.0,0.0,72.4367,3
1062,35.4,3.4404,8.463,0.1348,0.0009,0.4888,0.0,0.0,0.0,0.0359,0.0641,0.9328,0.0528,0.9472,0.4856,0.5171,28.0,0.0,110.0,0.0,73.797,8
1063,35.4333,3.4546,8.468,0.1883,0.0013,0.6176,0.0,0.0,0.0,0.036,0.0641,0.9328,0.0528,0.9472,0.486,0.517,28.0,0.0,109.0,0.0,73.4718,7
1064,35.4667,3.4565,8.5074,0.212,0.0016,0.8062,0.0,0.0,0.0,0.036,0.0641,0.9328,0.0528,0.9472,0.4859,0.5186,28.0,0.0,109.0,0.0,73.5092,7
1065,35.5,3.46,8.5178,0.0327,0.0006,0.4685,0.0,0.0,0.0,0.036,0.0641,0.9328,0.0528,0.9472,0.4861,0.5186,28.0,0.0,109.0,0.0,73.4746,7
1066,35.5333,3.5342,8.7326,0.2897,0.0024,1.0062,0.0,0.0,0.0,0.0361,0.0641,0.9328,0.0528,0.9472,0.4863,0.5191,30.0,0.0,109.0,0.0,74.1666,12
1067,35.5667,3.4797,8.5528,0.3064,0.0028,1.1654,0.0,0.0,0.0,0.0359,0.0641,0.9328,0.0528,0.9472,0.4862,0.5177,28.0,0.0,110.0,0.0,73.2832,7
1068,35.6,3.4164,8.4116,0.2095,0.0019,1.1143,0.0,0.0,0.0,0.0353,0.0641,0.9328,0.0528,0.9472,0.4855,0.5174,27.0,0.0,110.0,0.0,72.015,6
1069,35.6333,3.4839,8.5818,0.2449,0.0024,1.3866,0.0,0.0,0.0,0.0352,0.0641,0.9328,0.0528,0.9472,0.485,0.5172,28.0,0.0,110.0,0.0,73.1104,5
1070,35.6667,3.4901,8.6004,0.1203,0.0022,1.4512,0.0,0.0,0.0,0.035,0.0641,0.9328,0.0528,0.9472,0.4852,0.5172,28.0,0.0,111.0,0.0,72.4745,5
1071,35.7,3.5709,8.7094,0.4367,0.0044,2.2181,0.0,0.0,0.0,0.0356,0.0641,0.9328,0.0528,0.9472,0.4855,0.5155,30.0,0.0,110.0,0.0,72.3073,9
1072,35.7333,3.4564,8.5094,0.4209,0.0047,2.6772,0.0,0.0,0.0,0.0358,0.0641,0.9328,0.0528,0.9472,0.4845,0.5167,30.0,0.0,110.0,0.0,71.2718,8
1073,35.7667,3.5144,8.6443,0.3869,0.0052,3.0527,0.0,0.0,0.0,0.0358,0.0641,0.9328,0.0528,0.9472,0.4854,0.5162,31.0,0.0,110.0,0.0,73.4961,11
1074,35.8,3.5169,8.6484,0.4986,0.0058,4.1916,0.0,0.0,0.0,0.0359,0.0641,0.9328,0.0528,0.9472,0.4864,0.5164,30.0,0.0,111.0,0.0,73.1349,9
1075,35.8333,3.5345,8.7015,0.3996,0.0073,4.3606,0.0,0.0,0.0,0.0363,0.0641,0.9328,0.0528,0.9472,0.4878,0.5157,26.0,0.0,109.0,0.0,69.3418,9
1076,35.8667,3.5433,8.7602,0.6827,0.0103,4.982,0.0,0.0,0.0,0.0366,0.0641,0.9322,0.0528,0.9472,0.486,0.5164,30.0,0.0,111.0,0.0,72.0871,8
1077,35.9,3.5471,8.7702,0.6392,0.0095,5.3268,0.0,0.0,0.0,0.0364,0.0641,0.9316,0.0528,0.9472,0.4848,0.5193,31.0,0.0,111.0,0.0,73.9872,6
1078,35.9333,3.5981,8.9182,0.8335,0.0125,6.692,0.0,0.0,0.0,0.0369,0.0641,0.9312,0.0528,0.9472,0.4863,0.5185,30.0,0.0,111.0,1.0,74.5528,7
1079,35.9667,3.6462,9.0252,1.0023,0.0132,10.0785,0.0,0.0,0.0,0.0366,0.0641,0.9312,0.0528,0.9472,0.4845,0.5196,30.0,0.0,112.0,2.0,76.7643,6
1080,36.0,3.7254,9.2464,1.2066,0.0145,15.731,0.0,0.0,0.0,0.0364,0.0641,0.9313,0.0528,0.9472,0.4848,0.5204,31.0,0.0,115.0,0.0,73.3834,6
1081,36.0333,1.2766,1.8685,3.7247,0.0287,67.0383,0.0,0.0,0.0,0.0223,0.0594,0.937,0.05,0.9472,0.4824,0.5156,27.0,0.0,112.0,255.0,78.9293,9
1082,36.0667,6.2584,16.2771,5.9778,0.0469,80.4361,0.0,0.0,0.0,0.0578,0.0734,0.9094,0.0528,0.9444,0.4737,0.4955,26.0,0.0,91.0,0.0,68.877,7
1083,36.1,5.2679,12.539,6.8403,0.0362,98.543,0.0,0.0,0.0,0.0536,0.0719,0.9156,0.0556,0.9444,0.4846,0.4779,26.0,0.0,97.0,0.0,70.8466,4
1084,36.1333,9.427,24.4061,6.1119,0.0282,69.2533,0.0,0.0,0.0,0.0714,0.0797,0.8969,0.0583,0.9444,0.4896,0.49,77.0,77.0,102.0,0.0,79.5679,8
1085,36.1667,6.9516,16.6538,5.16,0.0283,48.1078,0.0,0.0,0.0,0.0564,0.0734,0.9109,0.0556,0.9444,0.485,0.4768,34.0,22.0,110.0,0.0,76.9726,9
1086,36.2,10.5361,27.2122,4.831,0.0279,38.8914,0.0,0.0,0.0,0.0753,0.0797,0.8914,0.0583,0.9444,0.4877,0.4895,152.0,152.0,152.0,0.0,76.1006,8
1087,36.2333,7.6524,18.4382,4.4418,0.0256,26.7206,0.0,0.0,0.0,0.0602,0.075,0.9062,0.0556,0.9444,0.4856,0.4775,34.0,27.0,119.0,0.0,70.4924,7
1088,36.2667,11.0934,28.635,4.2108,0.0264,23.1458,0.0,0.0,0.0,0.0774,0.0812,0.8902,0.0583,0.9444,0.4889,0.4904,171.0,171.0,172.0,0.0,73.4862,6
1089,36.3,7.8961,19.085,4.166,0.0265,21.8103,0.0,0.0,0.0,0.0631,0.075,0.9047,0.0556,0.9444,0.4859,0.4784,38.0,31.0,118.0,0.0,73.5956,7
1090,36.3333,7.9276,19.16,0.8833,0.0078,6.2725,0.0,0.0,0.0,0.0622,0.075,0.9047,0.0556,0.9444,0.4869,0.4795,47.5,47.5,122.0,0.0,69.4846,7
1091,36.3667,7.9357,19.1477,0.9004,0.0092,4.2895,0.0,0.0,0.0,0.0629,0.075,0.9047,0.0556,0.9444,0.4858,0.4806,41.0,40.0,116.0,0.0,70.6879,6
1092,36.4,8.063,19.2374,0.9295,0.0088,6.0683,0.0,0.0,0.0,0.064,0.0766,0.9031,0.0556,0.9444,0.4852,0.4807,37.0,30.0,112.0,0.0,73.3913,10
1093,36.4333,7.9769,19.2239,0.9291,0.0097,4.3458,0.0,0.0,0.0,0.0617,0.075,0.9047,0.0556,0.9444,0.4851,0.4822,47.0,47.0,120.0,0.0,68.3276,6
1094,36.4667,8.0203,19.2906,0.8928,0.0093,4.2746,0.0,0.0,0.0,0.0635,0.0754,0.9047,0.0556,0.9444,0.4861,0.4812,41.0,40.5,121.0,0.0,73.1143,7
1095,36.5,8.0298,19.309,0.8873,0.0077,7.4146,0.0,0.0,0.0,0.0632,0.075,0.9047,0.0556,0.9444,0.4857,0.4817,60.0,60.0,116.0,0.0,70.8118,7
1096,36.5333,8.0194,19.3012,1.157,0.0109,7.1756,0.0,0.0,0.0,0.0628,0.075,0.9047,0.0556,0.9444,0.4859,0.4846,56.0,56.0,130.0,0.0,72.4486,6
1097,36.5667,7.8894,18.9673,1.1086,0.0092,8.6176,0.0,0.0,0.0,0.0627,0.075,0.9047,0.0556,0.9444,0.4871,0.4858,53.0,53.0,117.0,0.0,72.3744,5
1098,36.6,7.6451,18.3614,1.3347,0.0097,11.7444,0.0,0.0,0.0,0.0609,0.075,0.9062,0.0556,0.9444,0.4863,0.4868,40.0,33.0,123.0,0.0,76.8622,5
1099,36.6333,7.318,17.3892,1.7758,0.0116,18.8867,0.0,0.0,0.0,0.0592,0.0734,0.9087,0.0556,0.9444,0.4864,0.4861,38.0,28.0,112.0,0.0,78.2769,6
1100,36.6667,6.6675,15.6605,2.2824,0.0124,32.8013,0.0,0.0,0.0,0.0553,0.0726,0.9125,0.0556,0.9444,0.4881,0.4877,38.0,13.0,111.0,0.0,84.0897,6
1101,36.7,5.4802,12.5292,3.3916,0.0166,61.5198,0.0,0.0,0.0,0.0462,0.0688,0.9234,0.0556,0.9472,0.4931,0.4934,34.0,3.0,109.0,0.0,79.5064,5
1102,36.7333,3.023,6.3705,3.9059,0.0237,74.0309,0.0,0.0,0.0,0.028,0.0609,0.9344,0.0515,0.9472,0.4798,0.5074,20.0,0.0,95.0,0.0,84.6635,4
1103,36.7667,1.8308,2.8969,1.7036,0.0165,33.4345,0.0,0.0,0.0,0.0134,0.0562,0.9422,0.05,0.95,0.4792,0.5289,113.0,113.0,167.0,0.0,146.7822,9
1104,36.8,1.0541,1.1042,0.9087,0.0076,27.2,0.0,0.0,0.0,0.0062,0.0531,0.9453,0.0472,0.9472,0.4596,0.5631,153.0,153.0,153.0,0.0,211.0117,6
1105,36.8333,0.7022,0.1707,0.3525,0.0016,29.4909,0.0,0.0,0.0,0.0046,0.0523,0.9453,0.0472,0.95,0.4493,0.5868,130.0,130.0,130.0,0.0,194.5621,6
1106,36.8667,0.6706,0.0068,0.1577,0.0011,0.0919,0.0,0.0,0.0,0.0038,0.0516,0.9469,0.0472,0.95,0.4287,0.6115,147.0,147.0,147.0,0.0,208.4232,6
1107,36.9,0.638,0.0002,0.0909,0.0003,0.099,0.0,0.0,0.0,0.0037,0.0516,0.9469,0.0462,0.95,0.4278,0.6194,151.0,151.0,151.0,0.0,208.7289,4
1108,36.9333,0.635,0.0023,0.0563,0.0002,0.099,0.0,0.0,0.0,0.0037,0.0516,0.9469,0.046,0.95,0.4275,0.6179,152.0,152.0,152.0,0.0,209.8143,5
1109,36.9667,0.6404,0.0001,0.0599,0.0003,0.1168,0.0,0.0,0.0,0.0038,0.0516,0.9469,0.0472,0.95,0.4304,0.6263,148.0,148.0,148.0,0.0,208.4501,3
1110,37.0,0.6404,0.0001,0.0005,0.0,0.0964,0.0,0.0,0.0,0.0038,0.0516,0.9469,0.0472,0.95,0.4304,0.6263,148.0,148.0,148.0,0.0,208.415,3
1111,37.0333,0.6789,0.0001,0.0911,0.0004,0.1853,0.0,0.0,0.0,0.0039,0.0516,0.9469,0.0001,0.95,0.4301,0.6137,146.0,146.0,146.0,0.0,207.9373,6
1112,37.0667,0.6907,0.0001,0.1234,0.0006,0.4201,0.0,0.0,0.0,0.004,0.0516,0.9469,0.0444,0.95,0.4323,0.6325,145.0,145.0,145.0,0.0,206.8126,4
1113,37.1,0.664,0.0001,0.1081,0.0005,0.2289,0.0,0.0,0.0,0.0038,0.0516,0.9469,0.0,0.95,0.4291,0.6099,147.0,147.0,147.0,0.0,208.9217,5
1114,37.1333,0.6553,0.0001,0.0878,0.0004,0.3115,0.0,0.0,0.0,0.0039,0.0516,0.9469,0.0472,0.95,0.4291,0.6284,147.5,147.5,147.5,0.0,208.3221,3
1115,37.1667,0.6554,0.0001,0.0005,0.0,0.1149,0.0,0.0,0.0,0.0039,0.0516,0.9469,0.0472,0.95,0.4291,0.6284,147.0,147.0,147.0,0.0,208.411,3
1116,37.2,0.6426,0.0005,0.076,0.0004,0.092,0.0,0.0,0.0,0.0038,0.0516,0.9469,0.0472,0.95,0.4284,0.6244,150.5,150.5,150.5,0.0,209.823,4
1117,37.2333,0.7157,0.014,0.126,0.0005,0.1391,0.0,0.0,0.0,0.004,0.0516,0.9469,0.0444,0.95,0.4314,0.6327,143.5,143.5,143.5,0.0,205.273,6
1118,37.2667,0.6589,0.0043,0.1472,0.0005,0.1229,0.0,0.0,0.0,0.0038,0.0516,0.9469,0.0472,0.95,0.4286,0.6219,149.0,149.0,149.0,0.0,208.7793,5
1119,37.3,0.7156,0.0358,0.151,0.0005,0.1651,0.0,0.0,0.0,0.004,0.0516,0.9469,0.0472,0.95,0.4346,0.6269,143.5,143.5,143.5,0.0,207.2901,10
1120,37.3333,0.716,0.037,0.0015,0.0,0.1147,0.0,0.0,0.0,0.0041,0.0516,0.9469,0.0472,0.95,0.4346,0.6263,143.0,143.0,143.0,0.0,205.7543,10
1121,37.3667,0.6589,0.0045,0.15,0.0006,0.2946,0.0,0.0,0.0,0.0039,0.0516,0.9469,0.0472,0.95,0.4317,0.6266,146.0,146.0,146.0,0.0,204.3314,4
1122,37.4,0.653,0.0081,0.083,0.0004,0.429,0.0,0.0,0.0,0.0039,0.0516,0.9469,0.0472,0.95,0.4317,0.6223,146.0,146.0,148.0,0.0,204.605,6
1123,37.4333,0.6426,0.0119,0.0722,0.0003,0.2938,0.0,0.0,0.0,0.0039,0.0516,0.9469,0.0472,0.95,0.43,0.6172,147.0,147.0,150.0,0.0,204.6237,5
1124,37.4667,0.6476,0.0179,0.0698,0.0004,0.6114,0.0,0.0,0.0,0.0041,0.0516,0.9469,0.0472,0.95,0.4339,0.6199,141.0,141.0,146.0,0.0,197.3582,4
1125,37.5,0.6509,0.0279,0.0109,0.0001,1.1055,0.0,0.0,0.0,0.0041,0.0516,0.9469,0.0472,0.95,0.4345,0.6189,139.0,139.0,152.5,0.0,196.672,4
1126,37.5333,0.6761,0.0431,0.0775,0.0007,1.2173,0.0,0.0,0.0,0.0044,0.0518,0.9469,0.0472,0.95,0.4385,0.62,132.0,132.0,146.0,0.0,185.9824,4
1127,37.5667,0.6751,0.0638,0.0937,0.0008,2.4212,0.0,0.0,0.0,0.0045,0.0522,0.9469,0.0472,0.95,0.4394,0.6069,130.0,130.0,153.0,0.0,180.6372,5
1128,37.6,0.6828,0.0896,0.1124,0.001,2.6691,0.0,0.0,0.0,0.0049,0.0531,0.9464,0.0472,0.95,0.4439,0.5967,117.0,117.0,146.0,0.0,167.1217,4
1129,37.6333,0.7,0.1191,0.1478,0.0015,4.9386,0.0,0.0,0.0,0.0053,0.0531,0.9453,0.0472,0.95,0.4489,0.5953,110.0,110.0,133.0,0.0,158.5521,5
1130,37.6667,0.7186,0.1748,0.1328,0.0023,3.8821,0.0,0.0,0.0,0.0063,0.0531,0.9453,0.0472,0.95,0.457,0.579,77.0,77.0,124.0,0.0,138.5685,5
1131,37.7,0.8171,0.3962,0.4661,0.0063,2.4339,0.0,0.0,0.0,0.0082,0.0531,0.9453,0.0472,0.9917,0.4659,0.5611,37.0,2.0,118.0,245.0,118.2054,10
1132,37.7333,0.8058,0.4238,0.5941,0.0088,3.1044,0.0,0.0,0.0,0.0093,0.0547,0.9453,0.0472,0.9889,0.4708,0.5481,28.0,0.0,112.0,251.0,101.5455,6
1133,37.7667,0.8449,0.5051,0.6055,0.0098,4.1953,0.0,0.0,0.0,0.0102,0.0547,0.9445,0.0488,0.9874,0.4743,0.544,31.0,2.0,113.0,248.0,99.1186,8
1134,37.8,0.9493,0.7221,0.6687,0.01,5.1936,0.0,0.0,0.0,0.0108,0.0547,0.9438,0.05,0.9861,0.4754,0.5487,33.0,2.0,112.0,246.0,105.5612,7
1135,37.8333,1.032,0.9703,0.4804,0.0074,13.9998,0.0,0.0,0.0,0.0105,0.0547,0.9438,0.05,0.9861,0.4718,0.5517,32.0,2.0,112.0,247.0,126.3867,7
1136,37.8667,1.1438,1.3409,0.698,0.0094,8.4111,0.0,0.0,0.0,0.011,0.0547,0.9438,0.0472,0.9889,0.4718,0.5426,32.0,2.0,113.0,22.0,114.2051,8
1137,37.9,1.3616,1.8381,0.7335,0.0098,14.0794,0.0,0.0,0.0,0.0132,0.0562,0.9438,0.0472,0.95,0.4809,0.5276,32.0,2.0,113.0,2.0,107.7228,16
1138,37.9333,1.6617,2.6373,0.8605,0.0104,18.994,0.0,0.0,0.0,0.017,0.0564,0.9422,0.05,0.95,0.4843,0.5167,30.0,0.0,108.0,0.0,90.4598,12
1139,37.9667,1.8773,3.7026,0.8681,0.0098,24.4372,0.0,0.0,0.0,0.02,0.0581,0.9406,0.05,0.9472,0.487,0.4942,24.0,0.0,103.0,0.0,83.6909,5
1140,38.0,2.5715,5.7831,0.8988,0.0085,35.6666,0.0,0.0,0.0,0.0251,0.0609,0.9359,0.05,0.9472,0.4907,0.4869,28.0,0.0,107.0,0.0,73.0572,5
1141,38.0333,4.5317,11.3064,2.1651,0.0122,42.7429,0.0,0.0,0.0,0.0333,0.0641,0.9328,0.0528,0.9472,0.4913,0.4914,82.0,82.0,125.0,0.0,65.4375,10
1142,38.0667,6.406,16.9458,2.314,0.0139,33.516,0.0,0.0,0.0,0.0402,0.0656,0.9297,0.0528,0.9472,0.4965,0.4966,153.5,153.5,160.5,0.0,63.3435,11
1143,38.1,7.0003,18.75,1.1004,0.0078,14.8685,0.0,0.0,0.0,0.0413,0.0656,0.9266,0.0528,0.9472,0.4972,0.4993,185.0,183.0,190.0,0.0,62.1789,6
1144,38.1333,7.3036,19.8332,0.7675,0.0061,8.2585,0.0,0.0,0.0,0.043,0.0672,0.925,0.0528,0.9472,0.4967,0.497,196.0,196.0,198.0,0.0,60.3756,6
1145,38.1667,7.5077,20.4448,0.4055,0.0034,6.1888,0.0,0.0,0.0,0.0438,0.0672,0.925,0.0528,0.9472,0.4967,0.4973,196.0,196.0,209.0,0.0,57.1147,6
1146,38.2,7.6611,20.7438,0.5226,0.0035,4.0032,0.0,0.0,0.0,0.0443,0.0672,0.925,0.0528,0.9472,0.4971,0.4991,198.0,187.0,209.0,0.0,59.2767,9
1147,38.2333,7.5645,20.5325,0.4831,0.0025,3.8372,0.0,0.0,0.0,0.0441,0.0672,0.925,0.0528,0.9472,0.497,0.4959,191.0,190.0,196.0,0.0,58.8336,12
1148,38.2667,7.3817,20.1081,0.416,0.0031,2.11,0.0,0.0,0.0,0.0427,0.0672,0.925,0.0528,0.9472,0.4961,0.4993,190.0,189.0,196.0,0.0,56.6395,6
1149,38.3,7.2597,19.5562,0.4236,0.0042,0.9697,0.0,0.0,0.0,0.0422,0.0672,0.9266,0.0528,0.9472,0.4963,0.5002,172.0,172.0,181.0,0.0,58.097,8
1150,38.3333,6.9765,18.7074,0.3018,0.0026,4.9642,0.0,0.0,0.0,0.0423,0.0672,0.9266,0.0528,0.9472,0.4961,0.5007,152.0,152.0,162.0,0.0,61.478,8
1151,38.3667,6.6029,17.4464,0.7533,0.0044,9.995,0.0,0.0,0.0,0.0411,0.0656,0.9271,0.0528,0.9472,0.4963,0.502,138.0,137.0,146.0,0.0,61.5399,12
1152,38.4,5.6986,15.1057,1.0041,0.0074,18.6726,0.0,0.0,0.0,0.0379,0.0656,0.9312,0.0528,0.9472,0.4949,0.5083,131.0,131.0,141.0,0.0,63.2955,5
1153,38.4333,3.7182,9.1024,2.1047,0.0143,29.9632,0.0,0.0,0.0,0.0301,0.0625,0.9344,0.0528,0.9472,0.4891,0.5219,51.0,48.0,113.0,0.0,63.4253,6
1154,38.4667,1.6649,2.9616,2.1653,0.0152,46.9815,0.0,0.0,0.0,0.0179,0.0578,0.9417,0.05,0.9472,0.4822,0.5328,26.0,0.0,107.0,0.0,81.116,7
1155,38.5,1.1081,1.2927,0.5644,0.0069,7.9373,0.0,0.0,0.0,0.0121,0.0547,0.9438,0.05,0.9472,0.4782,0.5357,30.0,1.0,110.0,249.0,101.6653,7
1156,38.5333,0.9119,0.6999,0.4428,0.0014,14.8296,0.0,0.0,0.0,0.012,0.0547,0.9438,0.05,0.9472,0.4771,0.527,27.0,0.0,108.0,255.0,84.7164,12
1157,38.5667,0.8393,0.5598,0.2076,0.0008,1.2149,0.0,0.0,0.0,0.0118,0.0547,0.9438,0.05,0.9472,0.477,0.5298,26.0,0.0,108.0,255.0,83.8856,5
1158,38.6,0.9401,0.614,0.2211,0.001,1.307,0.0,0.0,0.0,0.0122,0.0547,0.9438,0.05,0.9472,0.477,0.5307,27.0,0.0,107.0,255.0,85.4075,8
1159,38.6333,0.8955,0.5369,0.2834,0.0013,2.0831,0.0,0.0,0.0,0.0121,0.0547,0.9438,0.05,0.9472,0.4767,0.5359,26.0,0.0,109.0,255.0,84.5498,6
1160,38.6667,0.8942,0.5329,0.0473,0.0011,1.732,0.0,0.0,0.0,0.0116,0.0547,0.9438,0.05,0.9472,0.4767,0.5382,25.0,0.0,110.0,255.0,87.556,6
1161,38.7,0.9087,0.5398,0.2512,0.002,2.4323,0.0,0.0,0.0,0.012,0.0547,0.9438,0.05,0.95,0.4762,0.5345,25.0,0.0,107.0,255.0,84.308,7
1162,38.7333,0.8935,0.5288,0.2729,0.0022,2.8431,0.0,0.0,0.0,0.0116,0.0547,0.9438,0.05,0.9472,0.4767,0.535,28.0,0.0,110.0,255.0,87.8979,8
1163,38.7667,0.9239,0.5217,0.2831,0.0019,2.9829,0.0,0.0,0.0,0.012,0.0547,0.9438,0.05,0.9472,0.4773,0.5458,28.0,0.0,109.0,255.0,88.4991,7
1164,38.8,0.8258,0.5301,0.2425,0.0018,3.351,0.0,0.0,0.0,0.0114,0.0547,0.9438,0.05,0.9472,0.4763,0.5317,28.0,0.0,111.0,255.0,86.0363,6
1165,38.8333,0.8251,0.5277,0.0912,0.0012,3.6964,0.0,0.0,0.0,0.011,0.0547,0.9438,0.0482,0.9472,0.4733,0.5333,30.0,0.0,111.0,252.0,88.786,6
1166,38.8667,0.8569,0.5507,0.241,0.0035,3.6565,0.0,0.0,0.0,0.0108,0.0547,0.9438,0.05,0.9544,0.4786,0.5343,31.0,0.0,112.0,252.0,93.2562,6
1167,38.9,7.2964,20.0069,6.4747,0.0352,88.5921,0.0,0.0,0.0,0.0425,0.0672,0.9267,0.0528,0.9472,0.4969,0.4957,218.0,218.0,218.0,0.0,60.5493,4
1168,38.9333,0.849,0.5469,6.4515,0.0347,91.3887,0.0,0.0,0.0,0.0107,0.0547,0.9438,0.05,0.9472,0.4747,0.5393,31.0,0.0,113.0,252.0,94.6167,5
1169,38.9667,7.1222,19.4548,6.3184,0.0346,85.9428,0.0,0.0,0.0,0.0419,0.0665,0.9288,0.0528,0.9472,0.4966,0.4969,223.0,223.0,226.0,0.0,61.7765,4
1170,39.0,0.8018,0.5082,6.2335,0.0337,88.9636,0.0,0.0,0.0,0.0106,0.0547,0.9438,0.05,0.9491,0.4764,0.5304,28.0,0.0,112.0,255.0,91.466,4
1171,39.0333,6.8117,18.5203,6.0414,0.0325,86.8534,0.0,0.0,0.0,0.0408,0.0656,0.9298,0.0528,0.9472,0.4965,0.4973,209.0,209.0,210.0,0.0,61.1162,5
1172,39.0667,0.8073,0.5197,6.0261,0.0314,99.5816,0.0,0.0,0.0,0.0108,0.0547,0.9438,0.05,0.9472,0.4734,0.5295,26.0,0.0,111.0,255.0,88.0383,4
1173,39.1,5.7499,15.3288,5.1205,0.0284,76.1639,0.0,0.0,0.0,0.0356,0.0641,0.9328,0.0528,0.9472,0.4945,0.5009,204.0,203.0,204.0,0.0,62.9473,5
1174,39.1333,0.7733,0.4132,5.0089,0.0282,81.7735,0.0,0.0,0.0,0.0089,0.054,0.9453,0.0472,0.9944,0.4688,0.5457,32.0,0.0,117.0,250.0,104.2594,4
1175,39.1667,4.7863,12.4428,4.0588,0.0245,66.4626,0.0,0.0,0.0,0.0311,0.0625,0.9344,0.0528,0.9472,0.493,0.5039,200.0,200.0,202.0,0.0,69.1475,4
1176,39.2,4.6568,12.0094,0.6842,0.0038,12.9132,0.0,0.0,0.0,0.0306,0.0625,0.9344,0.0528,0.9472,0.4927,0.5035,197.0,197.0,198.0,0.0,70.443,6
1177,39.2333,4.5383,11.7468,0.5044,0.0032,9.3103,0.0,0.0,0.0,0.0304,0.0625,0.9344,0.0528,0.9472,0.4927,0.5032,181.0,181.0,186.0,0.0,73.7803,4
1178,39.2667,4.4363,11.4783,0.3658,0.0024,6.827,0.0,0.0,0.0,0.0296,0.0625,0.9344,0.0528,0.9472,0.4919,0.5039,190.0,190.0,192.0,0.0,72.8296,3
1179,39.3,4.4356,11.3155,0.3363,0.0022,4.2061,0.0,0.0,0.0,0.0293,0.0625,0.9344,0.0528,0.9472,0.4916,0.5046,192.5,192.0,193.0,0.0,71.1231,7
1180,39.3333,4.3855,11.1652,0.2245,0.002,3.18,0.0,0.0,0.0,0.029,0.0625,0.9344,0.0528,0.9472,0.4912,0.5048,190.0,190.0,191.0,0.0,72.4965,7
1181,39.3667,4.3592,11.0726,0.3228,0.0021,2.8901,0.0,0.0,0.0,0.0291,0.0625,0.9344,0.05,0.9472,0.4913,0.5013,189.0,189.0,190.0,0.0,73.5103,5
1182,39.4,4.3251,10.9682,0.3018,0.0019,2.5259,0.0,0.0,0.0,0.0291,0.0625,0.9344,0.05,0.9472,0.4913,0.5041,181.0,181.0,182.0,0.0,73.8649,9
1183,39.4333,4.3549,10.8936,0.3268,0.0021,2.0215,0.0,0.0,0.0,0.0291,0.0625,0.9344,0.05,0.9472,0.4911,0.4996,172.0,172.0,173.0,0.0,75.5178,7
1184,39.4667,4.3709,10.8441,0.4007,0.0022,2.3341,0.0,0.0,0.0,0.0293,0.0617,0.9344,0.0514,0.9472,0.4913,0.5051,166.0,166.0,168.0,0.0,76.9134,8
1185,39.5,4.3494,10.7793,0.096,0.0009,1.7157,0.0,0.0,0.0,0.0292,0.0612,0.9344,0.0505,0.9472,0.4916,0.5053,162.0,162.0,166.0,0.0,76.2287,8
1186,39.5333,4.2296,10.7422,0.3229,0.0017,1.7056,0.0,0.0,0.0,0.0286,0.0622,0.9344,0.0528,0.9472,0.4909,0.5051,175.0,175.0,176.0,0.0,74.213,7
1187,39.5667,4.242,10.6279,0.2361,0.0016,1.4472,0.0,0.0,0.0,0.0288,0.0625,0.9344,0.0528,0.9472,0.4912,0.507,168.0,168.0,169.0,0.0,74.7872,8
1188,39.6,4.2209,10.6276,0.24,0.0014,1.3679,0.0,0.0,0.0,0.0285,0.062,0.9344,0.05,0.9472,0.4913,0.5063,169.0,169.0,171.0,0.0,74.2778,8
1189,39.6333,4.294,10.6845,0.3044,0.0018,1.1106,0.0,0.0,0.0,0.0286,0.0625,0.9344,0.05,0.9472,0.4912,0.5071,165.0,165.0,166.0,0.0,74.9247,11
1190,39.6667,4.2845,10.6561,0.0423,0.0004,0.7904,0.0,0.0,0.0,0.0286,0.0622,0.9344,0.05,0.9472,0.491,0.5071,164.0,164.0,167.0,0.0,74.6463,11
1191,39.7,4.2038,10.6164,0.3118,0.0017,0.8056,0.0,0.0,0.0,0.028,0.0609,0.9344,0.05,0.9472,0.4904,0.5049,174.0,174.0,175.0,0.0,73.4474,9
1192,39.7333,4.1989,10.5027,0.234,0.0012,0.627,0.0,0.0,0.0,0.028,0.0609,0.9344,0.05,0.9472,0.4909,0.5046,175.0,175.0,175.5,0.0,74.3167,9
1193,39.7667,4.1877,10.524,0.2086,0.0011,0.4748,0.0,0.0,0.0,0.028,0.0609,0.9344,0.0528,0.9472,0.4909,0.5037,179.0,179.0,179.0,0.0,74.3917,8
1194,39.8,4.1449,10.5249,0.161,0.0007,0.2971,0.0,0.0,0.0,0.0278,0.0609,0.9344,0.0528,0.9472,0.4905,0.5051,182.0,182.0,183.0,0.0,73.8708,5
1195,39.8333,4.1421,10.5164,0.0092,0.0001,0.2276,0.0,0.0,0.0,0.0278,0.0609,0.9344,0.0528,0.9472,0.4903,0.5051,185.0,183.0,186.0,0.0,73.961,5
1196,39.8667,4.1103,10.4365,0.0918,0.0003,0.0887,0.0,0.0,0.0,0.0276,0.0609,0.9344,0.0528,0.9472,0.4905,0.5051,188.0,186.0,192.0,0.0,73.5241,3
1197,39.9,4.1047,10.4671,0.0539,0.0002,0.0424,0.0,0.0,0.0,0.0277,0.0609,0.9344,0.0522,0.9472,0.4904,0.5052,188.0,186.0,192.0,0.0,73.6878,4
1198,39.9333,4.1131,10.491,0.0569,0.0002,0.0325,0.0,0.0,0.0,0.0277,0.0609,0.9344,0.0528,0.9472,0.4903,0.5054,188.0,186.0,190.0,0.0,73.7917,4
1199,39.9667,4.1483,10.5261,0.0943,0.0004,0.0361,0.0,0.0,0.0,0.0279,0.0609,0.9344,0.0528,0.9472,0.4902,0.5047,183.0,182.5,183.0,0.0,74.3172,6
1200,40.0,4.1476,10.5234,0.0156,0.0001,0.2708,0.0,0.0,0.0,0.0279,0.0609,0.9344,0.0528,0.9472,0.4901,0.5047,183.0,183.0,185.0,0.0,74.2727,5
1201,40.0333,4.1284,10.4882,0.114,0.0005,0.0323,0.0,0.0,0.0,0.0278,0.0609,0.9344,0.05,0.9472,0.4902,0.5046,186.5,186.0,189.5,0.0,73.9758,6
1202,40.0667,4.0894,10.4121,0.0655,0.0002,0.0291,0.0,0.0,0.0,0.0276,0.0609,0.9344,0.0519,0.9472,0.4906,0.5045,188.0,187.0,192.0,0.0,73.5878,4
1203,40.1,4.1034,10.4149,0.0405,0.0002,0.0355,0.0,0.0,0.0,0.0277,0.0609,0.9344,0.05,0.9472,0.4907,0.5039,188.0,186.0,190.0,0.0,73.7683,4
1204,40.1333,4.0941,10.4369,0.0435,0.0002,0.0204,0.0,0.0,0.0,0.0276,0.0609,0.9344,0.0519,0.9472,0.4904,0.505,188.0,187.0,192.5,0.0,73.6594,4
1205,40.1667,4.0941,10.4369,0.0006,0.0,0.0141,0.0,0.0,0.0,0.0276,0.0609,0.9344,0.0519,0.9472,0.4905,0.5049,188.0,187.0,192.5,0.0,73.6602,4
1206,40.2,4.1783,10.4532,0.1137,0.0006,0.0991,0.0,0.0,0.0,0.0281,0.0609,0.9344,0.0528,0.9472,0.4912,0.5006,179.0,179.0,180.0,0.0,75.0446,7
1207,40.2333,4.1293,10.4167,0.1385,0.0007,0.1276,0.0,0.0,0.0,0.0278,0.0609,0.9344,0.05,0.9472,0.4906,0.5028,187.5,186.0,190.0,0.0,74.0932,7
1208,40.2667,4.2098,10.5273,0.1591,0.0008,0.252,0.0,0.0,0.0,0.0282,0.0609,0.9344,0.0528,0.9472,0.4905,0.5,175.0,175.0,175.0,0.0,75.7122,9
1209,40.3,4.1618,10.4435,0.1749,0.0011,0.3129,0.0,0.0,0.0,0.028,0.0609,0.9344,0.0528,0.9472,0.4907,0.5013,180.5,180.5,181.5,0.0,74.5625,7
1210,40.3333,4.162,10.4438,0.0007,0.0,0.0166,0.0,0.0,0.0,0.028,0.0609,0.9344,0.0528,0.9472,0.4907,0.5013,181.0,181.0,182.0,0.0,74.5699,7
1211,40.3667,4.1542,10.4276,0.1421,0.0008,0.0963,0.0,0.0,0.0,0.0279,0.0609,0.9344,0.051,0.9472,0.4907,0.5062,181.0,181.0,182.0,0.0,74.5493,7
1212,40.4,4.1542,10.4563,0.1472,0.0006,0.181,0.0,0.0,0.0,0.0278,0.0609,0.9344,0.0501,0.9472,0.4905,0.5034,187.0,186.0,189.0,0.0,74.1014,8
1213,40.4333,4.1644,10.4223,0.1577,0.0006,0.2029,0.0,0.0,0.0,0.0279,0.0609,0.9344,0.0528,0.9472,0.4904,0.5028,182.0,182.0,183.0,0.0,74.5192,6
1214,40.4667,4.149,10.4843,0.1454,0.0005,0.1322,0.0,0.0,0.0,0.0278,0.0609,0.9344,0.0528,0.9472,0.4903,0.5046,187.0,186.0,189.0,0.0,74.0309,6
1215,40.5,4.1493,10.4856,0.0013,0.0,0.0338,0.0,0.0,0.0,0.0278,0.0609,0.9344,0.0528,0.9472,0.4903,0.5046,186.5,186.0,189.0,0.0,74.0484,6
1216,40.5333,4.1476,10.4583,0.1366,0.0005,0.1122,0.0,0.0,0.0,0.0279,0.0609,0.9344,0.0528,0.9472,0.4906,0.503,184.0,183.0,185.5,0.0,74.2578,6
1217,40.5667,4.1281,10.4069,0.1129,0.0005,0.0708,0.0,0.0,0.0,0.0278,0.0609,0.9344,0.0528,0.9472,0.4907,0.5028,186.0,185.0,188.0,0.0,74.2515,5
1218,40.6,4.2069,10.4481,0.1585,0.0007,0.0813,0.0,0.0,0.0,0.0281,0.0609,0.9344,0.0528,0.9472,0.4915,0.5017,178.5,178.5,179.5,0.0,75.3124,8
1219,40.6333,4.169,10.4387,0.1888,0.0009,0.0568,0.0,0.0,0.0,0.028,0.0609,0.9344,0.0528,0.9472,0.4908,0.5031,181.0,181.0,181.0,0.0,74.7475,7
1220,40.6667,4.1691,10.4389,0.0006,0.0,0.0134,0.0,0.0,0.0,0.028,0.0609,0.9344,0.0528,0.9472,0.4907,0.5032,181.0,181.0,181.0,0.0,74.7585,7
1221,40.7,4.1464,10.4386,0.1455,0.0006,0.0212,0.0,0.0,0.0,0.0278,0.0609,0.9344,0.0528,0.9472,0.4907,0.504,185.0,185.0,187.0,0.0,74.2611,9
1222,40.7333,4.1786,10.4601,0.1597,0.0006,0.043,0.0,0.0,0.0,0.028,0.0609,0.9344,0.0528,0.9472,0.4909,0.5058,180.0,180.0,181.0,0.0,74.9051,7
1223,40.7667,4.1771,10.4495,0.1672,0.0008,0.0827,0.0,0.0,0.0,0.028,0.0609,0.9344,0.0528,0.9472,0.4905,0.5042,180.0,180.0,181.0,0.0,74.8331,8
1224,40.8,4.1509,10.4327,0.1449,0.0007,0.0194,0.0,0.0,0.0,0.0279,0.0609,0.9344,0.0528,0.9472,0.4904,0.5045,185.0,183.0,186.0,0.0,74.3133,8
1225,40.8333,4.1509,10.4326,0.0005,0.0,0.0139,0.0,0.0,0.0,0.0279,0.0609,0.9344,0.0528,0.9472,0.4904,0.5045,183.0,183.0,185.0,0.0,74.3038,8
1226,40.8667,4.142,10.4988,0.1299,0.0005,0.035,0.0,0.0,0.0,0.0278,0.0609,0.9344,0.0528,0.9472,0.4903,0.5033,185.5,185.0,187.5,0.0,74.2042,7
1227,40.9,4.174,10.557,0.1368,0.0007,0.03,0.0,0.0,0.0,0.0281,0.0609,0.9344,0.0528,0.9472,0.4904,0.503,178.5,178.5,179.5,0.0,75.0765,8
1228,40.9333,4.1448,10.453,0.1434,0.0008,0.0546,0.0,0.0,0.0,0.0279,0.0609,0.9344,0.0528,0.9472,0.4903,0.5027,185.0,185.0,186.5,0.0,74.387,6
1229,40.9667,4.1708,10.4322,0.1516,0.0008,0.3225,0.0,0.0,0.0,0.0279,0.0609,0.9344,0.0528,0.9472,0.4904,0.505,180.0,180.0,181.0,0.0,74.3323,7
1230,41.0,4.1772,10.4514,0.0301,0.0003,0.5921,0.0,0.0,0.0,0.028,0.0609,0.9344,0.0528,0.9472,0.4905,0.505,174.0,174.0,175.0,0.0,73.6675,7
1231,41.0333,4.1604,10.488,0.1709,0.0011,0.7401,0.0,0.0,0.0,0.028,0.0609,0.9344,0.0517,0.9472,0.4903,0.5024,171.5,171.0,172.0,0.0,72.9824,6
1232,41.0667,4.2625,10.7094,0.2484,0.0014,0.9995,0.0,0.0,0.0,0.0285,0.062,0.9344,0.05,0.9472,0.4907,0.5042,169.0,169.0,170.0,0.0,74.3683,12
1233,41.1,4.2705,10.6293,0.3432,0.002,1.5806,0.0,0.0,0.0,0.0289,0.0625,0.9344,0.0528,0.9472,0.491,0.4995,165.0,164.5,166.0,0.0,75.4262,10
1234,41.1333,4.2437,10.7293,0.3069,0.002,1.6865,0.0,0.0,0.0,0.0286,0.0625,0.9344,0.0527,0.9472,0.491,0.5029,172.5,172.0,174.0,0.0,74.4363,10
1235,41.1667,4.2724,10.8153,0.1304,0.0011,2.2064,0.0,0.0,0.0,0.0289,0.0625,0.9344,0.0528,0.9472,0.4912,0.5027,174.0,174.0,176.0,0.0,74.9867,10
1236,41.2,4.3361,10.9285,0.3543,0.0022,3.0769,0.0,0.0,0.0,0.0291,0.0625,0.9344,0.05,0.9472,0.491,0.4994,172.0,171.0,172.0,0.0,74.9259,8
1237,41.2333,4.4083,11.0463,0.451,0.0027,3.6398,0.0,0.0,0.0,0.0293,0.0625,0.9344,0.0528,0.9472,0.4916,0.5014,180.0,180.0,181.0,0.0,74.0567,8
1238,41.2667,4.4134,11.2003,0.4762,0.0028,5.7503,0.0,0.0,0.0,0.0293,0.0625,0.9344,0.0528,0.9472,0.4918,0.502,189.0,189.0,192.0,0.0,71.9737,6
1239,41.3,4.5443,11.5446,0.5666,0.003,8.73,0.0,0.0,0.0,0.03,0.0625,0.9344,0.0528,0.9472,0.4919,0.5004,181.0,181.0,181.0,0.0,74.1867,6
1240,41.3333,0.8512,0.4739,3.693,0.0227,69.8999,0.0,0.0,0.0,0.0091,0.0545,0.9453,0.0472,0.9472,0.467,0.5279,32.0,0.0,115.0,250.0,109.3219,6
1241,41.3667,5.0376,12.834,4.3408,0.0246,85.4549,0.0,0.0,0.0,0.0319,0.0625,0.9337,0.05,0.9472,0.4921,0.4944,182.0,181.0,186.0,0.0,70.2621,11
1242,41.4,0.867,0.5054,4.4244,0.0257,71.6468,0.0,0.0,0.0,0.01,0.0547,0.9453,0.0083,0.9472,0.4733,0.5168,31.0,1.0,112.0,250.0,102.5471,10
1243,41.4333,1.5996,2.7994,1.1572,0.008,13.7205,0.0,0.0,0.0,0.0102,0.0547,0.9444,0.0472,0.9472,0.4759,0.5229,61.0,34.0,123.0,175.0,108.7681,12
1244,41.4667,2.4206,5.1915,1.2125,0.0087,21.8057,0.0,0.0,0.0,0.0143,0.0562,0.9438,0.0472,0.9472,0.4814,0.5106,88.0,70.0,119.0,73.5,95.6864,7
1245,41.5,3.2775,7.7601,0.9759,0.0111,19.261,0.0,0.0,0.0,0.0235,0.0596,0.9375,0.05,0.9472,0.4907,0.5007,124.0,115.0,125.0,4.0,71.8767,7
1246,41.5333,4.0812,10.3687,1.115,0.0095,21.2615,0.0,0.0,0.0,0.0289,0.0625,0.9344,0.0528,0.9472,0.4925,0.5029,162.0,155.0,167.0,0.0,61.437,3
1247,41.5667,5.0124,13.0195,1.073,0.0065,21.468,0.0,0.0,0.0,0.0338,0.0641,0.9328,0.0528,0.9472,0.4942,0.4978,190.0,187.0,196.0,0.0,62.7345,5
1248,41.6,5.9536,15.8538,1.1135,0.0049,21.6893,0.0,0.0,0.0,0.0365,0.0641,0.9326,0.0528,0.9472,0.4946,0.4985,197.0,196.0,198.0,0.0,63.9713,11
1249,41.6333,0.8593,0.551,5.178,0.0301,86.4233,0.0,0.0,0.0,0.0106,0.0547,0.9438,0.0472,0.9472,0.4745,0.5291,28.0,0.0,110.0,255.0,94.4617,11
1250,41.6667,6.0064,15.9803,5.0194,0.0296,88.6378,0.0,0.0,0.0,0.0368,0.0641,0.9314,0.0528,0.9472,0.4955,0.499,207.0,207.0,209.0,0.0,64.3096,9
1251,41.7,0.8553,0.5884,5.2025,0.0302,93.833,0.0,0.0,0.0,0.0107,0.0547,0.9438,0.0472,0.9472,0.4739,0.5322,28.0,0.0,111.0,255.0,93.7769,10
1252,41.7333,0.8397,0.6337,0.2509,0.002,5.2292,0.0,0.0,0.0,0.01,0.0547,0.9452,0.0472,0.9472,0.4701,0.5384,27.0,0.0,100.0,249.0,99.5563,6
1253,41.7667,0.7768,0.4245,0.2123,0.0026,6.4078,0.0,0.0,0.0,0.008,0.0531,0.9453,0.0444,0.9472,0.4632,0.5477,22.5,1.0,93.0,0.0,115.3691,5
1254,41.8,0.7513,0.2538,0.2106,0.0031,4.1532,0.0,0.0,0.0,0.0056,0.0531,0.9453,0.0083,0.95,0.4488,0.5547,104.0,104.0,105.0,0.0,153.5562,12
1255,41.8333,0.7157,0.1468,0.0816,0.0016,0.2407,0.0,0.0,0.0,0.004,0.0516,0.9469,0.0056,0.95,0.43,0.5811,143.0,143.0,143.0,0.0,204.1802,6
1256,41.8667,0.6429,0.0391,0.1767,0.0006,0.1114,0.0,0.0,0.0,0.0037,0.0516,0.9469,0.0472,0.9972,0.4263,0.6233,152.0,152.0,152.0,0.0,210.4766,5
1257,41.9,0.6971,0.1151,0.1194,0.0005,0.1112,0.0,0.0,0.0,0.004,0.0516,0.9469,0.0139,0.95,0.4322,0.5815,145.0,145.0,145.0,0.0,207.2711,6
1258,41.9333,0.6431,0.0005,0.1272,0.0006,0.1005,0.0,0.0,0.0,0.0038,0.0516,0.9469,0.0,0.95,0.4278,0.5911,150.0,150.0,150.0,0.0,210.2744,3
1259,41.9667,0.6432,0.0005,0.0005,0.0,0.0985,0.0,0.0,0.0,0.0038,0.0516,0.9469,0.0,0.95,0.4283,0.5904,150.0,150.0,150.0,0.0,210.1965,3
1260,42.0,0.6437,0.0,0.0451,0.0003,0.846,0.0,0.0,0.0,0.0038,0.0516,0.9469,0.0,0.95,0.4282,0.596,150.0,150.0,150.0,0.0,209.4246,4
1261,42.0333,0.6327,0.0,0.0387,0.0003,0.1536,0.0,0.0,0.0,0.0037,0.0516,0.9469,0.0,0.95,0.4268,0.598,152.0,152.0,152.0,0.0,210.1222,3
1262,42.0667,0.6523,0.0117,0.0473,0.0002,0.2701,0.0,0.0,0.0,0.0038,0.0516,0.9469,0.0,0.95,0.4284,0.6023,150.0,150.0,150.0,0.0,209.7418,5
1263,42.1,0.6793,0.0776,0.0848,0.0004,0.2376,0.0,0.0,0.0,0.0039,0.0516,0.9469,0.0,0.95,0.4312,0.5984,146.0,146.0,146.0,0.0,208.3825,8
1264,42.1333,3.2566,7.8037,2.5778,0.0245,0.0928,0.0,0.0,0.0,0.0284,0.0609,0.9344,0.05,0.9472,0.495,0.5127,125.0,125.0,125.0,0.0,61.578,9
1265,42.1667,5.8478,15.6661,2.7252,0.0157,76.9958,0.0,0.0,0.0,0.0436,0.0672,0.925,0.0528,0.9472,0.4974,0.5089,127.0,127.0,127.0,0.0,79.5877,5
1266,42.2,3.2032,7.7287,2.6777,0.0155,76.955,0.0,0.0,0.0,0.0282,0.0609,0.9344,0.05,0.9472,0.4948,0.513,125.0,125.0,125.0,0.0,60.8444,4
1267,42.2333,0.6236,0.0008,2.5948,0.0246,0.3962,0.0,0.0,0.0,0.0037,0.0516,0.9469,0.0,0.95,0.4272,0.6002,152.0,152.0,152.0,0.0,210.5507,3
1268,42.2667,3.2067,7.7269,2.6001,0.0246,0.3388,0.0,0.0,0.0,0.0282,0.0609,0.9344,0.05,0.9472,0.4949,0.513,125.0,125.0,125.0,0.0,60.8742,4
1269,42.3,5.8486,15.6464,2.6427,0.0154,76.6478,0.0,0.0,0.0,0.0436,0.0672,0.9259,0.0528,0.9472,0.4975,0.5082,126.0,126.0,126.0,0.0,79.534,4
1270,42.3333,3.2071,7.7288,2.6761,0.0155,76.9346,0.0,0.0,0.0,0.0282,0.0609,0.9344,0.05,0.9472,0.4949,0.513,125.0,125.0,125.0,0.0,60.8734,4
1271,42.3667,0.6211,0.0,2.5997,0.0246,0.25,0.0,0.0,0.0,0.0037,0.0516,0.9469,0.0,0.95,0.4267,0.6044,152.0,152.0,152.0,0.0,210.3874,3
1272,42.4,3.2028,7.7346,2.5924,0.0246,0.3813,0.0,0.0,0.0,0.0283,0.0609,0.9344,0.05,0.9472,0.495,0.5121,125.0,125.0,125.0,0.0,60.8859,4
1273,42.4333,5.841,15.6448,2.6608,0.0155,76.9041,0.0,0.0,0.0,0.0436,0.0672,0.9266,0.0528,0.9472,0.4975,0.5079,127.0,127.0,127.0,0.0,79.5032,4
1274,42.4667,3.1989,7.7247,2.6428,0.0153,76.7415,0.0,0.0,0.0,0.0282,0.0609,0.9344,0.05,0.9472,0.4949,0.5125,125.0,125.0,125.0,0.0,60.8176,4
1275,42.5,0.6247,0.0127,2.6029,0.0246,0.2088,0.0,0.0,0.0,0.0037,0.0516,0.9469,0.0,0.95,0.4268,0.6073,152.5,152.5,152.5,0.0,210.1821,3
1276,42.5333,3.2719,7.7419,2.6672,0.025,0.1546,0.0,0.0,0.0,0.0286,0.0609,0.9344,0.05,0.9472,0.4953,0.5144,125.0,125.0,125.0,0.0,61.7977,7
1277,42.5667,5.8326,15.6407,2.7295,0.0157,76.8261,0.0,0.0,0.0,0.0435,0.0672,0.9261,0.0528,0.9472,0.4974,0.5085,129.0,129.0,129.0,0.0,79.5713,4
1278,42.6,5.8397,15.6437,0.018,0.0001,0.016,0.0,0.0,0.0,0.0436,0.0672,0.926,0.0528,0.9472,0.4973,0.508,127.0,127.0,127.0,0.0,79.6037,4
1279,42.6333,5.8395,15.6429,0.0007,0.0,0.0135,0.0,0.0,0.0,0.0436,0.0672,0.9266,0.0528,0.9472,0.4974,0.508,127.0,127.0,127.0,0.0,79.6056,4
1280,42.6667,5.8362,15.6421,0.0162,0.0001,0.0147,0.0,0.0,0.0,0.0436,0.0672,0.9266,0.0528,0.9472,0.4974,0.5081,129.5,129.5,129.5,0.0,79.5763,4
1281,42.7,5.8433,15.6399,0.0227,0.0001,0.0207,0.0,0.0,0.0,0.0436,0.0672,0.9266,0.0528,0.9472,0.4974,0.5081,127.0,127.0,127.0,0.0,79.5875,4
1282,42.7333,5.8632,15.6455,0.0541,0.0003,0.023,0.0,0.0,0.0,0.0437,0.0672,0.9266,0.0528,0.9472,0.4976,0.5101,124.0,124.0,124.0,0.0,79.9387,4
1283,42.7667,5.8435,15.6699,0.0574,0.0003,0.0223,0.0,0.0,0.0,0.0435,0.0672,0.9262,0.0528,0.9472,0.4973,0.5089,129.5,129.5,129.5,0.0,79.6124,3
1284,42.8,5.8435,15.6699,0.0005,0.0,0.0074,0.0,0.0,0.0,0.0435,0.0672,0.9262,0.0528,0.9472,0.4973,0.5089,130.0,130.0,130.0,0.0,79.6058,3
1285,42.8333,5.8481,15.6783,0.0442,0.0001,0.0193,0.0,0.0,0.0,0.0435,0.0672,0.9261,0.0528,0.9472,0.4973,0.5087,130.0,130.0,130.0,0.0,79.6466,4
1286,42.8667,5.8827,15.77,0.0818,0.0004,0.0275,0.0,0.0,0.0,0.0437,0.0672,0.925,0.0528,0.9472,0.4973,0.5089,123.0,123.0,123.0,0.0,79.997,5
1287,42.9,5.87,15.74,0.0869,0.0005,0.0619,0.0,0.0,0.0,0.0436,0.0672,0.925,0.0528,0.9472,0.4971,0.5088,126.0,126.0,126.0,0.0,79.8587,5
1288,42.9333,5.8543,15.6768,0.0713,0.0003,0.0345,0.0,0.0,0.0,0.0436,0.0672,0.926,0.0528,0.9472,0.4973,0.5093,127.0,127.0,127.0,0.0,79.7349,4
1289,42.9667,5.8542,15.6766,0.0006,0.0,0.0109,0.0,0.0,0.0,0.0436,0.0672,0.926,0.0528,0.9472,0.4973,0.5093,127.0,127.0,127.0,0.0,79.7216,4
1290,43.0,5.9162,15.8091,0.1168,0.0006,0.0904,0.0,0.0,0.0,0.0439,0.0672,0.925,0.0528,0.9472,0.4973,0.5108,118.0,118.0,118.0,0.0,80.06,5
1291,43.0333,5.9016,15.6948,0.1658,0.0008,0.0869,0.0,0.0,0.0,0.0439,0.0672,0.925,0.0528,0.9472,0.4973,0.5116,119.5,119.5,119.5,0.0,80.1244,8
1292,43.0667,5.8686,15.6708,0.1111,0.0005,0.0432,0.0,0.0,0.0,0.0436,0.0672,0.9258,0.0528,0.9472,0.4973,0.5096,126.0,126.0,126.0,0.0,79.8216,5
1293,43.1,5.8826,15.6735,0.093,0.0004,0.0423,0.0,0.0,0.0,0.0438,0.0672,0.925,0.0528,0.9472,0.4973,0.5109,122.0,122.0,122.0,0.0,80.0058,5
1294,43.1333,5.8825,15.6734,0.0006,0.0,0.0086,0.0,0.0,0.0,0.0438,0.0672,0.925,0.0528,0.9472,0.4973,0.5108,122.0,122.0,122.0,0.0,79.9994,5
1295,43.1667,5.8978,15.6636,0.1253,0.0007,0.0156,0.0,0.0,0.0,0.044,0.0672,0.925,0.0528,0.9472,0.4972,0.5127,118.0,118.0,118.0,0.0,80.2629,5
1296,43.2,5.8744,15.6421,0.0685,0.0006,0.0952,0.0,0.0,0.0,0.0438,0.0672,0.925,0.0528,0.9472,0.4973,0.5119,122.0,122.0,122.0,0.0,79.9721,4
1297,43.2333,5.8587,15.6821,0.069,0.0005,0.0109,0.0,0.0,0.0,0.0436,0.0672,0.925,0.0528,0.9472,0.4973,0.5096,126.0,126.0,126.0,0.0,79.7128,5
1298,43.2667,5.8415,15.673,0.0482,0.0002,0.0085,0.0,0.0,0.0,0.0436,0.0672,0.925,0.0528,0.9472,0.4973,0.5091,127.0,127.0,127.0,0.0,79.5697,3
1299,43.3,5.8416,15.6732,0.0006,0.0,0.0091,0.0,0.0,0.0,0.0436,0.0672,0.9259,0.0528,0.9472,0.4973,0.509,127.0,127.0,127.0,0.0,79.57,3
1300,43.3333,5.8984,15.8284,0.0863,0.0004,0.0117,0.0,0.0,0.0,0.0438,0.0672,0.9251,0.0528,0.9472,0.4974,0.5089,122.0,122.0,122.0,0.0,79.9153,6
1301,43.3667,5.9701,15.8229,0.1981,0.0008,0.0373,0.0,0.0,0.0,0.0441,0.0672,0.925,0.0528,0.9472,0.4974,0.5115,114.0,114.0,114.0,0.0,80.3684,7
1302,43.4,5.8736,15.7399,0.1907,0.0009,0.0113,0.0,0.0,0.0,0.0438,0.0672,0.925,0.0528,0.9472,0.4972,0.5094,123.0,123.0,123.0,0.0,79.9351,4
1303,43.4333,5.8933,15.8205,0.0999,0.0006,0.0213,0.0,0.0,0.0,0.0438,0.0672,0.925,0.0528,0.9472,0.4973,0.5087,120.0,120.0,120.0,0.0,79.9091,4
1304,43.4667,5.8933,15.8206,0.0005,0.0,0.0066,0.0,0.0,0.0,0.0438,0.0672,0.925,0.0528,0.9472,0.4973,0.5087,120.0,120.0,120.0,0.0,79.908,4
1305,43.5,5.8806,15.7924,0.1062,0.0006,0.0205,0.0,0.0,0.0,0.0438,0.0672,0.9253,0.0528,0.9472,0.4973,0.5091,122.5,122.5,122.5,0.0,79.8234,4
1306,43.5333,5.8582,15.723,0.0788,0.0003,0.0131,0.0,0.0,0.0,0.0437,0.0672,0.9256,0.0528,0.9472,0.4973,0.5091,125.0,125.0,125.0,0.0,79.5929,4
1307,43.5667,5.8632,15.7169,0.062,0.0003,0.0108,0.0,0.0,0.0,0.0437,0.0672,0.9254,0.0528,0.9472,0.4973,0.5095,125.0,125.0,125.0,0.0,79.7931,4
1308,43.6,5.8399,15.6784,0.0424,0.0003,0.013,0.0,0.0,0.0,0.0436,0.0672,0.926,0.0528,0.9472,0.4973,0.5089,127.0,127.0,127.0,0.0,79.6946,3
1309,43.6333,5.8399,15.6784,0.0004,0.0,0.0081,0.0,0.0,0.0,0.0436,0.0672,0.926,0.0528,0.9472,0.4973,0.5089,127.0,127.0,127.0,0.0,79.6846,3
1310,43.6667,5.8734,15.697,0.0592,0.0002,0.0177,0.0,0.0,0.0,0.0437,0.0672,0.9266,0.0528,0.9472,0.4973,0.51,125.0,125.0,125.0,0.0,79.8314,5
1311,43.7,5.8898,15.7489,0.1079,0.0004,0.0095,0.0,0.0,0.0,0.0437,0.0672,0.9266,0.0528,0.9472,0.4974,0.5095,124.5,124.5,124.5,0.0,80.0457,6
1312,43.7333,5.8386,15.6471,0.076,0.0003,0.0075,0.0,0.0,0.0,0.0435,0.0672,0.9261,0.0528,0.9472,0.4973,0.5091,130.0,130.0,130.0,0.0,79.6883,4
1313,43.7667,5.8525,15.6603,0.0412,0.0001,0.0061,0.0,0.0,0.0,0.0436,0.0672,0.9266,0.0528,0.9472,0.4974,0.5093,127.0,127.0,127.0,0.0,79.7173,5
1314,43.8,5.8525,15.6603,0.0005,0.0,0.0075,0.0,0.0,0.0,0.0436,0.0672,0.9266,0.0528,0.9472,0.4974,0.5093,127.0,127.0,127.0,0.0,79.6982,5
1315,43.8333,5.8395,15.6721,0.0405,0.0002,0.0102,0.0,0.0,0.0,0.0436,0.0672,0.9266,0.0528,0.9472,0.4973,0.509,127.0,127.0,127.0,0.0,79.7149,4
1316,43.8667,5.8287,15.6469,0.0196,0.0001,0.0117,0.0,0.0,0.0,0.0435,0.0672,0.9266,0.0528,0.9472,0.4974,0.5088,130.0,130.0,130.0,0.0,79.5755,3
1317,43.9,5.8437,15.6809,0.0248,0.0001,0.0105,0.0,0.0,0.0,0.0436,0.0672,0.926,0.0528,0.9472,0.4974,0.5085,127.0,127.0,127.0,0.0,79.6753,5
1318,43.9333,5.8487,15.6741,0.0436,0.0001,0.0096,0.0,0.0,0.0,0.0436,0.0672,0.925,0.0528,0.9472,0.4973,0.5091,129.0,129.0,129.0,0.0,79.667,5
1319,43.9667,5.8487,15.6741,0.0005,0.0,0.0081,0.0,0.0,0.0,0.0436,0.0672,0.925,0.0528,0.9472,0.4973,0.5091,129.0,129.0,129.0,0.0,79.6636,5
1320,44.0,5.8738,15.7276,0.0766,0.0004,0.2742,0.0,0.0,0.0,0.0437,0.0672,0.9254,0.0528,0.9472,0.4973,0.5092,123.0,123.0,123.0,0.0,79.8206,6
1321,44.0333,5.9396,15.8055,0.156,0.0008,0.1001,0.0,0.0,0.0,0.0438,0.0672,0.9252,0.0528,0.9472,0.4972,0.5074,123.0,123.0,123.0,0.0,80.3173,11
1322,44.0667,5.9235,15.6743,0.1983,0.001,0.1259,0.0,0.0,0.0,0.0439,0.0672,0.925,0.0528,0.9472,0.4973,0.5116,117.0,117.0,117.0,0.0,80.2723,7
1323,44.1,5.9306,15.7751,0.189,0.0011,0.1449,0.0,0.0,0.0,0.0438,0.0672,0.9251,0.0528,0.9472,0.4973,0.5072,122.0,122.0,122.0,0.0,80.4196,7
