frame,time,luma,center_luma,diff,mask_change,fg_diff,bg_r,bg_g,bg_b,fg_area,x0,x1,y0,y1,cx,cy,fg_r,fg_g,fg_b,fg_sat,sharp,bands
0,0.0,35.0258,46.2751,0.0,1.0,255.0,18.0,26.0,39.0,0.0,,,,,,,,,,,,
1,0.0417,34.5131,46.6059,2.7735,0.0,0.0,18.0,26.0,37.0,0.0,,,,,,,,,,,,
2,0.0833,34.0592,47.3374,3.2996,0.0,0.0,18.0,26.0,37.0,0.0,,,,,,,,,,,,
3,0.125,33.7567,48.1906,3.1242,0.0,0.0,19.0,25.0,37.0,0.0,,,,,,,,,,,,
4,0.1667,33.743,49.5626,3.4392,0.0001,0.0,18.0,25.0,37.0,0.0001,,,,,,,,,,,,
5,0.2083,33.6365,50.1769,2.9338,0.0001,4.0333,17.0,25.0,35.0,0.0001,,,,,,,,,,,,
6,0.25,32.9381,49.4459,3.2548,0.0008,0.0,18.0,24.0,34.0,0.0007,0.2448,0.6188,0.4083,0.5759,0.3636,0.4908,23.0,34.0,69.0,130.5,10.0164,6
7,0.2917,32.3263,48.5667,2.6922,0.003,8.5545,17.0,24.0,33.0,0.0032,0.2453,0.6609,0.4056,0.5715,0.4336,0.4761,27.0,39.0,75.0,131.0,10.2723,2
8,0.3333,31.5521,46.9282,2.4527,0.0052,9.3234,17.0,23.0,33.0,0.007,0.2469,0.7341,0.4056,0.5611,0.4869,0.4768,30.5,47.0,97.0,119.5,9.9589,1
9,0.375,30.887,45.4875,1.9874,0.0091,7.7228,16.0,23.0,33.0,0.0126,0.2484,0.7452,0.4028,0.5583,0.4916,0.4772,35.0,55.0,101.0,116.5,14.0649,1
10,0.4167,30.2104,43.695,1.8358,0.0097,8.2775,16.0,22.0,32.0,0.0186,0.25,0.7453,0.4028,0.5722,0.4967,0.4818,35.0,67.0,103.0,120.0,26.2499,3
11,0.4583,30.25,43.3567,1.0007,0.0051,2.0826,16.0,22.0,32.0,0.0193,0.25,0.7445,0.4,0.5667,0.4946,0.4804,34.0,66.0,101.0,119.0,26.1227,3
12,0.5,30.2369,42.8307,1.0818,0.0045,1.9256,16.0,22.0,32.0,0.0207,0.25,0.7438,0.4,0.5778,0.4913,0.4806,33.0,65.0,98.0,122.0,26.5992,2
13,0.5417,30.2701,42.5958,0.6515,0.0034,1.6941,16.0,22.0,32.0,0.0209,0.25,0.7438,0.3972,0.5944,0.4907,0.4814,33.0,66.0,98.0,121.0,25.8114,3
14,0.5833,30.4262,42.2546,1.0397,0.0026,1.5204,16.0,22.0,32.0,0.0213,0.25,0.7438,0.3972,0.5861,0.4867,0.4805,32.0,64.0,97.0,120.0,25.7536,2
15,0.625,30.5366,42.0279,0.7153,0.0021,1.2565,16.0,22.0,32.0,0.0218,0.25,0.7438,0.3972,0.5858,0.4858,0.48,31.0,63.0,94.0,121.0,25.9643,2
16,0.6667,30.7248,41.6615,0.9101,0.0016,1.294,16.0,22.0,32.0,0.0222,0.25,0.7438,0.3972,0.5889,0.4841,0.4801,31.0,60.0,91.0,120.0,26.4192,2
17,0.7083,30.8308,41.4031,0.6054,0.0007,0.6244,16.0,22.0,32.0,0.0222,0.25,0.7438,0.3972,0.5861,0.4837,0.4802,30.0,58.0,90.0,120.0,26.4033,2
18,0.75,31.0198,41.083,0.9262,0.0009,0.7335,16.0,22.0,32.0,0.0225,0.25,0.7438,0.3972,0.5894,0.482,0.4805,28.0,53.0,89.0,120.0,26.379,2
19,0.7917,31.0501,40.7604,0.5774,0.0006,0.4083,16.0,22.0,32.0,0.0226,0.25,0.7438,0.3972,0.5889,0.4809,0.4807,27.0,52.0,90.0,120.0,26.4742,2
20,0.8333,31.1616,40.305,0.9221,0.0007,0.6773,16.0,22.0,32.0,0.023,0.25,0.7438,0.3972,0.5889,0.4798,0.4808,24.0,49.0,89.0,121.0,26.4953,1
21,0.875,31.3303,40.082,0.7149,0.0006,0.4004,16.0,22.0,32.0,0.023,0.25,0.7452,0.3972,0.5889,0.4795,0.481,24.0,48.0,89.0,120.0,26.51,1
22,0.9167,31.5318,39.7533,0.8825,0.0006,0.5552,16.0,22.0,32.0,0.0232,0.25,0.7438,0.3972,0.5889,0.4781,0.481,23.5,48.0,89.0,120.0,26.525,1
23,0.9583,31.6924,39.5491,0.617,0.0003,0.1994,16.0,22.0,32.0,0.0234,0.25,0.7438,0.3972,0.5889,0.4776,0.4812,24.0,48.0,89.0,120.0,26.5832,1
24,1.0,7.7927,0.9647,40.8821,0.0798,0.0,0.0,0.0,0.0,0.0565,0.3203,0.6797,0.7306,0.9528,0.5002,0.8361,214.0,214.0,214.0,0.0,45.5687,1
25,1.0417,8.0164,20.0091,14.1926,0.0942,95.2389,0.0,0.0,0.0,0.0565,0.3188,0.6797,0.5917,0.8111,0.5001,0.6955,207.0,207.0,207.0,0.0,45.1142,1
26,1.0833,7.0341,20.9235,8.712,0.0491,81.5555,0.0,0.0,0.0,0.051,0.3188,0.6797,0.525,0.7444,0.5114,0.6315,207.0,207.0,207.0,0.0,44.7348,1
27,1.125,7.6998,22.919,6.7684,0.0387,53.7567,0.0,0.0,0.0,0.0553,0.3188,0.6797,0.4806,0.7,0.5019,0.5836,204.0,204.0,204.0,0.0,45.3054,1
28,1.1667,7.0291,20.9086,6.7435,0.0271,93.6887,0.0,0.0,0.0,0.0514,0.3234,0.6797,0.4528,0.6722,0.5128,0.5591,205.0,205.0,205.0,0.0,45.5859,1
29,1.2083,7.7838,23.1706,5.9028,0.0244,75.5651,0.0,0.0,0.0,0.0551,0.3188,0.6797,0.4333,0.6556,0.5029,0.5385,225.0,225.0,225.0,0.0,43.3427,1
30,1.25,7.8266,23.299,3.3645,0.0155,45.6273,0.0,0.0,0.0,0.0571,0.3203,0.6797,0.425,0.6444,0.4981,0.5296,205.0,205.0,205.0,0.0,45.762,1
31,1.2917,7.604,22.6309,2.6823,0.014,32.8739,0.0,0.0,0.0,0.0554,0.3188,0.6797,0.4167,0.6389,0.5004,0.5241,205.0,205.0,205.0,0.0,45.3453,1
32,1.3333,7.8674,23.4206,2.0493,0.0118,20.9711,0.0,0.0,0.0,0.0569,0.3188,0.6797,0.4139,0.6361,0.4979,0.5187,208.0,208.0,208.0,0.0,43.7631,1
33,1.375,7.8645,23.4113,0.9228,0.0061,10.5431,0.0,0.0,0.0,0.0569,0.3188,0.6797,0.4111,0.6306,0.498,0.5158,208.0,208.0,208.0,0.0,44.2975,1
34,1.4167,7.8655,23.414,0.6429,0.0051,5.4063,0.0,0.0,0.0,0.0568,0.3188,0.6797,0.4083,0.6279,0.498,0.5131,207.0,207.0,207.0,0.0,43.7463,1
35,1.4583,7.8658,23.4153,0.424,0.004,3.009,0.0,0.0,0.0,0.0571,0.3188,0.6797,0.4056,0.6278,0.498,0.5114,204.0,204.0,204.0,0.0,44.0711,1
36,1.5,7.8664,23.4172,0.2468,0.0027,1.7018,0.0,0.0,0.0,0.057,0.3188,0.6797,0.4056,0.6278,0.4978,0.5104,207.0,207.0,207.0,0.0,43.9535,1
37,1.5417,7.8661,23.4161,0.1079,0.0013,0.8586,0.0,0.0,0.0,0.0568,0.3188,0.6797,0.4056,0.6278,0.498,0.5103,207.5,207.5,207.5,0.0,43.709,1
38,1.5833,7.8658,23.4155,0.0014,0.0,0.0162,0.0,0.0,0.0,0.0568,0.3188,0.6797,0.4056,0.6278,0.498,0.5103,207.5,207.5,207.5,0.0,43.717,1
39,1.625,7.8669,23.4188,0.0651,0.0007,0.5869,0.0,0.0,0.0,0.057,0.3188,0.6797,0.4056,0.6278,0.4977,0.5103,207.0,207.0,207.0,0.0,43.8183,1
40,1.6667,7.8641,23.4102,0.1224,0.0014,1.0436,0.0,0.0,0.0,0.057,0.3188,0.6797,0.4056,0.6278,0.4979,0.5106,207.0,207.0,207.0,0.0,44.2267,1
41,1.7083,7.822,23.2841,0.2564,0.0027,1.6894,0.0,0.0,0.0,0.0567,0.3188,0.6797,0.4056,0.6278,0.4973,0.5111,205.0,205.0,205.0,0.0,42.7869,1
42,1.75,7.8148,23.2624,0.1744,0.0021,1.4602,0.0,0.0,0.0,0.0569,0.3188,0.6797,0.4083,0.6278,0.4969,0.512,204.0,204.0,204.0,0.0,43.3931,1
43,1.7917,7.7979,23.2117,0.1888,0.0017,1.6451,0.0,0.0,0.0,0.0569,0.3188,0.6797,0.4083,0.6278,0.4971,0.5125,209.0,209.0,209.0,0.0,44.3947,1
44,1.8333,7.7245,22.9917,0.34,0.0038,2.2138,0.0,0.0,0.0,0.0562,0.3203,0.6781,0.4083,0.6278,0.4978,0.5125,207.0,207.0,207.0,0.0,44.3919,1
45,1.875,7.5165,22.3681,0.974,0.0061,10.2448,0.0,0.0,0.0,0.0549,0.3219,0.6766,0.4111,0.6278,0.4978,0.5127,194.0,194.0,194.0,0.0,44.8777,1
46,1.9167,7.0285,20.9048,2.3182,0.0109,35.4546,0.0,0.0,0.0,0.0512,0.3281,0.6703,0.4139,0.6222,0.4976,0.5125,175.0,175.0,175.0,0.0,43.2771,1
47,1.9583,5.8975,17.5141,5.1382,0.0155,94.2132,0.0,0.0,0.0,0.0449,0.3422,0.6562,0.4194,0.6111,0.4971,0.5106,66.0,66.0,66.0,0.0,49.3392,1
48,2.0,248.8606,240.5916,247.4224,0.0202,137.7549,253.0,253.0,253.0,0.0323,0.375,0.6375,0.4167,0.5917,0.5064,0.499,214.0,214.0,214.0,0.0,48.3736,1
49,2.0417,249.5717,242.7232,3.7332,0.0117,104.4576,253.0,253.0,253.0,0.0273,0.3812,0.6172,0.4306,0.5784,0.4963,0.5003,205.0,205.0,205.0,0.0,56.2301,1
50,2.0833,250.2916,244.8811,2.8222,0.0082,100.1116,253.0,253.0,253.0,0.0219,0.3859,0.6016,0.4389,0.5722,0.4928,0.4994,209.0,209.0,209.0,0.0,62.0412,1
51,2.125,250.5142,245.5484,3.115,0.0074,136.1056,253.0,253.0,253.0,0.0198,0.3781,0.5859,0.4444,0.5667,0.48,0.5008,226.0,226.0,226.0,0.0,67.1451,1
52,2.1667,249.5555,242.6745,4.4709,0.0225,133.1797,253.0,253.0,253.0,0.0287,0.3672,0.7734,0.4444,0.5611,0.5614,0.503,232.0,232.0,232.0,0.0,67.8755,1
53,2.2083,249.7783,243.3424,4.8029,0.0211,133.0726,253.0,253.0,253.0,0.0269,0.3484,0.7219,0.4472,0.5611,0.5262,0.5024,231.0,231.0,231.0,0.0,71.0992,1
54,2.25,249.2562,241.7773,4.1934,0.0213,98.8617,253.0,253.0,253.0,0.0306,0.3094,0.7859,0.4472,0.5583,0.527,0.5013,238.0,238.0,238.0,0.0,69.8284,1
55,2.2917,249.4253,242.2843,4.9692,0.0235,122.5064,253.0,253.0,253.0,0.03,0.2953,0.7422,0.4472,0.5583,0.4998,0.5005,246.0,246.0,246.0,0.0,73.6022,1
56,2.3333,249.285,241.8637,4.7734,0.0161,131.3033,253.0,253.0,253.0,0.0313,0.2766,0.7188,0.4472,0.5583,0.4776,0.501,247.0,247.0,247.0,0.0,73.5941,1
57,2.375,249.2845,241.8623,4.6492,0.0153,123.991,253.0,253.0,253.0,0.0311,0.2641,0.6969,0.4472,0.5583,0.4623,0.5008,249.0,249.0,249.0,0.0,72.0815,1
58,2.4167,249.2823,241.8556,4.8374,0.0135,140.1618,253.0,253.0,253.0,0.0312,0.2547,0.6797,0.4472,0.5583,0.4508,0.5008,249.0,249.0,249.0,0.0,73.045,1
59,2.4583,248.0292,238.0998,5.9888,0.0221,140.4459,253.0,253.0,253.0,0.0414,0.2484,0.8266,0.4472,0.5556,0.5207,0.5004,242.0,242.0,242.0,0.0,73.5005,1
60,2.5,248.0286,238.0975,5.8436,0.0144,127.7487,253.0,253.0,253.0,0.0413,0.2453,0.8141,0.4472,0.5556,0.5115,0.5004,243.0,243.0,243.0,0.0,73.2245,1
61,2.5417,248.0278,238.0949,5.3771,0.0133,119.1955,253.0,253.0,253.0,0.0415,0.2375,0.8016,0.4472,0.5556,0.504,0.5004,242.0,242.0,242.0,0.0,73.2163,1
62,2.5833,248.0283,238.0965,4.7631,0.0116,105.7357,253.0,253.0,253.0,0.0416,0.2344,0.7922,0.4472,0.5556,0.4977,0.5005,245.0,245.0,245.0,0.0,73.6117,1
63,2.625,248.0303,238.1025,3.9763,0.0106,86.879,253.0,253.0,253.0,0.0415,0.2328,0.7859,0.4472,0.5556,0.4932,0.5005,243.0,243.0,243.0,0.0,73.2782,1
64,2.6667,248.031,238.1045,3.1493,0.0092,65.967,253.0,253.0,253.0,0.0419,0.2281,0.7812,0.4472,0.5556,0.4896,0.5004,248.0,248.0,248.0,0.0,73.0936,1
65,2.7083,248.0292,238.0992,2.4174,0.0082,47.1749,253.0,253.0,253.0,0.0417,0.2281,0.7766,0.4472,0.5556,0.488,0.5005,246.0,246.0,246.0,0.0,73.3007,1
66,2.75,248.0287,238.0977,1.7414,0.0073,29.2671,253.0,253.0,253.0,0.0418,0.224,0.7734,0.4472,0.5556,0.4858,0.5005,248.0,248.0,248.0,0.0,72.8161,1
67,2.7917,248.0312,238.1054,1.1383,0.0059,15.7076,253.0,253.0,253.0,0.042,0.2234,0.7734,0.4472,0.5556,0.4842,0.5005,249.0,249.0,249.0,0.0,73.1581,1
68,2.8333,248.0312,238.1052,0.7213,0.0052,7.5282,253.0,253.0,253.0,0.0418,0.2219,0.7719,0.4472,0.5556,0.4828,0.5004,251.0,251.0,251.0,0.0,71.9586,1
69,2.875,248.0294,238.1,0.4839,0.0042,4.4018,253.0,253.0,253.0,0.0421,0.2219,0.7719,0.4472,0.5556,0.4828,0.5004,250.0,250.0,250.0,0.0,72.2958,1
70,2.9167,248.0349,238.1164,0.2934,0.0025,3.4888,253.0,253.0,253.0,0.0418,0.2219,0.7703,0.4472,0.5556,0.4823,0.5005,247.0,247.0,247.0,0.0,72.9077,1
71,2.9583,248.0322,238.1084,0.0901,0.0008,1.3024,253.0,253.0,253.0,0.0418,0.2234,0.7713,0.4472,0.5556,0.4825,0.5005,247.0,247.0,247.0,0.0,72.7747,1
72,3.0,4.3726,12.9445,244.0939,0.0489,111.789,0.0,0.0,0.0,0.0107,0.5359,0.7109,0.3556,0.6194,0.6396,0.5003,0.0,123.0,247.0,255.0,18.5124,1
73,3.0417,4.3092,12.7543,4.6533,0.0189,41.7674,0.0,0.0,0.0,0.0101,0.4859,0.6625,0.3556,0.6194,0.5896,0.5004,0.0,123.0,246.0,255.0,17.2637,1
74,3.0833,4.2288,12.5133,2.4998,0.0167,18.9902,0.0,0.0,0.0,0.0101,0.4672,0.6438,0.3556,0.6194,0.5718,0.4995,0.0,120.0,238.0,255.0,17.2695,1
75,3.125,4.1808,12.3692,1.6222,0.0157,20.9617,0.0,0.0,0.0,0.01,0.4547,0.6312,0.3556,0.6194,0.5586,0.5002,0.0,123.0,246.0,255.0,16.6178,1
76,3.1667,4.1706,12.3388,1.2202,0.0135,25.945,0.0,0.0,0.0,0.0093,0.4453,0.6219,0.3556,0.6194,0.5449,0.5012,0.0,124.0,250.0,255.0,15.1022,1
77,3.2083,4.1916,12.4015,0.9342,0.0108,37.2925,0.0,0.0,0.0,0.0101,0.4391,0.6156,0.3556,0.6194,0.5437,0.4987,0.0,122.0,235.0,255.0,17.7509,1
78,3.25,4.2512,12.5803,0.7611,0.0101,34.6364,0.0,0.0,0.0,0.0093,0.4328,0.6094,0.3556,0.6194,0.5329,0.5019,0.0,124.0,250.0,255.0,15.293,1
79,3.2917,4.3337,12.8277,0.6465,0.0089,34.9823,0.0,0.0,0.0,0.0105,0.4297,0.6047,0.3556,0.6194,0.5346,0.5004,0.0,123.0,246.5,255.0,18.0193,1
80,3.3333,4.4374,13.1384,0.5696,0.0089,28.1226,0.0,0.0,0.0,0.0095,0.425,0.6016,0.3556,0.6194,0.5264,0.5001,0.0,124.0,250.0,255.0,16.5977,1
81,3.375,4.5607,13.5082,0.498,0.0087,16.0779,0.0,0.0,0.0,0.0104,0.4234,0.5984,0.3556,0.6194,0.5282,0.5002,0.0,124.0,247.0,255.0,18.7049,1
82,3.4167,4.6964,13.9147,0.4455,0.0072,12.1747,0.0,0.0,0.0,0.0102,0.4203,0.5969,0.3556,0.6194,0.5256,0.5004,1.0,123.0,239.0,251.0,19.0386,1
83,3.4583,4.8437,14.3564,0.3712,0.0067,6.0082,0.0,0.0,0.0,0.0093,0.4188,0.5953,0.3537,0.6194,0.5174,0.5035,6.0,124.0,251.0,243.0,16.6796,1
84,3.5,4.9776,14.7578,0.3165,0.0049,4.5714,0.0,0.0,0.0,0.0102,0.4172,0.5938,0.3556,0.6194,0.5222,0.5007,15.0,123.0,242.0,234.0,20.0861,1
85,3.5417,1.7336,5.0328,3.7151,0.0101,64.3333,0.0,0.0,0.0,0.0,,,,,,,,,,,,
86,3.5833,2.1761,6.3595,1.7876,0.0005,63.4444,0.0,0.0,0.0,0.0005,0.4156,0.5859,0.3611,0.6111,0.5081,0.5052,119.0,0.0,60.0,255.0,15.1408,2
87,3.625,2.689,7.8971,0.67,0.0004,17.5528,0.0,0.0,0.0,0.0009,0.4156,0.5859,0.3611,0.6111,0.5171,0.5223,134.0,9.0,88.0,237.0,16.2463,3
88,3.6667,7.4648,22.2133,7.6949,0.0172,81.6981,0.0,0.0,0.0,0.0167,0.3281,0.6734,0.35,0.6222,0.4119,0.5042,138.0,47.0,116.0,0.0,40.3582,1
89,3.7083,7.9415,23.6426,0.6651,0.0007,1.1944,0.0,0.0,0.0,0.0174,0.3281,0.6734,0.3527,0.6222,0.4202,0.5038,136.0,41.0,150.0,0.0,40.336,1
90,3.75,11.2583,33.5853,11.7759,0.0375,115.235,0.0,0.0,0.0,0.0348,0.2828,0.7203,0.3556,0.6222,0.4349,0.5108,125.0,62.0,189.0,0.0,39.6924,1
91,3.7917,11.2455,33.5469,1.265,0.0075,9.2563,0.0,0.0,0.0,0.0354,0.2812,0.7203,0.3556,0.6222,0.4386,0.5104,94.0,77.0,204.0,0.0,38.1157,1
92,3.8333,11.1732,33.3301,2.645,0.018,49.9916,0.0,0.0,0.0,0.0375,0.2766,0.7188,0.3556,0.6222,0.4474,0.5082,62.0,90.0,205.0,0.0,36.9602,1
93,3.875,14.6484,43.7474,14.7773,0.0559,115.5398,0.0,0.0,0.0,0.0523,0.2172,0.7625,0.3528,0.6222,0.4341,0.5059,31.0,107.0,214.0,0.0,36.8303,1
94,3.9167,14.745,44.0367,10.0333,0.0621,100.9484,0.0,0.0,0.0,0.0538,0.2016,0.7469,0.3528,0.6222,0.4237,0.5057,0.0,122.0,205.0,0.0,36.6612,1
95,3.9583,14.7445,44.0357,15.5888,0.0601,140.4346,0.0,0.0,0.0,0.0538,0.1734,0.7188,0.3528,0.6222,0.3937,0.5055,0.0,123.0,212.0,0.0,37.8841,1
96,4.0,11.1758,15.2748,23.2765,0.0676,121.3535,5.0,8.0,11.0,0.0197,0.4203,0.7844,0.4556,0.5472,0.5747,0.5072,116.0,38.0,132.0,21.0,66.0068,1
97,4.0417,11.7583,16.7322,3.771,0.0171,102.7569,5.0,8.0,11.0,0.023,0.3703,0.7906,0.4556,0.55,0.5488,0.5074,105.0,48.0,152.0,18.0,65.3388,1
98,4.0833,11.9706,17.155,3.9405,0.0158,104.6493,5.0,8.0,11.0,0.0238,0.3531,0.775,0.4556,0.55,0.5368,0.5072,75.0,61.0,154.0,18.0,62.2457,1
99,4.125,12.4531,18.4908,4.0586,0.0188,98.0563,5.0,8.0,11.0,0.0276,0.3219,0.7828,0.4569,0.55,0.528,0.5075,47.0,71.0,141.0,18.0,60.4207,1
100,4.1667,12.8234,19.5221,4.2995,0.0169,103.0231,5.0,8.0,11.0,0.0296,0.2984,0.7844,0.4583,0.55,0.5181,0.5074,39.0,83.0,127.0,17.0,59.7676,2
101,4.2083,12.968,19.993,4.4809,0.0129,122.6342,5.0,8.0,11.0,0.031,0.2891,0.7781,0.4556,0.55,0.5142,0.5071,40.0,91.0,145.0,17.0,58.8972,2
102,4.25,13.1741,20.5942,4.1924,0.012,112.6786,5.0,8.0,11.0,0.0315,0.2812,0.7734,0.4556,0.55,0.5095,0.5072,46.0,105.0,148.0,18.0,58.5151,2
103,4.2917,13.3346,21.0889,3.6239,0.0109,91.8307,6.0,8.0,11.0,0.0323,0.2766,0.7672,0.4556,0.55,0.5042,0.5072,70.0,131.0,166.0,15.0,58.5937,1
104,4.3333,13.4657,21.4902,3.0489,0.0097,74.7155,6.0,8.0,12.0,0.0329,0.2703,0.7641,0.4556,0.55,0.5005,0.5072,87.0,139.0,161.0,15.0,58.2735,1
105,4.375,13.5361,21.7148,2.7017,0.0093,62.477,6.0,6.0,12.0,0.0333,0.2656,0.7609,0.4556,0.55,0.4978,0.507,95.5,147.0,172.0,14.0,57.3605,1
106,4.4167,13.5748,21.9305,2.3419,0.0088,51.153,6.0,6.0,12.0,0.0338,0.2609,0.7578,0.4556,0.55,0.4936,0.507,89.0,153.0,171.5,14.0,58.7392,1
107,4.4583,12.8991,21.4369,2.8613,0.0087,41.442,5.0,6.0,11.0,0.034,0.2578,0.7578,0.4556,0.55,0.4921,0.507,74.0,139.5,180.5,13.0,55.7728,2
108,4.5,12.424,21.0435,2.3352,0.0081,34.395,5.0,6.0,10.0,0.0346,0.2547,0.7531,0.4556,0.55,0.4888,0.507,73.0,120.0,179.0,12.0,56.1297,1
109,4.5417,11.8839,20.9221,2.2753,0.0073,28.1948,4.0,5.0,10.0,0.0352,0.2531,0.7547,0.4556,0.55,0.4877,0.5069,79.5,146.0,185.0,12.0,56.9169,1
110,4.5833,11.5538,20.822,1.7153,0.0067,18.9776,4.0,5.0,9.0,0.0352,0.25,0.7516,0.4556,0.55,0.4861,0.5069,101.0,159.0,185.0,12.0,55.5881,1
111,4.625,10.9898,20.4681,1.6404,0.0057,12.0393,4.0,4.0,8.0,0.0353,0.2484,0.75,0.4556,0.55,0.4836,0.5068,108.0,167.0,190.0,10.0,55.3534,1
112,4.6667,10.6333,20.3039,1.1593,0.0051,5.7269,3.0,4.0,8.0,0.0353,0.2469,0.75,0.4556,0.55,0.4852,0.5069,112.0,171.0,190.0,11.0,54.9482,1
113,4.7083,10.0481,19.9116,1.0401,0.0025,2.6678,3.0,4.0,6.0,0.0356,0.2469,0.75,0.4556,0.55,0.4846,0.5068,112.0,171.0,194.0,10.0,54.305,1
114,4.75,9.5644,19.5933,1.0527,0.0044,4.2206,3.0,3.0,5.0,0.0362,0.2469,0.7516,0.4556,0.55,0.4864,0.5068,112.0,169.0,189.0,9.0,54.8529,1
115,4.7917,8.9253,19.0942,2.1129,0.0074,22.7997,2.0,3.0,5.0,0.0359,0.2438,0.7484,0.4556,0.55,0.4831,0.5069,105.0,166.0,189.0,6.0,54.0445,1
116,4.8333,8.265,18.4447,3.2692,0.0094,54.8972,2.0,3.0,4.0,0.036,0.2406,0.7438,0.4556,0.55,0.4794,0.5066,84.0,155.0,192.0,4.0,54.2868,1
117,4.875,7.8331,18.0109,4.2884,0.0111,93.2408,1.0,2.0,4.0,0.0363,0.2344,0.7391,0.4556,0.55,0.4744,0.5067,89.0,161.0,189.0,3.0,54.7848,1
118,4.9167,7.3817,17.7205,5.7502,0.0142,126.0609,1.0,2.0,3.0,0.0363,0.2234,0.7297,0.4556,0.55,0.4653,0.5069,98.0,166.0,185.0,3.0,54.3906,1
119,4.9583,7.1479,17.658,5.3865,0.019,96.2979,1.0,1.0,3.0,0.0362,0.2062,0.7109,0.4556,0.55,0.4475,0.5066,110.0,171.0,185.0,3.0,54.2655,1
120,5.0,8.4469,18.7461,10.8513,0.0426,135.6251,1.0,2.0,4.0,0.0396,0.2984,0.65,0.4083,0.5806,0.4886,0.5032,233.0,235.0,237.0,6.0,43.4072,1
121,5.0417,13.7473,26.1945,12.3289,0.0661,129.6664,1.0,2.0,4.0,0.0767,0.2495,0.9938,0.4056,0.5806,0.6029,0.5012,223.0,223.0,224.0,4.0,43.3999,1
122,5.0833,14.4172,28.248,11.0367,0.0364,119.6162,1.0,2.0,4.0,0.0807,0.2391,0.9781,0.4028,0.5806,0.5917,0.5014,223.0,223.0,225.0,5.0,44.0609,1
123,5.125,14.2125,28.1502,11.0622,0.0383,108.2021,1.0,2.0,4.0,0.0763,0.2281,0.9516,0.4,0.5806,0.5906,0.5001,223.0,223.0,226.0,6.0,42.8691,1
124,5.1667,14.7636,30.1034,10.1233,0.0327,104.3454,2.0,2.0,4.0,0.0785,0.2203,0.9312,0.4,0.5806,0.5656,0.5012,223.0,223.0,226.0,7.0,42.9078,1
125,5.2083,15.3433,31.8371,10.2797,0.0318,103.0395,2.0,3.0,5.0,0.0804,0.2156,0.9125,0.4028,0.5806,0.5507,0.5011,229.0,229.0,231.0,8.0,42.9092,1
126,5.25,15.426,32.1327,8.8969,0.0259,91.3745,2.0,3.0,5.5,0.0785,0.2125,0.8984,0.4028,0.5806,0.5471,0.5015,221.0,222.0,224.0,9.0,43.1588,1
127,5.2917,16.2146,33.914,8.7362,0.027,89.0382,2.0,3.0,6.0,0.0808,0.2062,0.8859,0.4028,0.5806,0.5299,0.5011,224.0,225.0,228.5,10.0,41.7626,1
128,5.3333,16.2431,34.02,7.9785,0.025,81.8121,2.0,4.0,6.0,0.0778,0.2078,0.875,0.4056,0.5806,0.5348,0.5029,221.0,222.0,226.0,11.0,42.7261,1
129,5.375,16.5806,34.8068,6.145,0.0198,65.7645,3.0,4.0,6.0,0.0777,0.2047,0.8655,0.4056,0.5806,0.5292,0.5029,221.0,221.0,225.0,11.0,42.5034,1
130,5.4167,16.9064,35.4753,5.4477,0.0181,58.0959,3.0,4.0,8.0,0.0777,0.2031,0.8562,0.4056,0.5806,0.5252,0.503,229.0,230.0,233.0,11.0,43.1233,1
131,5.4583,17.2202,36.1192,4.8057,0.0172,50.1852,3.0,5.0,8.0,0.0771,0.2,0.85,0.4056,0.5806,0.5202,0.5029,231.0,233.0,236.0,11.0,42.0674,1
132,5.5,17.8188,36.836,4.7134,0.0162,43.5962,3.0,5.0,9.0,0.077,0.1984,0.8422,0.4056,0.5806,0.5157,0.5028,225.0,226.0,232.0,13.0,42.2256,1
133,5.5417,17.9476,37.3437,3.5387,0.0149,36.8621,3.0,5.0,9.0,0.0774,0.1957,0.8375,0.4056,0.5806,0.5123,0.5029,221.0,223.0,228.0,13.0,42.5166,1
134,5.5833,18.0273,37.7078,3.0425,0.0133,31.1041,4.0,5.0,9.0,0.0772,0.1938,0.8328,0.4056,0.5806,0.509,0.5029,224.0,226.0,231.0,13.0,42.1951,1
135,5.625,18.032,37.8808,2.6361,0.0122,25.8641,4.0,5.0,9.0,0.0774,0.1938,0.8281,0.4056,0.5806,0.5075,0.503,226.0,229.0,232.0,13.0,42.7764,1
136,5.6667,18.0444,37.9426,2.2688,0.0114,21.2335,4.0,5.0,9.0,0.0769,0.1922,0.825,0.4056,0.5806,0.5045,0.5029,226.0,229.0,232.0,13.0,42.0012,1
137,5.7083,249.4993,242.9297,233.3163,0.0535,111.902,253.0,253.0,253.0,0.038,0.2906,0.8422,0.4444,0.55,0.5526,0.5021,103.0,107.0,182.0,103.0,39.335,1
138,5.75,249.3206,242.0372,4.1395,0.0157,93.7353,253.0,253.0,253.0,0.0387,0.2812,0.8312,0.4444,0.55,0.5423,0.5022,96.0,98.0,168.0,97.0,40.0484,1
139,5.7917,249.1316,241.4037,4.3725,0.0167,95.2685,253.0,253.0,253.0,0.0398,0.2719,0.8161,0.4444,0.55,0.5312,0.502,94.0,96.0,155.0,87.0,42.1437,1
140,5.8333,248.9416,240.8344,4.2042,0.0146,91.0964,253.0,253.0,253.0,0.0414,0.2656,0.8016,0.4444,0.5528,0.5211,0.502,101.0,103.0,151.0,75.0,45.5681,1
141,5.875,248.7472,240.2515,3.6538,0.0117,78.9372,253.0,253.0,253.0,0.0422,0.2609,0.7906,0.4444,0.5528,0.5135,0.5019,102.0,103.0,143.0,56.0,46.9211,1
142,5.9167,248.5523,239.6673,3.0022,0.0102,63.7108,253.0,253.0,253.0,0.0425,0.2562,0.7828,0.4417,0.5528,0.5089,0.5019,120.0,123.0,151.0,47.0,47.3897,1
143,5.9583,248.356,239.0788,2.5258,0.0094,51.2775,253.0,253.0,253.0,0.0434,0.2531,0.7766,0.4417,0.5528,0.5041,0.5018,130.0,132.0,159.0,33.0,49.7557,1
144,6.0,248.1596,238.4902,2.1538,0.0085,41.1238,253.0,253.0,253.0,0.0438,0.2516,0.7719,0.4417,0.5528,0.5027,0.5017,162.0,164.5,174.5,26.0,50.1097,1
145,6.0417,247.9634,237.9019,1.8535,0.008,32.5603,253.0,253.0,253.0,0.0446,0.25,0.7688,0.4417,0.5528,0.4998,0.5017,204.0,205.0,208.0,16.0,51.9453,1
146,6.0833,247.769,237.3193,1.5932,0.0072,26.4574,253.0,253.0,253.0,0.0451,0.2484,0.7656,0.4417,0.5528,0.4984,0.5016,222.0,222.0,226.0,9.0,53.4635,1
147,6.125,247.5704,236.7239,1.3744,0.0068,20.0258,253.0,253.0,253.0,0.0458,0.2469,0.7625,0.4389,0.5556,0.4951,0.5016,219.0,221.0,228.0,6.0,54.8594,1
148,6.1667,247.3744,236.1362,1.1745,0.0062,15.6246,253.0,253.0,253.0,0.0463,0.2453,0.7609,0.4389,0.5556,0.495,0.5015,229.0,229.5,230.0,4.0,56.4003,1
149,6.2083,247.2055,235.63,0.9568,0.0053,12.6225,253.0,253.0,253.0,0.0473,0.2453,0.7594,0.4389,0.5556,0.4929,0.5015,233.0,233.0,233.0,0.0,59.4214,1
150,6.25,247.2045,235.627,0.6189,0.0043,6.2901,253.0,253.0,253.0,0.0469,0.2453,0.7578,0.4389,0.5556,0.493,0.5015,235.0,235.0,233.0,0.0,57.5819,1
151,6.2917,247.205,235.6286,0.4376,0.0035,4.2848,253.0,253.0,253.0,0.0468,0.2452,0.7562,0.4389,0.5556,0.4928,0.5015,235.0,235.0,235.0,0.0,57.8277,1
152,6.3333,247.2036,235.6244,0.3259,0.0028,2.8979,253.0,253.0,253.0,0.0467,0.2438,0.7555,0.4389,0.5556,0.4919,0.5015,239.0,238.0,238.0,0.0,56.401,1
153,6.375,247.2041,235.626,0.2682,0.0024,2.4041,253.0,253.0,253.0,0.0472,0.2438,0.7547,0.4389,0.5556,0.4913,0.5014,233.0,233.0,233.0,0.0,58.4471,1
154,6.4167,247.2064,235.6327,1.1979,0.0057,16.393,253.0,253.0,253.0,0.0472,0.2453,0.7562,0.4389,0.5556,0.4934,0.5014,236.0,236.0,236.0,0.0,58.9702,1
155,6.4583,248.1251,238.3867,4.7227,0.0161,92.6433,253.0,253.0,253.0,0.0395,0.25,0.6656,0.4389,0.5556,0.4526,0.5014,226.0,226.0,226.0,0.0,59.3342,1
156,6.5,248.1245,238.385,6.5088,0.0116,163.8976,253.0,253.0,253.0,0.0393,0.2625,0.6766,0.4389,0.5556,0.4658,0.5014,229.0,229.0,229.0,0.0,58.744,1
157,6.5417,248.1287,238.3975,5.3665,0.0164,109.7295,253.0,253.0,253.0,0.0394,0.2828,0.6969,0.4389,0.5556,0.4853,0.5013,228.0,228.0,228.0,0.0,59.0836,1
158,6.5833,250.1581,244.4809,5.6228,0.0258,150.3643,253.0,253.0,253.0,0.0226,0.3156,0.5453,0.4389,0.5556,0.4295,0.5016,225.0,224.5,225.0,0.0,55.581,1
159,6.625,252.9998,252.9995,2.8433,0.0226,0.0,253.0,253.0,253.0,0.0,,,,,,,,,,,,
160,6.6667,252.9998,252.9995,0.0,0.0,0.0,253.0,253.0,253.0,0.0,,,,,,,,,,,,
161,6.7083,0.0543,0.0,252.9456,0.0,0.0,0.0,0.0,0.0,0.0,,,,,,,,,,,,
162,6.75,0.0543,0.0,0.0,0.0,0.0,0.0,0.0,0.0,0.0,,,,,,,,,,,,
163,6.7917,0.0543,0.0,0.0,0.0,0.0,0.0,0.0,0.0,0.0,,,,,,,,,,,,
164,6.8333,0.0543,0.0,0.0,0.0,0.0,0.0,0.0,0.0,0.0,,,,,,,,,,,,
165,6.875,0.0543,0.0,0.0,0.0,0.0,0.0,0.0,0.0,0.0,,,,,,,,,,,,
166,6.9167,0.0543,0.0,0.0,0.0,0.0,0.0,0.0,0.0,0.0,,,,,,,,,,,,
167,6.9583,0.0543,0.0,0.0,0.0,0.0,0.0,0.0,0.0,0.0,,,,,,,,,,,,
168,7.0,2.1409,6.255,2.0866,0.0167,0.0,0.0,0.0,0.0,0.0167,0.3672,0.5266,0.4306,0.5583,0.4456,0.4992,15.0,15.0,15.0,0.0,56.8774,1
169,7.0417,1.4285,4.1193,1.8834,0.0078,109.8192,0.0,0.0,0.0,0.0113,0.3891,0.5219,0.4389,0.5556,0.462,0.5026,25.0,25.0,25.0,0.0,62.1823,1
170,7.0833,1.4272,4.1154,1.9687,0.0073,153.1738,0.0,0.0,0.0,0.0111,0.4031,0.5359,0.4389,0.5556,0.4752,0.5028,16.0,16.0,16.0,0.0,60.9809,1
171,7.125,1.3103,3.7651,1.6042,0.0063,131.8986,0.0,0.0,0.0,0.0101,0.4062,0.5453,0.4389,0.5556,0.4854,0.4995,35.0,35.0,35.0,0.0,60.6846,1
172,7.1667,1.3111,3.7672,0.9382,0.0038,96.272,0.0,0.0,0.0,0.01,0.4125,0.55,0.4389,0.5556,0.4909,0.4996,33.0,33.0,33.0,0.0,59.5545,1
173,7.2083,1.7543,5.096,1.0946,0.0055,60.726,0.0,0.0,0.0,0.0133,0.4172,0.5531,0.4361,0.5528,0.4871,0.4974,37.0,37.0,37.0,0.0,56.2677,1
174,7.25,1.7547,5.0971,0.6029,0.0025,38.2439,0.0,0.0,0.0,0.0133,0.4199,0.5562,0.4381,0.5528,0.4901,0.4974,25.0,25.0,25.0,0.0,57.3339,1
175,7.2917,1.7753,5.1588,0.9557,0.0041,49.1282,0.0,0.0,0.0,0.0142,0.4219,0.5578,0.4306,0.5556,0.4888,0.4974,3.0,3.0,3.0,0.0,58.3084,1
176,7.3333,1.7747,5.157,0.3248,0.0019,13.8652,0.0,0.0,0.0,0.0141,0.4234,0.5594,0.4306,0.5556,0.4904,0.4974,1.0,1.0,1.0,0.0,57.7772,1
177,7.375,1.7748,5.1572,0.2539,0.0017,9.2085,0.0,0.0,0.0,0.0142,0.425,0.5609,0.4306,0.5556,0.4924,0.4973,9.0,9.0,9.0,0.0,59.2702,1
178,7.4167,1.7748,5.1573,0.1994,0.0014,7.0985,0.0,0.0,0.0,0.0143,0.4266,0.5625,0.4306,0.5556,0.4935,0.4974,2.0,2.0,2.0,0.0,58.361,1
179,7.4583,1.7752,5.1585,0.1599,0.0013,5.0894,0.0,0.0,0.0,0.0142,0.4266,0.5625,0.4306,0.5556,0.4936,0.4974,3.0,3.0,3.0,0.0,58.368,1
180,7.5,1.775,5.1581,0.1261,0.0012,3.0368,0.0,0.0,0.0,0.0142,0.4281,0.5641,0.4306,0.5556,0.4947,0.4974,0.0,0.0,0.0,0.0,57.5051,1
181,7.5417,1.7747,5.1573,0.101,0.001,3.0322,0.0,0.0,0.0,0.0143,0.4281,0.5641,0.4306,0.5556,0.4957,0.4973,6.0,6.0,6.0,0.0,60.3682,1
182,7.5833,1.7763,5.1619,0.079,0.0008,2.6034,0.0,0.0,0.0,0.0142,0.4281,0.5641,0.4306,0.5556,0.4953,0.4974,4.0,4.0,4.0,0.0,58.6451,1
183,7.625,1.7759,5.1608,0.059,0.0006,1.8689,0.0,0.0,0.0,0.0141,0.4288,0.5656,0.4306,0.5556,0.4953,0.4973,1.0,1.0,1.0,0.0,57.2773,1
184,7.6667,1.7758,5.1604,0.0465,0.0005,1.5202,0.0,0.0,0.0,0.0141,0.4297,0.5656,0.4306,0.5556,0.4958,0.4974,1.0,1.0,1.0,0.0,57.1142,1
185,7.7083,1.7756,5.1598,0.0337,0.0003,1.2202,0.0,0.0,0.0,0.0142,0.4297,0.5656,0.4306,0.5556,0.4963,0.4974,1.0,1.0,1.0,0.0,57.6983,1
186,7.75,1.7755,5.1595,0.0253,0.0002,1.0387,0.0,0.0,0.0,0.0143,0.4297,0.5656,0.4306,0.5556,0.4965,0.4973,1.5,1.5,1.5,0.0,58.19,1
187,7.7917,1.7755,5.1594,0.0,0.0,0.0,0.0,0.0,0.0,0.0143,0.4297,0.5656,0.4306,0.5556,0.4965,0.4973,1.5,1.5,1.5,0.0,58.19,1
188,7.8333,1.7755,5.1594,0.0,0.0,0.0,0.0,0.0,0.0,0.0143,0.4297,0.5656,0.4306,0.5556,0.4965,0.4973,1.5,1.5,1.5,0.0,58.19,1
189,7.875,1.7226,5.0008,0.0497,0.0002,3.3217,0.0,0.0,0.0,0.0141,0.4297,0.5656,0.4306,0.5556,0.4966,0.4973,3.0,3.0,5.0,2.0,57.208,1
190,7.9167,1.4057,4.0509,0.283,0.0007,19.8415,0.0,0.0,0.0,0.0134,0.4297,0.5641,0.4306,0.5528,0.4965,0.4973,35.0,36.0,44.5,32.0,47.4578,1
191,7.9583,1.101,3.1375,0.2728,0.0009,20.163,0.0,0.0,0.0,0.0126,0.4297,0.5641,0.4333,0.5528,0.4965,0.4971,101.0,102.0,134.0,67.0,37.3102,1
192,8.0,1.0075,2.8575,1.4719,0.0112,78.4254,0.0,0.0,0.0,0.0156,0.4328,0.5984,0.4139,0.5667,0.5179,0.4978,75.0,77.0,140.0,110.0,26.0675,1
193,8.0417,1.0041,2.847,1.6254,0.0196,43.3154,0.0,0.0,0.0,0.0155,0.3703,0.5359,0.4139,0.5667,0.4551,0.4978,74.0,77.0,137.0,110.0,25.1334,1
194,8.0833,0.9904,2.806,1.5885,0.0163,55.8963,0.0,0.0,0.0,0.0154,0.3312,0.4984,0.4139,0.5667,0.4169,0.4974,81.0,83.0,143.0,110.0,25.3242,1
195,8.125,2.5417,7.4343,3.4303,0.0444,56.3808,0.0,0.0,0.0,0.0439,0.3062,0.8266,0.4139,0.5778,0.5723,0.5001,63.0,67.0,136.0,116.0,23.7296,1
196,8.1667,2.7505,8.0821,4.1737,0.0333,57.3496,0.0,0.0,0.0,0.0462,0.2891,0.8094,0.4139,0.5806,0.5545,0.5003,66.0,70.0,139.0,113.0,23.2623,1
197,8.2083,3.0073,8.8519,4.4674,0.0292,70.5077,0.0,0.0,0.0,0.0491,0.2766,0.7953,0.4139,0.5806,0.5405,0.5005,73.0,76.0,145.0,110.0,23.8467,1
198,8.25,3.2625,9.6168,4.3927,0.0247,73.864,0.0,0.0,0.0,0.051,0.2656,0.7844,0.4139,0.5833,0.5303,0.5004,80.0,83.0,155.0,108.0,23.5308,1
199,8.2917,3.5233,10.3987,3.8319,0.0223,63.9358,0.0,0.0,0.0,0.053,0.2562,0.775,0.4139,0.5833,0.5204,0.5005,87.0,89.0,164.0,105.0,24.0982,1
200,8.3333,3.7764,11.1576,3.2158,0.0197,52.9596,0.0,0.0,0.0,0.0539,0.2484,0.7688,0.4139,0.5861,0.5122,0.5006,91.0,95.0,167.0,103.0,23.2755,1
201,8.375,4.0312,11.9214,2.7156,0.0187,42.7745,0.0,0.0,0.0,0.0552,0.2422,0.7641,0.4139,0.5861,0.5063,0.5005,96.0,100.0,173.0,99.0,23.7189,1
202,8.4167,4.2877,12.6902,2.224,0.0171,32.9672,0.0,0.0,0.0,0.0562,0.2375,0.7594,0.4139,0.5861,0.5016,0.5005,100.0,103.0,178.0,97.0,23.8599,1
203,8.4583,4.5417,13.4515,1.8149,0.0158,24.2617,0.0,0.0,0.0,0.0568,0.2328,0.7562,0.4139,0.5861,0.497,0.5007,104.0,108.0,180.0,95.0,24.359,1
204,8.5,4.7901,14.1961,1.4286,0.0141,16.743,0.0,0.0,0.0,0.0576,0.2297,0.7547,0.4139,0.5889,0.4946,0.5005,107.0,110.0,181.0,91.0,24.6562,1
205,8.5417,5.0359,14.9328,1.0598,0.0117,10.5975,0.0,0.0,0.0,0.0584,0.2281,0.7531,0.4139,0.5889,0.4923,0.5004,111.0,113.0,183.0,89.0,25.9308,1
206,8.5833,5.2769,15.6553,0.6044,0.0081,4.6794,0.0,0.0,0.0,0.0578,0.2266,0.7531,0.4116,0.5889,0.4907,0.5005,115.0,118.0,186.0,87.0,25.3571,1
207,8.625,5.5129,16.3628,0.5207,0.0072,3.9863,0.0,0.0,0.0,0.0582,0.225,0.7531,0.4111,0.5889,0.4898,0.5005,118.0,122.0,187.0,84.0,26.4445,1
208,8.6667,5.7237,16.9946,0.4297,0.0063,2.992,0.0,0.0,0.0,0.0577,0.2234,0.7531,0.4111,0.5889,0.4894,0.5005,120.0,124.0,188.0,81.0,26.7135,1
209,8.7083,5.8909,17.4958,0.4446,0.0067,3.0044,0.0,0.0,0.0,0.057,0.225,0.7531,0.4111,0.5905,0.4887,0.5007,124.0,127.0,190.0,78.0,27.1953,1
210,8.75,5.9965,17.8121,0.6286,0.0088,4.7186,0.0,0.0,0.0,0.0566,0.2266,0.7516,0.4139,0.5905,0.4885,0.501,127.0,131.0,190.0,75.0,27.7568,1
211,8.7917,6.0321,17.9183,0.9883,0.0117,10.172,0.0,0.0,0.0,0.0559,0.2297,0.7484,0.4139,0.5889,0.489,0.501,130.0,134.0,194.0,72.0,28.6446,1
212,8.8333,5.9742,17.7443,1.443,0.0139,18.622,0.0,0.0,0.0,0.0549,0.2344,0.7453,0.4167,0.5861,0.489,0.5005,134.0,138.0,195.0,68.0,29.6297,1
213,8.875,5.7809,17.1648,2.0813,0.0165,30.8044,0.0,0.0,0.0,0.0533,0.2438,0.7391,0.4167,0.5833,0.4902,0.5009,139.0,144.0,197.0,65.0,30.5711,1
214,8.9167,5.3948,16.0074,2.9385,0.018,46.8261,0.0,0.0,0.0,0.0505,0.2562,0.7297,0.4222,0.5806,0.4929,0.5006,144.0,147.0,198.0,64.0,31.3357,1
215,8.9583,4.698,13.9178,4.1935,0.0207,71.7425,0.0,0.0,0.0,0.0448,0.2766,0.7141,0.4278,0.5722,0.4949,0.5004,150.0,152.0,200.0,61.0,32.9009,1
216,9.0,35.9803,46.239,39.4661,0.0726,88.5906,15.0,20.0,33.0,0.0512,0.0031,0.9891,0.3,0.6222,0.4575,0.4712,31.0,37.0,63.0,147.0,25.7431,2
217,9.0417,37.3377,45.441,7.1512,0.0456,17.6266,18.0,24.0,37.0,0.0533,0.0234,0.9891,0.3,0.6194,0.4716,0.4694,35.0,38.0,65.0,139.0,27.071,1
218,9.0833,35.9325,45.7966,13.1227,0.0658,62.842,13.0,18.0,30.0,0.0536,0.0453,0.9594,0.3111,0.6139,0.4635,0.4714,31.0,35.0,63.0,134.0,25.9923,1
219,9.125,33.6722,45.6727,14.2789,0.0717,70.9278,12.0,18.0,30.0,0.0498,0.1,0.9047,0.3306,0.6083,0.4684,0.4777,18.0,26.0,52.0,127.0,26.6117,2
220,9.1667,31.7777,44.7166,11.5654,0.0607,70.5154,12.0,18.0,30.0,0.0469,0.1406,0.8625,0.3444,0.6056,0.4736,0.4821,13.0,23.0,48.0,127.0,27.4694,2
221,9.2083,30.3643,44.2977,8.501,0.0565,48.0691,12.0,18.0,30.0,0.0447,0.1703,0.8328,0.3554,0.6,0.4791,0.4835,12.0,20.0,44.0,127.0,29.1721,2
222,9.25,28.7819,41.0086,6.7364,0.0498,42.0002,12.0,18.0,28.0,0.0421,0.1922,0.8094,0.3611,0.5972,0.477,0.4853,15.0,22.0,44.0,124.0,28.1702,2
223,9.2917,27.6258,38.4974,5.2596,0.043,37.6345,12.0,18.0,30.0,0.0404,0.2094,0.7922,0.3667,0.5917,0.4794,0.486,12.0,20.0,39.0,119.0,28.9601,2
224,9.3333,26.4475,36.2587,4.3725,0.0371,37.3629,12.0,17.0,27.0,0.0386,0.2234,0.7766,0.3722,0.5889,0.4804,0.4867,11.0,19.0,38.5,122.5,28.9607,1
225,9.375,25.2495,34.1523,3.7582,0.0312,35.5139,11.0,17.0,28.0,0.0376,0.2344,0.7656,0.3778,0.5843,0.4825,0.487,10.0,18.0,37.0,127.0,29.2836,2
226,9.4167,24.3726,32.5692,3.0056,0.0259,32.7439,11.0,16.0,26.0,0.0363,0.2438,0.7547,0.3806,0.5806,0.4807,0.4868,10.0,18.0,38.0,119.0,28.9391,2
227,9.4583,23.8376,31.5163,2.3931,0.022,29.825,11.0,16.0,26.0,0.0349,0.25,0.7469,0.3833,0.5778,0.4812,0.4866,10.0,17.0,35.0,114.0,28.9523,2
228,9.5,23.4739,30.6805,1.8424,0.0187,26.7481,11.0,16.0,26.0,0.0342,0.2562,0.7406,0.3861,0.575,0.4821,0.4866,10.0,17.0,37.0,124.0,29.2528,2
229,9.5417,23.1441,30.2156,1.7545,0.0158,22.2217,11.0,17.0,27.0,0.0344,0.2625,0.7344,0.3889,0.5778,0.4823,0.4873,11.0,17.0,34.0,115.0,29.6203,2
230,9.5833,22.9096,29.9113,1.3972,0.0142,17.5174,11.0,17.0,27.0,0.0344,0.2656,0.7297,0.3917,0.575,0.4842,0.4876,12.0,18.0,35.0,127.0,30.7759,2
231,9.625,22.5847,29.6347,1.383,0.0123,12.1992,11.0,17.0,27.0,0.0343,0.2688,0.7266,0.3917,0.5778,0.4845,0.4891,10.0,16.0,33.0,102.0,28.9923,1
232,9.6667,22.3489,29.457,1.0827,0.0115,8.9562,11.0,17.0,27.0,0.0348,0.2719,0.7234,0.3944,0.5778,0.483,0.4893,18.0,23.0,37.0,98.0,30.6435,1
233,9.7083,22.0692,29.3321,1.0997,0.0092,6.2165,11.0,17.0,27.0,0.0352,0.2734,0.7203,0.3944,0.5778,0.4826,0.4899,25.0,27.0,45.0,90.0,30.7454,1
234,9.75,21.8786,29.2901,0.8469,0.0077,4.4801,11.0,17.0,27.0,0.0354,0.275,0.7188,0.3944,0.5833,0.4836,0.491,34.0,40.0,58.0,85.0,30.4874,1
235,9.7917,21.6526,29.2678,0.8678,0.0062,2.955,11.0,17.0,28.0,0.0353,0.2766,0.7188,0.3944,0.5851,0.4839,0.492,25.0,30.0,46.0,85.0,30.7423,1
236,9.8333,21.5393,29.285,0.5817,0.0044,1.9283,11.0,17.0,28.0,0.0357,0.2766,0.7172,0.3944,0.5828,0.4834,0.4918,27.0,31.0,46.0,78.0,31.9249,1
237,9.875,21.168,29.0647,0.6133,0.0027,1.0867,11.0,17.0,28.0,0.0358,0.2781,0.7172,0.3972,0.5833,0.4848,0.4916,23.0,27.0,44.0,81.0,31.7678,1
238,9.9167,20.9207,28.9193,0.4235,0.0011,0.6392,11.0,17.0,28.0,0.036,0.2781,0.7172,0.3972,0.5833,0.4852,0.4915,28.0,33.0,47.0,80.0,32.3098,1
239,9.9583,20.6194,28.781,0.5566,0.0002,0.0529,11.0,17.0,28.0,0.0359,0.2781,0.7172,0.3972,0.5833,0.4852,0.4914,28.0,34.0,47.0,80.0,32.3903,1
240,10.0,16.6218,28.8116,14.9589,0.0444,102.4408,6.0,12.0,17.0,0.0257,0.2672,0.7328,0.3417,0.5778,0.4773,0.455,67.0,69.0,113.0,95.0,33.3209,1
241,10.0417,16.049,27.7445,4.6266,0.029,36.2941,6.0,10.0,17.0,0.0246,0.2906,0.7084,0.3444,0.575,0.4814,0.4551,67.5,74.0,116.5,91.0,34.2088,1
242,10.0833,14.9933,25.6083,3.7388,0.0261,51.1801,5.0,10.0,16.0,0.0222,0.3078,0.6922,0.35,0.5694,0.4836,0.4537,66.0,71.0,110.0,89.0,34.012,2
243,10.125,13.6441,23.0297,3.5963,0.0233,58.2009,5.0,9.0,15.0,0.02,0.3234,0.675,0.3556,0.5694,0.4854,0.4563,69.0,75.0,117.0,87.0,32.9579,3
244,10.1667,12.3952,20.4768,2.8276,0.0197,56.2045,4.0,8.0,12.0,0.0181,0.3375,0.6625,0.3639,0.5645,0.4892,0.4574,69.0,75.0,119.0,86.0,35.1964,2
245,10.2083,11.4421,18.6312,2.115,0.0155,48.1229,4.0,8.0,12.0,0.0156,0.3469,0.65,0.3694,0.5583,0.4855,0.4574,63.0,68.0,105.0,85.0,32.5825,2
246,10.25,10.3838,16.7757,1.8943,0.0114,39.0948,4.0,8.0,11.0,0.0138,0.3562,0.6422,0.3722,0.5556,0.4854,0.4566,69.0,73.0,110.0,83.0,33.4439,2
247,10.2917,9.3756,15.0195,1.6246,0.0093,30.8214,4.0,6.0,10.0,0.0121,0.3625,0.6359,0.3778,0.5528,0.4866,0.456,70.0,73.0,107.0,82.0,32.2468,2
248,10.3333,8.1949,13.2875,1.6851,0.0074,23.9537,3.0,6.0,9.0,0.0107,0.3672,0.6312,0.3806,0.55,0.4878,0.4543,79.0,81.0,116.5,76.5,34.2046,2
249,10.375,7.3008,12.025,1.38,0.0059,17.5928,2.0,5.0,8.0,0.0089,0.3703,0.6266,0.3833,0.5472,0.4894,0.452,82.0,81.0,113.0,75.0,32.0166,1
250,10.4167,6.3928,10.5678,1.2859,0.0045,12.6902,2.0,4.0,6.0,0.0074,0.375,0.625,0.3859,0.5444,0.4899,0.449,83.0,86.5,117.0,71.0,32.9227,4
251,10.4583,6.2415,10.3022,0.4235,0.0035,6.4156,2.0,4.0,6.0,0.0077,0.3766,0.6219,0.3861,0.5444,0.4916,0.4509,82.0,84.0,113.0,70.0,33.5387,2
252,10.5,6.2045,10.1992,0.3011,0.0028,4.4377,2.0,4.0,6.0,0.0077,0.3781,0.6203,0.3889,0.5444,0.4937,0.4525,80.0,82.0,107.0,68.0,33.5679,1
253,10.5417,6.1802,10.1544,0.2491,0.0024,2.8956,2.0,4.0,6.0,0.0074,0.3797,0.6188,0.3889,0.5444,0.4891,0.4533,83.0,86.0,113.0,66.0,30.86,2
254,10.5833,6.1708,10.1256,0.2126,0.002,2.366,2.0,4.0,6.0,0.0075,0.3812,0.6172,0.3917,0.5444,0.4909,0.4542,82.0,85.0,110.0,63.5,31.6513,1
255,10.625,6.1724,10.127,0.2476,0.0018,1.9584,2.0,4.0,6.0,0.0076,0.3828,0.6156,0.3917,0.5444,0.492,0.4551,73.5,76.5,101.5,62.0,32.0377,1
256,10.6667,6.1609,10.1261,0.1591,0.0014,1.7244,2.0,4.0,6.0,0.0077,0.3828,0.6156,0.3917,0.5444,0.4925,0.4567,42.0,45.0,51.0,62.0,32.1281,1
257,10.7083,6.1663,10.154,0.1789,0.0014,1.7666,2.0,4.0,6.0,0.0078,0.3828,0.6141,0.3944,0.5444,0.4908,0.4572,67.0,68.0,89.5,59.0,32.2342,1
258,10.75,6.1802,10.1867,0.151,0.001,1.6156,2.0,4.0,5.0,0.008,0.3844,0.6141,0.3944,0.5444,0.4919,0.4581,65.0,66.0,84.0,57.0,33.8155,1
259,10.7917,6.2015,10.2406,0.159,0.0009,1.5708,2.0,3.0,5.0,0.0082,0.3844,0.6141,0.3944,0.5444,0.4904,0.4588,67.5,69.0,89.0,56.0,34.8259,1
260,10.8333,6.2314,10.2895,0.1195,0.0006,1.1883,2.0,2.0,5.0,0.0083,0.3844,0.6141,0.3944,0.5444,0.4902,0.4594,69.0,72.0,90.0,54.0,33.7692,1
261,10.875,6.2389,10.2842,0.1261,0.0004,0.5194,2.0,2.0,5.0,0.0082,0.3844,0.6127,0.3944,0.5444,0.4906,0.459,69.0,72.0,89.0,54.0,33.5296,1
262,10.9167,6.2453,10.2846,0.0749,0.0,0.0523,2.0,2.0,5.0,0.0082,0.3844,0.6127,0.3944,0.5444,0.4906,0.459,69.0,72.5,89.0,54.0,33.6112,1
263,10.9583,6.2465,10.2784,0.0902,0.0,0.0025,3.0,2.0,5.0,0.0082,0.3844,0.6127,0.3944,0.5444,0.4906,0.459,69.0,72.5,89.0,54.0,33.6159,1
264,11.0,229.6883,217.4127,225.4785,0.0366,77.5526,253.0,253.0,253.0,0.0287,0.0062,0.6703,0.1944,0.9806,0.3408,0.5871,187.0,188.0,219.0,45.0,18.7745,2
265,11.0417,225.38,224.1277,28.3473,0.0739,69.2721,253.0,253.0,253.0,0.0486,0.0172,0.9922,0.0474,0.9889,0.5185,0.5736,211.0,214.0,230.0,36.0,27.2237,5
266,11.0833,226.1891,221.2851,19.75,0.0942,72.9477,253.0,253.0,253.0,0.0557,0.0156,0.9312,0.0361,0.9767,0.5145,0.5632,141.0,144.0,194.0,62.0,31.2835,4
267,11.125,227.7519,217.8838,15.9422,0.0945,97.0009,253.0,253.0,253.0,0.0589,0.0141,0.8688,0.075,0.9889,0.4931,0.565,211.0,215.0,230.0,37.0,33.5459,2
268,11.1667,229.72,215.6433,12.9436,0.0888,104.6752,253.0,253.0,253.0,0.0624,0.0016,0.825,0.1139,0.9583,0.4603,0.5524,126.0,129.0,172.0,62.0,34.6107,2
269,11.2083,235.0736,215.8719,12.5346,0.0741,93.4049,253.0,253.0,253.0,0.0572,0.1016,0.7984,0.1361,0.9222,0.4881,0.5421,116.0,117.0,159.0,62.0,33.6066,2
270,11.25,238.1805,216.6634,6.9328,0.0456,59.4039,253.0,253.0,253.0,0.0561,0.1734,0.7859,0.15,0.9028,0.4986,0.5346,109.0,111.0,146.0,65.0,34.1135,2
271,11.2917,240.3531,222.7943,4.5695,0.0297,26.8983,253.0,253.0,253.0,0.0541,0.2328,0.7812,0.1611,0.8972,0.5136,0.5323,95.0,96.0,130.0,66.0,33.178,2
272,11.3333,242.4534,227.8603,5.7727,0.0339,23.9275,253.0,253.0,253.0,0.0543,0.2906,0.7656,0.2111,0.8944,0.5207,0.5357,83.0,83.0,116.0,70.0,35.0949,2
273,11.375,242.2264,225.9212,5.109,0.0319,31.1027,253.0,253.0,253.0,0.0577,0.2937,0.7375,0.3028,0.8917,0.5138,0.5484,87.0,88.0,115.0,60.0,36.5446,1
274,11.4167,242.022,225.2675,3.6344,0.0254,20.4005,253.0,253.0,253.0,0.059,0.2953,0.7203,0.3583,0.8889,0.5108,0.5564,75.0,75.0,97.0,58.0,36.9576,1
275,11.4583,241.8847,224.4135,3.7836,0.0234,43.4062,253.0,253.0,253.0,0.0594,0.2953,0.7109,0.3889,0.875,0.5072,0.5577,59.0,59.0,82.0,68.0,37.144,1
276,11.5,241.9066,223.1008,3.9189,0.0237,40.7931,253.0,253.0,253.0,0.0594,0.2969,0.7047,0.3944,0.8361,0.5054,0.5529,55.0,56.0,77.0,68.0,36.7716,1
277,11.5417,242.3053,220.9414,4.0854,0.0234,32.5218,253.0,253.0,253.0,0.0575,0.2969,0.7,0.3944,0.7333,0.5014,0.5334,63.0,63.0,77.0,51.0,37.7944,1
278,11.5833,242.6726,222.0425,3.6369,0.0209,26.6354,253.0,253.0,253.0,0.0551,0.2969,0.6953,0.3944,0.6361,0.4986,0.5187,46.0,46.0,60.0,57.0,37.3378,1
279,11.625,242.6494,221.9731,2.3846,0.0151,26.4483,253.0,253.0,253.0,0.0556,0.2984,0.6938,0.3944,0.6111,0.4966,0.5159,49.0,48.0,58.0,44.0,38.1235,1
280,11.6667,242.4743,221.4481,1.2515,0.0081,15.4461,253.0,253.0,253.0,0.055,0.2984,0.6922,0.3944,0.6083,0.4975,0.5159,24.0,25.0,31.0,39.0,37.7551,1
281,11.7083,242.3275,221.0081,0.6552,0.0047,6.3653,253.0,253.0,253.0,0.0556,0.2986,0.6906,0.3944,0.6083,0.4959,0.5164,24.5,25.0,26.0,0.0,38.9261,1
282,11.75,242.3767,221.1554,0.2588,0.0029,2.2531,253.0,253.0,253.0,0.0557,0.3,0.6906,0.3944,0.6083,0.4955,0.5161,27.0,27.0,31.0,0.0,38.9576,1
283,11.7917,242.4224,221.2925,0.1646,0.0023,1.3908,253.0,253.0,253.0,0.0552,0.3,0.6891,0.3944,0.6083,0.4972,0.516,24.0,25.0,26.0,0.0,38.7686,1
284,11.8333,242.4553,221.3911,0.1245,0.0015,1.0431,253.0,253.0,253.0,0.0553,0.3,0.6891,0.3944,0.6083,0.4967,0.5157,28.0,28.0,28.0,0.0,39.1073,1
285,11.875,242.4782,221.4597,0.0886,0.0012,0.8252,253.0,253.0,253.0,0.0557,0.3005,0.6891,0.3944,0.6083,0.4955,0.5157,34.0,34.0,34.0,0.0,40.1507,1
286,11.9167,242.4876,221.4879,0.0341,0.0005,0.4033,253.0,253.0,253.0,0.0557,0.3016,0.6891,0.3944,0.6083,0.4955,0.5157,34.0,34.0,37.0,0.0,40.7054,1
287,11.9583,242.4879,221.4889,0.0005,0.0,0.0092,253.0,253.0,253.0,0.0557,0.3016,0.6891,0.3944,0.6083,0.4955,0.5157,34.0,34.0,36.0,0.0,40.7132,1
288,12.0,250.4624,245.3932,10.106,0.0445,132.3222,253.0,253.0,253.0,0.0238,0.3641,0.6453,0.4111,0.5972,0.5045,0.5012,103.0,108.0,182.0,110.0,27.3967,1
289,12.0417,251.0809,247.2471,2.1685,0.0166,62.6544,253.0,253.0,253.0,0.0188,0.3753,0.62,0.4222,0.5583,0.4996,0.4954,104.0,108.0,182.0,107.0,30.8152,1
290,12.0833,251.3911,248.177,2.0927,0.0185,55.5902,253.0,253.0,253.0,0.0166,0.3609,0.5797,0.4333,0.5528,0.4719,0.4995,104.0,108.0,182.0,105.0,34.0584,1
291,12.125,251.2549,247.7689,2.167,0.0222,53.4,253.0,253.0,253.0,0.0176,0.3031,0.65,0.4361,0.55,0.4488,0.5014,102.0,105.0,181.0,105.0,38.8011,1
292,12.1667,250.2326,244.7043,3.4002,0.0323,83.8528,253.0,253.0,253.0,0.0269,0.2625,0.7938,0.4472,0.5472,0.5237,0.5025,95.0,98.0,171.0,106.0,42.9689,1
293,12.2083,250.3397,245.0254,3.5133,0.0287,76.8523,253.0,253.0,253.0,0.026,0.2375,0.7219,0.4472,0.5444,0.476,0.5016,93.0,95.0,161.0,102.0,46.7032,1
294,12.25,250.4572,245.3775,2.9155,0.0222,61.5375,253.0,253.0,253.0,0.0249,0.2234,0.6766,0.4417,0.5444,0.4506,0.5003,95.0,97.0,151.0,89.0,47.9391,1
295,12.2917,248.1156,240.8332,4.8196,0.0387,80.2108,253.0,253.0,253.0,0.0479,0.2047,0.9266,0.4472,0.5556,0.5806,0.5028,107.0,108.0,151.0,69.0,51.3976,1
296,12.3333,247.8347,239.2808,5.3778,0.0265,85.4126,253.0,253.0,253.0,0.0491,0.1922,0.9,0.4472,0.5556,0.5553,0.5025,104.0,107.0,151.0,64.5,52.1027,1
297,12.375,247.6831,238.4071,5.704,0.0218,95.3263,253.0,253.0,253.0,0.0503,0.1812,0.8812,0.4472,0.5556,0.5376,0.5024,115.0,116.0,151.0,56.0,54.2642,1
298,12.4167,247.5263,237.6483,5.7313,0.0182,99.3053,253.0,253.0,253.0,0.0508,0.175,0.8656,0.4472,0.5556,0.525,0.5024,126.5,129.0,158.0,47.0,55.2349,1
299,12.4583,247.3654,236.9092,5.5983,0.0159,99.9189,253.0,253.0,253.0,0.0517,0.1704,0.8547,0.4472,0.5556,0.5173,0.5024,129.0,130.0,154.0,37.0,56.2419,1
300,12.5,247.1872,236.3332,4.8421,0.0133,86.1181,253.0,253.0,253.0,0.0524,0.1672,0.8469,0.4472,0.5556,0.511,0.5023,147.0,147.0,167.0,30.0,57.8756,1
301,12.5417,247.0429,235.6143,3.7263,0.011,63.6386,253.0,253.0,253.0,0.0531,0.1656,0.8406,0.4472,0.5556,0.5067,0.5023,180.0,183.0,198.0,26.0,59.4327,1
302,12.5833,246.8767,234.8532,2.6136,0.0094,40.1368,253.0,253.0,253.0,0.0535,0.1656,0.8359,0.4472,0.5556,0.5043,0.5023,190.0,192.0,201.0,16.0,59.9659,1
303,12.625,246.7036,234.2462,1.8546,0.0076,26.4936,253.0,253.0,253.0,0.0542,0.1641,0.8328,0.4472,0.5556,0.501,0.5022,207.0,207.0,211.0,11.0,61.9878,1
304,12.6667,246.5351,233.7094,1.4434,0.0067,18.8828,253.0,253.0,253.0,0.0547,0.1641,0.8312,0.4444,0.5556,0.5001,0.5022,212.0,212.0,218.0,10.0,62.9406,1
305,12.7083,246.3698,233.2024,1.0543,0.0055,12.0573,253.0,253.0,253.0,0.0552,0.1641,0.8297,0.4444,0.5583,0.5003,0.5023,212.0,212.0,215.0,6.0,63.3923,1
306,12.75,246.2025,232.6909,0.6858,0.0043,7.1808,253.0,253.0,253.0,0.0555,0.1656,0.8281,0.4444,0.5583,0.5001,0.5023,229.0,230.0,230.0,5.0,63.8439,1
307,12.7917,246.0628,232.2706,0.3185,0.002,4.2321,253.0,253.0,253.0,0.0559,0.1656,0.8281,0.4444,0.5583,0.4997,0.5022,236.0,236.0,233.0,2.0,65.4641,1
308,12.8333,246.0624,232.2695,0.002,0.0,0.0275,253.0,253.0,253.0,0.0559,0.1656,0.8281,0.4444,0.5583,0.4997,0.5022,236.0,236.0,233.0,2.0,65.4668,1
309,12.875,246.0624,232.2694,0.0001,0.0,0.0015,253.0,253.0,253.0,0.0559,0.1656,0.8281,0.4444,0.5583,0.4997,0.5022,236.0,236.0,233.0,2.0,65.4663,1
310,12.9167,5.422,16.09,243.6135,0.0505,112.5995,0.0,0.0,0.0,0.0411,0.3609,0.6973,0.4194,0.5889,0.5278,0.502,58.0,58.0,58.0,0.0,49.6684,1
311,12.9583,5.4355,16.1308,6.8624,0.015,161.7017,0.0,0.0,0.0,0.0415,0.3469,0.6844,0.4194,0.5889,0.5147,0.5021,58.0,58.0,58.0,0.0,50.2001,1
312,13.0,5.5036,16.3349,2.9981,0.009,65.2291,0.0,0.0,0.0,0.0415,0.3422,0.7156,0.4194,0.5889,0.511,0.502,83.0,76.0,84.0,0.0,49.5451,1
313,13.0417,5.5044,16.3373,2.0851,0.0076,41.7622,0.0,0.0,0.0,0.0418,0.3375,0.7109,0.4206,0.5889,0.5062,0.5022,81.0,49.0,83.0,0.0,49.7837,1
314,13.0833,5.5873,16.5858,1.6443,0.0067,28.8373,0.0,0.0,0.0,0.0423,0.3359,0.7203,0.4194,0.5889,0.5096,0.5019,136.0,51.0,136.0,0.0,49.3497,1
315,13.125,5.7107,16.956,1.4039,0.0068,21.6679,0.0,0.0,0.0,0.0431,0.3328,0.7234,0.4222,0.5889,0.5076,0.5021,158.0,104.0,162.0,0.0,49.1208,1
316,13.1667,5.592,16.5999,1.2487,0.0061,16.8976,0.0,0.0,0.0,0.0421,0.3312,0.7109,0.4222,0.5889,0.501,0.5022,74.0,100.0,100.0,0.0,50.1874,1
317,13.2083,5.5601,16.5045,0.8908,0.0049,11.1847,0.0,0.0,0.0,0.0418,0.3312,0.7062,0.4194,0.5889,0.4995,0.5021,49.0,144.0,146.0,0.0,49.7848,1
318,13.25,5.6314,16.7182,0.7636,0.0049,7.9331,0.0,0.0,0.0,0.0421,0.3297,0.7078,0.4194,0.5889,0.5018,0.5021,37.5,107.5,107.5,0.0,49.8406,1
319,13.2917,5.6189,16.6806,0.619,0.0046,5.0002,0.0,0.0,0.0,0.0422,0.3281,0.7078,0.4222,0.5889,0.4986,0.5024,34.0,143.0,142.0,0.0,50.9969,1
320,13.3333,5.5579,16.4979,0.5156,0.0042,3.5136,0.0,0.0,0.0,0.0418,0.3281,0.7026,0.4194,0.5889,0.4989,0.5021,41.0,86.0,86.0,0.0,49.9894,1
321,13.375,5.4875,16.2868,0.3927,0.0034,2.6275,0.0,0.0,0.0,0.0414,0.3281,0.6688,0.4194,0.5889,0.4955,0.5021,54.0,73.0,72.0,0.0,50.0334,1
322,13.4167,5.5099,16.3541,0.2274,0.0021,2.0864,0.0,0.0,0.0,0.0418,0.3266,0.6703,0.4222,0.5889,0.4945,0.5023,45.0,83.0,81.5,0.0,50.7519,1
323,13.4583,5.5662,16.5226,0.1572,0.0013,1.5321,0.0,0.0,0.0,0.0421,0.3266,0.7078,0.4222,0.5889,0.4965,0.5023,34.0,88.5,75.0,0.0,51.0228,1
324,13.5,5.5353,16.4299,0.2435,0.0021,2.455,0.0,0.0,0.0,0.042,0.3266,0.7062,0.4194,0.5889,0.4962,0.5021,51.0,79.0,72.0,0.0,50.3271,1
325,13.5417,5.5337,16.4253,0.3558,0.0034,2.742,0.0,0.0,0.0,0.0417,0.3266,0.7078,0.4194,0.5889,0.4963,0.5019,49.0,86.0,72.0,0.0,49.8029,1
326,13.5833,5.644,16.7561,0.5792,0.0045,4.9473,0.0,0.0,0.0,0.0426,0.325,0.7109,0.4222,0.5889,0.4973,0.5021,30.0,155.0,65.0,0.0,50.2979,1
327,13.625,5.7305,17.0155,0.7919,0.0049,10.2957,0.0,0.0,0.0,0.0427,0.3234,0.7141,0.4222,0.5889,0.4965,0.5021,31.0,167.0,66.0,0.0,49.6439,1
328,13.6667,5.7962,17.2121,1.0681,0.0057,16.5242,0.0,0.0,0.0,0.0427,0.3219,0.7125,0.4222,0.5889,0.4952,0.5022,31.0,182.0,63.0,0.0,50.1921,1
329,13.7083,5.8378,17.3369,1.4374,0.0065,24.8264,0.0,0.0,0.0,0.0426,0.3203,0.7125,0.4194,0.5889,0.4954,0.5018,31.0,180.0,61.0,0.0,49.0958,1
330,13.75,5.8752,17.4488,1.9453,0.0078,36.6592,0.0,0.0,0.0,0.0426,0.3172,0.7094,0.4194,0.5889,0.4917,0.5018,31.0,175.0,60.0,0.0,48.7908,1
331,13.7917,5.895,17.5081,2.6574,0.0094,55.5732,0.0,0.0,0.0,0.0428,0.3125,0.7062,0.4194,0.5889,0.4881,0.5019,31.0,180.5,60.0,0.0,49.0454,1
332,13.8333,5.9075,17.5456,3.7413,0.0118,83.0145,0.0,0.0,0.0,0.0428,0.3062,0.6992,0.4194,0.5889,0.4821,0.5019,30.0,185.0,60.0,0.0,49.0527,1
333,13.875,5.9177,17.5764,5.6247,0.0153,129.6742,0.0,0.0,0.0,0.0429,0.2953,0.6891,0.4222,0.5889,0.469,0.5022,32.0,183.0,60.0,0.0,49.4134,1
334,13.9167,10.0483,29.9586,9.9246,0.0406,123.177,0.0,0.0,0.0,0.0671,0.3062,0.7469,0.3944,0.6278,0.5231,0.5088,252.0,252.0,252.0,0.0,42.2766,1
335,13.9583,10.4931,31.2918,11.577,0.0458,112.6679,0.0,0.0,0.0,0.0691,0.2516,0.7688,0.3944,0.6278,0.4766,0.5089,252.0,252.0,252.0,0.0,42.9091,1
336,14.0,11.1815,33.3556,13.4552,0.0407,148.5019,0.0,0.0,0.0,0.0707,0.2297,0.7625,0.3944,0.6278,0.4612,0.5088,252.0,252.0,252.0,0.0,42.9502,1
337,14.0417,10.8098,32.2413,6.72,0.023,91.7822,0.0,0.0,0.0,0.0712,0.2219,0.7609,0.3944,0.6278,0.4553,0.509,251.0,219.0,251.0,0.0,41.6189,1
338,14.0833,10.8947,32.4956,0.1836,0.002,0.8436,0.0,0.0,0.0,0.0714,0.2219,0.7641,0.3944,0.6278,0.4562,0.5093,251.0,215.0,251.0,0.0,41.6047,1
339,14.125,10.6866,31.872,0.4694,0.0027,2.6397,0.0,0.0,0.0,0.0714,0.2219,0.7656,0.3944,0.6278,0.4558,0.5095,218.0,217.0,251.0,0.0,42.0484,1
340,14.1667,6.7365,17.897,12.3984,0.0679,126.4551,0.0,0.0,0.0,0.0254,0.1072,0.7906,0.3972,0.6094,0.5819,0.5039,86.0,87.0,87.0,0.0,40.5791,3
341,14.2083,7.0185,18.7428,2.9402,0.0147,51.7108,0.0,0.0,0.0,0.027,0.1031,0.7875,0.3972,0.5944,0.5874,0.5016,33.0,87.0,87.0,0.0,38.7976,3
342,14.25,7.5687,20.0903,5.2357,0.0208,102.2485,0.0,0.0,0.0,0.0274,0.0938,0.7734,0.3972,0.5944,0.5808,0.5019,51.0,87.0,87.0,0.0,38.7654,2
343,14.2917,7.4684,19.6022,2.6961,0.0139,48.3466,0.0,0.0,0.0,0.0273,0.0891,0.7719,0.3972,0.5944,0.5756,0.503,39.0,87.0,87.0,0.0,38.3531,3
344,14.3333,6.7002,17.3005,0.9289,0.0048,2.8103,0.0,0.0,0.0,0.0254,0.0875,0.7719,0.3972,0.6083,0.5634,0.501,47.0,87.0,87.0,0.0,40.0239,3
345,14.375,7.4975,19.6918,0.9701,0.0049,2.3227,0.0,0.0,0.0,0.0272,0.0891,0.7672,0.3972,0.5944,0.5754,0.5017,53.0,87.0,87.0,0.0,38.8791,3
346,14.4167,10.9857,29.7399,12.8243,0.0532,165.7838,0.0,0.0,0.0,0.0638,0.0875,0.7844,0.4111,0.5889,0.4986,0.5057,86.0,222.0,136.0,0.0,41.0781,1
347,14.4583,10.7696,29.1259,3.8137,0.0165,43.8093,0.0,0.0,0.0,0.0635,0.0816,0.7797,0.4111,0.5889,0.4923,0.5047,87.0,210.0,131.0,0.0,41.186,2
348,14.5,11.3952,30.9853,7.3497,0.0241,87.4329,0.0,0.0,0.0,0.0643,0.0734,0.7688,0.4111,0.5889,0.4867,0.5049,79.0,229.0,224.0,0.0,41.3154,1
349,14.5417,11.1062,30.0543,4.0641,0.0158,45.5874,0.0,0.0,0.0,0.0641,0.0672,0.7656,0.4111,0.5889,0.4803,0.5053,86.0,223.0,103.0,0.0,41.2169,1
350,14.5833,10.5349,28.3429,0.5758,0.0049,1.1294,0.0,0.0,0.0,0.0628,0.0669,0.7641,0.4111,0.5889,0.4748,0.5052,87.0,204.0,104.0,0.0,41.7341,1
351,14.625,10.4785,28.1741,0.3043,0.0036,0.6064,0.0,0.0,0.0,0.0625,0.0656,0.7625,0.4111,0.5889,0.4732,0.5043,87.0,212.0,104.0,0.0,41.8823,1
352,14.6667,9.7288,25.6944,11.2844,0.0438,130.5171,0.0,0.0,0.0,0.0473,0.077,0.7828,0.3861,0.5861,0.5503,0.4937,47.0,224.0,66.0,0.0,42.0521,1
353,14.7083,9.8578,26.0612,3.9637,0.0179,66.6776,0.0,0.0,0.0,0.0475,0.0703,0.775,0.3861,0.5861,0.5454,0.4939,63.0,217.0,80.0,0.0,42.3418,1
354,14.75,9.8883,26.2308,6.9044,0.0241,120.2891,0.0,0.0,0.0,0.0473,0.0844,0.7656,0.3861,0.5861,0.5367,0.4943,62.0,216.0,94.5,0.0,41.7906,1
355,14.7917,9.9041,26.2813,3.8765,0.017,65.4551,0.0,0.0,0.0,0.0477,0.0693,0.7609,0.3861,0.5861,0.5322,0.4947,61.0,219.0,105.0,0.0,42.4556,1
356,14.8333,9.9191,26.3266,0.0413,0.0006,0.267,0.0,0.0,0.0,0.0477,0.0695,0.7609,0.3861,0.5861,0.5322,0.4949,61.0,219.0,111.0,0.0,42.473,1
357,14.875,9.9226,26.3372,0.0205,0.0003,0.1826,0.0,0.0,0.0,0.0476,0.0692,0.7609,0.3861,0.5861,0.5321,0.495,61.0,219.0,111.0,0.0,42.475,1
358,14.9167,1.7296,5.0219,9.4948,0.0416,126.428,0.0,0.0,0.0,0.0241,0.3016,0.7047,0.4472,0.5361,0.5008,0.4963,83.0,86.0,151.0,116.0,31.4611,1
359,14.9583,1.9605,5.7142,0.6403,0.0059,14.6526,0.0,0.0,0.0,0.0247,0.2984,0.7016,0.4472,0.5389,0.4925,0.4961,95.0,97.0,148.0,96.0,35.1524,1
360,15.0,2.1026,6.1398,2.1357,0.0087,72.1557,0.0,0.0,0.0,0.0255,0.2922,0.6938,0.4444,0.5389,0.4854,0.4961,100.0,97.0,136.0,79.0,40.5479,1
361,15.0417,2.2767,6.6617,2.8108,0.013,87.5951,0.0,0.0,0.0,0.0257,0.2766,0.667,0.4444,0.5389,0.4649,0.4964,89.0,33.5,123.5,63.0,45.1222,1
362,15.0833,3.4092,10.0563,4.0502,0.0254,93.383,0.0,0.0,0.0,0.0358,0.25,0.8007,0.4472,0.5389,0.5118,0.4971,59.5,45.0,77.0,49.0,50.329,1
363,15.125,3.7998,11.2274,4.3467,0.0207,93.4721,0.0,0.0,0.0,0.0372,0.225,0.7812,0.4472,0.5389,0.4888,0.4969,37.5,37.0,47.0,35.0,55.4815,1
364,15.1667,4.1115,12.1619,4.277,0.0185,87.8959,0.0,0.0,0.0,0.0376,0.2078,0.7391,0.4444,0.5417,0.4654,0.497,26.0,26.0,33.0,20.0,59.8355,1
365,15.2083,4.4522,13.183,5.4583,0.0155,130.3014,0.0,0.0,0.0,0.0384,0.1953,0.7234,0.4444,0.5417,0.451,0.4971,11.0,13.0,17.0,10.0,65.5316,1
366,15.25,6.3813,17.0029,7.4751,0.0255,149.7366,0.0,0.0,0.0,0.0523,0.1875,0.8906,0.4444,0.5417,0.5348,0.4975,9.0,9.5,9.0,0.0,68.6778,1
367,15.2917,6.3767,17.1753,7.599,0.0147,142.792,0.0,0.0,0.0,0.0525,0.1812,0.8797,0.4444,0.5417,0.5263,0.4975,9.5,10.0,10.0,0.0,69.4476,1
368,15.3333,6.358,17.7409,6.4772,0.013,120.8817,0.0,0.0,0.0,0.0523,0.175,0.8688,0.4444,0.5417,0.5184,0.4975,9.0,9.0,9.0,0.0,69.8489,1
369,15.375,6.3322,17.7417,5.3409,0.012,97.5125,0.0,0.0,0.0,0.0517,0.1703,0.8609,0.4444,0.5417,0.5124,0.4974,3.0,3.0,3.0,0.0,69.5621,1
370,15.4167,6.3415,17.8968,4.3488,0.0113,75.8444,0.0,0.0,0.0,0.0518,0.1672,0.8547,0.4444,0.5417,0.5084,0.4974,6.0,8.0,8.0,0.0,68.7383,1
371,15.4583,6.3626,17.9896,3.5364,0.0101,58.2176,0.0,0.0,0.0,0.0521,0.1643,0.8531,0.4444,0.5417,0.5061,0.4974,6.0,8.0,8.0,0.0,69.1825,1
372,15.5,6.3522,18.0023,2.8293,0.0092,43.745,0.0,0.0,0.0,0.0519,0.1625,0.8484,0.4444,0.5417,0.5028,0.4974,8.0,8.0,8.0,0.0,68.6264,1
373,15.5417,6.3524,18.0019,2.2135,0.0084,31.4766,0.0,0.0,0.0,0.0521,0.1609,0.8453,0.4444,0.5417,0.501,0.4975,5.0,5.0,5.0,0.0,69.227,1
374,15.5833,6.3905,17.9953,1.7014,0.0075,21.2647,0.0,0.0,0.0,0.0522,0.1594,0.8484,0.4444,0.5417,0.5007,0.4974,4.0,5.0,5.0,0.0,68.9413,1
375,15.625,6.4197,17.9926,1.2259,0.007,12.1793,0.0,0.0,0.0,0.0527,0.1594,0.8578,0.4444,0.5417,0.5019,0.4976,4.0,5.0,4.0,0.0,69.1514,1
376,15.6667,6.4442,18.0041,0.8246,0.0062,6.2044,0.0,0.0,0.0,0.0528,0.1589,0.863,0.4444,0.5417,0.5029,0.4974,7.0,9.5,8.0,0.0,67.3824,1
377,15.7083,6.4577,18.0053,0.4484,0.0038,3.5975,0.0,0.0,0.0,0.0533,0.1578,0.8641,0.4444,0.5417,0.5033,0.4973,5.0,9.0,5.0,0.0,69.0004,1
378,15.75,6.4682,18.0147,0.2423,0.0021,2.3728,0.0,0.0,0.0,0.0535,0.1578,0.8638,0.4444,0.5417,0.5033,0.4975,6.0,10.0,8.0,0.0,68.899,1
379,15.7917,6.4778,18.0277,0.1828,0.0015,1.9107,0.0,0.0,0.0,0.0533,0.1578,0.8625,0.4444,0.5417,0.5029,0.4974,5.0,8.0,5.0,0.0,68.2876,1
380,15.8333,6.4815,18.03,0.1312,0.001,1.4023,0.0,0.0,0.0,0.0533,0.1578,0.8625,0.4444,0.5417,0.5039,0.4974,6.0,9.0,6.0,0.0,67.56,1
381,15.875,6.485,18.0349,0.0702,0.0008,0.7601,0.0,0.0,0.0,0.0533,0.1578,0.8625,0.4444,0.5417,0.5042,0.4974,6.0,10.0,6.0,0.0,67.3133,1
382,15.9167,0.0545,0.0,6.3811,0.0533,0.0,0.0,0.0,0.0,0.0,,,,,,,,,,,,
383,15.9583,0.0545,0.0,0.0,0.0,0.0,0.0,0.0,0.0,0.0,,,,,,,,,,,,
384,16.0,20.8045,9.9605,23.6327,0.0391,0.0,0.0,0.0,0.0,0.0391,0.0062,0.9906,0.1944,0.8222,0.3678,0.4234,80.0,38.0,77.0,105.0,22.2642,1
385,16.0417,26.813,27.8628,26.5359,0.0843,132.5729,0.0,0.0,0.0,0.0558,0.0109,0.9875,0.0083,0.9806,0.4607,0.4156,172.0,81.0,143.0,108.0,23.3085,4
386,16.0833,26.0046,30.8688,14.3334,0.0899,90.3631,0.0,0.0,0.0,0.0687,0.0125,0.9859,0.0111,0.9806,0.4805,0.4498,63.0,34.0,61.5,117.0,25.1543,3
387,16.125,24.9768,30.393,12.9546,0.0902,96.1559,0.0,0.0,0.0,0.078,0.0156,0.9906,0.0444,0.9833,0.5275,0.4855,165.0,72.0,129.0,119.0,25.2138,4
388,16.1667,21.5853,29.0657,12.886,0.0824,102.5739,0.0,0.0,0.0,0.0804,0.0031,0.9312,0.0972,0.9583,0.4896,0.4962,167.0,83.0,151.0,122.0,25.9539,3
389,16.2083,16.1456,27.0437,12.7805,0.0645,85.8059,0.0,0.0,0.0,0.0697,0.0781,0.8938,0.1306,0.9222,0.5116,0.4973,157.0,84.0,155.0,122.0,23.0345,3
390,16.25,13.0935,25.9683,7.0073,0.0401,49.6481,0.0,0.0,0.0,0.0661,0.1297,0.875,0.1444,0.9056,0.5175,0.4993,147.0,86.0,157.0,124.0,24.0707,3
391,16.2917,11.5957,26.1431,4.0866,0.023,27.7896,0.0,0.0,0.0,0.0643,0.1672,0.8656,0.1583,0.9,0.527,0.5028,145.0,86.0,155.0,124.0,24.163,3
392,16.3333,10.6565,25.5468,4.5061,0.0282,23.9438,0.0,0.0,0.0,0.0619,0.2016,0.8578,0.207,0.8972,0.5252,0.5106,145.0,93.0,172.0,124.0,24.148,3
393,16.375,9.5102,24.3929,5.1816,0.0338,25.2723,0.0,0.0,0.0,0.0589,0.2359,0.8469,0.3,0.8972,0.5351,0.5299,145.0,115.0,209.0,124.0,23.8292,2
394,16.4167,8.1041,20.8784,4.3987,0.0306,16.7061,0.0,0.0,0.0,0.0563,0.2703,0.8312,0.3528,0.8944,0.5352,0.5435,145.0,113.0,221.0,124.0,22.3734,2
395,16.4583,6.7289,17.126,5.4444,0.0298,46.0543,0.0,0.0,0.0,0.0519,0.3031,0.8094,0.3861,0.8871,0.5393,0.5543,145.0,115.0,235.0,125.0,21.0311,2
396,16.5,5.3731,13.7066,6.5547,0.0355,62.6526,0.0,0.0,0.0,0.0476,0.3359,0.7562,0.3917,0.8528,0.5274,0.5569,145.0,115.0,224.0,125.0,21.0244,2
397,16.5417,5.1089,15.1507,5.3825,0.036,40.7445,0.0,0.0,0.0,0.044,0.3375,0.6922,0.3917,0.7472,0.5075,0.5405,145.0,115.0,217.0,119.0,22.4957,1
398,16.5833,5.194,15.406,4.7022,0.0303,43.1246,0.0,0.0,0.0,0.043,0.3375,0.6703,0.3917,0.6472,0.5014,0.5178,145.0,115.0,212.0,110.0,24.3294,1
399,16.625,5.3666,15.9233,3.4909,0.0194,59.7211,0.0,0.0,0.0,0.0432,0.3375,0.6594,0.3917,0.6139,0.4965,0.5102,154.0,117.0,210.0,105.0,25.7912,1
400,16.6667,5.2298,15.513,1.3191,0.01,26.0317,0.0,0.0,0.0,0.0437,0.3375,0.6531,0.3917,0.6111,0.4952,0.5098,147.0,107.0,198.0,106.0,26.6804,1
401,16.7083,5.0055,14.8407,0.6004,0.0055,10.1407,0.0,0.0,0.0,0.0428,0.3391,0.65,0.3917,0.6111,0.4958,0.5104,145.0,110.5,196.0,111.0,24.8903,1
402,16.75,4.8004,14.2258,0.3499,0.0032,5.27,0.0,0.0,0.0,0.0426,0.3391,0.65,0.3944,0.6111,0.4961,0.5108,144.0,115.0,194.0,113.0,23.4559,1
403,16.7917,4.6091,13.6523,0.3055,0.0033,4.0232,0.0,0.0,0.0,0.0415,0.3406,0.6484,0.3944,0.6111,0.4966,0.5114,144.0,113.0,210.0,121.0,21.9492,1
404,16.8333,4.4518,13.1806,0.3076,0.0032,3.7887,0.0,0.0,0.0,0.042,0.3406,0.6484,0.3944,0.6083,0.4962,0.5115,143.5,113.0,210.0,127.0,21.8864,1
405,16.875,4.3446,12.8594,0.2966,0.0034,4.1908,0.0,0.0,0.0,0.0419,0.3422,0.6469,0.3944,0.6083,0.4956,0.5112,134.0,104.0,197.0,130.0,22.1364,1
406,16.9167,4.2884,12.691,0.2961,0.0032,4.3408,0.0,0.0,0.0,0.0421,0.3422,0.6469,0.3944,0.6083,0.4947,0.5106,132.0,107.0,195.0,130.0,22.7966,1
407,16.9583,4.2243,12.4989,0.4699,0.0065,6.351,0.0,0.0,0.0,0.0405,0.3453,0.6438,0.3972,0.6056,0.496,0.5107,143.0,109.0,215.0,129.0,22.0796,1
408,17.0,4.0841,12.0785,0.8394,0.0101,13.8172,0.0,0.0,0.0,0.0392,0.3484,0.6406,0.4,0.6028,0.4972,0.5105,141.0,111.0,211.0,127.0,22.2104,1
409,17.0417,3.7034,10.9367,1.6592,0.0151,37.3733,0.0,0.0,0.0,0.0369,0.3578,0.6312,0.4056,0.5972,0.4954,0.5099,145.0,113.0,209.0,124.0,23.7051,1
410,17.0833,2.5645,7.5227,3.7277,0.0202,76.2623,0.0,0.0,0.0,0.028,0.3828,0.6078,0.4194,0.5806,0.4955,0.5069,148.0,111.0,212.0,123.0,26.8207,1
411,17.125,22.9389,30.1241,27.0439,0.0552,96.2868,6.0,13.0,23.0,0.0376,0.0438,0.95,0.2944,0.5806,0.4671,0.4356,38.0,44.5,81.0,136.0,26.6339,1
412,17.1667,23.0907,34.9769,5.6295,0.0344,13.3094,6.0,13.0,22.0,0.0372,0.0828,0.9188,0.2972,0.5806,0.4673,0.4377,46.0,53.0,129.0,128.0,27.837,2
413,17.2083,22.1225,36.438,7.7712,0.0443,67.486,6.0,13.0,22.0,0.0353,0.1281,0.875,0.3083,0.5778,0.4759,0.4441,32.0,37.5,60.0,119.0,27.3335,1
414,17.25,20.584,35.1485,8.4164,0.0463,75.7989,6.0,12.0,20.0,0.0328,0.175,0.8281,0.325,0.5778,0.4804,0.4542,20.0,23.5,51.0,116.0,27.3102,2
415,17.2917,19.4052,32.0199,6.2051,0.0408,74.0373,6.0,11.0,20.0,0.0312,0.2109,0.7938,0.3389,0.575,0.4875,0.4603,26.0,30.0,54.0,110.0,29.8108,1
416,17.3333,18.6675,29.8274,4.3498,0.0349,62.6525,6.0,11.0,20.0,0.0294,0.2359,0.7688,0.35,0.5722,0.4883,0.4636,37.5,41.0,59.0,104.0,31.4418,1
417,17.375,17.7452,27.7882,3.6061,0.0292,52.8083,6.0,11.0,19.0,0.0281,0.2547,0.7484,0.3583,0.5722,0.4887,0.4676,43.0,47.0,72.5,101.0,31.2427,1
418,17.4167,17.1068,26.319,2.7297,0.0247,44.079,6.0,10.0,18.0,0.0268,0.2688,0.7344,0.3639,0.573,0.4916,0.4698,51.0,54.0,81.0,98.0,30.1175,1
419,17.4583,16.3324,24.8569,2.5193,0.0211,37.7592,6.0,9.0,17.0,0.0263,0.2797,0.7219,0.3694,0.575,0.4935,0.4725,35.0,39.0,48.5,99.0,30.4672,1
420,17.5,15.7652,23.804,2.1054,0.0174,34.8895,5.0,9.0,17.0,0.0264,0.2891,0.7125,0.375,0.5722,0.4987,0.4753,23.0,24.0,40.5,101.0,30.3517,1
421,17.5417,15.4665,23.0316,1.427,0.0149,26.6972,5.0,9.0,16.0,0.0254,0.2969,0.7031,0.3778,0.5722,0.499,0.4769,27.0,28.0,56.0,98.0,29.4976,3
422,17.5833,15.3625,22.6258,1.2142,0.0132,23.013,5.0,9.0,16.0,0.0256,0.3031,0.6969,0.3833,0.575,0.4997,0.48,33.5,36.0,58.0,96.0,31.4191,3
423,17.625,15.3339,22.3265,1.146,0.0115,16.9684,5.0,9.0,16.0,0.025,0.3078,0.6906,0.3833,0.5722,0.5004,0.4803,30.0,32.0,58.0,94.0,28.896,3
424,17.6667,15.2784,22.0987,0.8509,0.01,14.2692,5.0,9.0,16.0,0.0251,0.3125,0.6875,0.3861,0.5722,0.4988,0.4809,31.0,32.0,52.0,88.0,31.04,2
425,17.7083,15.2784,21.9238,0.847,0.0088,8.8073,5.0,9.0,16.0,0.025,0.3156,0.6828,0.3889,0.5731,0.5009,0.4819,36.0,36.0,60.0,86.0,31.2271,2
426,17.75,15.3041,21.8337,0.7128,0.0072,7.5067,5.0,9.0,16.0,0.0254,0.3203,0.6797,0.3889,0.575,0.4993,0.4835,65.0,68.0,102.0,82.0,32.0025,2
427,17.7917,15.2957,21.7052,0.6888,0.0063,6.2797,5.0,9.0,16.0,0.0253,0.3203,0.6781,0.3917,0.575,0.4983,0.483,63.0,67.0,87.0,76.0,33.218,2
428,17.8333,15.3597,21.7189,0.5007,0.0049,5.3878,6.0,9.0,16.0,0.0253,0.3219,0.675,0.3917,0.5778,0.4982,0.4838,93.0,95.0,133.0,71.0,32.244,2
429,17.875,15.4668,21.7435,0.6048,0.0047,3.027,6.0,9.0,15.0,0.0257,0.3234,0.675,0.3917,0.5806,0.4995,0.4857,88.5,90.0,124.0,70.0,32.0096,1
430,17.9167,15.5171,21.7701,0.4282,0.0033,2.275,6.0,9.0,15.0,0.0255,0.3266,0.6734,0.3917,0.5778,0.5009,0.486,99.0,101.0,136.0,67.0,32.313,2
431,17.9583,15.5447,21.7966,0.3696,0.0026,1.8066,8.0,9.0,15.0,0.0255,0.325,0.6719,0.3944,0.5778,0.5005,0.4856,98.0,98.0,133.0,68.0,32.8438,1
432,18.0,15.5222,21.6974,0.2545,0.0014,1.0767,8.0,9.0,15.0,0.0257,0.3266,0.6719,0.3944,0.5778,0.4997,0.4857,102.0,104.0,137.0,65.0,33.665,1
433,18.0417,15.6064,21.6713,0.3416,0.0006,0.4589,9.0,8.0,16.0,0.0257,0.3266,0.6719,0.3944,0.5778,0.4998,0.4857,101.0,104.0,136.0,65.0,33.8588,1
434,18.0833,15.6691,21.6569,0.1958,0.0,0.0159,9.0,8.0,16.0,0.0257,0.3266,0.6719,0.3944,0.5778,0.4998,0.4857,102.0,104.0,136.0,65.0,33.8397,1
435,18.125,25.4623,28.5343,20.9379,0.031,87.7332,17.0,22.0,34.0,0.0132,0.3359,0.6688,0.3333,0.56,0.5209,0.4482,82.0,87.0,140.0,102.0,33.2347,1
436,18.1667,24.4173,27.4998,4.5712,0.0217,84.7165,16.0,22.0,32.0,0.0127,0.3578,0.6469,0.3333,0.5583,0.5207,0.4464,78.0,83.0,133.5,95.0,36.3145,1
437,18.2083,22.6582,25.2456,3.7779,0.0172,86.2328,15.0,19.0,31.0,0.0115,0.375,0.6312,0.3389,0.55,0.5214,0.4462,83.0,88.0,138.0,91.0,35.2402,1
438,18.25,20.7823,22.982,3.3958,0.0137,82.4588,15.0,17.0,28.0,0.0104,0.3875,0.6172,0.3472,0.5472,0.5211,0.4484,88.0,93.0,140.5,85.0,36.123,1
439,18.2917,19.3358,21.0442,2.4509,0.0105,69.5066,13.0,16.0,27.0,0.0093,0.3969,0.6078,0.3528,0.5444,0.5196,0.4506,84.0,88.0,134.0,85.0,36.6625,1
440,18.3333,17.9823,19.448,2.1542,0.0078,54.5163,12.0,16.0,26.0,0.008,0.4062,0.5984,0.3593,0.5407,0.5189,0.4493,87.0,90.0,132.0,83.0,35.1775,1
441,18.375,16.3936,17.5631,2.2506,0.0059,37.7974,12.0,15.0,24.0,0.0067,0.4125,0.593,0.3639,0.5306,0.5197,0.4467,95.0,98.0,139.0,79.0,34.9045,1
442,18.4167,14.9528,15.9275,1.8782,0.0046,26.7722,11.0,13.0,22.0,0.006,0.4172,0.5891,0.3694,0.5361,0.5206,0.4488,87.0,89.5,126.0,78.0,35.4108,1
443,18.4583,13.2429,13.9606,2.0285,0.0037,16.3998,9.0,12.0,20.0,0.0052,0.4234,0.5844,0.3722,0.5167,0.5215,0.4458,94.0,95.5,132.0,72.0,35.5804,1
444,18.5,11.9069,12.5544,1.6693,0.0025,12.5215,9.0,11.0,18.0,0.0044,0.4251,0.5812,0.375,0.5139,0.523,0.4443,95.0,97.0,130.0,72.0,33.9883,2
445,18.5417,10.6133,11.2051,1.6128,0.0019,7.0793,8.0,10.0,16.0,0.0038,0.4297,0.5781,0.3778,0.5056,0.5249,0.4422,95.0,98.0,130.0,71.0,33.2248,1
446,18.5833,10.4115,10.9205,0.4225,0.0013,3.0347,8.0,10.0,16.0,0.0038,0.4312,0.5771,0.3806,0.5037,0.5255,0.4421,96.0,98.0,130.0,68.0,34.2717,1
447,18.625,10.3427,10.8319,0.3192,0.0011,2.5489,8.0,10.0,16.0,0.0038,0.4328,0.5755,0.3806,0.5083,0.5248,0.4448,96.0,98.0,128.0,68.0,34.0591,1
448,18.6667,10.266,10.7584,0.2952,0.0008,2.3442,8.0,10.0,16.0,0.0038,0.4328,0.575,0.3833,0.5093,0.5242,0.446,100.0,102.0,129.0,65.0,35.0266,1
449,18.7083,10.2346,10.7276,0.2406,0.0008,2.2502,8.0,10.0,16.0,0.0037,0.4328,0.5734,0.3833,0.5056,0.522,0.4461,100.0,102.0,131.0,63.0,33.2602,1
450,18.75,10.2133,10.7171,0.3495,0.0007,1.8316,8.0,10.0,17.0,0.0037,0.4344,0.5734,0.3833,0.5056,0.5228,0.4461,102.0,104.0,132.0,61.0,33.2619,1
451,18.7917,10.1603,10.6808,0.2288,0.0006,1.9725,8.0,10.0,17.0,0.0037,0.4344,0.5734,0.3861,0.5056,0.5229,0.4468,102.0,104.0,132.0,60.0,33.0703,1
452,18.8333,10.1255,10.6655,0.2783,0.0003,1.8513,8.0,10.0,17.0,0.0037,0.4351,0.5719,0.3861,0.5056,0.5227,0.4475,104.0,107.0,132.5,57.5,32.3318,1
453,18.875,10.1186,10.663,0.2068,0.0004,1.4724,8.0,10.0,17.0,0.0038,0.4338,0.5719,0.3861,0.5083,0.5216,0.4487,103.0,105.0,130.0,57.0,32.932,1
454,18.9167,10.1152,10.6668,0.273,0.0003,1.1975,8.0,10.0,17.0,0.0039,0.4344,0.5719,0.3861,0.5083,0.5213,0.4494,103.0,104.0,127.0,56.0,32.9774,1
455,18.9583,10.1343,10.6735,0.2062,0.0002,0.9551,8.0,10.0,18.0,0.0039,0.4344,0.5719,0.3861,0.5139,0.5215,0.4503,103.0,104.0,127.0,54.0,33.4534,1
456,19.0,3.8632,11.4163,13.88,0.0274,121.4795,0.0,0.0,0.0,0.0287,0.4156,0.6469,0.4194,0.5889,0.5302,0.5009,158.0,158.0,158.0,0.0,52.0126,1
457,19.0417,3.7347,11.0311,4.6425,0.011,154.3789,0.0,0.0,0.0,0.0279,0.4047,0.6344,0.4194,0.5889,0.519,0.5004,68.0,68.0,68.0,0.0,49.8296,1
458,19.0833,3.9244,11.5998,2.5664,0.0094,75.5079,0.0,0.0,0.0,0.0291,0.3984,0.6656,0.4194,0.5972,0.5134,0.503,168.0,120.0,168.0,0.0,49.8653,1
459,19.125,3.7832,11.1765,2.0228,0.0071,58.2041,0.0,0.0,0.0,0.0286,0.3969,0.6641,0.4194,0.5889,0.5142,0.5,165.0,38.0,165.0,0.0,52.774,1
460,19.1667,4.0814,12.0703,1.815,0.0061,51.5112,0.0,0.0,0.0,0.0289,0.3922,0.6693,0.4194,0.5889,0.5139,0.5001,221.0,67.0,221.0,0.0,48.9592,1
461,19.2083,3.9489,11.6734,1.287,0.0059,32.1004,0.0,0.0,0.0,0.0293,0.3906,0.6703,0.4194,0.5889,0.5172,0.4992,200.0,109.0,208.0,0.0,50.8119,1
462,19.25,3.985,11.7814,1.4266,0.0059,34.8415,0.0,0.0,0.0,0.029,0.3859,0.6594,0.4194,0.5889,0.5083,0.5011,87.5,202.0,212.0,0.0,52.2717,1
463,19.2917,3.7156,10.9738,1.2257,0.0069,19.849,0.0,0.0,0.0,0.0273,0.3859,0.6547,0.4194,0.5889,0.5084,0.4978,72.5,194.5,195.0,0.0,52.0556,1
464,19.3333,3.9679,11.7301,1.1632,0.0068,19.0989,0.0,0.0,0.0,0.0291,0.3859,0.6578,0.4194,0.5889,0.5047,0.5005,32.0,154.0,154.0,0.0,49.5431,1
465,19.375,3.9595,11.7049,0.4598,0.0035,4.9707,0.0,0.0,0.0,0.0295,0.3844,0.6578,0.4194,0.5889,0.5036,0.5002,34.0,168.0,168.0,0.0,52.9789,1
466,19.4167,3.8973,11.5185,0.3843,0.0032,3.3013,0.0,0.0,0.0,0.0288,0.3844,0.6547,0.4194,0.5889,0.5016,0.5005,34.0,132.0,134.0,0.0,49.8596,1
467,19.4583,3.8316,11.3216,0.3018,0.0029,2.3003,0.0,0.0,0.0,0.0289,0.3828,0.6188,0.4194,0.5889,0.4996,0.5001,49.0,91.0,91.0,0.0,52.886,1
468,19.5,3.8462,11.3654,0.1739,0.0012,2.698,0.0,0.0,0.0,0.0291,0.3828,0.65,0.4194,0.5889,0.4998,0.5,46.0,113.0,94.0,0.0,53.7313,1
469,19.5417,3.8205,11.2883,5.8646,0.036,126.1931,0.0,0.0,0.0,0.0308,0.2891,0.7094,0.4417,0.5639,0.4884,0.5024,28.0,28.0,28.0,0.0,60.6422,1
470,19.5833,2.6373,7.7411,3.8442,0.015,124.1398,0.0,0.0,0.0,0.0219,0.3234,0.6719,0.4472,0.5543,0.4897,0.5003,12.0,12.0,12.0,0.0,69.2606,1
471,19.625,2.5577,7.5025,2.2058,0.0055,93.6333,0.0,0.0,0.0,0.0212,0.3219,0.6625,0.45,0.55,0.48,0.5012,6.0,6.0,6.0,0.0,73.3377,1
472,19.6667,2.727,8.0105,3.1081,0.009,123.8472,0.0,0.0,0.0,0.0222,0.3109,0.6719,0.45,0.55,0.4785,0.5015,8.0,8.0,8.0,0.0,70.1544,1
473,19.7083,3.9937,11.1403,4.8923,0.0255,123.1043,0.0,0.0,0.0,0.0315,0.2938,0.8578,0.4556,0.5472,0.5604,0.5023,25.0,25.0,25.0,0.0,71.98,1
474,19.75,3.7712,11.1359,4.5921,0.0193,110.4239,0.0,0.0,0.0,0.0309,0.2781,0.8188,0.4528,0.5472,0.5362,0.5013,25.0,25.0,25.0,0.0,72.9106,1
475,19.7917,4.0285,11.9118,3.8253,0.0146,94.051,0.0,0.0,0.0,0.0327,0.25,0.7719,0.4528,0.5472,0.5,0.5011,16.0,15.0,16.0,0.0,73.5746,1
476,19.8333,4.9951,12.7959,5.8009,0.0283,114.2947,0.0,0.0,0.0,0.0414,0.2484,0.9094,0.4528,0.5444,0.5696,0.5014,15.5,15.0,15.5,0.0,72.5037,1
477,19.875,5.0342,13.4973,5.9845,0.0206,124.7707,0.0,0.0,0.0,0.0414,0.2453,0.8922,0.45,0.5444,0.5546,0.5011,19.0,18.0,19.5,0.0,72.9635,1
478,19.9167,4.994,14.0929,5.504,0.0171,115.8906,0.0,0.0,0.0,0.0407,0.2375,0.8531,0.45,0.5444,0.536,0.5012,16.0,16.0,16.0,0.0,73.8738,1
479,19.9583,4.9836,14.5944,5.3749,0.0146,117.6258,0.0,0.0,0.0,0.0406,0.2328,0.8344,0.45,0.5444,0.5246,0.5012,9.0,9.0,9.0,0.0,74.6038,1
480,20.0,5.0054,14.6291,5.3178,0.0132,120.217,0.0,0.0,0.0,0.0408,0.2297,0.825,0.45,0.5444,0.5184,0.5012,15.0,15.0,15.0,0.0,73.7638,1
481,20.0417,5.0006,14.7175,5.0984,0.0119,117.8689,0.0,0.0,0.0,0.0407,0.2266,0.8125,0.45,0.5444,0.5108,0.5013,13.0,13.0,13.0,0.0,73.8952,1
482,20.0833,4.9816,14.7461,4.5296,0.0105,103.5087,0.0,0.0,0.0,0.0406,0.2234,0.8008,0.45,0.5444,0.5033,0.5012,12.0,13.0,13.0,0.0,73.839,1
483,20.125,4.9596,14.7035,3.7316,0.0094,84.07,0.0,0.0,0.0,0.0406,0.2219,0.7922,0.45,0.5444,0.4992,0.5013,8.0,8.0,8.0,0.0,74.221,1
484,20.1667,4.9655,14.7215,2.8873,0.0083,60.6555,0.0,0.0,0.0,0.0407,0.2203,0.7875,0.45,0.5444,0.4962,0.5012,10.0,11.0,10.5,0.0,74.2019,1
485,20.2083,4.986,14.7827,2.1133,0.0072,40.4183,0.0,0.0,0.0,0.0409,0.2203,0.7859,0.45,0.5444,0.4946,0.5011,12.0,13.0,13.0,0.0,74.0594,1
486,20.25,4.9748,14.7493,1.3913,0.0063,22.9974,0.0,0.0,0.0,0.0409,0.2188,0.7828,0.45,0.5444,0.4927,0.5012,11.0,12.0,11.0,0.0,74.0143,1
487,20.2917,4.973,14.7436,0.73,0.0047,8.7561,0.0,0.0,0.0,0.0409,0.2188,0.7812,0.45,0.5444,0.4915,0.5012,9.0,10.0,10.0,0.0,73.3286,1
488,20.3333,5.0113,14.8584,0.2357,0.002,2.5687,0.0,0.0,0.0,0.0411,0.2188,0.7844,0.45,0.5444,0.4933,0.5011,10.0,11.0,11.0,0.0,73.1989,1
489,20.375,5.0404,14.9459,0.0245,0.0004,0.1126,0.0,0.0,0.0,0.0414,0.2188,0.8031,0.45,0.5444,0.4958,0.5011,10.0,12.0,10.0,0.0,72.6594,1
490,20.4167,5.0628,15.0129,0.02,0.0002,0.1528,0.0,0.0,0.0,0.0416,0.2188,0.8047,0.45,0.5444,0.4972,0.5011,11.0,13.0,11.0,0.0,72.3292,1
491,20.4583,5.079,15.0614,0.0141,0.0002,0.0961,0.0,0.0,0.0,0.0417,0.2188,0.8062,0.45,0.5444,0.4981,0.5011,11.0,13.0,11.0,0.0,72.1929,1
492,20.5,5.0893,15.0924,0.0104,0.0001,0.0951,0.0,0.0,0.0,0.0419,0.2188,0.8062,0.45,0.5444,0.499,0.5011,11.0,15.0,11.5,0.0,72.0002,1
493,20.5417,5.4473,9.7541,9.4074,0.044,124.3799,1.0,2.0,4.0,0.0109,0.325,0.5562,0.3972,0.5694,0.3908,0.4881,109.0,110.5,113.0,11.0,35.2591,1
494,20.5833,6.269,11.5868,3.9439,0.0184,72.4869,1.0,2.0,4.0,0.0158,0.2719,0.526,0.3972,0.5722,0.3541,0.4914,104.0,104.0,107.0,11.0,35.935,1
495,20.625,7.0351,13.3872,4.0378,0.0195,88.3139,1.0,2.0,4.0,0.0212,0.2594,0.5594,0.3972,0.5722,0.3609,0.4948,116.0,118.0,120.0,10.0,34.5221,1
496,20.6667,7.8862,15.287,3.9153,0.0185,86.0064,1.0,2.0,4.0,0.0263,0.2516,0.5531,0.3972,0.575,0.3683,0.4966,131.0,133.0,136.0,9.0,33.226,1
497,20.7083,8.7469,17.3382,3.9921,0.0164,78.4837,2.0,2.0,4.0,0.0315,0.2438,0.6922,0.3989,0.575,0.3764,0.4979,125.0,125.0,129.0,9.0,34.6621,1
498,20.75,9.7617,19.3633,4.2852,0.0147,68.3558,2.0,3.0,5.0,0.0349,0.238,0.7172,0.3972,0.575,0.3838,0.4987,139.0,140.0,144.0,10.0,35.2881,1
499,20.7917,10.7233,21.4342,4.4048,0.016,57.6676,2.0,3.0,5.0,0.039,0.2328,0.7422,0.3972,0.5778,0.3975,0.4985,147.0,151.0,154.0,11.0,37.3641,1
500,20.8333,11.7163,23.395,4.4953,0.0174,50.1119,2.0,3.0,6.0,0.0428,0.2297,0.7375,0.4,0.5778,0.4123,0.4988,122.0,122.0,124.0,11.0,37.705,1
501,20.875,12.6016,25.1725,4.3949,0.019,44.9842,2.0,4.0,6.0,0.0472,0.2266,0.7516,0.4,0.5778,0.4265,0.4993,134.0,137.0,139.0,11.0,39.2348,1
502,20.9167,13.4457,27.0195,4.2936,0.019,43.4211,3.0,4.0,6.0,0.0515,0.2234,0.7656,0.4,0.5778,0.4401,0.4996,138.0,140.0,144.0,11.0,40.1584,1
503,20.9583,14.2241,28.8773,4.1483,0.019,42.2931,3.0,4.0,8.0,0.0548,0.2207,0.7891,0.4,0.5778,0.4529,0.4997,141.0,143.0,145.0,11.0,39.8589,1
504,21.0,14.918,30.3411,3.9262,0.0197,39.2968,3.0,5.0,8.0,0.0591,0.2188,0.814,0.4,0.5778,0.4676,0.4998,133.0,134.0,138.0,11.0,40.6252,1
505,21.0417,15.8769,31.7765,4.1252,0.0198,36.7262,3.0,5.0,9.0,0.0623,0.2172,0.8172,0.4014,0.5778,0.4798,0.4997,145.0,147.0,150.0,13.0,40.256,1
506,21.0833,16.2684,32.7201,3.2251,0.018,35.1123,3.0,5.0,9.0,0.0652,0.2156,0.8125,0.4028,0.5778,0.487,0.4996,140.0,140.0,144.0,13.0,40.2717,1
507,21.125,16.6129,33.6275,2.9118,0.0164,32.5092,4.0,5.0,9.0,0.0678,0.2141,0.8078,0.4,0.5778,0.493,0.4998,153.0,155.0,158.0,13.0,40.8079,1
508,21.1667,16.8593,34.371,2.6662,0.0141,28.8404,4.0,5.0,9.0,0.0695,0.2125,0.8062,0.4,0.5778,0.4977,0.4995,168.0,171.0,173.0,13.0,41.0502,1
509,21.2083,17.0407,34.9049,2.3495,0.0129,23.8533,4.0,5.0,9.0,0.0703,0.2109,0.8016,0.4,0.5778,0.4987,0.4995,182.0,185.0,187.0,14.0,41.0032,1
510,21.25,17.2304,35.4223,2.1857,0.0116,19.7968,4.0,5.0,9.0,0.0715,0.2109,0.7984,0.4,0.5778,0.4983,0.4993,197.0,200.0,202.0,14.0,41.82,1
511,21.2917,17.3804,35.8266,1.7821,0.01,15.8259,4.0,5.0,9.0,0.0719,0.2094,0.7984,0.4,0.5778,0.4997,0.4993,212.0,215.0,217.0,14.0,41.9645,1
512,21.3333,17.4908,36.1143,1.5975,0.0093,12.0688,4.0,5.0,9.0,0.0723,0.2094,0.7953,0.4,0.5778,0.498,0.4992,215.0,217.0,222.0,14.0,42.4662,1
513,21.375,17.5475,36.23,1.213,0.008,8.067,4.0,5.0,9.0,0.0721,0.2094,0.7938,0.4,0.5778,0.4989,0.4995,217.0,221.0,228.0,14.0,41.9302,1
514,21.4167,17.5615,36.2906,1.0062,0.007,5.0726,4.0,5.0,9.0,0.0722,0.2078,0.7938,0.4,0.5778,0.4975,0.4993,217.0,219.0,224.0,14.0,42.3751,1
515,21.4583,17.5661,36.3169,0.7015,0.0055,2.8993,4.0,5.0,9.0,0.0725,0.2078,0.7922,0.4,0.5778,0.4966,0.4994,215.0,218.0,224.0,14.0,42.817,1
516,21.5,249.287,242.4892,233.5455,0.054,109.354,253.0,253.0,253.0,0.0396,0.2781,0.8516,0.4417,0.5472,0.5589,0.4999,101.0,104.0,181.0,102.0,40.1195,1
517,21.5417,249.1052,241.694,4.508,0.0158,96.8254,253.0,253.0,253.0,0.0407,0.2688,0.8406,0.4417,0.55,0.5478,0.4999,95.0,98.0,168.0,94.0,41.6324,1
518,21.5833,248.9077,240.7329,4.7242,0.0162,98.4953,253.0,253.0,253.0,0.0414,0.2594,0.8266,0.4389,0.55,0.5384,0.5001,91.0,94.0,154.0,88.0,42.3173,1
519,21.625,248.7123,240.147,4.635,0.0157,95.3232,253.0,253.0,253.0,0.0423,0.2531,0.8125,0.4389,0.55,0.5291,0.5003,91.0,94.0,144.0,83.0,44.986,1
520,21.6667,248.506,239.5284,4.1969,0.0135,87.0407,253.0,253.0,253.0,0.0434,0.2484,0.8016,0.4389,0.55,0.5211,0.5003,102.0,104.0,139.0,66.0,46.8817,1
521,21.7083,248.304,238.923,3.5301,0.0112,72.0471,253.0,253.0,253.0,0.0445,0.2438,0.7938,0.4389,0.55,0.5128,0.5,116.0,117.0,145.0,48.0,49.039,1
522,21.75,248.0973,238.3034,2.9998,0.0101,59.0304,253.0,253.0,253.0,0.0451,0.2406,0.7875,0.4389,0.5528,0.5089,0.5001,127.0,129.0,155.0,40.0,49.5689,1
523,21.7917,247.8907,237.6839,2.5691,0.0091,48.8317,253.0,253.0,253.0,0.0462,0.2391,0.7828,0.4389,0.5528,0.5055,0.5001,147.0,147.0,166.0,27.0,52.7921,1
524,21.8333,247.6871,237.0738,2.2245,0.008,40.2986,253.0,253.0,253.0,0.0468,0.2359,0.7781,0.4361,0.5528,0.5037,0.5,178.0,179.0,187.0,20.0,53.4669,1
525,21.875,247.4828,236.4613,1.9193,0.0076,31.7341,253.0,253.0,253.0,0.0472,0.2359,0.775,0.4361,0.5528,0.5005,0.4999,198.0,198.0,204.0,12.0,54.7131,1
526,21.9167,247.2745,235.8369,1.6761,0.0069,25.8307,253.0,253.0,253.0,0.0482,0.2344,0.7734,0.4361,0.5528,0.4988,0.4999,203.0,203.0,211.0,7.0,57.337,1
527,21.9583,247.0689,235.2206,1.4423,0.0064,20.6164,253.0,253.0,253.0,0.0485,0.2328,0.7703,0.4361,0.5528,0.4991,0.4999,216.0,216.0,219.0,4.0,57.5148,1
528,22.0,246.8969,234.705,1.1937,0.0061,15.5058,253.0,253.0,253.0,0.0491,0.2328,0.7688,0.4361,0.5528,0.4961,0.4999,224.5,225.0,225.0,0.0,59.7731,1
529,22.0417,246.8912,234.6879,0.8136,0.005,8.8771,253.0,253.0,253.0,0.0494,0.2312,0.7672,0.4361,0.5528,0.4954,0.4999,222.0,222.0,222.0,0.0,59.6789,1
530,22.0833,246.8909,234.6871,0.6123,0.0043,5.6227,253.0,253.0,253.0,0.049,0.2312,0.7656,0.4361,0.5528,0.496,0.4999,228.0,228.0,228.0,0.0,58.8585,1
531,22.125,246.8943,234.6971,0.4667,0.0037,4.221,253.0,253.0,253.0,0.0491,0.2312,0.7656,0.4361,0.5528,0.4959,0.5,222.0,222.0,222.0,0.0,58.9149,1
532,22.1667,246.8936,234.695,0.404,0.0034,3.478,253.0,253.0,253.0,0.049,0.2312,0.7641,0.4361,0.5528,0.4953,0.4998,222.0,221.0,221.0,0.0,58.094,1
533,22.2083,246.8915,234.6887,0.5491,0.0043,4.4127,253.0,253.0,253.0,0.0494,0.2328,0.7641,0.4361,0.5528,0.4939,0.4999,225.0,224.0,225.0,0.0,60.6311,1
534,22.25,248.4385,239.3262,3.5547,0.018,47.5106,253.0,253.0,253.0,0.0368,0.2344,0.6234,0.4333,0.5528,0.4256,0.4998,221.0,221.0,222.0,0.0,59.7535,1
535,22.2917,248.4382,239.3252,3.7858,0.008,100.2348,253.0,253.0,253.0,0.0365,0.2391,0.6297,0.4333,0.5528,0.4333,0.4999,230.0,230.0,231.0,0.0,58.4905,1
536,22.3333,248.4376,239.3236,5.6761,0.0098,155.1277,253.0,253.0,253.0,0.0366,0.2484,0.6391,0.4333,0.5528,0.4425,0.4999,226.0,226.0,225.0,0.0,58.9706,1
537,22.375,250.4736,245.4268,5.3573,0.0233,158.5258,253.0,253.0,253.0,0.0202,0.2609,0.4672,0.4306,0.5528,0.3595,0.5005,224.0,223.0,224.0,0.0,59.0139,1
538,22.4167,253.0,253.0,2.5276,0.0202,0.0,253.0,253.0,253.0,0.0,,,,,,,,,,,,
539,22.4583,253.0,253.0,0.0,0.0,0.0,253.0,253.0,253.0,0.0,,,,,,,,,,,,
540,22.5,2.4509,7.1827,250.553,0.0186,0.0,0.0,0.0,0.0,0.0186,0.3484,0.5203,0.4444,0.5861,0.4329,0.5098,54.0,54.0,54.0,0.0,59.3947,1
541,22.5417,2.0881,6.0953,2.7806,0.0112,116.7901,0.0,0.0,0.0,0.0162,0.3672,0.5391,0.4361,0.5583,0.4522,0.5008,31.0,31.0,31.0,0.0,62.7118,1
542,22.5833,2.0879,6.0946,2.8466,0.0087,161.7063,0.0,0.0,0.0,0.016,0.3812,0.5531,0.4361,0.5583,0.4658,0.5007,45.0,45.0,45.0,0.0,59.5368,1
543,22.625,2.2286,6.5165,2.4571,0.007,136.9794,0.0,0.0,0.0,0.0172,0.3891,0.5609,0.4444,0.5583,0.474,0.505,38.5,38.5,38.5,0.0,63.2984,1
544,22.6667,2.2279,6.5143,1.4778,0.004,81.3409,0.0,0.0,0.0,0.0171,0.3953,0.5672,0.4444,0.5583,0.4818,0.5052,32.0,32.0,32.0,0.0,62.6703,1
545,22.7083,2.2289,6.5175,1.0427,0.0032,54.4329,0.0,0.0,0.0,0.0171,0.3984,0.5703,0.4444,0.5583,0.4835,0.505,39.0,39.0,39.0,0.0,62.319,1
546,22.75,2.2283,6.5155,0.7636,0.0026,36.7235,0.0,0.0,0.0,0.0173,0.4016,0.5734,0.4444,0.5583,0.4871,0.5052,33.5,33.5,33.5,0.0,64.1628,1
547,22.7917,2.228,6.5146,0.6404,0.0028,27.8903,0.0,0.0,0.0,0.017,0.4047,0.5766,0.4444,0.5583,0.4894,0.5053,33.0,33.0,33.0,0.0,61.6921,1
548,22.8333,2.2287,6.5169,0.7834,0.0037,35.3704,0.0,0.0,0.0,0.0171,0.4062,0.5766,0.4361,0.5626,0.4904,0.5051,41.0,41.0,41.0,0.0,63.305,1
549,22.875,2.2287,6.5164,1.283,0.0052,63.6054,0.0,0.0,0.0,0.017,0.4078,0.5781,0.4194,0.5722,0.4918,0.5043,38.0,38.0,38.0,0.0,62.9481,1
550,22.9167,2.229,6.5174,2.1036,0.0081,98.1639,0.0,0.0,0.0,0.0171,0.4109,0.5766,0.3917,0.6017,0.4917,0.5028,44.0,44.0,44.0,0.0,65.2315,1
551,22.9583,2.2288,6.5169,3.3162,0.0184,133.8975,0.0,0.0,0.0,0.0171,0.4391,0.55,0.3444,0.6472,0.4917,0.4967,41.0,41.0,41.0,0.0,65.8028,1
552,23.0,2.2285,6.5158,3.7079,0.0246,118.5211,0.0,0.0,0.0,0.0171,0.4156,0.5812,0.3806,0.6083,0.4967,0.4894,39.0,39.0,39.0,0.0,67.3257,1
553,23.0417,2.2283,6.5155,2.5013,0.0099,114.1861,0.0,0.0,0.0,0.0171,0.4141,0.5859,0.4152,0.5722,0.499,0.4896,41.5,41.5,41.5,0.0,63.753,1
554,23.0833,2.2279,6.5142,1.5109,0.0056,75.7905,0.0,0.0,0.0,0.017,0.4141,0.5859,0.4306,0.5556,0.5003,0.4902,39.0,39.0,39.0,0.0,62.3934,1
555,23.125,2.2281,6.5147,0.7582,0.0037,34.18,0.0,0.0,0.0,0.0171,0.4141,0.5859,0.4361,0.55,0.5002,0.4902,39.5,39.5,39.5,0.0,63.0443,1
556,23.1667,2.2271,6.5117,0.268,0.0022,7.3699,0.0,0.0,0.0,0.0169,0.4141,0.5859,0.4361,0.5528,0.5002,0.4904,33.0,33.0,33.0,0.0,61.5204,1
557,23.2083,2.2265,6.5099,0.0454,0.0005,1.1333,0.0,0.0,0.0,0.017,0.4141,0.5859,0.4361,0.5528,0.5014,0.4905,45.5,45.5,45.5,0.0,61.1692,1
558,23.25,2.2269,6.511,0.0339,0.0003,0.9765,0.0,0.0,0.0,0.017,0.4141,0.5859,0.4363,0.5528,0.5018,0.4904,44.0,44.0,44.0,0.0,61.5227,1
559,23.2917,2.2275,6.5129,0.0007,0.0,0.0143,0.0,0.0,0.0,0.0169,0.4141,0.5859,0.4362,0.5528,0.5018,0.4904,42.0,42.0,42.0,0.0,61.4971,1
560,23.3333,250.7916,246.38,251.0882,0.0054,160.6211,253.0,253.0,253.0,0.018,0.4094,0.5875,0.4235,0.55,0.4984,0.4878,237.0,237.0,237.0,0.0,59.7789,2
561,23.375,251.7433,249.233,3.0625,0.0247,113.0106,253.0,253.0,253.0,0.0138,0.4641,0.5469,0.3528,0.6528,0.5035,0.506,119.0,123.0,189.0,92.0,36.9436,1
562,23.4167,251.7112,249.1367,1.7554,0.0168,67.5268,253.0,253.0,253.0,0.0141,0.4312,0.5719,0.3917,0.625,0.5006,0.5085,110.0,113.0,182.0,97.0,39.5557,1
563,23.4583,251.683,249.052,1.2485,0.0102,45.4013,253.0,253.0,253.0,0.0144,0.4188,0.5812,0.425,0.5917,0.4997,0.5081,103.0,107.0,176.0,97.0,39.5452,1
564,23.5,251.6598,248.9825,0.9536,0.0071,37.5788,253.0,253.0,253.0,0.0147,0.4141,0.5844,0.4472,0.5722,0.4995,0.5081,100.0,102.0,172.0,93.0,39.8413,1
565,23.5417,251.6396,248.922,0.6947,0.0051,29.8122,253.0,253.0,253.0,0.0147,0.4125,0.5859,0.4556,0.5639,0.4992,0.5081,97.0,98.0,168.0,89.0,39.0197,1
566,23.5833,251.6168,248.8536,0.4438,0.0039,17.2969,253.0,253.0,253.0,0.0149,0.4125,0.5859,0.4528,0.5667,0.4988,0.5081,97.0,100.0,164.0,89.0,39.9167,1
567,23.625,251.5957,248.7903,0.2531,0.0027,8.1198,253.0,253.0,253.0,0.0151,0.4125,0.5844,0.45,0.5699,0.4993,0.5086,96.0,96.0,160.0,88.0,41.2195,1
568,23.6667,251.575,248.7284,0.0979,0.0013,2.96,253.0,253.0,253.0,0.0152,0.411,0.5859,0.45,0.5722,0.4989,0.5085,97.0,100.0,157.0,85.0,40.8052,1
569,23.7083,251.5543,248.6662,0.0715,0.0009,2.656,253.0,253.0,253.0,0.0154,0.4109,0.5859,0.45,0.5706,0.4992,0.5084,100.0,102.0,154.0,83.0,42.3151,1
570,23.75,251.5309,248.5962,0.1726,0.0018,5.9478,253.0,253.0,253.0,0.0155,0.4109,0.5859,0.45,0.5694,0.499,0.5079,104.0,107.0,150.0,73.5,41.4723,1
571,23.7917,251.5116,248.5383,0.024,0.0001,1.4263,253.0,253.0,253.0,0.0156,0.4109,0.5859,0.45,0.5694,0.4989,0.5079,107.0,109.0,150.0,70.0,41.7337,1
572,23.8333,251.4909,248.4762,0.0253,0.0001,1.4976,253.0,253.0,253.0,0.0157,0.4109,0.5859,0.45,0.5694,0.4989,0.5078,108.0,110.0,148.0,66.0,42.2372,1
573,23.875,251.4667,248.4036,0.0306,0.0002,1.7805,253.0,253.0,253.0,0.0158,0.4109,0.5859,0.45,0.5694,0.4989,0.5079,111.0,115.0,148.0,60.0,42.832,1
574,23.9167,251.448,248.3477,0.0249,0.0001,1.4506,253.0,253.0,253.0,0.0159,0.4109,0.5859,0.45,0.5694,0.4989,0.5079,111.0,115.0,149.0,55.0,43.3753,1
575,23.9583,251.427,248.2846,0.0273,0.0001,1.5557,253.0,253.0,253.0,0.016,0.4109,0.5859,0.45,0.5694,0.499,0.5079,111.0,114.0,148.0,50.5,43.8453,1
576,24.0,251.407,248.2249,0.027,0.0001,1.5684,253.0,253.0,253.0,0.016,0.4109,0.5859,0.45,0.5694,0.4989,0.5078,114.0,115.0,150.0,47.0,44.4086,1
577,24.0417,251.3827,248.152,0.1689,0.0019,4.5853,253.0,253.0,253.0,0.016,0.4109,0.5859,0.4496,0.5667,0.4989,0.5062,107.0,108.0,142.0,43.5,44.8536,1
578,24.0833,251.3733,248.1237,0.9043,0.0051,43.472,253.0,253.0,253.0,0.0161,0.4109,0.5859,0.4361,0.5583,0.4989,0.495,109.0,110.0,145.0,42.0,45.1899,1
579,24.125,251.3697,248.1129,1.5121,0.0088,61.0491,253.0,253.0,253.0,0.0161,0.4109,0.5875,0.4166,0.5361,0.4989,0.4732,105.0,108.0,135.0,39.0,45.3431,1
580,24.1667,251.3715,248.1182,1.8451,0.0125,62.8794,253.0,253.0,253.0,0.0161,0.4109,0.5874,0.3806,0.5028,0.4989,0.4395,110.0,111.0,143.0,38.0,45.2381,1
581,24.2083,251.384,248.1559,2.116,0.0173,64.9501,253.0,253.0,253.0,0.016,0.4109,0.5862,0.3333,0.4528,0.4989,0.3912,110.0,111.0,137.0,37.5,45.1141,1
582,24.25,6.7923,0.6056,244.6701,0.0637,0.0,0.0,0.0,0.0,0.0477,0.3125,0.6812,0.7361,0.9139,0.4954,0.8328,216.0,216.0,216.0,0.0,47.0731,1
583,24.2917,6.1465,15.8355,12.1687,0.0827,85.0722,0.0,0.0,0.0,0.0439,0.3172,0.6812,0.5972,0.7722,0.5093,0.6957,204.0,204.0,204.0,0.0,45.6742,1
584,24.3333,5.8774,17.4559,8.5939,0.0527,94.1574,0.0,0.0,0.0,0.0414,0.3109,0.6812,0.5306,0.7028,0.5125,0.6248,229.5,229.5,229.5,0.0,44.7818,1
585,24.375,6.896,20.5092,7.063,0.039,69.2368,0.0,0.0,0.0,0.0488,0.3125,0.6812,0.4833,0.6611,0.4939,0.5796,230.0,230.0,230.0,0.0,45.9164,1
586,24.4167,6.9409,20.644,6.7873,0.0284,101.2468,0.0,0.0,0.0,0.0493,0.3141,0.6812,0.4528,0.6333,0.4917,0.5514,217.0,217.0,217.0,0.0,43.7414,1
587,24.4583,6.4137,19.0634,5.3276,0.0244,89.8551,0.0,0.0,0.0,0.0451,0.3125,0.6812,0.4333,0.6139,0.5001,0.5321,233.0,233.0,233.0,0.0,44.8553,1
588,24.5,6.7176,19.9745,2.6837,0.0134,49.613,0.0,0.0,0.0,0.0476,0.3125,0.6812,0.425,0.6083,0.4932,0.5261,229.0,229.0,229.0,0.0,45.2562,1
589,24.5417,6.9818,20.7662,2.3782,0.0131,33.1578,0.0,0.0,0.0,0.05,0.3125,0.6812,0.4194,0.6,0.4899,0.5194,218.0,218.0,218.0,0.0,45.2587,1
590,24.5833,6.6861,19.8799,1.942,0.0102,30.7561,0.0,0.0,0.0,0.0475,0.3141,0.6812,0.4167,0.5972,0.4957,0.5151,216.0,216.0,216.0,0.0,43.7228,1
591,24.625,6.6848,19.8755,0.9437,0.0068,12.1816,0.0,0.0,0.0,0.0477,0.3141,0.6812,0.4139,0.5944,0.4956,0.5118,217.0,217.0,217.0,0.0,44.3715,1
592,24.6667,6.6858,19.8781,0.6615,0.0056,6.6355,0.0,0.0,0.0,0.0475,0.3141,0.6812,0.4111,0.5917,0.4956,0.5094,216.0,216.0,216.0,0.0,43.7689,1
593,24.7083,6.6867,19.8808,0.4344,0.0042,3.6313,0.0,0.0,0.0,0.0479,0.3141,0.6812,0.4083,0.5889,0.4965,0.5081,204.0,204.0,204.0,0.0,44.8224,1
594,24.75,6.6874,19.8831,0.2557,0.0029,1.9747,0.0,0.0,0.0,0.0476,0.3141,0.6812,0.4083,0.5889,0.496,0.5072,215.0,215.0,215.0,0.0,43.8487,1
595,24.7917,6.6864,19.8797,0.1069,0.0013,1.0007,0.0,0.0,0.0,0.0475,0.3141,0.6812,0.4083,0.5889,0.4955,0.5066,216.0,216.0,216.0,0.0,43.7519,1
596,24.8333,6.6861,19.8789,0.0013,0.0,0.0189,0.0,0.0,0.0,0.0475,0.3141,0.6812,0.4083,0.5889,0.4956,0.5066,216.0,216.0,216.0,0.0,43.7435,1
597,24.875,6.6873,19.8823,0.0675,0.0007,0.6975,0.0,0.0,0.0,0.0475,0.3141,0.6812,0.4083,0.5889,0.4956,0.5069,215.0,215.0,215.0,0.0,43.613,1
598,24.9167,6.6868,19.8809,0.1244,0.0016,1.1364,0.0,0.0,0.0,0.0478,0.3141,0.6812,0.4083,0.5889,0.4962,0.5075,208.0,208.0,208.0,0.0,44.1355,1
599,24.9583,6.6569,19.7914,0.2247,0.0025,1.9375,0.0,0.0,0.0,0.0478,0.3141,0.6812,0.4083,0.5889,0.4963,0.5079,208.0,208.0,208.0,0.0,45.2989,1
600,25.0,6.6471,19.7627,0.171,0.0015,1.9195,0.0,0.0,0.0,0.0477,0.3141,0.6797,0.4083,0.5889,0.4964,0.5082,205.0,205.0,205.0,0.0,45.4978,1
601,25.0417,6.6316,19.7165,0.1673,0.0017,1.8111,0.0,0.0,0.0,0.0476,0.3141,0.6797,0.4111,0.5889,0.4962,0.5089,215.0,215.0,215.0,0.0,45.9999,1
602,25.0833,6.5707,19.5339,0.3075,0.0032,2.3684,0.0,0.0,0.0,0.0473,0.3156,0.6797,0.4111,0.5889,0.496,0.5093,209.0,209.0,209.0,0.0,46.168,1
603,25.125,6.395,19.006,0.833,0.0055,10.8499,0.0,0.0,0.0,0.0464,0.3172,0.6766,0.4111,0.5889,0.4966,0.5093,196.0,196.0,196.0,0.0,45.8696,1
604,25.1667,5.9788,17.7582,1.9801,0.0093,37.3431,0.0,0.0,0.0,0.0437,0.3234,0.6703,0.4139,0.5861,0.497,0.509,185.0,185.0,185.0,0.0,46.1831,1
605,25.2083,5.0197,14.8825,4.3626,0.0148,97.2896,0.0,0.0,0.0,0.0378,0.3375,0.6562,0.4222,0.5806,0.4968,0.5079,82.0,82.0,82.0,0.0,49.6993,1
606,25.25,249.2113,241.643,247.8278,0.0194,129.755,253.0,253.0,253.0,0.0283,0.3567,0.6375,0.4389,0.5778,0.4979,0.5131,153.0,153.0,153.0,0.0,47.8314,1
607,25.2917,250.1589,244.4832,3.7088,0.0121,130.1612,253.0,253.0,253.0,0.0221,0.375,0.6188,0.4472,0.5694,0.4967,0.5108,206.0,206.0,206.0,0.0,52.7969,1
608,25.3333,250.5728,245.7242,3.3174,0.0113,140.3237,253.0,253.0,253.0,0.0199,0.3672,0.5906,0.4556,0.5611,0.4783,0.5125,232.0,232.0,232.0,0.0,59.0756,1
609,25.375,250.8361,246.5135,2.8281,0.0083,133.8164,253.0,253.0,253.0,0.0181,0.3562,0.5644,0.4528,0.5556,0.4584,0.5096,242.0,242.0,242.0,0.0,65.0275,1
610,25.4167,250.3912,245.1797,3.1296,0.0134,122.8435,253.0,253.0,253.0,0.0218,0.3406,0.6484,0.4556,0.5556,0.4815,0.5116,244.0,244.0,244.0,0.0,67.5863,1
611,25.4583,249.891,243.6803,3.9591,0.0206,120.0853,253.0,253.0,253.0,0.0259,0.3234,0.7422,0.4667,0.5556,0.5349,0.5133,244.0,244.0,244.0,0.0,67.6167,1
612,25.5,250.0752,244.2326,3.9917,0.0161,126.852,253.0,253.0,253.0,0.0247,0.3125,0.7125,0.4667,0.5528,0.5184,0.5121,239.0,239.0,239.0,0.0,71.0164,1
613,25.5417,249.9839,243.9588,3.7916,0.0119,132.2793,253.0,253.0,253.0,0.0256,0.3031,0.6938,0.4639,0.5528,0.4966,0.5108,250.0,250.0,250.0,0.0,73.661,1
614,25.5833,249.9138,243.7488,3.8892,0.0101,139.5203,253.0,253.0,253.0,0.0267,0.2969,0.6812,0.4611,0.5528,0.4815,0.5114,252.0,252.0,252.0,0.0,73.9441,1
615,25.625,249.9137,243.7484,3.5095,0.008,128.2177,253.0,253.0,253.0,0.0267,0.2913,0.6734,0.4611,0.5528,0.4742,0.5114,252.0,252.0,252.0,0.0,74.5294,1
616,25.6667,249.3727,242.1267,3.3435,0.0113,99.895,253.0,253.0,253.0,0.031,0.2875,0.7375,0.4611,0.5528,0.5033,0.5114,252.0,252.0,252.0,0.0,74.4831,1
617,25.7083,249.3735,242.1289,2.5509,0.0074,73.3432,253.0,253.0,253.0,0.0313,0.2844,0.7328,0.4611,0.5528,0.4992,0.5114,252.0,252.0,252.0,0.0,74.4587,1
618,25.75,249.3748,242.133,1.7649,0.0061,46.3441,253.0,253.0,253.0,0.0312,0.2812,0.7297,0.4611,0.5528,0.4968,0.5115,252.0,252.0,252.0,0.0,73.7215,1
619,25.7917,249.3742,242.1311,1.3241,0.0053,31.015,253.0,253.0,253.0,0.0313,0.2797,0.7266,0.4611,0.5528,0.4941,0.5115,252.0,252.0,252.0,0.0,74.2499,1
620,25.8333,249.3766,242.1385,1.0511,0.0048,22.7506,253.0,253.0,253.0,0.0313,0.2781,0.725,0.4611,0.5528,0.4928,0.5115,252.0,252.0,252.0,0.0,74.0539,1
621,25.875,249.375,242.1334,0.826,0.0045,15.0846,253.0,253.0,253.0,0.0311,0.2766,0.725,0.4611,0.5528,0.4917,0.5115,251.5,251.5,251.5,0.0,74.6823,1
622,25.9167,249.3771,242.1399,0.6302,0.0042,9.1005,253.0,253.0,253.0,0.0312,0.2766,0.7234,0.4611,0.5528,0.4906,0.5115,252.0,252.0,252.0,0.0,73.7612,1
623,25.9583,249.3764,242.1376,0.4614,0.0037,5.8765,253.0,253.0,253.0,0.0312,0.275,0.7234,0.4611,0.5528,0.4895,0.5115,252.0,252.0,252.0,0.0,74.3495,1
624,26.0,249.3757,242.1356,0.3166,0.003,4.0019,253.0,253.0,253.0,0.0312,0.275,0.7219,0.4611,0.5528,0.4894,0.5116,252.0,252.0,252.0,0.0,73.9566,1
625,26.0417,249.3748,242.1328,0.1738,0.0014,2.8566,253.0,253.0,253.0,0.0311,0.275,0.7219,0.4611,0.5528,0.4892,0.5115,252.0,252.0,252.0,0.0,74.1856,1
626,26.0833,249.3754,242.1345,0.0634,0.0006,1.2041,253.0,253.0,253.0,0.0312,0.275,0.7219,0.4611,0.5528,0.4893,0.5114,252.0,252.0,252.0,0.0,73.8768,1
627,26.125,249.3758,242.1359,0.0005,0.0,0.015,253.0,253.0,253.0,0.0312,0.275,0.7219,0.4611,0.5528,0.4893,0.5114,252.0,252.0,252.0,0.0,73.847,1
628,26.1667,249.3758,242.1359,0.0,0.0,0.0001,253.0,253.0,253.0,0.0312,0.275,0.7219,0.4611,0.5528,0.4893,0.5114,252.0,252.0,252.0,0.0,73.8467,1
629,26.2083,249.3759,242.1362,0.0001,0.0,0.0038,253.0,253.0,253.0,0.0312,0.275,0.7219,0.4611,0.5528,0.4893,0.5114,252.0,252.0,252.0,0.0,73.8379,1
630,26.25,4.0102,11.8579,246.1154,0.0404,126.0372,0.0,0.0,0.0,0.0195,0.5109,0.7359,0.3972,0.5861,0.6229,0.4995,0.0,122.0,236.0,255.0,15.8802,2
631,26.2917,3.9467,11.6679,3.2406,0.0253,39.9651,0.0,0.0,0.0,0.0196,0.4641,0.6906,0.3972,0.5861,0.5762,0.4996,0.0,120.0,233.0,255.0,15.8251,2
632,26.3333,3.8824,11.475,2.18,0.0233,37.936,0.0,0.0,0.0,0.0196,0.4469,0.6719,0.3972,0.5861,0.5598,0.5,0.0,119.0,231.0,255.0,15.8273,2
633,26.375,3.8421,11.3542,1.5236,0.0194,30.9552,0.0,0.0,0.0,0.0193,0.4359,0.6625,0.3972,0.5861,0.5483,0.4994,0.0,120.0,235.0,255.0,14.5939,2
634,26.4167,3.8318,11.3231,1.1371,0.0155,25.5407,0.0,0.0,0.0,0.0192,0.4281,0.6531,0.3972,0.5861,0.541,0.4999,0.0,120.0,231.0,255.0,14.6733,2
635,26.4583,3.8467,11.3677,0.8935,0.0137,19.5285,0.0,0.0,0.0,0.0192,0.4219,0.6469,0.3972,0.5861,0.535,0.5,0.0,120.0,233.0,255.0,14.8507,2
636,26.5,3.8835,11.4779,0.7382,0.0122,15.3641,0.0,0.0,0.0,0.0194,0.4172,0.6422,0.3972,0.5861,0.5296,0.4998,0.0,119.0,230.0,255.0,15.2468,2
637,26.5417,3.9403,11.6487,0.6085,0.0104,12.3079,0.0,0.0,0.0,0.0197,0.4125,0.6391,0.3972,0.5861,0.5257,0.4998,0.0,118.0,226.0,255.0,15.6825,2
638,26.5833,4.0179,11.8811,0.527,0.0097,8.5901,0.0,0.0,0.0,0.0197,0.4094,0.6359,0.3972,0.5861,0.5226,0.4999,0.0,118.0,229.0,255.0,15.9269,2
639,26.625,4.1105,12.1586,0.462,0.0088,5.9163,0.0,0.0,0.0,0.0195,0.4078,0.6328,0.3972,0.5861,0.5206,0.5003,0.0,119.0,228.0,255.0,16.0068,2
640,26.6667,4.213,12.4658,0.4079,0.0075,4.8804,0.0,0.0,0.0,0.0196,0.4047,0.6312,0.3972,0.5861,0.5177,0.4999,0.0,120.0,229.0,255.0,16.5526,2
641,26.7083,4.3194,12.7849,0.3367,0.0062,4.3985,0.0,0.0,0.0,0.0198,0.4031,0.6287,0.3972,0.5861,0.5172,0.5001,6.0,120.0,230.0,243.0,17.7858,2
642,26.75,6.6595,19.7997,5.1955,0.0369,62.7131,0.0,0.0,0.0,0.0343,0.3375,0.6891,0.3944,0.5889,0.4948,0.4965,15.0,124.0,246.0,160.0,25.3181,1
643,26.7917,3.8141,11.2703,3.4329,0.021,3.903,0.0,0.0,0.0,0.0149,0.3344,0.4359,0.3944,0.5889,0.3858,0.4914,251.0,252.0,252.0,0.0,36.1058,1
644,26.8333,5.7129,16.9618,6.5229,0.0225,124.0103,0.0,0.0,0.0,0.0255,0.2953,0.6484,0.3962,0.5889,0.3892,0.5013,252.0,250.0,252.0,0.0,36.6967,1
645,26.875,6.1855,18.379,0.6907,0.0022,1.9783,0.0,0.0,0.0,0.0265,0.2953,0.7156,0.3972,0.5889,0.3974,0.5017,244.0,244.0,245.0,0.0,35.7113,1
646,26.9167,7.4743,22.2418,7.0078,0.0228,132.1686,0.0,0.0,0.0,0.0329,0.2719,0.7422,0.3972,0.5889,0.3989,0.5022,235.0,236.0,236.0,0.0,37.8001,1
647,26.9583,7.9524,23.6755,0.7897,0.0036,3.1936,0.0,0.0,0.0,0.0344,0.2719,0.7438,0.3972,0.5889,0.4093,0.5027,189.0,162.0,192.0,0.0,35.9856,1
648,27.0,8.4,25.0172,0.9336,0.0071,4.3497,0.0,0.0,0.0,0.0396,0.2719,0.7453,0.3972,0.5889,0.4388,0.5025,126.0,62.0,189.0,0.0,34.1188,1
649,27.0417,8.3291,24.8046,0.8805,0.0051,6.0515,0.0,0.0,0.0,0.0419,0.2703,0.7469,0.3972,0.5889,0.4491,0.5021,94.0,77.0,205.0,0.0,33.5187,1
650,27.0833,11.2409,33.3465,11.09,0.0586,91.01,0.0,0.0,0.0,0.0618,0.1922,0.825,0.3972,0.5889,0.4531,0.4958,62.0,91.0,222.0,0.0,32.8693,1
651,27.125,11.2923,33.5053,1.0498,0.0078,5.6019,0.0,0.0,0.0,0.065,0.1922,0.825,0.3972,0.5889,0.4649,0.496,31.0,108.0,236.0,0.0,32.571,1
652,27.1667,12.9503,36.8209,12.9567,0.0664,94.9794,0.0,0.0,0.0,0.0773,0.1594,0.8578,0.3972,0.5889,0.4728,0.4985,1.0,124.0,249.0,0.0,33.5554,1
653,27.2083,12.9532,36.8007,0.4536,0.0066,2.2926,0.0,0.0,0.0,0.0772,0.1594,0.8578,0.3972,0.5889,0.4717,0.4986,1.0,124.0,249.0,0.0,33.2884,1
654,27.25,14.9192,38.1348,14.1277,0.0716,106.2627,0.0,0.0,0.0,0.089,0.1188,0.8953,0.3972,0.5889,0.4715,0.4992,2.0,124.0,250.0,0.0,35.0122,1
655,27.2917,14.9197,38.1195,0.5332,0.0073,2.4282,0.0,0.0,0.0,0.089,0.1188,0.8938,0.3972,0.5889,0.4715,0.4993,1.0,124.0,250.0,0.0,34.488,1
656,27.3333,14.9251,38.1279,0.5366,0.0079,1.9922,0.0,0.0,0.0,0.0888,0.1188,0.8938,0.3972,0.5889,0.4718,0.4991,1.0,124.0,250.0,0.0,33.9847,1
657,27.375,14.9453,38.1768,0.5431,0.0073,2.0595,0.0,0.0,0.0,0.0888,0.1172,0.8938,0.3972,0.5889,0.4693,0.4992,4.0,124.0,250.0,0.0,35.0874,1
658,27.4167,15.0245,38.3995,0.585,0.0073,2.7247,0.0,0.0,0.0,0.0889,0.1172,0.8938,0.3972,0.5889,0.4697,0.4992,8.0,124.0,250.0,0.0,34.8465,1
659,27.4583,15.1554,38.7842,0.6241,0.0078,2.3697,0.0,0.0,0.0,0.0883,0.1172,0.8922,0.3972,0.5889,0.4688,0.499,15.0,124.0,251.0,0.0,34.3398,1
660,27.5,15.1543,38.6035,0.788,0.0074,3.2548,0.0,0.0,0.0,0.0891,0.1156,0.8922,0.3972,0.5889,0.4697,0.4991,10.0,130.0,251.0,0.0,35.8261,1
661,27.5417,15.3947,39.1494,0.7266,0.0075,3.3169,0.0,0.0,0.0,0.0899,0.1156,0.8922,0.3972,0.5889,0.4716,0.4993,22.0,137.0,251.0,0.0,35.6228,1
662,27.5833,15.7153,39.942,0.7584,0.0074,3.2941,0.0,0.0,0.0,0.0902,0.1156,0.8906,0.3972,0.5889,0.4736,0.4991,34.0,143.0,251.0,0.0,34.789,1
663,27.625,16.0777,40.8492,0.7887,0.0069,3.2787,0.0,0.0,0.0,0.0906,0.1156,0.8906,0.3972,0.5889,0.4734,0.4992,47.0,150.0,251.0,0.0,35.3026,1
664,27.6667,16.4143,41.729,0.7307,0.0062,3.4108,0.0,0.0,0.0,0.0913,0.1141,0.8906,0.3972,0.5889,0.4748,0.4991,69.0,154.0,250.0,0.0,35.9577,1
665,27.7083,16.7675,42.5073,0.7298,0.0064,3.6351,0.0,0.0,0.0,0.0922,0.1141,0.8906,0.3972,0.5889,0.4778,0.4991,93.0,169.0,250.0,0.0,36.5113,1
666,27.75,17.0526,43.0262,0.612,0.0054,3.0326,0.0,0.0,0.0,0.0928,0.1141,0.8906,0.3972,0.5889,0.4811,0.4991,112.0,180.0,251.0,0.0,36.0252,1
667,27.7917,5.3351,14.5439,16.2801,0.0819,121.0129,0.0,0.0,0.0,0.0349,0.3188,0.8812,0.4528,0.55,0.5471,0.5067,117.0,55.0,132.0,0.0,57.1326,1
668,27.8333,5.4775,15.3399,5.078,0.0225,102.3826,0.0,0.0,0.0,0.0377,0.2969,0.8594,0.4528,0.55,0.5458,0.5061,107.0,49.0,167.0,0.0,53.7653,1
669,27.875,6.2084,17.366,5.7691,0.0284,96.2443,0.0,0.0,0.0,0.0439,0.2406,0.8841,0.4528,0.55,0.5342,0.505,75.5,61.0,174.5,0.0,51.6185,1
670,27.9167,6.7148,18.8762,5.9582,0.0251,97.5953,0.0,0.0,0.0,0.048,0.2109,0.8875,0.4528,0.55,0.5307,0.5048,48.0,74.0,180.0,0.0,50.8246,1
671,27.9583,7.3736,20.6057,6.5224,0.0264,98.791,0.0,0.0,0.0,0.0524,0.1797,0.8984,0.4528,0.55,0.5243,0.5047,42.0,87.0,176.0,0.0,51.8816,1
672,28.0,7.5001,21.0511,6.503,0.0187,113.2983,0.0,0.0,0.0,0.0529,0.1719,0.8906,0.4528,0.55,0.5231,0.5047,41.0,104.0,173.0,0.0,50.8754,1
673,28.0417,7.5359,21.1616,5.506,0.0175,94.4654,0.0,0.0,0.0,0.0529,0.1656,0.8844,0.4528,0.55,0.5135,0.5046,42.0,104.0,172.0,0.0,51.6464,1
674,28.0833,7.5315,20.9243,4.5855,0.0157,77.7782,0.0,0.0,0.0,0.0531,0.1594,0.8781,0.4528,0.55,0.5101,0.5047,42.0,105.0,172.0,0.0,51.1111,1
675,28.125,7.52,20.7913,3.9134,0.0144,63.609,0.0,0.0,0.0,0.0529,0.1547,0.875,0.4528,0.55,0.5033,0.5048,42.0,104.0,172.0,0.0,51.5712,1
676,28.1667,7.4722,20.6141,3.4012,0.0139,52.7477,0.0,0.0,0.0,0.0531,0.1516,0.8703,0.4528,0.55,0.5027,0.5046,40.0,103.0,168.0,0.0,50.4162,1
677,28.2083,7.433,20.4615,2.9382,0.0131,43.3388,0.0,0.0,0.0,0.0532,0.1484,0.8672,0.4528,0.55,0.4985,0.5046,38.0,104.0,169.0,0.0,51.6618,1
678,28.25,7.382,20.2708,2.5363,0.0126,35.6719,0.0,0.0,0.0,0.0529,0.1453,0.8641,0.4528,0.55,0.4969,0.5046,38.0,102.0,171.0,0.0,49.7238,1
679,28.2917,7.3714,20.2041,2.1553,0.012,28.1077,0.0,0.0,0.0,0.053,0.1422,0.8625,0.4528,0.55,0.4901,0.5046,38.0,103.0,172.0,0.0,51.94,1
680,28.3333,7.4448,20.3564,1.8574,0.0112,22.9388,0.0,0.0,0.0,0.0532,0.1406,0.8594,0.4528,0.55,0.4918,0.5047,38.0,108.0,171.0,0.0,51.6373,1
681,28.375,7.5336,20.5632,1.5254,0.0107,15.4646,0.0,0.0,0.0,0.0531,0.1391,0.8594,0.4528,0.55,0.4909,0.5047,40.0,113.0,171.0,0.0,51.4201,1
682,28.4167,7.621,20.7719,1.1798,0.0097,9.9058,0.0,0.0,0.0,0.0533,0.1375,0.8578,0.4528,0.55,0.4894,0.5047,46.0,122.0,169.0,0.0,51.315,1
683,28.4583,7.7184,21.0066,0.8023,0.0077,5.2461,0.0,0.0,0.0,0.0532,0.1375,0.8562,0.4528,0.55,0.4876,0.5046,49.0,129.0,165.0,0.0,52.9561,1
684,28.5,7.7165,20.9718,0.2685,0.003,2.3316,0.0,0.0,0.0,0.0533,0.1375,0.8562,0.4528,0.55,0.4869,0.5046,55.0,132.0,169.0,0.0,52.1706,1
685,28.5417,7.6937,20.872,0.0514,0.0002,0.7087,0.0,0.0,0.0,0.0534,0.1375,0.8562,0.4528,0.55,0.4874,0.5046,58.0,131.0,169.0,0.0,52.2359,1
686,28.5833,7.6885,20.8271,0.0507,0.0002,0.7112,0.0,0.0,0.0,0.0535,0.1375,0.8562,0.4528,0.55,0.4878,0.5046,63.0,133.0,167.5,0.0,52.2934,1
687,28.625,7.7061,20.8518,0.0473,0.0003,0.6815,0.0,0.0,0.0,0.0536,0.1375,0.8562,0.4528,0.55,0.4884,0.5047,73.0,132.0,166.0,0.0,52.4273,1
688,28.6667,4.9784,14.7609,8.4901,0.0422,123.8445,0.0,0.0,0.0,0.0405,0.3047,0.7172,0.4361,0.5667,0.5123,0.5025,16.5,16.5,16.5,0.0,60.3756,1
689,28.7083,4.7629,14.1147,1.7979,0.0065,36.0559,0.0,0.0,0.0,0.0395,0.3016,0.7156,0.4361,0.5667,0.5064,0.5031,4.0,4.0,4.0,0.0,59.7062,1
690,28.75,4.7638,14.1175,1.8066,0.0066,38.0676,0.0,0.0,0.0,0.0392,0.2984,0.7125,0.4361,0.5667,0.503,0.5032,3.0,3.0,3.0,0.0,59.0003,1
691,28.7917,4.9805,14.7672,1.5054,0.0065,27.9441,0.0,0.0,0.0,0.0404,0.2969,0.7094,0.4361,0.5667,0.5038,0.5023,16.0,16.0,16.0,0.0,60.2746,1
692,28.8333,4.9838,14.7768,1.0915,0.0052,18.0036,0.0,0.0,0.0,0.0403,0.2953,0.7078,0.4361,0.5667,0.5018,0.5023,13.0,13.0,13.0,0.0,59.704,1
693,28.875,4.9811,14.7687,0.8305,0.0045,12.0125,0.0,0.0,0.0,0.0407,0.2938,0.7062,0.4361,0.5667,0.5014,0.5022,15.0,15.0,15.0,0.0,61.1911,1
694,28.9167,4.9829,14.7742,0.622,0.0042,7.0283,0.0,0.0,0.0,0.0402,0.2922,0.7062,0.4361,0.5667,0.4999,0.5025,12.0,12.0,12.0,0.0,59.04,1
695,28.9583,4.9817,14.7705,0.4654,0.0038,4.5477,0.0,0.0,0.0,0.0405,0.2922,0.7047,0.4361,0.5667,0.4994,0.5023,16.0,16.0,16.0,0.0,60.4524,1
696,29.0,4.982,14.7716,0.3371,0.0033,2.8234,0.0,0.0,0.0,0.0399,0.2906,0.7047,0.4361,0.5667,0.4975,0.5025,12.0,12.0,12.0,0.0,58.7789,1
697,29.0417,4.9833,14.7754,0.2175,0.0021,2.1007,0.0,0.0,0.0,0.0402,0.2906,0.7047,0.4361,0.5667,0.4984,0.5025,11.0,11.0,11.0,0.0,58.9718,1
698,29.0833,4.9823,14.7725,0.1308,0.0012,1.6761,0.0,0.0,0.0,0.0405,0.2906,0.7047,0.4361,0.5667,0.4989,0.5024,15.0,15.0,15.0,0.0,60.2449,1
699,29.125,4.9829,14.7743,0.0469,0.0005,0.7423,0.0,0.0,0.0,0.0407,0.2906,0.7047,0.4361,0.5667,0.4991,0.5023,17.0,17.0,17.0,0.0,60.7975,1
700,29.1667,4.9826,14.7732,0.0265,0.0002,0.4363,0.0,0.0,0.0,0.0406,0.2906,0.7047,0.4361,0.5667,0.499,0.5024,16.0,16.0,16.0,0.0,60.5314,1
701,29.2083,4.9825,14.7731,0.0,0.0,0.001,0.0,0.0,0.0,0.0406,0.2906,0.7047,0.4361,0.5667,0.499,0.5024,16.0,16.0,16.0,0.0,60.5288,1
702,29.25,4.9825,14.7731,0.0,0.0,0.0,0.0,0.0,0.0,0.0406,0.2906,0.7047,0.4361,0.5667,0.499,0.5024,16.0,16.0,16.0,0.0,60.5288,1
703,29.2917,4.9825,14.7731,0.0,0.0,0.0001,0.0,0.0,0.0,0.0406,0.2906,0.7047,0.4361,0.5667,0.4991,0.5023,16.0,16.0,16.0,0.0,60.5349,1
704,29.3333,4.9825,14.7731,0.0,0.0,0.0,0.0,0.0,0.0,0.0406,0.2906,0.7047,0.4361,0.5667,0.4991,0.5023,16.0,16.0,16.0,0.0,60.5349,1
705,29.375,4.9825,14.7731,0.0,0.0,0.0,0.0,0.0,0.0,0.0406,0.2906,0.7047,0.4361,0.5667,0.4991,0.5023,16.0,16.0,16.0,0.0,60.5349,1
706,29.4167,4.9825,14.773,0.0,0.0,0.0004,0.0,0.0,0.0,0.0406,0.2906,0.7047,0.4361,0.5667,0.4991,0.5023,16.0,16.0,16.0,0.0,60.5339,1
707,29.4583,3.9565,11.6974,5.2603,0.0204,114.0084,0.0,0.0,0.0,0.0323,0.35,0.675,0.4333,0.5556,0.5105,0.5011,7.0,7.0,7.0,0.0,58.1586,1
708,29.5,3.9567,11.6981,1.3143,0.0048,32.2937,0.0,0.0,0.0,0.0319,0.3469,0.6734,0.4318,0.5556,0.508,0.5011,1.0,1.0,1.0,0.0,55.1385,1
709,29.5417,3.9447,11.6622,1.6153,0.0059,41.0939,0.0,0.0,0.0,0.0318,0.3443,0.6703,0.4333,0.5556,0.5046,0.5007,2.0,2.0,2.0,0.0,55.754,1
710,29.5833,3.9439,11.6596,1.1606,0.0047,26.9252,0.0,0.0,0.0,0.032,0.3422,0.6672,0.4333,0.5556,0.5015,0.5006,4.0,4.0,4.0,0.0,57.3593,1
711,29.625,3.9441,11.6602,0.8761,0.0038,19.4117,0.0,0.0,0.0,0.0321,0.3406,0.6656,0.4333,0.5556,0.4999,0.5007,8.0,8.0,8.0,0.0,58.2567,1
712,29.6667,3.9437,11.6588,0.663,0.0036,11.7804,0.0,0.0,0.0,0.0319,0.3391,0.6641,0.4321,0.5556,0.4989,0.5005,4.5,4.5,4.5,0.0,56.6235,1
713,29.7083,3.9438,11.6594,0.499,0.0034,7.1219,0.0,0.0,0.0,0.0319,0.3391,0.6641,0.4333,0.5556,0.4983,0.5008,8.0,8.0,8.0,0.0,55.9906,1
714,29.75,3.9448,11.6624,0.3705,0.0032,3.7382,0.0,0.0,0.0,0.0319,0.3375,0.6625,0.4333,0.5556,0.497,0.5006,3.5,3.5,3.5,0.0,56.9735,1
715,29.7917,3.9428,11.6562,0.2665,0.0024,3.4794,0.0,0.0,0.0,0.0321,0.3375,0.6625,0.4333,0.5556,0.4967,0.5008,4.0,4.0,4.0,0.0,57.5541,1
716,29.8333,3.9434,11.6581,0.1763,0.0017,2.4462,0.0,0.0,0.0,0.0319,0.3375,0.6625,0.4333,0.5556,0.4967,0.5008,8.0,8.0,8.0,0.0,56.0152,1
717,29.875,3.944,11.66,0.1034,0.0009,1.5737,0.0,0.0,0.0,0.0318,0.3359,0.6625,0.4333,0.5556,0.4968,0.5008,2.0,2.0,2.0,0.0,55.2849,1
718,29.9167,3.9463,11.6668,0.0411,0.0005,0.6886,0.0,0.0,0.0,0.0319,0.3359,0.6625,0.4333,0.5556,0.4968,0.5008,6.0,6.0,6.0,0.0,55.3866,1
719,29.9583,3.9462,11.6666,0.024,0.0003,0.4326,0.0,0.0,0.0,0.0318,0.3359,0.6625,0.4333,0.5556,0.4968,0.5008,5.0,5.0,5.0,0.0,55.2787,1
720,30.0,3.9468,11.6684,0.0112,0.0001,0.2632,0.0,0.0,0.0,0.0318,0.3359,0.6625,0.4315,0.5556,0.4967,0.5008,3.0,3.0,3.0,0.0,55.4624,1
721,30.0417,3.9458,11.6655,0.0014,0.0,0.0265,0.0,0.0,0.0,0.0318,0.3359,0.6625,0.4333,0.5556,0.4967,0.5008,3.0,3.0,3.0,0.0,55.4542,1
722,30.0833,3.9458,11.6655,0.0,0.0,0.0,0.0,0.0,0.0,0.0318,0.3359,0.6625,0.4333,0.5556,0.4967,0.5008,3.0,3.0,3.0,0.0,55.4542,1
723,30.125,3.9458,11.6655,0.0,0.0,0.0,0.0,0.0,0.0,0.0318,0.3359,0.6625,0.4333,0.5556,0.4967,0.5008,3.0,3.0,3.0,0.0,55.4542,1
724,30.1667,3.9458,11.6655,0.0,0.0,0.0,0.0,0.0,0.0,0.0318,0.3359,0.6625,0.4333,0.5556,0.4967,0.5008,3.0,3.0,3.0,0.0,55.4542,1
725,30.2083,3.9458,11.6655,0.0001,0.0,0.0022,0.0,0.0,0.0,0.0318,0.3359,0.6625,0.4333,0.5556,0.4967,0.5008,3.0,3.0,3.0,0.0,55.4565,1
726,30.25,3.9458,11.6655,0.0001,0.0,0.0022,0.0,0.0,0.0,0.0318,0.3359,0.6625,0.4333,0.5556,0.4967,0.5008,3.0,3.0,3.0,0.0,55.4542,1
727,30.2917,3.9457,11.6651,0.0004,0.0,0.0113,0.0,0.0,0.0,0.0318,0.3359,0.6625,0.4333,0.5556,0.4967,0.5008,3.0,3.0,3.0,0.0,55.4567,1
728,30.3333,3.0611,9.0133,5.8519,0.0379,134.4072,0.0,0.0,0.0,0.0137,0.4234,0.5828,0.3528,0.6417,0.4977,0.5151,27.0,82.0,90.0,185.0,26.4297,1
729,30.375,3.0629,9.0186,0.0942,0.0019,2.7381,0.0,0.0,0.0,0.0138,0.4234,0.5828,0.3528,0.6417,0.4969,0.5147,28.0,84.0,91.0,185.0,26.6671,1
730,30.4167,3.0626,9.0179,0.0975,0.0018,2.9198,0.0,0.0,0.0,0.0137,0.4234,0.5812,0.3528,0.6417,0.4962,0.5148,28.0,84.0,90.0,184.0,26.593,1
731,30.4583,3.0649,9.0246,0.0987,0.0018,2.8642,0.0,0.0,0.0,0.0136,0.4219,0.5812,0.3528,0.6417,0.4958,0.5143,28.0,84.0,91.0,185.0,26.2383,1
732,30.5,3.0627,9.018,0.089,0.0016,2.4232,0.0,0.0,0.0,0.0135,0.4219,0.5811,0.3528,0.6417,0.4949,0.5155,27.5,83.0,90.0,183.5,26.3653,1
733,30.5417,3.0649,9.0248,0.0568,0.001,1.6724,0.0,0.0,0.0,0.0135,0.4219,0.5797,0.3528,0.6417,0.4948,0.5154,27.0,83.5,90.0,185.0,26.4239,1
734,30.5833,3.0651,9.025,0.0509,0.0009,1.5774,0.0,0.0,0.0,0.0136,0.4219,0.5797,0.3528,0.6417,0.4949,0.5152,28.0,83.0,90.0,186.0,26.3662,1
735,30.625,3.0664,9.0291,0.0387,0.0007,1.2269,0.0,0.0,0.0,0.0135,0.4219,0.5797,0.3528,0.6417,0.4948,0.5146,28.0,83.0,90.0,185.0,26.3555,1
736,30.6667,3.0683,9.035,0.0348,0.0007,1.1194,0.0,0.0,0.0,0.0136,0.4203,0.5797,0.3528,0.6417,0.4946,0.5147,28.0,82.0,90.0,185.0,26.381,1
737,30.7083,3.0664,9.0291,0.0323,0.0005,1.0806,0.0,0.0,0.0,0.0135,0.4203,0.5797,0.3528,0.6417,0.4945,0.515,27.0,83.0,90.0,184.0,26.1957,1
738,30.75,3.0688,9.0363,0.0251,0.0005,0.8657,0.0,0.0,0.0,0.0136,0.4203,0.5797,0.3528,0.6417,0.4944,0.5148,27.0,83.0,90.0,185.0,26.1671,1
739,30.7917,3.0685,9.0355,0.0283,0.0005,0.9509,0.0,0.0,0.0,0.0137,0.4203,0.5797,0.3528,0.6417,0.4941,0.5146,28.0,83.0,90.0,183.0,26.1098,1
740,30.8333,3.0694,9.0383,0.0303,0.0005,0.9658,0.0,0.0,0.0,0.0137,0.4203,0.5797,0.3528,0.6417,0.4941,0.5144,28.0,84.0,90.0,184.0,26.3886,1
741,30.875,3.0691,9.0373,0.023,0.0003,0.853,0.0,0.0,0.0,0.0138,0.4203,0.5797,0.3528,0.6417,0.494,0.5145,28.0,84.0,90.0,184.0,26.5109,1
742,30.9167,3.0697,9.0392,0.0248,0.0005,0.9039,0.0,0.0,0.0,0.0137,0.4203,0.5797,0.3528,0.6417,0.4941,0.5149,28.0,84.0,90.0,184.0,26.5216,1
743,30.9583,3.0711,9.0433,0.0261,0.0004,0.9067,0.0,0.0,0.0,0.0138,0.4203,0.5797,0.3548,0.6417,0.4938,0.5147,28.0,84.0,90.0,186.0,26.5187,1
744,31.0,3.0707,9.0419,0.0266,0.0004,0.9155,0.0,0.0,0.0,0.0138,0.4203,0.5797,0.3528,0.6417,0.4937,0.5145,28.0,84.0,90.0,185.0,26.5571,1
745,31.0417,3.0698,9.0393,0.025,0.0005,0.878,0.0,0.0,0.0,0.0138,0.4203,0.5781,0.3528,0.6417,0.4935,0.5141,28.0,84.0,90.0,187.0,26.5409,1
746,31.0833,3.0699,9.0397,0.0248,0.0004,0.8855,0.0,0.0,0.0,0.0138,0.4203,0.5781,0.355,0.6417,0.4934,0.5141,28.0,84.0,90.0,187.0,26.4224,1
747,31.125,3.0706,9.0417,0.0228,0.0004,0.8029,0.0,0.0,0.0,0.0138,0.4203,0.5781,0.3547,0.6417,0.4933,0.5144,28.0,84.0,90.0,188.0,26.3814,1
748,31.1667,3.0696,9.0387,0.0263,0.0005,0.9192,0.0,0.0,0.0,0.0137,0.4203,0.5781,0.3546,0.6417,0.4932,0.5146,28.0,84.0,90.0,186.0,26.4299,1
749,31.2083,3.0692,9.0377,0.0059,0.0001,0.2206,0.0,0.0,0.0,0.0137,0.4203,0.5781,0.3544,0.6417,0.4931,0.5147,28.0,86.0,91.0,186.0,26.4243,1
750,31.25,3.0678,9.0335,0.0088,0.0001,0.2739,0.0,0.0,0.0,0.0137,0.4203,0.5781,0.3544,0.6417,0.4932,0.5146,28.0,84.0,91.0,185.0,26.3933,1
751,31.2917,3.0677,9.0331,0.0039,0.0001,0.157,0.0,0.0,0.0,0.0138,0.4203,0.5781,0.3546,0.6417,0.4932,0.5147,28.0,84.0,90.0,186.0,26.4116,1
752,31.3333,3.0676,9.0328,0.0026,0.0,0.1142,0.0,0.0,0.0,0.0138,0.4203,0.5781,0.3546,0.6417,0.4933,0.5147,28.0,84.0,90.0,186.0,26.4033,1
753,31.375,3.0681,9.0343,0.005,0.0001,0.1703,0.0,0.0,0.0,0.0137,0.4203,0.5781,0.3543,0.6417,0.4931,0.5146,28.0,84.0,91.0,187.0,26.5166,1
754,31.4167,3.0672,9.0316,0.0046,0.0001,0.178,0.0,0.0,0.0,0.0138,0.4203,0.5781,0.3546,0.6417,0.4932,0.5147,28.0,84.0,90.0,185.0,26.5595,1
755,31.4583,3.0672,9.0317,0.0031,0.0001,0.116,0.0,0.0,0.0,0.0137,0.4203,0.5781,0.3545,0.6417,0.4933,0.5146,28.0,84.0,90.0,186.0,26.4978,1
756,31.5,3.0671,9.0314,0.0032,0.0,0.1087,0.0,0.0,0.0,0.0137,0.4203,0.5781,0.3545,0.6417,0.4932,0.5146,28.0,84.0,90.0,186.0,26.5592,1
757,31.5417,3.0671,9.0313,0.0035,0.0001,0.1222,0.0,0.0,0.0,0.0137,0.4203,0.5781,0.3544,0.6417,0.4933,0.5146,28.0,84.0,90.0,186.0,26.5131,1
758,31.5833,3.067,9.0312,0.0037,0.0001,0.1319,0.0,0.0,0.0,0.0137,0.4203,0.5781,0.3546,0.6417,0.4932,0.5146,27.0,84.0,90.0,186.0,26.5384,1
759,31.625,3.067,9.031,0.0034,0.0,0.1208,0.0,0.0,0.0,0.0137,0.4203,0.5781,0.3546,0.6417,0.4932,0.5146,28.0,84.0,90.0,186.0,26.4983,1
760,31.6667,3.067,9.031,0.0027,0.0,0.0874,0.0,0.0,0.0,0.0138,0.4203,0.5781,0.3547,0.6417,0.4932,0.5147,28.0,84.0,90.0,185.0,26.528,1
761,31.7083,3.067,9.0309,0.0024,0.0,0.0709,0.0,0.0,0.0,0.0137,0.4203,0.5781,0.3545,0.6417,0.4932,0.5146,28.0,84.0,90.0,186.0,26.515,1
762,31.75,3.067,9.0312,0.0019,0.0,0.0456,0.0,0.0,0.0,0.0137,0.4203,0.5781,0.3546,0.6417,0.4932,0.5147,28.0,84.0,90.0,186.0,26.5058,1
763,31.7917,3.067,9.0311,0.0015,0.0,0.0295,0.0,0.0,0.0,0.0137,0.4203,0.5781,0.3545,0.6417,0.4932,0.5146,28.0,84.0,90.0,186.0,26.522,1
764,31.8333,3.067,9.031,0.0009,0.0,0.0217,0.0,0.0,0.0,0.0137,0.4203,0.5781,0.3545,0.6417,0.4932,0.5146,27.0,84.0,90.0,186.0,26.5289,1
765,31.875,3.067,9.031,0.0008,0.0,0.0141,0.0,0.0,0.0,0.0137,0.4203,0.5781,0.3544,0.6417,0.4932,0.5146,27.0,84.0,90.0,186.0,26.5366,1
766,31.9167,3.067,9.031,0.0008,0.0,0.0141,0.0,0.0,0.0,0.0137,0.4203,0.5781,0.3545,0.6417,0.4932,0.5146,27.0,84.0,90.0,186.0,26.5289,1
767,31.9583,3.067,9.0311,0.0004,0.0,0.0,0.0,0.0,0.0,0.0137,0.4203,0.5781,0.3544,0.6417,0.4932,0.5146,27.0,84.0,90.0,186.0,26.5361,1
768,32.0,3.067,9.0311,0.0,0.0,0.0,0.0,0.0,0.0,0.0137,0.4203,0.5781,0.3544,0.6417,0.4932,0.5146,27.0,84.0,90.0,186.0,26.5361,1
769,32.0417,2.6845,7.8843,0.3948,0.0027,11.3846,0.0,0.0,0.0,0.011,0.4203,0.5781,0.3556,0.6389,0.4915,0.5109,23.0,80.0,79.0,190.0,26.2326,1
770,32.0833,2.2992,6.7293,0.3958,0.0031,11.9739,0.0,0.0,0.0,0.0079,0.4203,0.5781,0.3556,0.6389,0.4892,0.5024,22.0,77.0,67.0,194.0,26.4712,1
771,32.125,1.916,5.5805,0.3967,0.0033,13.4495,0.0,0.0,0.0,0.0046,0.4203,0.5787,0.3556,0.6389,0.4864,0.4838,20.0,81.0,56.0,200.0,27.7241,1
772,32.1667,1.5424,4.4608,0.3852,0.0028,15.6747,0.0,0.0,0.0,0.0018,0.4188,0.5795,0.3503,0.6389,0.4892,0.452,37.0,76.0,46.0,203.0,28.687,7
773,32.2083,1.1607,3.3163,0.3961,0.0015,20.9298,0.0,0.0,0.0,0.0002,,,,,,,,,,,,
774,32.25,0.7737,2.1562,0.3999,0.0002,0.0,0.0,0.0,0.0,0.0,,,,,,,,,,,,
775,32.2917,0.3977,1.0291,0.3869,0.0,0.0,0.0,0.0,0.0,0.0,,,,,,,,,,,,
776,32.3333,0.0543,0.0,0.3548,0.0,0.0,0.0,0.0,0.0,0.0,,,,,,,,,,,,
777,32.375,0.0543,0.0,0.0,0.0,0.0,0.0,0.0,0.0,0.0,,,,,,,,,,,,
778,32.4167,0.0543,0.0,0.0,0.0,0.0,0.0,0.0,0.0,0.0,,,,,,,,,,,,
779,32.4583,0.0543,0.0,0.0,0.0,0.0,0.0,0.0,0.0,0.0,,,,,,,,,,,,
780,32.5,0.0542,0.0,0.0014,0.0,0.0,0.0,0.0,0.0,0.0,,,,,,,,,,,,
781,32.5417,0.0542,0.0,0.0,0.0,0.0,0.0,0.0,0.0,0.0,,,,,,,,,,,,
782,32.5833,0.0542,0.0,0.0,0.0,0.0,0.0,0.0,0.0,0.0,,,,,,,,,,,,
783,32.625,0.0542,0.0,0.0,0.0,0.0,0.0,0.0,0.0,0.0,,,,,,,,,,,,
784,32.6667,0.0542,0.0,0.0,0.0,0.0,0.0,0.0,0.0,0.0,,,,,,,,,,,,
785,32.7083,0.0542,0.0,0.0,0.0,0.0,0.0,0.0,0.0,0.0,,,,,,,,,,,,
786,32.75,0.0542,0.0,0.0,0.0,0.0,0.0,0.0,0.0,0.0,,,,,,,,,,,,
787,32.7917,0.0542,0.0,0.0,0.0,0.0,0.0,0.0,0.0,0.0,,,,,,,,,,,,
788,32.8333,0.0542,0.0,0.0,0.0,0.0,0.0,0.0,0.0,0.0,,,,,,,,,,,,
789,32.875,0.0542,0.0,0.0,0.0,0.0,0.0,0.0,0.0,0.0,,,,,,,,,,,,
790,32.9167,0.0542,0.0,0.0,0.0,0.0,0.0,0.0,0.0,0.0,,,,,,,,,,,,
791,32.9583,0.0542,0.0,0.0,0.0,0.0,0.0,0.0,0.0,0.0,,,,,,,,,,,,
792,33.0,0.0542,0.0,0.0,0.0,0.0,0.0,0.0,0.0,0.0,,,,,,,,,,,,
793,33.0417,0.0542,0.0,0.0,0.0,0.0,0.0,0.0,0.0,0.0,,,,,,,,,,,,
794,33.0833,0.0542,0.0,0.0,0.0,0.0,0.0,0.0,0.0,0.0,,,,,,,,,,,,
795,33.125,0.0542,0.0,0.0,0.0,0.0,0.0,0.0,0.0,0.0,,,,,,,,,,,,
796,33.1667,0.0542,0.0,0.0,0.0,0.0,0.0,0.0,0.0,0.0,,,,,,,,,,,,
797,33.2083,0.0542,0.0,0.0,0.0,0.0,0.0,0.0,0.0,0.0,,,,,,,,,,,,
798,33.25,0.0542,0.0,0.0,0.0,0.0,0.0,0.0,0.0,0.0,,,,,,,,,,,,
799,33.2917,0.0542,0.0,0.0,0.0,0.0,0.0,0.0,0.0,0.0,,,,,,,,,,,,
800,33.3333,0.0542,0.0,0.0,0.0,0.0,0.0,0.0,0.0,0.0,,,,,,,,,,,,
801,33.375,0.0542,0.0,0.0,0.0,0.0,0.0,0.0,0.0,0.0,,,,,,,,,,,,
802,33.4167,0.0542,0.0,0.0,0.0,0.0,0.0,0.0,0.0,0.0,,,,,,,,,,,,
803,33.4583,0.0542,0.0,0.0,0.0,0.0,0.0,0.0,0.0,0.0,,,,,,,,,,,,
804,33.5,0.0542,0.0,0.0,0.0,0.0,0.0,0.0,0.0,0.0,,,,,,,,,,,,
805,33.5417,0.0542,0.0,0.0,0.0,0.0,0.0,0.0,0.0,0.0,,,,,,,,,,,,
806,33.5833,0.0542,0.0,0.0,0.0,0.0,0.0,0.0,0.0,0.0,,,,,,,,,,,,
807,33.625,0.0542,0.0,0.0,0.0,0.0,0.0,0.0,0.0,0.0,,,,,,,,,,,,
808,33.6667,0.0542,0.0,0.0,0.0,0.0,0.0,0.0,0.0,0.0,,,,,,,,,,,,
809,33.7083,0.0542,0.0,0.0,0.0,0.0,0.0,0.0,0.0,0.0,,,,,,,,,,,,
810,33.75,0.0542,0.0,0.0,0.0,0.0,0.0,0.0,0.0,0.0,,,,,,,,,,,,
811,33.7917,0.0542,0.0,0.0,0.0,0.0,0.0,0.0,0.0,0.0,,,,,,,,,,,,
812,33.8333,0.0542,0.0,0.0,0.0,0.0,0.0,0.0,0.0,0.0,,,,,,,,,,,,
813,33.875,0.0542,0.0,0.0,0.0,0.0,0.0,0.0,0.0,0.0,,,,,,,,,,,,
814,33.9167,0.0542,0.0,0.0,0.0,0.0,0.0,0.0,0.0,0.0,,,,,,,,,,,,
815,33.9583,0.0542,0.0,0.0,0.0,0.0,0.0,0.0,0.0,0.0,,,,,,,,,,,,
816,34.0,0.0542,0.0,0.0,0.0,0.0,0.0,0.0,0.0,0.0,,,,,,,,,,,,
817,34.0417,0.0542,0.0,0.0,0.0,0.0,0.0,0.0,0.0,0.0,,,,,,,,,,,,
818,34.0833,0.0542,0.0,0.0,0.0,0.0,0.0,0.0,0.0,0.0,,,,,,,,,,,,
819,34.125,0.0542,0.0,0.0,0.0,0.0,0.0,0.0,0.0,0.0,,,,,,,,,,,,
820,34.1667,0.0542,0.0,0.0,0.0,0.0,0.0,0.0,0.0,0.0,,,,,,,,,,,,
821,34.2083,0.0542,0.0,0.0,0.0,0.0,0.0,0.0,0.0,0.0,,,,,,,,,,,,
822,34.25,0.0542,0.0,0.0,0.0,0.0,0.0,0.0,0.0,0.0,,,,,,,,,,,,
823,34.2917,0.0542,0.0,0.0,0.0,0.0,0.0,0.0,0.0,0.0,,,,,,,,,,,,
824,34.3333,0.0542,0.0,0.0,0.0,0.0,0.0,0.0,0.0,0.0,,,,,,,,,,,,
825,34.375,0.0542,0.0,0.0,0.0,0.0,0.0,0.0,0.0,0.0,,,,,,,,,,,,
826,34.4167,0.0542,0.0,0.0,0.0,0.0,0.0,0.0,0.0,0.0,,,,,,,,,,,,
827,34.4583,0.0542,0.0,0.0,0.0,0.0,0.0,0.0,0.0,0.0,,,,,,,,,,,,
828,34.5,0.0542,0.0,0.0,0.0,0.0,0.0,0.0,0.0,0.0,,,,,,,,,,,,
829,34.5417,0.0542,0.0,0.0,0.0,0.0,0.0,0.0,0.0,0.0,,,,,,,,,,,,
830,34.5833,0.0542,0.0,0.0,0.0,0.0,0.0,0.0,0.0,0.0,,,,,,,,,,,,
831,34.625,0.0542,0.0,0.0,0.0,0.0,0.0,0.0,0.0,0.0,,,,,,,,,,,,
832,34.6667,0.0542,0.0,0.0,0.0,0.0,0.0,0.0,0.0,0.0,,,,,,,,,,,,
833,34.7083,0.0542,0.0,0.0,0.0,0.0,0.0,0.0,0.0,0.0,,,,,,,,,,,,
834,34.75,0.0542,0.0,0.0,0.0,0.0,0.0,0.0,0.0,0.0,,,,,,,,,,,,
835,34.7917,0.0542,0.0,0.0,0.0,0.0,0.0,0.0,0.0,0.0,,,,,,,,,,,,
836,34.8333,0.0542,0.0,0.0,0.0,0.0,0.0,0.0,0.0,0.0,,,,,,,,,,,,
837,34.875,0.0542,0.0,0.0,0.0,0.0,0.0,0.0,0.0,0.0,,,,,,,,,,,,
838,34.9167,0.0542,0.0,0.0,0.0,0.0,0.0,0.0,0.0,0.0,,,,,,,,,,,,
839,34.9583,0.0542,0.0,0.0,0.0,0.0,0.0,0.0,0.0,0.0,,,,,,,,,,,,
