frame,time,luma,center_luma,diff,mask_change,fg_diff,bg_r,bg_g,bg_b,fg_area,x0,x1,y0,y1,cx,cy,fg_r,fg_g,fg_b,fg_sat,sharp,bands
0,0.0,1.5846,4.5666,0.0,1.0,255.0,0.0,0.0,0.0,0.0108,0.2266,0.3141,0.4278,0.5694,0.271,0.5022,214.0,214.0,214.0,0.0,59.7022,1
1,0.0333,1.5844,4.5661,0.0006,0.0,0.0238,0.0,0.0,0.0,0.0108,0.2266,0.3141,0.4278,0.5694,0.271,0.5022,214.0,214.0,214.0,0.0,59.707,1
2,0.0667,1.5844,4.5661,0.0,0.0,0.0,0.0,0.0,0.0,0.0108,0.2266,0.3141,0.4278,0.5694,0.271,0.5022,214.0,214.0,214.0,0.0,59.707,1
3,0.1,1.5844,4.5661,0.0,0.0,0.0,0.0,0.0,0.0,0.0108,0.2266,0.3141,0.4278,0.5694,0.271,0.5022,214.0,214.0,214.0,0.0,59.707,1
4,0.1333,1.5844,4.5662,0.0,0.0,0.0,0.0,0.0,0.0,0.0108,0.2266,0.3141,0.4278,0.5694,0.271,0.5022,214.0,214.0,214.0,0.0,59.707,1
5,0.1667,1.5844,4.5662,0.0,0.0,0.0,0.0,0.0,0.0,0.0108,0.2266,0.3141,0.4278,0.5694,0.271,0.5022,214.0,214.0,214.0,0.0,59.707,1
6,0.2,1.5844,4.5662,0.0,0.0,0.0,0.0,0.0,0.0,0.0108,0.2266,0.3141,0.4278,0.5694,0.271,0.5022,214.0,214.0,214.0,0.0,59.707,1
7,0.2333,1.5844,4.5661,0.0,0.0,0.0016,0.0,0.0,0.0,0.0108,0.2266,0.3141,0.4278,0.5694,0.271,0.5022,214.0,214.0,214.0,0.0,59.7103,1
8,0.2667,1.5844,4.5661,0.0,0.0,0.0,0.0,0.0,0.0,0.0108,0.2266,0.3141,0.4278,0.5694,0.271,0.5022,214.0,214.0,214.0,0.0,59.7103,1
9,0.3,2.2795,6.6496,0.8238,0.0061,4.699,0.0,0.0,0.0,0.0162,0.2266,0.3672,0.4278,0.5694,0.2949,0.5072,173.5,173.5,173.5,0.0,57.8674,1
10,0.3333,2.2795,6.6499,0.0004,0.0,0.0166,0.0,0.0,0.0,0.0162,0.2266,0.3672,0.4278,0.5694,0.2949,0.5072,173.5,173.5,173.5,0.0,57.8931,1
11,0.3667,2.2795,6.6499,0.0,0.0,0.0,0.0,0.0,0.0,0.0162,0.2266,0.3672,0.4278,0.5694,0.2949,0.5072,173.5,173.5,173.5,0.0,57.8931,1
12,0.4,2.2795,6.6499,0.0,0.0,0.0,0.0,0.0,0.0,0.0162,0.2266,0.3672,0.4278,0.5694,0.2949,0.5072,173.5,173.5,173.5,0.0,57.8931,1
13,0.4333,2.2795,6.6499,0.0,0.0,0.0,0.0,0.0,0.0,0.0162,0.2266,0.3672,0.4278,0.5694,0.2949,0.5072,173.5,173.5,173.5,0.0,57.8931,1
14,0.4667,2.2795,6.6499,0.0,0.0,0.0,0.0,0.0,0.0,0.0162,0.2266,0.3672,0.4278,0.5694,0.2949,0.5072,173.5,173.5,173.5,0.0,57.8931,1
15,0.5,2.7697,8.1193,0.6088,0.004,1.4191,0.0,0.0,0.0,0.0197,0.2266,0.3969,0.4278,0.5694,0.3102,0.5067,162.0,162.0,162.0,0.0,55.1393,1
16,0.5333,2.7707,8.1224,0.0011,0.0,0.0148,0.0,0.0,0.0,0.0197,0.2266,0.3969,0.4278,0.5694,0.3102,0.5067,163.0,163.0,163.0,0.0,55.1549,1
17,0.5667,2.771,8.1231,0.0003,0.0,0.0013,0.0,0.0,0.0,0.0197,0.2266,0.3969,0.4278,0.5694,0.3102,0.5067,163.0,163.0,163.0,0.0,55.1547,1
18,0.6,2.771,8.1231,0.0,0.0,0.0,0.0,0.0,0.0,0.0197,0.2266,0.3969,0.4278,0.5694,0.3102,0.5067,163.0,163.0,163.0,0.0,55.1547,1
19,0.6333,2.771,8.1231,0.0,0.0,0.0,0.0,0.0,0.0,0.0197,0.2266,0.3969,0.4278,0.5694,0.3102,0.5067,163.0,163.0,163.0,0.0,55.1547,1
20,0.6667,3.1396,9.2282,0.4823,0.0034,0.9879,0.0,0.0,0.0,0.0224,0.2266,0.4172,0.4306,0.5694,0.3224,0.5056,143.0,143.0,143.0,0.0,55.8836,1
21,0.7,3.1402,9.2298,0.0006,0.0,0.0068,0.0,0.0,0.0,0.0224,0.2266,0.4172,0.4306,0.5694,0.3224,0.5056,143.0,143.0,143.0,0.0,55.8695,1
22,0.7333,3.1402,9.2298,0.0,0.0,0.0002,0.0,0.0,0.0,0.0224,0.2266,0.4172,0.4306,0.5694,0.3224,0.5056,143.0,143.0,143.0,0.0,55.8697,1
23,0.7667,3.1402,9.2298,0.0,0.0,0.0,0.0,0.0,0.0,0.0224,0.2266,0.4172,0.4306,0.5694,0.3224,0.5056,143.0,143.0,143.0,0.0,55.8697,1
24,0.8,3.8412,11.3314,0.8193,0.0062,2.1403,0.0,0.0,0.0,0.028,0.2281,0.4703,0.4306,0.5694,0.3469,0.5078,105.0,105.0,105.0,0.0,55.1864,1
25,0.8333,3.8411,11.3311,0.0003,0.0,0.0076,0.0,0.0,0.0,0.028,0.2281,0.4703,0.4306,0.5694,0.3469,0.5078,105.0,105.0,105.0,0.0,55.1926,1
26,0.8667,3.8411,11.3311,0.0,0.0,0.0,0.0,0.0,0.0,0.028,0.2281,0.4703,0.4306,0.5694,0.3469,0.5078,105.0,105.0,105.0,0.0,55.1926,1
27,0.9,3.8411,11.3311,0.0,0.0,0.0,0.0,0.0,0.0,0.028,0.2281,0.4703,0.4306,0.5694,0.3469,0.5078,105.0,105.0,105.0,0.0,55.1926,1
28,0.9333,4.5233,13.3758,0.8054,0.0062,1.3381,0.0,0.0,0.0,0.0334,0.2281,0.5234,0.4306,0.5694,0.3716,0.5085,93.0,93.0,93.0,0.0,55.697,1
29,0.9667,4.5233,13.3761,0.0003,0.0,0.0086,0.0,0.0,0.0,0.0334,0.2281,0.5234,0.4306,0.5694,0.3717,0.5085,93.0,93.0,93.0,0.0,55.708,1
30,1.0,4.5233,13.376,0.0,0.0,0.0001,0.0,0.0,0.0,0.0334,0.2281,0.5234,0.4306,0.5694,0.3717,0.5085,93.0,93.0,93.0,0.0,55.7077,1
31,1.0333,4.5232,13.3757,0.0001,0.0,0.0023,0.0,0.0,0.0,0.0334,0.2281,0.5234,0.4306,0.5694,0.3716,0.5085,93.0,93.0,93.0,0.0,55.6962,1
32,1.0667,4.5233,13.3758,0.0,0.0,0.0,0.0,0.0,0.0,0.0334,0.2281,0.5234,0.4306,0.5694,0.3717,0.5085,93.0,93.0,93.0,0.0,55.707,1
33,1.1,4.5233,13.3758,0.0,0.0,0.0,0.0,0.0,0.0,0.0334,0.2281,0.5234,0.4306,0.5694,0.3717,0.5085,93.0,93.0,93.0,0.0,55.707,1
34,1.1333,4.5233,13.3758,0.0,0.0,0.0,0.0,0.0,0.0,0.0334,0.2281,0.5234,0.4306,0.5694,0.3717,0.5085,93.0,93.0,93.0,0.0,55.707,1
35,1.1667,4.5233,13.3758,0.0,0.0,0.0001,0.0,0.0,0.0,0.0334,0.2281,0.5234,0.4306,0.5694,0.3717,0.5085,93.0,93.0,93.0,0.0,55.7073,1
36,1.2,5.1557,15.2717,0.7587,0.0059,0.5586,0.0,0.0,0.0,0.0383,0.2281,0.5953,0.4306,0.5694,0.3982,0.505,84.0,84.0,84.0,0.0,55.5242,1
37,1.2333,5.1551,15.27,0.0006,0.0,0.001,0.0,0.0,0.0,0.0383,0.2281,0.5953,0.4306,0.5694,0.3982,0.505,84.0,84.0,84.0,0.0,55.5236,1
38,1.2667,5.1551,15.27,0.0,0.0,0.0,0.0,0.0,0.0,0.0383,0.2281,0.5953,0.4306,0.5694,0.3982,0.505,84.0,84.0,84.0,0.0,55.5236,1
39,1.3,5.8539,17.3645,0.8037,0.007,0.4918,0.0,0.0,0.0,0.0445,0.2281,0.6453,0.4306,0.5694,0.429,0.5065,49.0,49.0,49.0,0.0,54.604,1
40,1.3333,5.854,17.3649,0.0002,0.0,0.0024,0.0,0.0,0.0,0.0445,0.2281,0.6453,0.4306,0.5694,0.429,0.5065,49.0,49.0,49.0,0.0,54.6085,1
41,1.3667,5.854,17.3649,0.0,0.0,0.0002,0.0,0.0,0.0,0.0445,0.2281,0.6453,0.4306,0.5694,0.429,0.5065,49.0,49.0,49.0,0.0,54.6092,1
42,1.4,5.854,17.3649,0.0,0.0,0.0,0.0,0.0,0.0,0.0445,0.2281,0.6453,0.4306,0.5694,0.429,0.5065,49.0,49.0,49.0,0.0,54.6092,1
43,1.4333,5.854,17.365,0.0,0.0,0.0001,0.0,0.0,0.0,0.0445,0.2281,0.6453,0.4306,0.5694,0.429,0.5065,49.0,49.0,49.0,0.0,54.6092,1
44,1.4667,6.5503,19.452,0.8129,0.0062,1.0683,0.0,0.0,0.0,0.05,0.2297,0.6984,0.4306,0.5694,0.4558,0.5075,49.0,49.0,49.0,0.0,54.8773,1
45,1.5,6.5504,19.4524,0.0004,0.0,0.0039,0.0,0.0,0.0,0.05,0.2297,0.6984,0.4306,0.5694,0.4558,0.5075,49.0,49.0,49.0,0.0,54.8796,1
46,1.5333,6.5504,19.4524,0.0,0.0,0.0,0.0,0.0,0.0,0.05,0.2297,0.6984,0.4306,0.5694,0.4559,0.5075,49.0,49.0,49.0,0.0,54.8767,1
47,1.5667,6.5504,19.4524,0.0,0.0,0.0002,0.0,0.0,0.0,0.05,0.2297,0.6984,0.4306,0.5694,0.4559,0.5075,49.0,49.0,49.0,0.0,54.8767,1
48,1.6,6.5504,19.4524,0.0,0.0,0.0,0.0,0.0,0.0,0.05,0.2297,0.6984,0.4306,0.5694,0.4559,0.5075,49.0,49.0,49.0,0.0,54.8767,1
49,1.6333,6.9516,20.6552,0.5282,0.0035,0.6207,0.0,0.0,0.0,0.0527,0.2297,0.7188,0.4306,0.5694,0.4694,0.507,51.0,51.0,51.0,0.0,54.5935,1
50,1.6667,6.9516,20.6553,0.0003,0.0,0.0027,0.0,0.0,0.0,0.0527,0.2297,0.7188,0.4306,0.5694,0.4694,0.507,51.0,51.0,51.0,0.0,54.6008,1
51,1.7,6.9516,20.6553,0.0,0.0,0.0,0.0,0.0,0.0,0.0527,0.2297,0.7188,0.4306,0.5694,0.4694,0.507,51.0,51.0,51.0,0.0,54.6008,1
52,1.7333,6.9516,20.6553,0.0,0.0,0.0,0.0,0.0,0.0,0.0527,0.2297,0.7188,0.4306,0.5694,0.4694,0.507,51.0,51.0,51.0,0.0,54.6008,1
53,1.7667,6.9516,20.6553,0.0,0.0,0.0,0.0,0.0,0.0,0.0527,0.2297,0.7188,0.4306,0.5694,0.4694,0.507,51.0,51.0,51.0,0.0,54.6008,1
54,1.8,6.9516,20.6553,0.0,0.0,0.0,0.0,0.0,0.0,0.0527,0.2297,0.7188,0.4306,0.5694,0.4694,0.507,51.0,51.0,51.0,0.0,54.6008,1
55,1.8333,7.5944,22.582,0.7729,0.0057,0.6752,0.0,0.0,0.0,0.0577,0.2297,0.7625,0.4306,0.5694,0.4929,0.508,53.5,53.5,53.5,0.0,55.3784,1
56,1.8667,7.5944,22.5819,0.0005,0.0,0.0045,0.0,0.0,0.0,0.0578,0.2297,0.7625,0.4306,0.5694,0.4929,0.508,54.0,54.0,54.0,0.0,55.3821,1
57,1.9,7.5943,22.5819,0.0001,0.0,0.0007,0.0,0.0,0.0,0.0578,0.2297,0.7625,0.4306,0.5694,0.4929,0.508,54.0,54.0,54.0,0.0,55.382,1
58,1.9333,7.5943,22.5819,0.0,0.0,0.0,0.0,0.0,0.0,0.0578,0.2297,0.7625,0.4306,0.5694,0.4929,0.508,54.0,54.0,54.0,0.0,55.382,1
59,1.9667,7.5943,22.5819,0.0,0.0,0.0,0.0,0.0,0.0,0.0578,0.2297,0.7625,0.4306,0.5694,0.4929,0.508,54.0,54.0,54.0,0.0,55.382,1
60,2.0,7.5935,22.5794,0.0203,0.0001,0.1777,0.0,0.0,0.0,0.0577,0.2297,0.7625,0.4306,0.5694,0.493,0.508,54.0,54.0,54.0,0.0,55.3724,1
61,2.0333,7.5941,22.5814,0.0038,0.0,0.0274,0.0,0.0,0.0,0.0577,0.2297,0.7625,0.4306,0.5694,0.4929,0.508,54.0,54.0,54.0,0.0,55.4232,1
62,2.0667,7.5943,22.5819,0.0002,0.0,0.0002,0.0,0.0,0.0,0.0577,0.2297,0.7625,0.4306,0.5694,0.4929,0.508,54.0,54.0,54.0,0.0,55.4196,1
63,2.1,7.5944,22.5822,0.0001,0.0,0.0002,0.0,0.0,0.0,0.0577,0.2297,0.7625,0.4306,0.5694,0.4929,0.508,54.0,54.0,54.0,0.0,55.4196,1
64,2.1333,7.5944,22.5822,0.0,0.0,0.0,0.0,0.0,0.0,0.0577,0.2297,0.7625,0.4306,0.5694,0.4929,0.508,54.0,54.0,54.0,0.0,55.4196,1
65,2.1667,7.5944,22.5822,0.0,0.0,0.0,0.0,0.0,0.0,0.0577,0.2297,0.7625,0.4306,0.5694,0.4929,0.508,54.0,54.0,54.0,0.0,55.4196,1
66,2.2,7.5944,22.5822,0.0,0.0,0.0,0.0,0.0,0.0,0.0577,0.2297,0.7625,0.4306,0.5694,0.4929,0.508,54.0,54.0,54.0,0.0,55.4196,1
67,2.2333,7.5944,22.5822,0.0,0.0,0.0,0.0,0.0,0.0,0.0577,0.2297,0.7625,0.4306,0.5694,0.4929,0.508,54.0,54.0,54.0,0.0,55.4196,1
68,2.2667,7.5944,22.5822,0.0,0.0,0.0,0.0,0.0,0.0,0.0577,0.2297,0.7625,0.4306,0.5694,0.4929,0.508,54.0,54.0,54.0,0.0,55.4196,1
69,2.3,7.5944,22.5822,0.0,0.0,0.0,0.0,0.0,0.0,0.0577,0.2297,0.7625,0.4306,0.5694,0.4929,0.508,54.0,54.0,54.0,0.0,55.4196,1
70,2.3333,7.5944,22.5822,0.0,0.0,0.0,0.0,0.0,0.0,0.0577,0.2297,0.7625,0.4306,0.5694,0.4929,0.508,54.0,54.0,54.0,0.0,55.4196,1
71,2.3667,7.5944,22.5822,0.0,0.0,0.0,0.0,0.0,0.0,0.0577,0.2297,0.7625,0.4306,0.5694,0.4929,0.508,54.0,54.0,54.0,0.0,55.4196,1
72,2.4,7.5944,22.5822,0.0,0.0,0.0,0.0,0.0,0.0,0.0577,0.2297,0.7625,0.4306,0.5694,0.4929,0.508,54.0,54.0,54.0,0.0,55.4196,1
73,2.4333,7.5944,22.5822,0.0,0.0,0.0,0.0,0.0,0.0,0.0577,0.2297,0.7625,0.4306,0.5694,0.4929,0.508,54.0,54.0,54.0,0.0,55.4196,1
74,2.4667,7.5944,22.5822,0.0,0.0,0.0,0.0,0.0,0.0,0.0577,0.2297,0.7625,0.4306,0.5694,0.4929,0.508,54.0,54.0,54.0,0.0,55.4196,1
75,2.5,7.5944,22.5822,0.0,0.0,0.0,0.0,0.0,0.0,0.0577,0.2297,0.7625,0.4306,0.5694,0.4929,0.508,54.0,54.0,54.0,0.0,55.4196,1
76,2.5333,7.5944,22.5822,0.0,0.0,0.0,0.0,0.0,0.0,0.0577,0.2297,0.7625,0.4306,0.5694,0.4929,0.508,54.0,54.0,54.0,0.0,55.4196,1
77,2.5667,7.5944,22.5822,0.0,0.0,0.0,0.0,0.0,0.0,0.0577,0.2297,0.7625,0.4306,0.5694,0.4929,0.508,54.0,54.0,54.0,0.0,55.4196,1
78,2.6,7.5944,22.5822,0.0,0.0,0.0,0.0,0.0,0.0,0.0577,0.2297,0.7625,0.4306,0.5694,0.4929,0.508,54.0,54.0,54.0,0.0,55.4196,1
79,2.6333,7.5944,22.5822,0.0,0.0,0.0,0.0,0.0,0.0,0.0577,0.2297,0.7625,0.4306,0.5694,0.4929,0.508,54.0,54.0,54.0,0.0,55.4196,1
80,2.6667,7.5944,22.5822,0.0,0.0,0.0,0.0,0.0,0.0,0.0577,0.2297,0.7625,0.4306,0.5694,0.4929,0.508,54.0,54.0,54.0,0.0,55.4196,1
81,2.7,7.5944,22.5822,0.0,0.0,0.0,0.0,0.0,0.0,0.0577,0.2297,0.7625,0.4306,0.5694,0.4929,0.508,54.0,54.0,54.0,0.0,55.4196,1
82,2.7333,7.5944,22.5822,0.0,0.0,0.0,0.0,0.0,0.0,0.0577,0.2297,0.7625,0.4306,0.5694,0.4929,0.508,54.0,54.0,54.0,0.0,55.4196,1
83,2.7667,7.5944,22.5822,0.0,0.0,0.0,0.0,0.0,0.0,0.0577,0.2297,0.7625,0.4306,0.5694,0.4929,0.508,54.0,54.0,54.0,0.0,55.4196,1
84,2.8,7.5942,22.5818,0.0001,0.0,0.0026,0.0,0.0,0.0,0.0577,0.2297,0.7625,0.4306,0.5694,0.4929,0.508,54.0,54.0,54.0,0.0,55.4104,1
85,2.8333,7.5942,22.5818,0.0,0.0,0.0,0.0,0.0,0.0,0.0577,0.2297,0.7625,0.4306,0.5694,0.4929,0.508,54.0,54.0,54.0,0.0,55.4104,1
86,2.8667,7.5942,22.5817,0.0,0.0,0.0007,0.0,0.0,0.0,0.0577,0.2297,0.7625,0.4306,0.5694,0.4929,0.508,54.0,54.0,54.0,0.0,55.4089,1
87,2.9,7.5943,22.5818,0.0,0.0,0.0006,0.0,0.0,0.0,0.0577,0.2297,0.7625,0.4306,0.5694,0.4929,0.508,54.0,54.0,54.0,0.0,55.4105,1
88,2.9333,7.5942,22.5818,0.0,0.0,0.0001,0.0,0.0,0.0,0.0577,0.2297,0.7625,0.4306,0.5694,0.4929,0.508,54.0,54.0,54.0,0.0,55.4102,1
89,2.9667,7.5942,22.5818,0.0,0.0,0.0,0.0,0.0,0.0,0.0577,0.2297,0.7625,0.4306,0.5694,0.4929,0.508,54.0,54.0,54.0,0.0,55.4102,1
90,3.0,250.9974,247.1648,245.3721,0.0471,132.8387,253.0,253.0,253.0,0.0157,0.2188,0.4016,0.4389,0.5583,0.3096,0.4946,197.0,197.0,197.0,0.0,83.2669,1
91,3.0333,250.9989,247.1692,0.0021,0.0,0.0928,253.0,253.0,253.0,0.0157,0.2188,0.4016,0.4389,0.5583,0.3097,0.4946,197.0,197.0,197.0,0.0,83.5451,1
92,3.0667,250.9992,247.1701,0.0003,0.0,0.0,253.0,253.0,253.0,0.0157,0.2188,0.4016,0.4389,0.5583,0.3096,0.4946,197.0,197.0,197.0,0.0,83.7325,1
93,3.1,250.9992,247.1701,0.0,0.0,0.0,253.0,253.0,253.0,0.0157,0.2188,0.4016,0.4389,0.5583,0.3096,0.4946,197.0,197.0,197.0,0.0,83.7325,1
94,3.1333,250.9992,247.1701,0.0,0.0,0.0,253.0,253.0,253.0,0.0157,0.2188,0.4016,0.4389,0.5583,0.3096,0.4946,197.0,197.0,197.0,0.0,83.7325,1
95,3.1667,250.5319,245.7693,0.7736,0.007,0.7967,253.0,253.0,253.0,0.0195,0.2203,0.4688,0.4417,0.5444,0.3425,0.4936,231.0,231.0,231.0,0.0,80.7472,1
96,3.2,250.5323,245.7704,0.0005,0.0,0.0084,253.0,253.0,253.0,0.0195,0.2203,0.4688,0.4417,0.5444,0.3425,0.4936,231.0,231.0,231.0,0.0,80.7514,1
97,3.2333,250.5323,245.7704,0.0,0.0,0.0,253.0,253.0,253.0,0.0195,0.2203,0.4688,0.4417,0.5444,0.3425,0.4936,231.0,231.0,231.0,0.0,80.7514,1
98,3.2667,250.5323,245.7704,0.0,0.0,0.0,253.0,253.0,253.0,0.0195,0.2203,0.4688,0.4417,0.5444,0.3425,0.4936,231.0,231.0,231.0,0.0,80.7514,1
99,3.3,250.5323,245.7704,0.0,0.0,0.0,253.0,253.0,253.0,0.0195,0.2203,0.4688,0.4417,0.5444,0.3425,0.4936,231.0,231.0,231.0,0.0,80.7514,1
100,3.3333,250.5323,245.7704,0.0,0.0,0.0,253.0,253.0,253.0,0.0195,0.2203,0.4688,0.4417,0.5444,0.3425,0.4936,231.0,231.0,231.0,0.0,80.7514,1
101,3.3667,250.5323,245.7704,0.0,0.0,0.0,253.0,253.0,253.0,0.0195,0.2203,0.4688,0.4417,0.5444,0.3425,0.4936,231.0,231.0,231.0,0.0,80.7514,1
102,3.4,250.5323,245.7704,0.0,0.0,0.0,253.0,253.0,253.0,0.0195,0.2203,0.4688,0.4417,0.5444,0.3425,0.4936,231.0,231.0,231.0,0.0,80.7514,1
103,3.4333,248.9654,241.0734,1.7565,0.0151,0.7606,253.0,253.0,253.0,0.033,0.2219,0.6406,0.4444,0.5528,0.4332,0.4955,237.0,237.0,237.0,0.0,79.2472,1
104,3.4667,248.9661,241.0755,0.0023,0.0,0.0557,253.0,253.0,253.0,0.033,0.2219,0.6406,0.4444,0.5528,0.4332,0.4955,237.0,237.0,237.0,0.0,79.3192,1
105,3.5,248.967,241.0784,0.0011,0.0,0.0328,253.0,253.0,253.0,0.033,0.2219,0.6406,0.4444,0.5528,0.4332,0.4955,237.0,237.0,237.0,0.0,79.2563,1
106,3.5333,248.967,241.0784,0.0,0.0,0.0003,253.0,253.0,253.0,0.033,0.2219,0.6406,0.4444,0.5528,0.4332,0.4955,237.0,237.0,237.0,0.0,79.2568,1
107,3.5667,248.967,241.0784,0.0,0.0,0.0003,253.0,253.0,253.0,0.033,0.2219,0.6406,0.4444,0.5528,0.4332,0.4955,237.0,237.0,237.0,0.0,79.2566,1
108,3.6,248.967,241.0784,0.0,0.0,0.0007,253.0,253.0,253.0,0.033,0.2219,0.6406,0.4444,0.5528,0.4332,0.4955,237.0,237.0,237.0,0.0,79.2567,1
109,3.6333,248.967,241.0784,0.0,0.0,0.0005,253.0,253.0,253.0,0.033,0.2219,0.6406,0.4444,0.5528,0.4332,0.4955,237.0,237.0,237.0,0.0,79.2567,1
110,3.6667,248.967,241.0784,0.0,0.0,0.0003,253.0,253.0,253.0,0.033,0.2219,0.6406,0.4444,0.5528,0.4332,0.4955,237.0,237.0,237.0,0.0,79.257,1
111,3.7,248.967,241.0784,0.0,0.0,0.0003,253.0,253.0,253.0,0.033,0.2219,0.6406,0.4444,0.5528,0.4332,0.4955,237.0,237.0,237.0,0.0,79.2567,1
112,3.7333,248.9671,241.0785,0.0,0.0,0.0014,253.0,253.0,253.0,0.033,0.2219,0.6406,0.4444,0.5528,0.4332,0.4955,237.0,237.0,237.0,0.0,79.2545,1
113,3.7667,247.948,238.0237,1.3134,0.0104,0.38,253.0,253.0,253.0,0.0403,0.2232,0.7703,0.4472,0.5417,0.4891,0.4961,236.0,236.0,236.0,0.0,78.6281,1
114,3.8,247.9491,238.027,0.0015,0.0,0.0301,253.0,253.0,253.0,0.0403,0.2232,0.7703,0.4472,0.5417,0.4892,0.4961,236.0,236.0,236.0,0.0,78.7112,1
115,3.8333,247.9492,238.0273,0.0001,0.0,0.0019,253.0,253.0,253.0,0.0403,0.2232,0.7703,0.4472,0.5417,0.4892,0.4961,236.0,236.0,236.0,0.0,78.7229,1
116,3.8667,247.9491,238.027,0.0001,0.0,0.0011,253.0,253.0,253.0,0.0403,0.2232,0.7703,0.4472,0.5417,0.4892,0.4961,236.0,236.0,236.0,0.0,78.7134,1
117,3.9,247.9491,238.027,0.0,0.0,0.0002,253.0,253.0,253.0,0.0403,0.2232,0.7703,0.4472,0.5417,0.4892,0.4961,236.0,236.0,236.0,0.0,78.7132,1
118,3.9333,247.9491,238.027,0.0,0.0,0.0002,253.0,253.0,253.0,0.0403,0.2232,0.7703,0.4472,0.5417,0.4892,0.4961,236.0,236.0,236.0,0.0,78.7134,1
119,3.9667,247.9491,238.027,0.0,0.0,0.0002,253.0,253.0,253.0,0.0403,0.2232,0.7703,0.4472,0.5417,0.4892,0.4961,236.0,236.0,236.0,0.0,78.7132,1
120,4.0,247.9442,238.0124,0.0175,0.0001,0.2893,253.0,253.0,253.0,0.0403,0.2231,0.7703,0.4472,0.5417,0.4892,0.4961,236.0,236.0,236.0,0.0,78.3993,1
121,4.0333,247.9469,238.0204,0.007,0.0001,0.1325,253.0,253.0,253.0,0.0403,0.2232,0.7703,0.4472,0.5417,0.4893,0.4961,235.0,235.0,235.0,0.0,78.6693,1
122,4.0667,247.9477,238.0229,0.0016,0.0,0.0311,253.0,253.0,253.0,0.0403,0.2231,0.7703,0.4472,0.5417,0.4892,0.4961,236.0,236.0,236.0,0.0,78.6103,1
123,4.1,247.9477,238.023,0.0002,0.0,0.0023,253.0,253.0,253.0,0.0403,0.2231,0.7703,0.4472,0.5417,0.4892,0.4961,236.0,236.0,236.0,0.0,78.6112,1
124,4.1333,247.9474,238.0221,0.0003,0.0,0.0077,253.0,253.0,253.0,0.0403,0.2231,0.7703,0.4472,0.5417,0.4892,0.4961,236.0,236.0,236.0,0.0,78.5958,1
125,4.1667,247.9476,238.0225,0.0004,0.0,0.0087,253.0,253.0,253.0,0.0403,0.2231,0.7703,0.4472,0.5417,0.4892,0.4961,236.0,236.0,236.0,0.0,78.6099,1
126,4.2,247.9476,238.0225,0.0,0.0,0.0,253.0,253.0,253.0,0.0403,0.2231,0.7703,0.4472,0.5417,0.4892,0.4961,236.0,236.0,236.0,0.0,78.6099,1
127,4.2333,247.9476,238.0226,0.0,0.0,0.001,253.0,253.0,253.0,0.0403,0.2231,0.7703,0.4472,0.5417,0.4892,0.4961,236.0,236.0,236.0,0.0,78.6118,1
128,4.2667,247.9476,238.0226,0.0,0.0,0.0,253.0,253.0,253.0,0.0403,0.2231,0.7703,0.4472,0.5417,0.4892,0.4961,236.0,236.0,236.0,0.0,78.6118,1
129,4.3,247.9476,238.0226,0.0,0.0,0.0,253.0,253.0,253.0,0.0403,0.2231,0.7703,0.4472,0.5417,0.4892,0.4961,236.0,236.0,236.0,0.0,78.6118,1
130,4.3333,247.9476,238.0226,0.0,0.0,0.0,253.0,253.0,253.0,0.0403,0.2231,0.7703,0.4472,0.5417,0.4892,0.4961,236.0,236.0,236.0,0.0,78.6118,1
131,4.3667,247.9476,238.0226,0.0,0.0,0.0,253.0,253.0,253.0,0.0403,0.2231,0.7703,0.4472,0.5417,0.4892,0.4961,236.0,236.0,236.0,0.0,78.6118,1
132,4.4,247.9476,238.0226,0.0,0.0,0.0,253.0,253.0,253.0,0.0403,0.2231,0.7703,0.4472,0.5417,0.4892,0.4961,236.0,236.0,236.0,0.0,78.6118,1
133,4.4333,247.9476,238.0226,0.0,0.0,0.0,253.0,253.0,253.0,0.0403,0.2231,0.7703,0.4472,0.5417,0.4892,0.4961,236.0,236.0,236.0,0.0,78.6118,1
134,4.4667,247.9476,238.0226,0.0,0.0,0.0,253.0,253.0,253.0,0.0403,0.2231,0.7703,0.4472,0.5417,0.4892,0.4961,236.0,236.0,236.0,0.0,78.6118,1
135,4.5,247.9476,238.0226,0.0,0.0,0.0,253.0,253.0,253.0,0.0403,0.2231,0.7703,0.4472,0.5417,0.4892,0.4961,236.0,236.0,236.0,0.0,78.6118,1
136,4.5333,247.9476,238.0226,0.0,0.0,0.0,253.0,253.0,253.0,0.0403,0.2231,0.7703,0.4472,0.5417,0.4892,0.4961,236.0,236.0,236.0,0.0,78.6118,1
137,4.5667,247.9476,238.0226,0.0,0.0,0.0,253.0,253.0,253.0,0.0403,0.2231,0.7703,0.4472,0.5417,0.4892,0.4961,236.0,236.0,236.0,0.0,78.6118,1
138,4.6,247.9476,238.0226,0.0,0.0,0.0,253.0,253.0,253.0,0.0403,0.2231,0.7703,0.4472,0.5417,0.4892,0.4961,236.0,236.0,236.0,0.0,78.6118,1
139,4.6333,247.9476,238.0226,0.0,0.0,0.0,253.0,253.0,253.0,0.0403,0.2231,0.7703,0.4472,0.5417,0.4892,0.4961,236.0,236.0,236.0,0.0,78.6118,1
140,4.6667,247.9476,238.0226,0.0,0.0,0.0,253.0,253.0,253.0,0.0403,0.2231,0.7703,0.4472,0.5417,0.4892,0.4961,236.0,236.0,236.0,0.0,78.6118,1
141,4.7,247.9476,238.0226,0.0,0.0,0.0,253.0,253.0,253.0,0.0403,0.2231,0.7703,0.4472,0.5417,0.4892,0.4961,236.0,236.0,236.0,0.0,78.6118,1
142,4.7333,247.9476,238.0226,0.0,0.0,0.0,253.0,253.0,253.0,0.0403,0.2231,0.7703,0.4472,0.5417,0.4892,0.4961,236.0,236.0,236.0,0.0,78.6118,1
143,4.7667,247.9476,238.0226,0.0,0.0,0.0,253.0,253.0,253.0,0.0403,0.2231,0.7703,0.4472,0.5417,0.4892,0.4961,236.0,236.0,236.0,0.0,78.6118,1
144,4.8,247.9476,238.0226,0.0,0.0,0.0,253.0,253.0,253.0,0.0403,0.2231,0.7703,0.4472,0.5417,0.4892,0.4961,236.0,236.0,236.0,0.0,78.6118,1
145,4.8333,247.9476,238.0226,0.0,0.0,0.0,253.0,253.0,253.0,0.0403,0.2231,0.7703,0.4472,0.5417,0.4892,0.4961,236.0,236.0,236.0,0.0,78.6118,1
146,4.8667,247.9476,238.0226,0.0,0.0,0.0,253.0,253.0,253.0,0.0403,0.2231,0.7703,0.4472,0.5417,0.4892,0.4961,236.0,236.0,236.0,0.0,78.6118,1
147,4.9,247.9475,238.0223,0.0001,0.0,0.0,253.0,253.0,253.0,0.0403,0.2231,0.7703,0.4472,0.5417,0.4892,0.4961,236.0,236.0,236.0,0.0,78.5911,1
148,4.9333,247.9475,238.0223,0.0,0.0,0.0,253.0,253.0,253.0,0.0403,0.2231,0.7703,0.4472,0.5417,0.4892,0.4961,236.0,236.0,236.0,0.0,78.5911,1
149,4.9667,247.9475,238.0223,0.0,0.0,0.0,253.0,253.0,253.0,0.0403,0.2231,0.7703,0.4472,0.5417,0.4892,0.4961,236.0,236.0,236.0,0.0,78.5911,1
150,5.0,247.9475,238.0222,0.0,0.0,0.0008,253.0,253.0,253.0,0.0403,0.2231,0.7703,0.4472,0.5417,0.4892,0.4961,236.0,236.0,236.0,0.0,78.5921,1
151,5.0333,247.9475,238.0222,0.0,0.0,0.0,253.0,253.0,253.0,0.0403,0.2231,0.7703,0.4472,0.5417,0.4892,0.4961,236.0,236.0,236.0,0.0,78.5921,1
152,5.0667,247.9476,238.0225,0.0001,0.0,0.0009,253.0,253.0,253.0,0.0403,0.2231,0.7703,0.4472,0.5417,0.4892,0.4961,236.0,236.0,236.0,0.0,78.6112,1
153,5.1,247.9476,238.0225,0.0,0.0,0.0005,253.0,253.0,253.0,0.0403,0.2231,0.7703,0.4472,0.5417,0.4892,0.4961,236.0,236.0,236.0,0.0,78.6098,1
154,5.1333,247.9478,238.0232,0.0003,0.0,0.0005,253.0,253.0,253.0,0.0403,0.2232,0.7703,0.4472,0.5417,0.4891,0.4961,236.0,236.0,236.0,0.0,78.6633,1
155,5.1667,247.9478,238.0232,0.0,0.0,0.0,253.0,253.0,253.0,0.0403,0.2232,0.7703,0.4472,0.5417,0.4891,0.4961,236.0,236.0,236.0,0.0,78.6633,1
156,5.2,247.9478,238.0231,0.0001,0.0,0.0,253.0,253.0,253.0,0.0403,0.2231,0.7703,0.4472,0.5417,0.4891,0.4961,236.0,236.0,236.0,0.0,78.6593,1
157,5.2333,0.5103,1.3469,247.8603,0.0379,147.1846,0.0,0.0,0.0,0.004,0.475,0.5266,0.4583,0.5444,0.501,0.5007,0.0,0.0,0.0,0.0,61.4767,1
158,5.2667,0.8429,2.3437,0.9096,0.0037,128.8956,0.0,0.0,0.0,0.0064,0.4562,0.5406,0.4583,0.5528,0.4989,0.5051,26.0,23.0,23.0,0.0,73.9052,1
159,5.3,0.8429,2.3439,0.0002,0.0,0.0236,0.0,0.0,0.0,0.0064,0.4562,0.5406,0.4583,0.5528,0.4989,0.5051,26.0,23.0,23.0,0.0,73.9453,1
160,5.3333,1.1396,3.2334,1.123,0.0044,104.2653,0.0,0.0,0.0,0.0089,0.4398,0.5578,0.4611,0.55,0.4978,0.5058,16.0,16.0,16.0,0.0,73.8309,1
161,5.3667,1.1399,3.2341,0.0003,0.0,0.0327,0.0,0.0,0.0,0.0089,0.4398,0.5578,0.4611,0.55,0.4978,0.5058,16.0,16.0,16.0,0.0,73.8842,1
162,5.4,1.5392,4.4312,1.4967,0.0057,108.0766,0.0,0.0,0.0,0.0123,0.4219,0.5766,0.4583,0.55,0.5006,0.5058,45.0,39.0,39.0,0.0,71.7085,1
163,5.4333,1.8101,5.2433,1.8726,0.0063,118.2442,0.0,0.0,0.0,0.0148,0.3984,0.5938,0.4611,0.55,0.4956,0.5069,10.5,8.0,8.0,0.0,71.5755,1
164,5.4667,1.8101,5.2433,0.0004,0.0,0.0149,0.0,0.0,0.0,0.0148,0.3984,0.5938,0.4611,0.55,0.4956,0.5069,10.0,8.0,8.0,0.0,71.5922,1
165,5.5,1.9752,5.7381,2.1922,0.0054,127.0707,0.0,0.0,0.0,0.0165,0.3859,0.6047,0.4611,0.55,0.4944,0.5069,9.0,6.0,6.0,0.0,72.0994,1
166,5.5333,1.9751,5.7379,0.0002,0.0,0.0069,0.0,0.0,0.0,0.0165,0.3859,0.6047,0.4611,0.55,0.4944,0.5069,9.0,7.0,7.0,0.0,72.1604,1
167,5.5667,2.2948,6.6963,2.4457,0.0071,113.6251,0.0,0.0,0.0,0.019,0.3719,0.625,0.4634,0.55,0.4981,0.5076,11.0,9.0,9.0,0.0,72.6554,1
168,5.6,2.5469,7.4518,2.7347,0.0066,122.6185,0.0,0.0,0.0,0.0208,0.3594,0.6328,0.4583,0.55,0.498,0.5063,12.0,11.0,11.0,0.0,73.9466,1
169,5.6333,2.5469,7.4518,0.0013,0.0,0.0525,0.0,0.0,0.0,0.0208,0.3594,0.6328,0.4583,0.55,0.498,0.5063,11.0,11.0,10.0,0.0,74.0251,1
170,5.6667,2.7618,8.0961,3.2368,0.0065,141.668,0.0,0.0,0.0,0.0227,0.35,0.6438,0.4583,0.55,0.5001,0.5061,17.5,17.0,17.0,0.0,74.4124,1
171,5.7,2.7618,8.0962,0.0,0.0,0.0015,0.0,0.0,0.0,0.0227,0.35,0.6438,0.4583,0.55,0.5001,0.5061,17.5,17.0,17.0,0.0,74.4174,1
172,5.7333,3.0848,9.0643,2.993,0.0088,104.3465,0.0,0.0,0.0,0.0253,0.3328,0.6609,0.4583,0.55,0.4999,0.5066,17.5,16.0,15.5,0.0,74.9134,1
173,5.7667,3.4743,10.2318,3.2992,0.0101,101.8579,0.0,0.0,0.0,0.0286,0.3156,0.6828,0.4583,0.55,0.5031,0.5064,17.0,16.0,16.0,0.0,75.6763,1
174,5.8,3.4739,10.2308,0.0006,0.0,0.0198,0.0,0.0,0.0,0.0286,0.3156,0.6828,0.4583,0.55,0.5031,0.5064,16.5,16.0,15.0,0.0,75.6971,1
175,5.8333,3.9172,11.5596,3.7499,0.0129,104.7463,0.0,0.0,0.0,0.0322,0.2844,0.7078,0.4583,0.55,0.494,0.5069,12.0,11.0,11.0,0.0,75.6991,1
176,5.8667,3.9173,11.5598,0.001,0.0,0.0195,0.0,0.0,0.0,0.0322,0.2844,0.7078,0.4583,0.55,0.494,0.5069,12.0,11.0,11.0,0.0,75.7319,1
177,5.9,3.9172,11.5597,0.0,0.0,0.0,0.0,0.0,0.0,0.0322,0.2844,0.7078,0.4583,0.55,0.494,0.5069,12.0,11.0,11.0,0.0,75.7333,1
178,5.9333,4.2292,12.4949,4.2362,0.0114,108.4938,0.0,0.0,0.0,0.035,0.2672,0.7281,0.4583,0.55,0.4971,0.5071,18.5,18.0,18.0,0.0,74.4429,1
179,5.9667,4.2293,12.4951,0.0001,0.0,0.0028,0.0,0.0,0.0,0.035,0.2672,0.7281,0.4583,0.55,0.4971,0.5071,18.5,18.0,18.0,0.0,74.443,1
180,6.0,4.3935,12.987,4.9592,0.0097,131.5317,0.0,0.0,0.0,0.0363,0.2562,0.7344,0.4583,0.55,0.4934,0.5072,18.0,18.0,18.0,0.0,74.4435,1
181,6.0333,4.3945,12.99,0.0023,0.0,0.051,0.0,0.0,0.0,0.0363,0.2562,0.7344,0.4583,0.55,0.4934,0.5072,18.0,18.0,18.0,0.0,74.5509,1
182,6.0667,4.3945,12.99,0.0,0.0,0.0,0.0,0.0,0.0,0.0362,0.2562,0.7344,0.4583,0.55,0.4934,0.5072,18.0,18.0,18.0,0.0,74.5424,1
183,6.1,4.7418,14.0313,4.7442,0.0127,109.4473,0.0,0.0,0.0,0.0389,0.2391,0.7516,0.4583,0.55,0.4945,0.507,15.0,15.0,15.0,0.0,74.2249,1
184,6.1333,4.742,14.0318,0.0007,0.0,0.0081,0.0,0.0,0.0,0.0389,0.2391,0.7516,0.4583,0.55,0.4946,0.507,15.0,15.0,15.0,0.0,74.217,1
185,6.1667,4.742,14.0318,0.0,0.0,0.0003,0.0,0.0,0.0,0.0389,0.2391,0.7516,0.4583,0.55,0.4946,0.507,15.0,15.0,15.0,0.0,74.2183,1
186,6.2,4.9905,14.7768,5.2034,0.0142,110.6502,0.0,0.0,0.0,0.0412,0.2219,0.7703,0.4583,0.55,0.4937,0.5063,15.0,15.0,15.0,0.0,74.6862,1
187,6.2333,4.9907,14.7774,0.0012,0.0,0.0188,0.0,0.0,0.0,0.0412,0.2219,0.7703,0.4583,0.55,0.4937,0.5063,15.0,15.0,15.0,0.0,74.7149,1
188,6.2667,4.9907,14.7773,0.0004,0.0,0.0001,0.0,0.0,0.0,0.0412,0.2219,0.7703,0.4583,0.55,0.4937,0.5063,15.0,15.0,15.0,0.0,74.7144,1
189,6.3,4.9907,14.7773,0.0,0.0,0.0001,0.0,0.0,0.0,0.0412,0.2219,0.7703,0.4583,0.55,0.4937,0.5063,15.0,15.0,15.0,0.0,74.7142,1
190,6.3333,5.1471,15.2462,4.0893,0.0092,89.8179,0.0,0.0,0.0,0.0425,0.2188,0.7812,0.4556,0.55,0.4975,0.5062,13.0,13.0,13.0,0.0,74.2001,1
191,6.3667,5.1471,15.2461,0.0002,0.0,0.0043,0.0,0.0,0.0,0.0425,0.2188,0.7812,0.4556,0.55,0.4975,0.5062,13.0,13.0,13.0,0.0,74.2095,1
192,6.4,5.1471,15.246,0.0001,0.0,0.0031,0.0,0.0,0.0,0.0425,0.2188,0.7812,0.4556,0.55,0.4975,0.5062,13.0,13.0,13.0,0.0,74.2127,1
193,6.4333,5.1471,15.2461,0.0,0.0,0.0006,0.0,0.0,0.0,0.0425,0.2188,0.7812,0.4556,0.55,0.4975,0.5062,13.0,13.0,13.0,0.0,74.2139,1
194,6.4667,5.1471,15.246,0.0,0.0,0.0006,0.0,0.0,0.0,0.0425,0.2188,0.7812,0.4556,0.55,0.4975,0.5062,13.0,13.0,13.0,0.0,74.2138,1
195,6.5,5.147,15.246,0.0,0.0,0.0,0.0,0.0,0.0,0.0425,0.2188,0.7812,0.4556,0.55,0.4975,0.5062,13.0,13.0,13.0,0.0,74.2138,1
196,6.5333,5.4853,16.2599,5.3701,0.0159,102.2116,0.0,0.0,0.0,0.0451,0.2,0.7938,0.4583,0.55,0.4969,0.5064,17.0,16.0,17.0,0.0,74.8063,1
197,6.5667,5.4841,16.2563,0.0021,0.0,0.0311,0.0,0.0,0.0,0.0451,0.2,0.7938,0.4583,0.55,0.4968,0.5064,17.0,16.5,17.0,0.0,74.8855,1
198,6.6,5.4847,16.2581,0.0011,0.0,0.0105,0.0,0.0,0.0,0.0451,0.2,0.7938,0.4583,0.55,0.4968,0.5064,17.0,16.5,17.0,0.0,74.8978,1
199,6.6333,5.4846,16.2578,0.0005,0.0,0.0054,0.0,0.0,0.0,0.0451,0.2,0.7938,0.4583,0.55,0.4968,0.5064,17.0,16.5,17.0,0.0,74.8958,1
200,6.6667,5.4842,16.2565,0.0005,0.0,0.0029,0.0,0.0,0.0,0.0451,0.2,0.7938,0.4583,0.55,0.4969,0.5064,17.0,17.0,17.0,0.0,74.9073,1
201,6.7,5.4838,16.2555,0.001,0.0,0.0085,0.0,0.0,0.0,0.0451,0.2,0.7938,0.4583,0.55,0.4969,0.5064,17.0,17.0,17.0,0.0,74.9213,1
202,6.7333,5.4835,16.2546,0.0004,0.0,0.0007,0.0,0.0,0.0,0.0451,0.2,0.7938,0.4583,0.55,0.4969,0.5064,17.0,17.0,17.0,0.0,74.9219,1
203,6.7667,5.4836,16.2547,0.0001,0.0,0.0022,0.0,0.0,0.0,0.0451,0.2,0.7938,0.4583,0.55,0.4969,0.5064,17.0,17.0,17.0,0.0,74.9258,1
204,6.8,5.9206,17.5647,6.1861,0.0183,117.8657,0.0,0.0,0.0,0.0483,0.175,0.8172,0.4583,0.55,0.4928,0.5067,23.0,23.0,23.0,0.0,75.2289,1
205,6.8333,5.9203,17.5638,0.0015,0.0,0.0214,0.0,0.0,0.0,0.0484,0.175,0.8172,0.4583,0.55,0.4928,0.5067,23.0,23.0,23.0,0.0,75.273,1
206,6.8667,5.9201,17.5634,0.0004,0.0,0.0047,0.0,0.0,0.0,0.0484,0.175,0.8172,0.4583,0.55,0.4929,0.5066,23.0,23.0,23.0,0.0,75.2702,1
207,6.9,5.92,17.563,0.0001,0.0,0.0006,0.0,0.0,0.0,0.0484,0.175,0.8172,0.4583,0.55,0.4929,0.5066,23.0,23.0,23.0,0.0,75.2694,1
208,6.9333,5.92,17.563,0.0,0.0,0.0,0.0,0.0,0.0,0.0484,0.175,0.8172,0.4583,0.55,0.4929,0.5066,23.0,23.0,23.0,0.0,75.2694,1
209,6.9667,5.92,17.5631,0.0001,0.0,0.0003,0.0,0.0,0.0,0.0484,0.175,0.8172,0.4583,0.55,0.4929,0.5066,23.0,23.0,23.0,0.0,75.2698,1
210,7.0,5.9201,17.5633,0.0005,0.0,0.0068,0.0,0.0,0.0,0.0484,0.175,0.8172,0.4583,0.55,0.4928,0.5067,23.0,23.0,23.0,0.0,75.273,1
211,7.0333,5.9201,17.5632,0.0001,0.0,0.0017,0.0,0.0,0.0,0.0484,0.175,0.8172,0.4583,0.55,0.4928,0.5067,23.0,23.0,23.0,0.0,75.2712,1
212,7.0667,5.92,17.5632,0.0001,0.0,0.0012,0.0,0.0,0.0,0.0484,0.175,0.8172,0.4583,0.55,0.4928,0.5067,23.0,23.0,23.0,0.0,75.2721,1
213,7.1,5.9201,17.5633,0.0001,0.0,0.0013,0.0,0.0,0.0,0.0484,0.175,0.8172,0.4583,0.55,0.4929,0.5066,23.0,23.0,23.0,0.0,75.2628,1
214,7.1333,5.9201,17.5632,0.0001,0.0,0.0015,0.0,0.0,0.0,0.0484,0.175,0.8172,0.4583,0.55,0.4928,0.5067,23.0,23.0,23.0,0.0,75.2726,1
215,7.1667,5.9201,17.5632,0.0001,0.0,0.0013,0.0,0.0,0.0,0.0484,0.175,0.8172,0.4583,0.55,0.4928,0.5067,23.0,23.0,23.0,0.0,75.2714,1
216,7.2,5.92,17.5631,0.0001,0.0,0.0012,0.0,0.0,0.0,0.0484,0.175,0.8172,0.4583,0.55,0.4928,0.5067,23.0,23.0,23.0,0.0,75.2723,1
217,7.2333,5.9201,17.5632,0.0001,0.0,0.0012,0.0,0.0,0.0,0.0484,0.175,0.8172,0.4583,0.55,0.4928,0.5067,23.0,23.0,23.0,0.0,75.2714,1
218,7.2667,5.9201,17.5632,0.0001,0.0,0.0012,0.0,0.0,0.0,0.0484,0.175,0.8172,0.4583,0.55,0.4928,0.5067,23.0,23.0,23.0,0.0,75.2721,1
219,7.3,5.9201,17.5633,0.0001,0.0,0.0012,0.0,0.0,0.0,0.0484,0.175,0.8172,0.4583,0.55,0.4928,0.5067,23.0,23.0,23.0,0.0,75.2712,1
220,7.3333,5.9201,17.5632,0.0001,0.0,0.0012,0.0,0.0,0.0,0.0484,0.175,0.8172,0.4583,0.55,0.4928,0.5067,23.0,23.0,23.0,0.0,75.2721,1
221,7.3667,5.9201,17.5633,0.0001,0.0,0.0012,0.0,0.0,0.0,0.0484,0.175,0.8172,0.4583,0.55,0.4928,0.5067,23.0,23.0,23.0,0.0,75.2712,1
222,7.4,5.9202,17.5635,0.0002,0.0,0.003,0.0,0.0,0.0,0.0484,0.175,0.8172,0.4583,0.55,0.4928,0.5067,23.0,23.0,23.0,0.0,75.2685,1
223,7.4333,5.9202,17.5635,0.0,0.0,0.0,0.0,0.0,0.0,0.0484,0.175,0.8172,0.4583,0.55,0.4928,0.5067,23.0,23.0,23.0,0.0,75.2685,1
224,7.4667,5.9202,17.5635,0.0,0.0,0.0,0.0,0.0,0.0,0.0484,0.175,0.8172,0.4583,0.55,0.4928,0.5067,23.0,23.0,23.0,0.0,75.2685,1
225,7.5,5.9202,17.5635,0.0001,0.0,0.0022,0.0,0.0,0.0,0.0484,0.175,0.8172,0.4583,0.55,0.4928,0.5067,23.0,23.0,23.0,0.0,75.2724,1
226,7.5333,5.9202,17.5635,0.0,0.0,0.0,0.0,0.0,0.0,0.0484,0.175,0.8172,0.4583,0.55,0.4928,0.5067,23.0,23.0,23.0,0.0,75.2724,1
227,7.5667,5.9202,17.5635,0.0,0.0,0.0,0.0,0.0,0.0,0.0484,0.175,0.8172,0.4583,0.55,0.4928,0.5067,23.0,23.0,23.0,0.0,75.2724,1
228,7.6,5.9202,17.5635,0.0,0.0,0.0,0.0,0.0,0.0,0.0484,0.175,0.8172,0.4583,0.55,0.4928,0.5067,23.0,23.0,23.0,0.0,75.2724,1
229,7.6333,5.9202,17.5635,0.0,0.0,0.0,0.0,0.0,0.0,0.0484,0.175,0.8172,0.4583,0.55,0.4928,0.5067,23.0,23.0,23.0,0.0,75.2724,1
230,7.6667,5.9201,17.5633,0.0003,0.0,0.0046,0.0,0.0,0.0,0.0483,0.175,0.8172,0.4583,0.55,0.4928,0.5066,23.0,23.0,23.0,0.0,75.2661,1
231,7.7,5.9201,17.5632,0.0001,0.0,0.0011,0.0,0.0,0.0,0.0484,0.175,0.8172,0.4583,0.55,0.4928,0.5067,23.0,23.0,23.0,0.0,75.2738,1
232,7.7333,5.9201,17.5632,0.0,0.0,0.0,0.0,0.0,0.0,0.0484,0.175,0.8172,0.4583,0.55,0.4928,0.5067,23.0,23.0,23.0,0.0,75.2738,1
233,7.7667,5.9197,17.562,0.0004,0.0,0.0083,0.0,0.0,0.0,0.0484,0.175,0.8172,0.4583,0.55,0.4928,0.5067,23.0,23.0,23.0,0.0,75.29,1
234,7.8,5.9197,17.562,0.0001,0.0,0.0011,0.0,0.0,0.0,0.0484,0.175,0.8172,0.4583,0.55,0.4928,0.5067,23.0,23.0,23.0,0.0,75.2922,1
235,7.8333,2.1784,5.2532,6.6437,0.0449,133.335,0.0,0.0,0.0,0.0172,0.1323,0.3234,0.4297,0.5472,0.2242,0.4942,20.0,20.0,20.0,0.0,70.2001,1
236,7.8667,2.1783,5.253,0.001,0.0,0.0413,0.0,0.0,0.0,0.0172,0.1324,0.3234,0.4298,0.5472,0.2242,0.4943,20.0,20.0,20.0,0.0,70.328,1
237,7.9,2.1783,5.253,0.0,0.0,0.0,0.0,0.0,0.0,0.0172,0.1324,0.3234,0.4298,0.5472,0.2242,0.4943,20.0,20.0,20.0,0.0,70.328,1
238,7.9333,2.1783,5.253,0.0,0.0,0.0,0.0,0.0,0.0,0.0172,0.1324,0.3234,0.4298,0.5472,0.2242,0.4943,20.0,20.0,20.0,0.0,70.328,1
239,7.9667,2.1783,5.253,0.0,0.0,0.0,0.0,0.0,0.0,0.0172,0.1324,0.3234,0.4298,0.5472,0.2242,0.4943,20.0,20.0,20.0,0.0,70.328,1
240,8.0,2.1784,5.2534,0.0064,0.0,0.3052,0.0,0.0,0.0,0.0172,0.1323,0.3234,0.4278,0.5472,0.2242,0.4942,20.0,20.0,20.0,0.0,70.2264,1
241,8.0333,2.1783,5.2526,0.0008,0.0,0.03,0.0,0.0,0.0,0.0172,0.1323,0.3234,0.4278,0.5472,0.2242,0.4942,20.0,20.0,20.0,0.0,70.2801,1
242,8.0667,2.1783,5.2526,0.0,0.0,0.0,0.0,0.0,0.0,0.0172,0.1323,0.3234,0.4278,0.5472,0.2242,0.4942,20.0,20.0,20.0,0.0,70.2801,1
243,8.1,2.1783,5.2526,0.0,0.0,0.0,0.0,0.0,0.0,0.0172,0.1323,0.3234,0.4278,0.5472,0.2242,0.4942,20.0,20.0,20.0,0.0,70.2801,1
244,8.1333,2.1783,5.2526,0.0,0.0,0.0,0.0,0.0,0.0,0.0172,0.1323,0.3234,0.4278,0.5472,0.2242,0.4942,20.0,20.0,20.0,0.0,70.2801,1
245,8.1667,2.1783,5.2526,0.0,0.0,0.0,0.0,0.0,0.0,0.0172,0.1323,0.3234,0.4278,0.5472,0.2242,0.4942,20.0,20.0,20.0,0.0,70.2801,1
246,8.2,1.5185,4.3688,3.5741,0.0291,0.0,0.0,0.0,0.0,0.0119,0.3319,0.4625,0.4306,0.5472,0.401,0.4971,28.0,28.0,28.0,0.0,73.7237,1
247,8.2333,1.5184,4.3685,0.0006,0.0,0.031,0.0,0.0,0.0,0.0119,0.3319,0.4625,0.4306,0.5472,0.401,0.4971,27.5,27.5,27.5,0.0,73.8825,1
248,8.2667,1.5184,4.3685,0.0,0.0,0.0,0.0,0.0,0.0,0.0119,0.3319,0.4625,0.4306,0.5472,0.401,0.4971,27.5,27.5,27.5,0.0,73.8825,1
249,8.3,1.5184,4.3685,0.0,0.0,0.0,0.0,0.0,0.0,0.0119,0.3319,0.4625,0.4306,0.5472,0.401,0.4971,27.5,27.5,27.5,0.0,73.8825,1
250,8.3333,1.5184,4.3685,0.0,0.0,0.0,0.0,0.0,0.0,0.0119,0.3319,0.4625,0.4306,0.5472,0.401,0.4971,27.5,27.5,27.5,0.0,73.8825,1
251,8.3667,1.5184,4.3685,0.0,0.0,0.0,0.0,0.0,0.0,0.0119,0.3319,0.4625,0.4306,0.5472,0.401,0.4971,27.5,27.5,27.5,0.0,73.8825,1
252,8.4,1.5184,4.3685,0.0,0.0,0.0,0.0,0.0,0.0,0.0119,0.3319,0.4625,0.4306,0.5472,0.401,0.4971,27.5,27.5,27.5,0.0,73.8825,1
253,8.4333,1.5184,4.3685,0.0,0.0,0.0,0.0,0.0,0.0,0.0119,0.3319,0.4625,0.4306,0.5472,0.401,0.4971,27.5,27.5,27.5,0.0,73.8825,1
254,8.4667,1.5184,4.3685,0.0,0.0,0.0,0.0,0.0,0.0,0.0119,0.3319,0.4625,0.4306,0.5472,0.401,0.4971,27.5,27.5,27.5,0.0,73.8825,1
255,8.5,1.8743,5.4353,3.2704,0.0269,0.0,0.0,0.0,0.0,0.015,0.4688,0.6344,0.425,0.5722,0.5535,0.4987,22.0,22.0,22.0,0.0,72.3759,2
256,8.5333,1.8743,5.4355,0.0005,0.0,0.0266,0.0,0.0,0.0,0.015,0.4688,0.6344,0.425,0.5722,0.5535,0.4987,22.0,22.0,22.0,0.0,72.4254,2
257,8.5667,1.8744,5.4356,0.0,0.0,0.0017,0.0,0.0,0.0,0.015,0.4688,0.6344,0.425,0.5722,0.5535,0.4987,22.0,22.0,22.0,0.0,72.4208,2
258,8.6,1.8743,5.4355,0.0,0.0,0.0017,0.0,0.0,0.0,0.015,0.4688,0.6344,0.425,0.5722,0.5535,0.4987,22.0,22.0,22.0,0.0,72.4254,2
259,8.6333,1.8743,5.4355,0.0,0.0,0.0,0.0,0.0,0.0,0.015,0.4688,0.6344,0.425,0.5722,0.5535,0.4987,22.0,22.0,22.0,0.0,72.4254,2
260,8.6667,1.8743,5.4355,0.0,0.0,0.0,0.0,0.0,0.0,0.015,0.4688,0.6344,0.425,0.5722,0.5535,0.4987,22.0,22.0,22.0,0.0,72.4254,2
261,8.7,1.8743,5.4355,0.0,0.0,0.0,0.0,0.0,0.0,0.015,0.4688,0.6344,0.425,0.5722,0.5535,0.4987,22.0,22.0,22.0,0.0,72.4254,2
262,8.7333,1.8743,5.4355,0.0,0.0,0.0,0.0,0.0,0.0,0.015,0.4688,0.6344,0.425,0.5722,0.5535,0.4987,22.0,22.0,22.0,0.0,72.4254,2
263,8.7667,1.8743,5.4355,0.0,0.0,0.0,0.0,0.0,0.0,0.015,0.4688,0.6344,0.425,0.5722,0.5535,0.4987,22.0,22.0,22.0,0.0,72.4254,2
264,8.8,1.8743,5.4355,0.0,0.0,0.0,0.0,0.0,0.0,0.015,0.4688,0.6344,0.425,0.5722,0.5535,0.4987,22.0,22.0,22.0,0.0,72.4254,2
265,8.8333,2.6881,6.7503,4.4315,0.0356,109.3333,0.0,0.0,0.0,0.0207,0.6438,0.8625,0.4278,0.5694,0.7545,0.4997,68.0,68.0,68.0,0.0,73.172,1
266,8.8667,2.6881,6.7504,0.0012,0.0,0.0333,0.0,0.0,0.0,0.0207,0.6438,0.8625,0.4278,0.5694,0.7544,0.4997,68.0,68.0,68.0,0.0,73.2047,1
267,8.9,2.6879,6.7499,0.0001,0.0,0.0065,0.0,0.0,0.0,0.0207,0.6438,0.8625,0.4278,0.5694,0.7544,0.4997,68.0,68.0,68.0,0.0,73.2175,1
268,8.9333,2.6879,6.7499,0.0,0.0,0.0,0.0,0.0,0.0,0.0207,0.6438,0.8625,0.4278,0.5694,0.7544,0.4997,68.0,68.0,68.0,0.0,73.2175,1
269,8.9667,2.6879,6.7499,0.0,0.0,0.0,0.0,0.0,0.0,0.0207,0.6438,0.8625,0.4278,0.5694,0.7544,0.4997,68.0,68.0,68.0,0.0,73.2175,1
270,9.0,2.6879,6.7499,0.0,0.0,0.0,0.0,0.0,0.0,0.0207,0.6438,0.8625,0.4278,0.5694,0.7544,0.4997,68.0,68.0,68.0,0.0,73.2175,1
271,9.0333,2.6879,6.7499,0.0,0.0,0.0,0.0,0.0,0.0,0.0207,0.6438,0.8625,0.4278,0.5694,0.7544,0.4997,68.0,68.0,68.0,0.0,73.2175,1
272,9.0667,2.6879,6.7499,0.0,0.0,0.0,0.0,0.0,0.0,0.0207,0.6438,0.8625,0.4278,0.5694,0.7544,0.4997,68.0,68.0,68.0,0.0,73.2175,1
273,9.1,2.6879,6.7499,0.0,0.0,0.0,0.0,0.0,0.0,0.0207,0.6438,0.8625,0.4278,0.5694,0.7544,0.4997,68.0,68.0,68.0,0.0,73.2175,1
274,9.1333,2.6879,6.7499,0.0,0.0,0.0,0.0,0.0,0.0,0.0207,0.6438,0.8625,0.4278,0.5694,0.7544,0.4997,68.0,68.0,68.0,0.0,73.2175,1
275,9.1667,2.6879,6.7499,0.0,0.0,0.0,0.0,0.0,0.0,0.0207,0.6438,0.8625,0.4278,0.5694,0.7544,0.4997,68.0,68.0,68.0,0.0,73.2175,1
276,9.2,2.6879,6.7499,0.0,0.0,0.0,0.0,0.0,0.0,0.0207,0.6438,0.8625,0.4278,0.5694,0.7544,0.4997,68.0,68.0,68.0,0.0,73.2175,1
277,9.2333,2.6879,6.7499,0.0,0.0,0.0,0.0,0.0,0.0,0.0207,0.6438,0.8625,0.4278,0.5694,0.7544,0.4997,68.0,68.0,68.0,0.0,73.2175,1
278,9.2667,2.6879,6.7499,0.0,0.0,0.0,0.0,0.0,0.0,0.0207,0.6438,0.8625,0.4278,0.5694,0.7544,0.4997,68.0,68.0,68.0,0.0,73.2175,1
279,9.3,2.6879,6.7499,0.0,0.0,0.0,0.0,0.0,0.0,0.0207,0.6438,0.8625,0.4278,0.5694,0.7544,0.4997,68.0,68.0,68.0,0.0,73.2175,1
280,9.3333,2.6879,6.7499,0.0,0.0,0.0,0.0,0.0,0.0,0.0207,0.6438,0.8625,0.4278,0.5694,0.7544,0.4997,68.0,68.0,68.0,0.0,73.2175,1
281,9.3667,2.6879,6.7499,0.0,0.0,0.0,0.0,0.0,0.0,0.0207,0.6438,0.8625,0.4278,0.5694,0.7544,0.4997,68.0,68.0,68.0,0.0,73.2175,1
282,9.4,2.6879,6.7499,0.0,0.0,0.0,0.0,0.0,0.0,0.0207,0.6438,0.8625,0.4278,0.5694,0.7544,0.4997,68.0,68.0,68.0,0.0,73.2175,1
283,9.4333,2.6879,6.7499,0.0,0.0,0.0,0.0,0.0,0.0,0.0207,0.6438,0.8625,0.4278,0.5694,0.7544,0.4997,68.0,68.0,68.0,0.0,73.2175,1
284,9.4667,2.6879,6.7499,0.0,0.0,0.0,0.0,0.0,0.0,0.0207,0.6438,0.8625,0.4278,0.5694,0.7544,0.4997,68.0,68.0,68.0,0.0,73.2175,1
285,9.5,2.6879,6.7499,0.0,0.0,0.0,0.0,0.0,0.0,0.0207,0.6438,0.8625,0.4278,0.5694,0.7544,0.4997,68.0,68.0,68.0,0.0,73.2175,1
286,9.5333,2.6879,6.7499,0.0,0.0,0.0,0.0,0.0,0.0,0.0207,0.6438,0.8625,0.4278,0.5694,0.7544,0.4997,68.0,68.0,68.0,0.0,73.2175,1
287,9.5667,2.6879,6.7499,0.0,0.0,0.0,0.0,0.0,0.0,0.0207,0.6438,0.8625,0.4278,0.5694,0.7544,0.4997,68.0,68.0,68.0,0.0,73.2175,1
288,9.6,2.6879,6.7499,0.0,0.0,0.0,0.0,0.0,0.0,0.0207,0.6438,0.8625,0.4278,0.5694,0.7544,0.4997,68.0,68.0,68.0,0.0,73.2175,1
289,9.6333,2.6879,6.7499,0.0,0.0,0.0,0.0,0.0,0.0,0.0207,0.6438,0.8625,0.4278,0.5694,0.7544,0.4997,68.0,68.0,68.0,0.0,73.2175,1
290,9.6667,2.6879,6.7499,0.0,0.0,0.0,0.0,0.0,0.0,0.0207,0.6438,0.8625,0.4278,0.5694,0.7544,0.4997,68.0,68.0,68.0,0.0,73.2175,1
291,9.7,2.6879,6.7499,0.0,0.0,0.0,0.0,0.0,0.0,0.0207,0.6438,0.8625,0.4278,0.5694,0.7544,0.4997,68.0,68.0,68.0,0.0,73.2175,1
292,9.7333,2.6879,6.7499,0.0,0.0,0.0,0.0,0.0,0.0,0.0207,0.6438,0.8625,0.4278,0.5694,0.7544,0.4997,68.0,68.0,68.0,0.0,73.2175,1
293,9.7667,2.6879,6.7499,0.0,0.0,0.0,0.0,0.0,0.0,0.0207,0.6438,0.8625,0.4278,0.5694,0.7544,0.4997,68.0,68.0,68.0,0.0,73.2175,1
294,9.8,2.6879,6.7498,0.0,0.0,0.0006,0.0,0.0,0.0,0.0207,0.6438,0.8625,0.4278,0.5694,0.7544,0.4996,68.0,68.0,68.0,0.0,73.2452,1
295,9.8333,250.6838,246.6828,248.0899,0.0369,0.0,253.0,253.0,253.0,0.0162,0.15,0.3375,0.4472,0.5528,0.2404,0.5056,180.0,210.0,249.0,71.0,62.2119,1
296,9.8667,250.6839,246.6833,0.0009,0.0,0.0334,253.0,253.0,253.0,0.0162,0.15,0.3375,0.4472,0.5528,0.2404,0.5056,180.0,210.0,249.0,71.0,62.2329,1
297,9.9,250.6839,246.6833,0.0,0.0,0.0,253.0,253.0,253.0,0.0162,0.15,0.3375,0.4472,0.5528,0.2404,0.5056,180.0,210.0,249.0,71.0,62.2329,1
298,9.9333,250.6839,246.6833,0.0,0.0,0.0,253.0,253.0,253.0,0.0162,0.15,0.3375,0.4472,0.5528,0.2404,0.5056,180.0,210.0,249.0,71.0,62.2329,1
299,9.9667,250.6839,246.6833,0.0,0.0,0.0,253.0,253.0,253.0,0.0162,0.15,0.3375,0.4472,0.5528,0.2404,0.5056,180.0,210.0,249.0,71.0,62.2329,1
300,10.0,249.3309,242.6277,1.3653,0.01,0.7248,253.0,253.0,253.0,0.0251,0.1516,0.4578,0.4472,0.5528,0.2986,0.5064,180.0,210.0,246.0,72.0,60.9039,1
301,10.0333,249.3313,242.6291,0.0024,0.0,0.0557,253.0,253.0,253.0,0.0251,0.1516,0.4578,0.4472,0.5528,0.2987,0.5064,180.0,210.0,246.0,71.0,60.9114,1
302,10.0667,249.3314,242.6292,0.0001,0.0,0.0037,253.0,253.0,253.0,0.0251,0.1516,0.4578,0.4472,0.5528,0.2987,0.5064,180.0,210.0,246.0,71.0,60.9138,1
303,10.1,249.3314,242.6292,0.0,0.0,0.0,253.0,253.0,253.0,0.0251,0.1516,0.4578,0.4472,0.5528,0.2987,0.5064,180.0,210.0,246.0,71.0,60.9138,1
304,10.1333,249.3314,242.6292,0.0001,0.0,0.0018,253.0,253.0,253.0,0.0251,0.1516,0.4578,0.4472,0.5528,0.2987,0.5064,180.0,210.0,246.0,71.0,60.9121,1
305,10.1667,249.3314,242.6292,0.0,0.0,0.0,253.0,253.0,253.0,0.0251,0.1516,0.4578,0.4472,0.5528,0.2987,0.5064,180.0,210.0,246.0,71.0,60.9121,1
306,10.2,249.3314,242.6292,0.0,0.0,0.0,253.0,253.0,253.0,0.0251,0.1516,0.4578,0.4472,0.5528,0.2987,0.5064,180.0,210.0,246.0,71.0,60.9121,1
307,10.2333,249.3314,242.6292,0.0,0.0,0.0,253.0,253.0,253.0,0.0251,0.1516,0.4578,0.4472,0.5528,0.2987,0.5064,180.0,210.0,246.0,71.0,60.9121,1
308,10.2667,247.6198,237.4985,1.704,0.0125,0.4887,253.0,253.0,253.0,0.0367,0.1531,0.6062,0.45,0.5528,0.3745,0.5071,180.0,210.0,246.0,71.0,60.2768,1
309,10.3,247.6208,237.5016,0.0019,0.0,0.0482,253.0,253.0,253.0,0.0367,0.1531,0.6062,0.45,0.5528,0.3744,0.5071,180.0,210.0,246.0,71.0,60.2619,1
310,10.3333,247.621,237.5022,0.0007,0.0,0.0119,253.0,253.0,253.0,0.0367,0.1531,0.6062,0.45,0.5528,0.3744,0.5071,180.0,210.0,246.0,71.0,60.2582,1
311,10.3667,247.6209,237.5018,0.0007,0.0,0.0151,253.0,253.0,253.0,0.0367,0.1531,0.6062,0.45,0.5528,0.3744,0.5071,180.0,210.0,246.0,71.0,60.2624,1
312,10.4,247.6209,237.5018,0.0005,0.0,0.0112,253.0,253.0,253.0,0.0367,0.1531,0.6062,0.45,0.5528,0.3744,0.5071,180.0,210.0,246.0,71.0,60.2519,1
313,10.4333,247.6209,237.5019,0.0005,0.0,0.0122,253.0,253.0,253.0,0.0367,0.1531,0.6062,0.45,0.5528,0.3744,0.5071,180.0,210.0,246.0,71.0,60.2602,1
314,10.4667,247.6209,237.502,0.0004,0.0,0.0095,253.0,253.0,253.0,0.0367,0.1531,0.6062,0.45,0.5528,0.3744,0.5071,180.0,210.0,246.0,71.0,60.25,1
315,10.5,247.621,237.5021,0.0006,0.0,0.0124,253.0,253.0,253.0,0.0367,0.1531,0.6062,0.45,0.5528,0.3744,0.5071,180.0,210.0,246.0,71.0,60.2665,1
316,10.5333,247.6207,237.5014,0.0009,0.0,0.0186,253.0,253.0,253.0,0.0367,0.1531,0.6062,0.45,0.5528,0.3744,0.5071,180.0,210.0,246.0,71.0,60.2615,1
317,10.5667,246.5134,234.1819,1.1236,0.0081,0.4355,253.0,253.0,253.0,0.0437,0.1531,0.7062,0.4528,0.5528,0.4216,0.5076,180.0,210.0,245.0,71.0,60.5988,1
318,10.6,246.5131,234.181,0.0014,0.0,0.0224,253.0,253.0,253.0,0.0437,0.1531,0.7062,0.4528,0.5528,0.4216,0.5076,180.0,210.0,245.0,71.0,60.5837,1
319,10.6333,246.5132,234.1813,0.0007,0.0,0.0126,253.0,253.0,253.0,0.0437,0.1531,0.7062,0.4528,0.5528,0.4216,0.5076,180.0,210.0,245.0,71.0,60.5849,1
320,10.6667,246.5131,234.1811,0.0009,0.0,0.0163,253.0,253.0,253.0,0.0437,0.1531,0.7062,0.4528,0.5528,0.4216,0.5076,180.0,210.0,245.0,71.0,60.5725,1
321,10.7,246.5127,234.1799,0.002,0.0,0.0272,253.0,253.0,253.0,0.0437,0.1531,0.7062,0.4528,0.5528,0.4216,0.5076,180.0,210.0,245.0,71.0,60.5968,1
322,10.7333,246.5128,234.1803,0.0014,0.0,0.0268,253.0,253.0,253.0,0.0437,0.1531,0.7062,0.4528,0.5528,0.4215,0.5076,180.0,210.0,245.0,71.0,60.6175,1
323,10.7667,246.5128,234.1802,0.0006,0.0,0.0115,253.0,253.0,253.0,0.0437,0.1531,0.7062,0.4528,0.5528,0.4215,0.5076,180.0,210.0,245.0,71.0,60.6175,1
324,10.8,246.5127,234.18,0.0005,0.0,0.0099,253.0,253.0,253.0,0.0437,0.1531,0.7062,0.4528,0.5528,0.4215,0.5076,180.0,210.0,245.0,71.0,60.6177,1
325,10.8333,246.5127,234.1799,0.0013,0.0,0.0262,253.0,253.0,253.0,0.0437,0.1531,0.7062,0.4528,0.5528,0.4215,0.5076,180.0,210.0,245.0,71.0,60.6147,1
326,10.8667,246.5126,234.1797,0.0007,0.0,0.012,253.0,253.0,253.0,0.0437,0.1531,0.7062,0.4528,0.5528,0.4215,0.5076,180.0,210.0,245.0,71.0,60.6145,1
327,10.9,246.5127,234.18,0.0005,0.0,0.0094,253.0,253.0,253.0,0.0437,0.1531,0.7062,0.4528,0.5528,0.4215,0.5076,180.0,210.0,245.0,71.0,60.6141,1
328,10.9333,244.9642,230.0544,1.5504,0.011,0.5006,253.0,253.0,253.0,0.0539,0.1547,0.8438,0.4556,0.5528,0.4899,0.5076,180.0,210.0,244.0,71.0,60.482,1
329,10.9667,244.9641,230.0542,0.0014,0.0,0.0191,253.0,253.0,253.0,0.0539,0.1547,0.8438,0.4556,0.5528,0.49,0.5076,180.0,210.0,244.0,71.0,60.5065,1
330,11.0,244.964,230.0541,0.0007,0.0,0.0084,253.0,253.0,253.0,0.0539,0.1547,0.8438,0.4556,0.5528,0.49,0.5076,180.0,210.0,244.0,71.0,60.5089,1
331,11.0333,244.964,230.054,0.0008,0.0,0.0107,253.0,253.0,253.0,0.0539,0.1547,0.8438,0.4556,0.5528,0.4899,0.5076,180.0,210.0,244.0,71.0,60.5208,1
332,11.0667,244.964,230.0541,0.0006,0.0,0.0071,253.0,253.0,253.0,0.0539,0.1547,0.8438,0.4556,0.5528,0.4899,0.5076,180.0,210.0,244.0,71.0,60.5271,1
333,11.1,244.964,230.054,0.0004,0.0,0.0061,253.0,253.0,253.0,0.0539,0.1547,0.8438,0.4556,0.5528,0.4899,0.5076,180.0,210.0,244.0,71.0,60.5217,1
334,11.1333,244.964,230.054,0.0004,0.0,0.0047,253.0,253.0,253.0,0.0539,0.1547,0.8438,0.4556,0.5528,0.49,0.5076,180.0,210.0,244.0,71.0,60.5258,1
335,11.1667,244.964,230.0539,0.0003,0.0,0.0035,253.0,253.0,253.0,0.0539,0.1547,0.8438,0.4556,0.5528,0.49,0.5076,180.0,210.0,244.0,71.0,60.5246,1
336,11.2,244.9639,230.0538,0.0003,0.0,0.0034,253.0,253.0,253.0,0.0539,0.1547,0.8438,0.4556,0.5528,0.49,0.5076,180.0,210.0,244.0,71.0,60.525,1
337,11.2333,244.964,230.0539,0.0003,0.0,0.0029,253.0,253.0,253.0,0.0539,0.1547,0.8438,0.4556,0.5528,0.49,0.5076,180.0,210.0,244.0,71.0,60.5258,1
338,11.2667,244.964,230.0539,0.0003,0.0,0.0033,253.0,253.0,253.0,0.0539,0.1547,0.8438,0.4556,0.5528,0.49,0.5076,180.0,210.0,244.0,71.0,60.5256,1
339,11.3,244.964,230.0539,0.0002,0.0,0.0021,253.0,253.0,253.0,0.0539,0.1547,0.8438,0.4556,0.5528,0.49,0.5076,180.0,210.0,244.0,71.0,60.529,1
340,11.3333,244.964,230.0539,0.0,0.0,0.0002,253.0,253.0,253.0,0.0539,0.1547,0.8438,0.4556,0.5528,0.49,0.5076,180.0,210.0,244.0,71.0,60.5286,1
341,11.3667,244.964,230.0539,0.0,0.0,0.0,253.0,253.0,253.0,0.0539,0.1547,0.8438,0.4556,0.5528,0.49,0.5076,180.0,210.0,244.0,71.0,60.5286,1
342,11.4,244.964,230.0539,0.0,0.0,0.0,253.0,253.0,253.0,0.0539,0.1547,0.8438,0.4556,0.5528,0.49,0.5076,180.0,210.0,244.0,71.0,60.5286,1
343,11.4333,244.964,230.0539,0.0,0.0,0.0,253.0,253.0,253.0,0.0539,0.1547,0.8438,0.4556,0.5528,0.49,0.5076,180.0,210.0,244.0,71.0,60.5286,1
344,11.4667,244.964,230.0539,0.0,0.0,0.0,253.0,253.0,253.0,0.0539,0.1547,0.8438,0.4556,0.5528,0.49,0.5076,180.0,210.0,244.0,71.0,60.5286,1
345,11.5,244.964,230.0539,0.0,0.0,0.0,253.0,253.0,253.0,0.0539,0.1547,0.8438,0.4556,0.5528,0.49,0.5076,180.0,210.0,244.0,71.0,60.5286,1
346,11.5333,244.964,230.0539,0.0,0.0,0.0,253.0,253.0,253.0,0.0539,0.1547,0.8438,0.4556,0.5528,0.49,0.5076,180.0,210.0,244.0,71.0,60.5286,1
347,11.5667,244.964,230.0539,0.0,0.0,0.0,253.0,253.0,253.0,0.0539,0.1547,0.8438,0.4556,0.5528,0.49,0.5076,180.0,210.0,244.0,71.0,60.5286,1
348,11.6,244.964,230.0539,0.0,0.0,0.0,253.0,253.0,253.0,0.0539,0.1547,0.8438,0.4556,0.5528,0.49,0.5076,180.0,210.0,244.0,71.0,60.5286,1
349,11.6333,244.964,230.0539,0.0,0.0,0.0,253.0,253.0,253.0,0.0539,0.1547,0.8438,0.4556,0.5528,0.49,0.5076,180.0,210.0,244.0,71.0,60.5286,1
350,11.6667,244.964,230.0539,0.0,0.0,0.0,253.0,253.0,253.0,0.0539,0.1547,0.8438,0.4556,0.5528,0.49,0.5076,180.0,210.0,244.0,71.0,60.5286,1
351,11.7,244.964,230.0539,0.0,0.0,0.0,253.0,253.0,253.0,0.0539,0.1547,0.8438,0.4556,0.5528,0.49,0.5076,180.0,210.0,244.0,71.0,60.5286,1
352,11.7333,244.964,230.0539,0.0,0.0,0.0,253.0,253.0,253.0,0.0539,0.1547,0.8438,0.4556,0.5528,0.49,0.5076,180.0,210.0,244.0,71.0,60.5286,1
353,11.7667,244.964,230.0539,0.0,0.0,0.0,253.0,253.0,253.0,0.0539,0.1547,0.8438,0.4556,0.5528,0.49,0.5076,180.0,210.0,244.0,71.0,60.5286,1
354,11.8,244.964,230.0539,0.0,0.0,0.0,253.0,253.0,253.0,0.0539,0.1547,0.8438,0.4556,0.5528,0.49,0.5076,180.0,210.0,244.0,71.0,60.5286,1
355,11.8333,244.964,230.0539,0.0,0.0,0.0,253.0,253.0,253.0,0.0539,0.1547,0.8438,0.4556,0.5528,0.49,0.5076,180.0,210.0,244.0,71.0,60.5286,1
356,11.8667,244.964,230.0539,0.0,0.0,0.0,253.0,253.0,253.0,0.0539,0.1547,0.8438,0.4556,0.5528,0.49,0.5076,180.0,210.0,244.0,71.0,60.5286,1
357,11.9,244.964,230.0539,0.0,0.0,0.0,253.0,253.0,253.0,0.0539,0.1547,0.8438,0.4556,0.5528,0.49,0.5076,180.0,210.0,244.0,71.0,60.5286,1
358,11.9333,244.964,230.0539,0.0,0.0,0.0,253.0,253.0,253.0,0.0539,0.1547,0.8438,0.4556,0.5528,0.49,0.5076,180.0,210.0,244.0,71.0,60.5286,1
359,11.9667,244.964,230.0539,0.0,0.0,0.0,253.0,253.0,253.0,0.0539,0.1547,0.8438,0.4556,0.5528,0.49,0.5076,180.0,210.0,244.0,71.0,60.5286,1
360,12.0,244.9623,230.0499,0.0527,0.0004,0.7077,253.0,253.0,253.0,0.0539,0.1547,0.8438,0.4556,0.5528,0.49,0.5075,180.0,210.0,244.0,71.0,60.4642,1
361,12.0333,244.9639,230.0546,0.0042,0.0,0.0665,253.0,253.0,253.0,0.0539,0.1547,0.8438,0.4556,0.5528,0.49,0.5075,180.0,210.0,244.0,71.0,60.4651,1
362,12.0667,244.9643,230.0557,0.0013,0.0,0.0173,253.0,253.0,253.0,0.0539,0.1547,0.8438,0.4556,0.5528,0.49,0.5075,180.0,210.0,244.0,71.0,60.4847,1
363,12.1,244.9642,230.0555,0.0005,0.0,0.0049,253.0,253.0,253.0,0.0539,0.1547,0.8438,0.4556,0.5528,0.49,0.5075,180.0,210.0,244.0,71.0,60.4835,1
364,12.1333,244.9642,230.0556,0.0006,0.0,0.0098,253.0,253.0,253.0,0.0539,0.1547,0.8438,0.4556,0.5528,0.49,0.5075,180.0,210.0,244.0,71.0,60.4899,1
365,12.1667,244.9646,230.0567,0.0014,0.0,0.0229,253.0,253.0,253.0,0.0539,0.1547,0.8438,0.4556,0.5528,0.49,0.5075,180.0,210.0,244.0,71.0,60.4817,1
366,12.2,244.9645,230.0563,0.001,0.0,0.0159,253.0,253.0,253.0,0.0539,0.1547,0.8438,0.4556,0.5528,0.49,0.5075,180.0,210.0,244.0,71.0,60.4919,1
367,12.2333,251.9566,250.0402,8.606,0.0628,37.7083,253.0,253.0,253.0,0.009,0.2562,0.3516,0.3583,0.4611,0.3049,0.4107,82.5,87.5,92.0,35.0,67.115,1
368,12.2667,251.9576,250.043,0.0021,0.0,0.1817,253.0,253.0,253.0,0.0089,0.2562,0.3516,0.3583,0.4611,0.3051,0.4106,79.0,84.0,91.0,35.0,67.0119,1
369,12.3,251.9574,250.0426,0.0006,0.0,0.0613,253.0,253.0,253.0,0.009,0.2562,0.3516,0.3583,0.4611,0.305,0.4107,79.0,84.0,91.0,35.0,67.1508,1
370,12.3333,251.9574,250.0426,0.0003,0.0,0.0233,253.0,253.0,253.0,0.0089,0.2562,0.3516,0.3583,0.4611,0.305,0.4106,79.0,84.0,91.0,35.0,67.0622,1
371,12.3667,251.9575,250.0428,0.0002,0.0,0.0124,253.0,253.0,253.0,0.0089,0.2562,0.3516,0.3583,0.4611,0.305,0.4106,79.0,84.0,91.0,35.0,67.0639,1
372,12.4,251.9576,250.0429,0.0001,0.0,0.0152,253.0,253.0,253.0,0.0089,0.2562,0.3516,0.3583,0.4611,0.3051,0.4106,81.0,84.0,91.0,35.0,67.076,1
373,12.4333,251.9575,250.0428,0.0003,0.0,0.0244,253.0,253.0,253.0,0.0089,0.2562,0.3516,0.3583,0.4611,0.3051,0.4106,81.0,84.0,91.0,35.0,67.0617,1
374,12.4667,251.5846,248.9248,0.3706,0.0034,0.7937,253.0,253.0,253.0,0.0122,0.2562,0.3859,0.3583,0.4611,0.322,0.4102,79.0,83.5,91.0,36.0,62.8136,1
375,12.5,251.5847,248.9253,0.0011,0.0,0.0756,253.0,253.0,253.0,0.0123,0.2562,0.3859,0.3583,0.4611,0.322,0.4102,79.0,83.0,91.0,36.0,62.8576,1
376,12.5333,251.5846,248.9248,0.0003,0.0,0.0207,253.0,253.0,253.0,0.0122,0.2562,0.3859,0.3583,0.4611,0.322,0.4103,79.0,83.0,91.0,36.0,62.8888,1
377,12.5667,251.5845,248.9248,0.0,0.0,0.0,253.0,253.0,253.0,0.0123,0.2562,0.3859,0.3583,0.4611,0.322,0.4102,79.0,83.0,91.0,36.0,62.8784,1
378,12.6,251.5846,248.9248,0.0,0.0,0.0,253.0,253.0,253.0,0.0122,0.2562,0.3859,0.3583,0.4611,0.322,0.4103,79.0,83.0,91.0,36.0,62.8887,1
379,12.6333,251.5845,248.9247,0.0001,0.0,0.0009,253.0,253.0,253.0,0.0123,0.2562,0.3859,0.3583,0.4611,0.322,0.4102,79.0,83.0,91.0,36.0,62.8775,1
380,12.6667,250.5215,245.7382,1.0538,0.0093,2.3186,253.0,253.0,253.0,0.0212,0.2578,0.4766,0.3583,0.4611,0.3688,0.4099,72.0,79.0,89.0,37.0,59.1441,1
381,12.7,250.5211,245.7371,0.001,0.0,0.0349,253.0,253.0,253.0,0.0212,0.2578,0.4766,0.3583,0.4611,0.3688,0.4099,72.0,79.0,89.0,37.0,59.1623,1
382,12.7333,250.5212,245.7371,0.0001,0.0,0.0048,253.0,253.0,253.0,0.0212,0.2578,0.4766,0.3583,0.4611,0.3688,0.4099,72.0,79.0,89.0,37.0,59.1629,1
383,12.7667,250.5212,245.7372,0.0003,0.0,0.0128,253.0,253.0,253.0,0.0212,0.2578,0.4766,0.3583,0.4611,0.3688,0.4099,72.0,79.0,89.0,37.0,59.1616,1
384,12.8,249.7224,243.3428,0.7925,0.0069,1.362,253.0,253.0,253.0,0.0278,0.2594,0.5453,0.3583,0.4611,0.4028,0.4097,72.0,77.0,89.0,37.0,57.222,1
385,12.8333,249.7223,243.3424,0.0008,0.0,0.0235,253.0,253.0,253.0,0.0278,0.2594,0.5453,0.3583,0.4611,0.4028,0.4097,72.0,77.0,89.0,37.0,57.2305,1
386,12.8667,249.7223,243.3423,0.0007,0.0,0.0218,253.0,253.0,253.0,0.0278,0.2594,0.5453,0.3583,0.4611,0.4028,0.4097,72.0,77.0,89.0,37.0,57.2412,1
387,12.9,248.1797,238.7181,1.5301,0.0135,0.9654,253.0,253.0,253.0,0.041,0.2609,0.6797,0.3583,0.4611,0.4717,0.4096,72.0,77.0,88.0,39.0,57.149,1
388,12.9333,248.1797,238.7182,0.0016,0.0,0.034,253.0,253.0,253.0,0.041,0.2609,0.6797,0.3583,0.4611,0.4717,0.4096,72.0,77.0,88.0,39.0,57.1819,1
389,12.9667,248.1798,238.7184,0.0004,0.0,0.0094,253.0,253.0,253.0,0.041,0.2609,0.6797,0.3583,0.4611,0.4717,0.4096,72.0,77.0,88.0,39.0,57.1754,1
390,13.0,248.1798,238.7186,0.0006,0.0,0.0117,253.0,253.0,253.0,0.041,0.2609,0.6797,0.3583,0.4611,0.4718,0.4096,72.0,77.0,88.0,39.0,57.1716,1
391,13.0333,247.5254,236.7568,0.6491,0.0057,0.3672,253.0,253.0,253.0,0.0466,0.2625,0.7391,0.3583,0.4611,0.5005,0.4094,72.0,77.0,88.0,41.0,56.2817,1
392,13.0667,247.5248,236.755,0.001,0.0,0.008,253.0,253.0,253.0,0.0466,0.2625,0.7391,0.3583,0.4611,0.5005,0.4094,72.0,77.0,88.0,41.0,56.3018,1
393,13.1,247.5251,236.7558,0.0006,0.0,0.0076,253.0,253.0,253.0,0.0466,0.2625,0.7391,0.3583,0.4611,0.5005,0.4094,72.0,77.0,88.0,41.0,56.2958,1
394,13.1333,246.5785,233.9185,0.9405,0.0083,0.9356,253.0,253.0,253.0,0.0522,0.2578,0.7375,0.3583,0.5444,0.4786,0.4212,72.0,77.0,88.0,39.0,57.8787,2
395,13.1667,246.5789,233.9196,0.0017,0.0,0.0296,253.0,253.0,253.0,0.0522,0.2578,0.7375,0.3583,0.5444,0.4786,0.4212,72.0,77.0,88.0,39.0,57.9154,2
396,13.2,246.5792,233.9206,0.001,0.0,0.0176,253.0,253.0,253.0,0.0522,0.2578,0.7375,0.3583,0.5444,0.4786,0.4212,72.0,77.0,88.0,39.0,57.9223,2
397,13.2333,246.5793,233.9207,0.0005,0.0,0.008,253.0,253.0,253.0,0.0522,0.2578,0.7375,0.3583,0.5444,0.4786,0.4212,72.0,77.0,88.0,39.0,57.9213,2
398,13.2667,245.6266,231.065,0.9461,0.0093,1.0284,253.0,253.0,253.0,0.0562,0.2578,0.7375,0.3583,0.5472,0.4728,0.4299,72.0,79.0,88.0,37.0,60.2431,2
399,13.3,245.6268,231.0656,0.0013,0.0,0.0185,253.0,253.0,253.0,0.0562,0.2578,0.7375,0.3583,0.5472,0.4728,0.4299,72.0,79.0,88.0,37.0,60.2581,2
400,13.3333,245.6268,231.0654,0.0003,0.0,0.005,253.0,253.0,253.0,0.0562,0.2578,0.7375,0.3583,0.5472,0.4728,0.4299,72.0,79.0,88.0,37.0,60.2572,2
401,13.3667,244.1725,226.7059,1.4437,0.0132,1.3168,253.0,253.0,253.0,0.062,0.2578,0.7359,0.3583,0.55,0.4766,0.4408,73.0,79.0,89.0,36.0,63.2474,2
402,13.4,244.1726,226.7063,0.0015,0.0,0.0196,253.0,253.0,253.0,0.062,0.2578,0.7359,0.3583,0.55,0.4766,0.4408,73.0,79.0,89.0,36.0,63.2527,2
403,13.4333,244.1726,226.7063,0.0004,0.0,0.0052,253.0,253.0,253.0,0.062,0.2578,0.7359,0.3583,0.55,0.4766,0.4408,73.0,79.0,89.0,36.0,63.244,2
404,13.4667,244.1725,226.706,0.0011,0.0,0.0156,253.0,253.0,253.0,0.062,0.2578,0.7359,0.3583,0.55,0.4766,0.4408,73.0,79.0,89.0,36.0,63.2466,2
405,13.5,242.7854,222.5478,1.3768,0.013,0.3282,253.0,253.0,253.0,0.0702,0.2562,0.7359,0.3583,0.6333,0.4586,0.4608,80.0,84.0,91.0,36.0,66.5112,1
406,13.5333,242.7859,222.5493,0.0029,0.0,0.0336,253.0,253.0,253.0,0.0702,0.2562,0.7359,0.3583,0.6333,0.4586,0.4608,80.0,84.0,91.0,36.0,66.5169,1
407,13.5667,242.7858,222.5493,0.0006,0.0,0.0082,253.0,253.0,253.0,0.0702,0.2562,0.7359,0.3583,0.6333,0.4586,0.4608,80.0,84.0,91.0,36.0,66.5154,1
408,13.6,242.7858,222.5492,0.0004,0.0,0.0055,253.0,253.0,253.0,0.0702,0.2562,0.7359,0.3583,0.6333,0.4586,0.4608,80.0,84.0,91.0,36.0,66.5139,1
409,13.6333,242.786,222.5498,0.0006,0.0,0.0078,253.0,253.0,253.0,0.0702,0.2562,0.7359,0.3583,0.6333,0.4586,0.4608,80.0,84.0,91.0,36.0,66.5189,1
410,13.6667,242.786,222.5499,0.0002,0.0,0.0031,253.0,253.0,253.0,0.0702,0.2562,0.7359,0.3583,0.6333,0.4586,0.4608,80.0,84.0,91.0,36.0,66.5196,1
411,13.7,241.7182,219.3488,1.0601,0.0089,1.0578,253.0,253.0,253.0,0.0759,0.2578,0.7344,0.3583,0.6361,0.4572,0.4721,79.0,84.0,91.0,36.0,67.2746,1
412,13.7333,241.7184,219.3496,0.0012,0.0,0.0137,253.0,253.0,253.0,0.0759,0.2578,0.7344,0.3583,0.6361,0.4572,0.4721,79.0,84.0,90.5,36.0,67.278,1
413,13.7667,241.7184,219.3495,0.0004,0.0,0.0049,253.0,253.0,253.0,0.0759,0.2578,0.7344,0.3583,0.6361,0.4572,0.4721,79.0,84.0,90.5,36.0,67.2779,1
414,13.8,241.7184,219.3495,0.0004,0.0,0.0048,253.0,253.0,253.0,0.0759,0.2578,0.7344,0.3583,0.6361,0.4572,0.4721,79.0,84.0,90.5,36.0,67.2777,1
415,13.8333,241.7184,219.3495,0.0006,0.0,0.0068,253.0,253.0,253.0,0.0759,0.2578,0.7344,0.3583,0.6361,0.4572,0.4721,79.0,84.0,90.5,36.0,67.2772,1
416,13.8667,241.7184,219.3494,0.0004,0.0,0.0047,253.0,253.0,253.0,0.0759,0.2578,0.7344,0.3583,0.6361,0.4572,0.4721,79.0,84.0,90.5,36.0,67.2774,1
417,13.9,241.7184,219.3495,0.0004,0.0,0.0047,253.0,253.0,253.0,0.0759,0.2578,0.7344,0.3583,0.6361,0.4572,0.4721,79.0,84.0,90.5,36.0,67.2772,1
418,13.9333,241.7184,219.3494,0.0004,0.0,0.0047,253.0,253.0,253.0,0.0759,0.2578,0.7344,0.3583,0.6361,0.4572,0.4721,79.0,84.0,90.5,36.0,67.2774,1
419,13.9667,241.7184,219.3495,0.0004,0.0,0.0047,253.0,253.0,253.0,0.0759,0.2578,0.7344,0.3583,0.6361,0.4572,0.4721,79.0,84.0,90.5,36.0,67.2772,1
420,14.0,241.7188,219.3507,0.0817,0.0005,0.8244,253.0,253.0,253.0,0.0759,0.2578,0.7344,0.3583,0.6361,0.4571,0.4721,79.0,84.0,91.0,35.0,67.0457,1
421,14.0333,241.721,219.3573,0.0081,0.0001,0.0836,253.0,253.0,253.0,0.076,0.2578,0.7344,0.3583,0.6361,0.457,0.4721,79.0,83.0,90.0,35.0,67.1379,1
422,14.0667,241.7211,219.3577,0.001,0.0,0.0077,253.0,253.0,253.0,0.0759,0.2578,0.7344,0.3583,0.6361,0.457,0.4721,77.0,83.0,90.0,35.0,67.1412,1
423,14.1,241.7211,219.3576,0.0003,0.0,0.0043,253.0,253.0,253.0,0.0759,0.2578,0.7344,0.3583,0.6361,0.457,0.4721,77.0,83.0,90.0,35.0,67.1407,1
424,14.1333,241.7211,219.3575,0.0003,0.0,0.0037,253.0,253.0,253.0,0.0759,0.2578,0.7344,0.3583,0.6361,0.457,0.4721,77.0,83.0,90.0,35.0,67.1399,1
425,14.1667,241.7211,219.3575,0.0002,0.0,0.003,253.0,253.0,253.0,0.0759,0.2578,0.7344,0.3583,0.6361,0.457,0.4721,77.0,83.0,90.0,35.0,67.1403,1
426,14.2,241.7211,219.3575,0.0002,0.0,0.003,253.0,253.0,253.0,0.0759,0.2578,0.7344,0.3583,0.6361,0.457,0.4721,77.0,83.0,90.0,35.0,67.1399,1
427,14.2333,241.7211,219.3576,0.0002,0.0,0.003,253.0,253.0,253.0,0.0759,0.2578,0.7344,0.3583,0.6361,0.457,0.4721,77.0,83.0,90.0,35.0,67.1409,1
428,14.2667,241.7211,219.3574,0.0002,0.0,0.0033,253.0,253.0,253.0,0.0759,0.2578,0.7344,0.3583,0.6361,0.457,0.4721,77.0,83.0,90.0,35.0,67.1395,1
429,14.3,241.7211,219.3575,0.0002,0.0,0.0026,253.0,253.0,253.0,0.0759,0.2578,0.7344,0.3583,0.6361,0.457,0.4721,77.0,83.0,90.0,35.0,67.1397,1
430,14.3333,241.7211,219.3574,0.0002,0.0,0.0026,253.0,253.0,253.0,0.0759,0.2578,0.7344,0.3583,0.6361,0.457,0.4721,77.0,83.0,90.0,35.0,67.1395,1
431,14.3667,241.7211,219.3575,0.0002,0.0,0.0026,253.0,253.0,253.0,0.0759,0.2578,0.7344,0.3583,0.6361,0.457,0.4721,77.0,83.0,90.0,35.0,67.1397,1
432,14.4,241.7211,219.3576,0.0003,0.0,0.0033,253.0,253.0,253.0,0.0759,0.2578,0.7344,0.3583,0.6361,0.457,0.4721,77.0,83.0,90.0,35.0,67.1407,1
433,14.4333,241.7211,219.3575,0.0002,0.0,0.0032,253.0,253.0,253.0,0.0759,0.2578,0.7344,0.3583,0.6361,0.457,0.4721,77.0,83.0,90.0,35.0,67.1399,1
434,14.4667,241.721,219.3573,0.0005,0.0,0.0051,253.0,253.0,253.0,0.0759,0.2578,0.7344,0.3583,0.6361,0.457,0.4721,77.0,83.0,90.0,35.0,67.1439,1
435,14.5,241.7209,219.3571,0.0006,0.0,0.0063,253.0,253.0,253.0,0.0759,0.2578,0.7344,0.3583,0.6361,0.457,0.4721,77.0,83.0,90.0,35.0,67.137,1
436,14.5333,241.7212,219.3578,0.0005,0.0,0.0063,253.0,253.0,253.0,0.0759,0.2578,0.7344,0.3583,0.6361,0.457,0.4721,77.0,83.0,90.0,35.0,67.144,1
437,14.5667,241.7213,219.358,0.0006,0.0,0.0065,253.0,253.0,253.0,0.0759,0.2578,0.7344,0.3583,0.6361,0.457,0.4721,77.0,83.0,90.0,35.0,67.1457,1
438,14.6,241.722,219.3601,0.001,0.0,0.0059,253.0,253.0,253.0,0.0759,0.2578,0.7344,0.3583,0.6361,0.457,0.4721,77.0,83.0,90.0,35.0,67.1565,1
439,14.6333,241.7222,219.3609,0.0003,0.0,0.0038,253.0,253.0,253.0,0.0759,0.2578,0.7344,0.3583,0.6361,0.457,0.4721,77.0,83.0,90.0,35.0,67.1649,1
440,14.6667,241.7222,219.361,0.0002,0.0,0.0018,253.0,253.0,253.0,0.0759,0.2578,0.7344,0.3583,0.6361,0.457,0.4721,77.0,83.0,90.0,35.0,67.1729,1
441,14.7,1.9301,5.6027,241.6082,0.0737,116.7127,0.0,0.0,0.0,0.0151,0.275,0.455,0.3833,0.4972,0.3651,0.4389,52.0,52.0,52.0,0.0,79.2076,1
442,14.7333,1.9307,5.6047,0.0016,0.0,0.0724,0.0,0.0,0.0,0.0151,0.275,0.455,0.3833,0.4972,0.3651,0.4389,52.0,52.0,52.0,0.0,79.3675,1
443,14.7667,1.9307,5.6046,0.0003,0.0,0.0167,0.0,0.0,0.0,0.0151,0.275,0.455,0.3833,0.4972,0.3651,0.4389,52.0,52.0,52.0,0.0,79.3905,1
444,14.8,1.9304,5.6038,0.0003,0.0,0.021,0.0,0.0,0.0,0.0151,0.275,0.455,0.3833,0.4972,0.3651,0.4389,52.0,52.0,52.0,0.0,79.3698,1
445,14.8333,1.9307,5.6046,0.0004,0.0,0.0239,0.0,0.0,0.0,0.0151,0.275,0.4551,0.3833,0.4972,0.3651,0.4389,52.0,52.0,52.0,0.0,79.3805,1
446,14.8667,1.9307,5.6046,0.0,0.0,0.0,0.0,0.0,0.0,0.0151,0.275,0.4551,0.3833,0.4972,0.3651,0.4389,52.0,52.0,52.0,0.0,79.3805,1
447,14.9,1.9307,5.6047,0.0002,0.0,0.0138,0.0,0.0,0.0,0.0151,0.275,0.4551,0.3833,0.4972,0.3651,0.4389,52.0,52.0,52.0,0.0,79.354,1
448,14.9333,1.9307,5.6046,0.0002,0.0,0.0135,0.0,0.0,0.0,0.0151,0.275,0.4551,0.3833,0.4972,0.3651,0.4389,52.0,52.0,52.0,0.0,79.3782,1
449,14.9667,1.9307,5.6046,0.0,0.0,0.0,0.0,0.0,0.0,0.0151,0.275,0.4551,0.3833,0.4972,0.3651,0.4389,52.0,52.0,52.0,0.0,79.3782,1
450,15.0,2.6378,7.7243,0.78,0.0069,0.0473,0.0,0.0,0.0,0.0214,0.2781,0.5355,0.3861,0.4944,0.406,0.4398,25.0,25.0,25.0,0.0,76.0768,1
451,15.0333,2.6379,7.7246,0.0006,0.0,0.0211,0.0,0.0,0.0,0.0214,0.2781,0.5355,0.3861,0.4944,0.406,0.4398,25.0,25.0,25.0,0.0,76.1068,1
452,15.0667,2.6379,7.7245,0.0002,0.0,0.0091,0.0,0.0,0.0,0.0214,0.2781,0.5355,0.3861,0.4944,0.406,0.4398,25.0,25.0,25.0,0.0,76.089,1
453,15.1,2.6379,7.7245,0.0,0.0,0.0,0.0,0.0,0.0,0.0214,0.2781,0.5355,0.3861,0.4944,0.406,0.4398,25.0,25.0,25.0,0.0,76.089,1
454,15.1333,2.6379,7.7245,0.0,0.0,0.0,0.0,0.0,0.0,0.0214,0.2781,0.5355,0.3861,0.4944,0.406,0.4398,25.0,25.0,25.0,0.0,76.089,1
455,15.1667,2.6379,7.7246,0.0,0.0,0.0014,0.0,0.0,0.0,0.0214,0.2781,0.5355,0.3861,0.4944,0.406,0.4398,25.0,25.0,25.0,0.0,76.0902,1
456,15.2,2.6379,7.7246,0.0002,0.0,0.0091,0.0,0.0,0.0,0.0214,0.2781,0.5355,0.3861,0.4944,0.406,0.4398,25.0,25.0,25.0,0.0,76.106,1
457,15.2333,2.6379,7.7246,0.0,0.0,0.0,0.0,0.0,0.0,0.0214,0.2781,0.5355,0.3861,0.4944,0.406,0.4398,25.0,25.0,25.0,0.0,76.106,1
458,15.2667,4.239,12.5241,1.6742,0.0138,0.0526,0.0,0.0,0.0,0.0345,0.2797,0.7219,0.3889,0.4889,0.4958,0.4396,22.0,22.0,22.0,0.0,76.4603,1
459,15.3,4.2388,12.5236,0.0011,0.0,0.0257,0.0,0.0,0.0,0.0345,0.2797,0.7219,0.3889,0.4889,0.4958,0.4396,22.0,22.0,22.0,0.0,76.4874,1
460,15.3333,4.2387,12.5233,0.0001,0.0,0.0029,0.0,0.0,0.0,0.0345,0.2797,0.7219,0.3889,0.4889,0.4958,0.4396,22.0,22.0,22.0,0.0,76.4821,1
461,15.3667,4.2387,12.5233,0.0,0.0,0.0001,0.0,0.0,0.0,0.0345,0.2797,0.7219,0.3889,0.4889,0.4958,0.4396,22.0,22.0,22.0,0.0,76.4823,1
462,15.4,4.2387,12.5232,0.0,0.0,0.0008,0.0,0.0,0.0,0.0345,0.2797,0.7219,0.3889,0.4889,0.4958,0.4396,22.0,22.0,22.0,0.0,76.4818,1
463,15.4333,4.2387,12.5233,0.0,0.0,0.0008,0.0,0.0,0.0,0.0345,0.2797,0.7219,0.3889,0.4889,0.4958,0.4396,22.0,22.0,22.0,0.0,76.4823,1
464,15.4667,4.2387,12.5232,0.0,0.0,0.0008,0.0,0.0,0.0,0.0345,0.2797,0.7219,0.3889,0.4889,0.4958,0.4396,22.0,22.0,22.0,0.0,76.4818,1
465,15.5,4.7229,13.9747,0.5581,0.0047,0.102,0.0,0.0,0.0,0.0385,0.275,0.7203,0.3911,0.6111,0.4726,0.4553,22.0,22.0,22.0,0.0,76.168,2
466,15.5333,4.7229,13.9745,0.0005,0.0,0.0088,0.0,0.0,0.0,0.0385,0.275,0.7203,0.3911,0.6111,0.4726,0.4553,22.0,22.0,22.0,0.0,76.2027,2
467,15.5667,4.7229,13.9746,0.0,0.0,0.0006,0.0,0.0,0.0,0.0385,0.275,0.7203,0.3911,0.6111,0.4726,0.4553,22.0,22.0,22.0,0.0,76.2164,2
468,15.6,4.7229,13.9745,0.0,0.0,0.0002,0.0,0.0,0.0,0.0385,0.275,0.7203,0.3911,0.6111,0.4726,0.4553,22.0,22.0,22.0,0.0,76.2018,2
469,15.6333,4.7229,13.9745,0.0,0.0,0.0,0.0,0.0,0.0,0.0385,0.275,0.7203,0.3911,0.6111,0.4726,0.4553,22.0,22.0,22.0,0.0,76.2018,2
470,15.6667,4.7229,13.9745,0.0,0.0,0.0,0.0,0.0,0.0,0.0385,0.275,0.7203,0.3911,0.6111,0.4726,0.4553,22.0,22.0,22.0,0.0,76.2018,2
471,15.7,4.7232,13.9754,0.0003,0.0,0.0077,0.0,0.0,0.0,0.0385,0.275,0.7203,0.3911,0.6111,0.4726,0.4553,22.0,22.0,22.0,0.0,76.232,2
472,15.7333,4.7231,13.9754,0.0,0.0,0.0006,0.0,0.0,0.0,0.0385,0.275,0.7203,0.3911,0.6111,0.4726,0.4553,22.0,22.0,22.0,0.0,76.2306,2
473,15.7667,7.4614,22.1839,2.81,0.0238,0.1725,0.0,0.0,0.0,0.0616,0.2781,0.7172,0.3917,0.6167,0.4824,0.5015,19.0,19.0,19.0,0.0,77.3852,2
474,15.8,7.4612,22.1831,0.0017,0.0,0.0202,0.0,0.0,0.0,0.0616,0.2781,0.7172,0.3917,0.6167,0.4824,0.5015,19.0,19.0,19.0,0.0,77.4036,2
475,15.8333,7.4611,22.1828,0.0001,0.0,0.0022,0.0,0.0,0.0,0.0616,0.2781,0.7172,0.3917,0.6167,0.4824,0.5015,19.0,19.0,19.0,0.0,77.4082,2
476,15.8667,7.4609,22.1823,0.0002,0.0,0.003,0.0,0.0,0.0,0.0616,0.2781,0.7172,0.3917,0.6167,0.4824,0.5015,19.0,19.0,19.0,0.0,77.4029,2
477,15.9,7.4609,22.1823,0.0,0.0,0.0,0.0,0.0,0.0,0.0616,0.2781,0.7172,0.3917,0.6167,0.4824,0.5015,19.0,19.0,19.0,0.0,77.4029,2
478,15.9333,7.4609,22.1823,0.0,0.0,0.0,0.0,0.0,0.0,0.0616,0.2781,0.7172,0.3917,0.6167,0.4824,0.5015,19.0,19.0,19.0,0.0,77.4029,2
479,15.9667,7.4609,22.1823,0.0,0.0,0.0,0.0,0.0,0.0,0.0616,0.2781,0.7172,0.3917,0.6167,0.4824,0.5015,19.0,19.0,19.0,0.0,77.4029,2
480,16.0,7.4628,22.1878,0.0239,0.0001,0.2758,0.0,0.0,0.0,0.0616,0.2781,0.7172,0.3917,0.6167,0.4825,0.5015,19.0,19.0,19.0,0.0,77.3296,2
481,16.0333,7.463,22.1884,0.0053,0.0001,0.0589,0.0,0.0,0.0,0.0616,0.2781,0.7172,0.3917,0.6167,0.4824,0.5015,19.0,19.0,19.0,0.0,77.4315,2
482,16.0667,7.463,22.1883,0.0002,0.0,0.0031,0.0,0.0,0.0,0.0616,0.2781,0.7172,0.3917,0.6167,0.4824,0.5015,19.0,19.0,19.0,0.0,77.4353,2
483,16.1,7.463,22.1883,0.0,0.0,0.0,0.0,0.0,0.0,0.0616,0.2781,0.7172,0.3917,0.6167,0.4824,0.5015,19.0,19.0,19.0,0.0,77.4353,2
484,16.1333,7.463,22.1883,0.0,0.0,0.0,0.0,0.0,0.0,0.0616,0.2781,0.7172,0.3917,0.6167,0.4824,0.5015,19.0,19.0,19.0,0.0,77.4353,2
485,16.1667,7.463,22.1883,0.0,0.0,0.0,0.0,0.0,0.0,0.0616,0.2781,0.7172,0.3917,0.6167,0.4824,0.5015,19.0,19.0,19.0,0.0,77.4353,2
486,16.2,7.463,22.1883,0.0,0.0,0.0,0.0,0.0,0.0,0.0616,0.2781,0.7172,0.3917,0.6167,0.4824,0.5015,19.0,19.0,19.0,0.0,77.4353,2
487,16.2333,7.463,22.1883,0.0,0.0,0.0,0.0,0.0,0.0,0.0616,0.2781,0.7172,0.3917,0.6167,0.4824,0.5015,19.0,19.0,19.0,0.0,77.4353,2
488,16.2667,7.463,22.1883,0.0,0.0,0.0,0.0,0.0,0.0,0.0616,0.2781,0.7172,0.3917,0.6167,0.4824,0.5015,19.0,19.0,19.0,0.0,77.4353,2
489,16.3,7.463,22.1883,0.0,0.0,0.0,0.0,0.0,0.0,0.0616,0.2781,0.7172,0.3917,0.6167,0.4824,0.5015,19.0,19.0,19.0,0.0,77.4353,2
490,16.3333,7.463,22.1883,0.0,0.0,0.0,0.0,0.0,0.0,0.0616,0.2781,0.7172,0.3917,0.6167,0.4824,0.5015,19.0,19.0,19.0,0.0,77.4353,2
491,16.3667,7.463,22.1883,0.0,0.0,0.0,0.0,0.0,0.0,0.0616,0.2781,0.7172,0.3917,0.6167,0.4824,0.5015,19.0,19.0,19.0,0.0,77.4353,2
492,16.4,7.463,22.1883,0.0,0.0,0.0,0.0,0.0,0.0,0.0616,0.2781,0.7172,0.3917,0.6167,0.4824,0.5015,19.0,19.0,19.0,0.0,77.4353,2
493,16.4333,7.463,22.1883,0.0,0.0,0.0,0.0,0.0,0.0,0.0616,0.2781,0.7172,0.3917,0.6167,0.4824,0.5015,19.0,19.0,19.0,0.0,77.4353,2
494,16.4667,7.463,22.1883,0.0,0.0,0.0,0.0,0.0,0.0,0.0616,0.2781,0.7172,0.3917,0.6167,0.4824,0.5015,19.0,19.0,19.0,0.0,77.4353,2
495,16.5,7.463,22.1883,0.0,0.0,0.0,0.0,0.0,0.0,0.0616,0.2781,0.7172,0.3917,0.6167,0.4824,0.5015,19.0,19.0,19.0,0.0,77.4353,2
496,16.5333,7.463,22.1883,0.0,0.0,0.0,0.0,0.0,0.0,0.0616,0.2781,0.7172,0.3917,0.6167,0.4824,0.5015,19.0,19.0,19.0,0.0,77.4353,2
497,16.5667,7.463,22.1883,0.0,0.0,0.0,0.0,0.0,0.0,0.0616,0.2781,0.7172,0.3917,0.6167,0.4824,0.5015,19.0,19.0,19.0,0.0,77.4353,2
498,16.6,7.463,22.1883,0.0,0.0,0.0,0.0,0.0,0.0,0.0616,0.2781,0.7172,0.3917,0.6167,0.4824,0.5015,19.0,19.0,19.0,0.0,77.4353,2
499,16.6333,7.463,22.1883,0.0,0.0,0.0,0.0,0.0,0.0,0.0616,0.2781,0.7172,0.3917,0.6167,0.4824,0.5015,19.0,19.0,19.0,0.0,77.4353,2
500,16.6667,7.463,22.1883,0.0,0.0,0.0,0.0,0.0,0.0,0.0616,0.2781,0.7172,0.3917,0.6167,0.4824,0.5015,19.0,19.0,19.0,0.0,77.4353,2
501,16.7,7.4625,22.1869,0.0005,0.0,0.0074,0.0,0.0,0.0,0.0616,0.2781,0.7172,0.3917,0.6167,0.4824,0.5015,19.0,19.0,19.0,0.0,77.4504,2
502,16.7333,7.4625,22.1869,0.0,0.0,0.0,0.0,0.0,0.0,0.0616,0.2781,0.7172,0.3917,0.6167,0.4824,0.5015,19.0,19.0,19.0,0.0,77.4504,2
503,16.7667,7.4625,22.1869,0.0,0.0,0.0,0.0,0.0,0.0,0.0616,0.2781,0.7172,0.3917,0.6167,0.4824,0.5015,19.0,19.0,19.0,0.0,77.4504,2
504,16.8,7.4625,22.1869,0.0,0.0,0.0,0.0,0.0,0.0,0.0616,0.2781,0.7172,0.3917,0.6167,0.4824,0.5015,19.0,19.0,19.0,0.0,77.4504,2
505,16.8333,7.4625,22.1869,0.0,0.0,0.0,0.0,0.0,0.0,0.0616,0.2781,0.7172,0.3917,0.6167,0.4824,0.5015,19.0,19.0,19.0,0.0,77.4504,2
506,16.8667,7.4625,22.1869,0.0,0.0,0.0,0.0,0.0,0.0,0.0616,0.2781,0.7172,0.3917,0.6167,0.4824,0.5015,19.0,19.0,19.0,0.0,77.4504,2
507,16.9,7.4625,22.1869,0.0,0.0,0.0,0.0,0.0,0.0,0.0616,0.2781,0.7172,0.3917,0.6167,0.4824,0.5015,19.0,19.0,19.0,0.0,77.4504,2
508,16.9333,7.4625,22.1869,0.0,0.0,0.0,0.0,0.0,0.0,0.0616,0.2781,0.7172,0.3917,0.6167,0.4824,0.5015,19.0,19.0,19.0,0.0,77.4504,2
509,16.9667,7.4625,22.1869,0.0,0.0,0.0,0.0,0.0,0.0,0.0616,0.2781,0.7172,0.3917,0.6167,0.4824,0.5015,19.0,19.0,19.0,0.0,77.4504,2
510,17.0,7.4625,22.1869,0.0,0.0,0.0,0.0,0.0,0.0,0.0616,0.2781,0.7172,0.3917,0.6167,0.4824,0.5015,19.0,19.0,19.0,0.0,77.4504,2
511,17.0333,7.4625,22.1869,0.0,0.0,0.0,0.0,0.0,0.0,0.0616,0.2781,0.7172,0.3917,0.6167,0.4824,0.5015,19.0,19.0,19.0,0.0,77.4504,2
512,17.0667,7.4625,22.1869,0.0,0.0,0.0,0.0,0.0,0.0,0.0616,0.2781,0.7172,0.3917,0.6167,0.4824,0.5015,19.0,19.0,19.0,0.0,77.4504,2
513,17.1,7.4626,22.187,0.0,0.0,0.0005,0.0,0.0,0.0,0.0616,0.2781,0.7172,0.3917,0.6167,0.4824,0.5015,19.0,19.0,19.0,0.0,77.449,2
514,17.1333,7.4626,22.187,0.0,0.0,0.0,0.0,0.0,0.0,0.0616,0.2781,0.7172,0.3917,0.6167,0.4824,0.5015,19.0,19.0,19.0,0.0,77.449,2
515,17.1667,252.5462,251.9023,245.1127,0.0644,0.0,253.0,253.0,253.0,0.0028,0.1594,0.2047,0.3444,0.4431,0.1814,0.3898,152.0,194.0,249.0,72.0,72.4994,1
516,17.2,252.2656,251.0613,0.3016,0.0022,15.8662,253.0,253.0,253.0,0.0047,0.1594,0.2312,0.3444,0.4389,0.1956,0.3905,175.0,200.0,243.0,72.0,72.9379,1
517,17.2333,252.1206,250.6262,0.1805,0.0014,19.5131,253.0,253.0,253.0,0.0058,0.1594,0.2406,0.3444,0.4444,0.2032,0.3921,146.0,193.0,242.0,72.0,72.617,1
518,17.2667,251.8716,249.88,0.2798,0.0018,14.7658,253.0,253.0,253.0,0.0072,0.1609,0.2672,0.3461,0.4417,0.2136,0.3931,168.0,196.0,238.0,72.0,72.0484,1
519,17.3,251.6361,249.1739,0.2661,0.0018,6.2904,253.0,253.0,253.0,0.0086,0.1609,0.2906,0.3472,0.4417,0.2245,0.3934,169.0,194.0,236.0,72.0,77.9597,1
520,17.3333,251.6363,249.1747,0.0003,0.0,0.0146,253.0,253.0,253.0,0.0086,0.1609,0.2906,0.3472,0.4417,0.2245,0.3934,169.0,194.0,236.0,72.0,77.9491,1
521,17.3667,251.472,248.6819,0.1998,0.0013,5.9419,253.0,253.0,253.0,0.0096,0.1609,0.3062,0.3472,0.4417,0.2319,0.3929,174.0,197.0,235.0,72.0,78.7057,1
522,17.4,251.2257,247.9435,0.2707,0.0018,4.2114,253.0,253.0,253.0,0.0111,0.1609,0.3312,0.3472,0.4417,0.2438,0.3934,171.0,196.5,235.0,72.0,77.8032,1
523,17.4333,250.9279,247.051,0.3248,0.0023,5.9827,253.0,253.0,253.0,0.013,0.1609,0.3594,0.3472,0.4393,0.2588,0.393,171.0,196.0,233.0,72.0,77.4259,1
524,17.4667,250.8102,246.698,0.1459,0.0011,4.7171,253.0,253.0,253.0,0.0137,0.1609,0.3688,0.3472,0.4389,0.2641,0.3927,171.0,194.0,232.0,72.0,76.3284,1
525,17.5,250.5511,245.9215,0.2868,0.002,3.9273,253.0,253.0,253.0,0.0152,0.1609,0.3953,0.3472,0.4361,0.2765,0.3928,171.0,194.0,235.0,72.0,79.3636,1
526,17.5333,250.2863,245.1276,0.2913,0.0021,0.9903,253.0,253.0,253.0,0.0167,0.1609,0.4281,0.3472,0.4361,0.2893,0.3931,176.0,204.0,236.0,72.0,78.7888,1
527,17.5667,250.0325,244.367,0.2803,0.0019,3.0634,253.0,253.0,253.0,0.0183,0.1625,0.4562,0.3472,0.4333,0.3026,0.3933,179.0,207.0,237.0,72.0,77.4624,1
528,17.6,249.7873,243.6318,0.2716,0.0019,3.6452,253.0,253.0,253.0,0.0199,0.1625,0.4828,0.3472,0.4333,0.3166,0.3933,179.0,205.0,237.0,72.0,78.1842,1
529,17.6333,249.7873,243.6319,0.0007,0.0,0.0247,253.0,253.0,253.0,0.0199,0.1625,0.4828,0.3472,0.4333,0.3166,0.3933,179.0,205.0,237.0,72.0,78.1843,1
530,17.6667,249.6143,243.1132,0.208,0.0013,2.4866,253.0,253.0,253.0,0.0207,0.1625,0.4984,0.3472,0.4333,0.3241,0.3931,180.0,207.0,236.0,72.0,78.5921,1
531,17.7,249.4654,242.6665,0.1721,0.0012,2.9083,253.0,253.0,253.0,0.0216,0.1625,0.5156,0.3472,0.4333,0.3319,0.393,179.0,207.0,237.0,72.0,78.7072,1
532,17.7333,249.2209,241.9335,0.2661,0.0019,2.5877,253.0,253.0,253.0,0.0232,0.1625,0.5406,0.3472,0.4333,0.3451,0.3932,180.0,207.0,239.0,72.0,77.564,1
533,17.7667,249.1037,241.5821,0.1477,0.0012,2.8963,253.0,253.0,253.0,0.0239,0.1625,0.55,0.3472,0.4333,0.3511,0.3929,180.0,208.0,237.0,72.0,76.6296,1
534,17.8,248.8689,240.8785,0.2606,0.0018,2.0732,253.0,253.0,253.0,0.0252,0.1625,0.575,0.3472,0.4306,0.3623,0.393,180.0,207.0,237.0,72.0,77.6157,1
535,17.8333,248.4687,239.6788,0.4165,0.0027,0.5378,253.0,253.0,253.0,0.0273,0.1625,0.6203,0.3472,0.4306,0.3809,0.3931,180.0,208.0,237.0,72.0,77.6249,1
536,17.8667,248.3593,239.3508,0.1317,0.0013,1.256,253.0,253.0,253.0,0.0282,0.1625,0.6312,0.3472,0.4306,0.3887,0.3929,180.0,208.0,239.0,72.0,76.9572,1
537,17.9,248.3594,239.3512,0.0007,0.0,0.0172,253.0,253.0,253.0,0.0282,0.1625,0.6312,0.3472,0.4306,0.3888,0.3929,180.0,207.0,239.0,72.0,77.0222,1
538,17.9333,248.1879,238.8368,0.2028,0.0014,2.1289,253.0,253.0,253.0,0.0291,0.1625,0.6453,0.3472,0.4306,0.3968,0.3927,180.0,208.0,236.0,72.0,77.4762,1
539,17.9667,247.921,238.037,0.2906,0.002,1.9179,253.0,253.0,253.0,0.0308,0.1625,0.6734,0.3472,0.4306,0.4117,0.3925,180.0,209.0,237.0,72.0,77.1342,1
540,18.0,247.6177,237.1296,0.359,0.0027,1.2594,253.0,253.0,253.0,0.0325,0.1641,0.7094,0.3472,0.4306,0.428,0.3928,180.0,208.0,236.0,72.0,76.6996,1
541,18.0333,247.373,236.3958,0.2756,0.0019,1.567,253.0,253.0,253.0,0.0339,0.1641,0.7344,0.3472,0.4278,0.4408,0.3929,180.0,208.0,237.0,72.0,78.048,1
542,18.0667,247.1371,235.6891,0.2703,0.0016,1.5304,253.0,253.0,253.0,0.0351,0.1641,0.7578,0.3497,0.4278,0.4514,0.3931,180.0,208.0,236.0,72.0,78.4054,1
543,18.1,247.1377,235.6901,0.0011,0.0,0.0178,253.0,253.0,253.0,0.0351,0.1641,0.7578,0.3498,0.4278,0.4512,0.3931,180.0,208.0,236.0,72.0,78.3569,1
544,18.1333,246.8851,234.9328,0.2799,0.002,1.1308,253.0,253.0,253.0,0.0369,0.1641,0.7843,0.3501,0.4333,0.4668,0.3935,180.0,208.0,236.0,72.0,78.1075,1
545,18.1667,246.6831,234.3275,0.235,0.0017,0.3385,253.0,253.0,253.0,0.0381,0.1641,0.8094,0.3528,0.4333,0.4777,0.3933,180.0,209.0,237.0,72.0,76.9316,1
546,18.2,246.4336,233.7162,0.2714,0.0019,1.4084,253.0,253.0,253.0,0.0397,0.1641,0.8359,0.3528,0.4306,0.4915,0.3934,180.0,208.0,237.0,72.0,76.6655,1
547,18.2333,246.1815,232.8715,0.2919,0.0026,0.1197,253.0,253.0,253.0,0.0414,0.1641,0.8266,0.3528,0.5167,0.4718,0.3987,180.0,209.0,238.0,72.0,75.5757,4
548,18.2667,246.1818,232.8722,0.0007,0.0,0.0088,253.0,253.0,253.0,0.0414,0.1641,0.8266,0.3528,0.5167,0.4719,0.3986,180.0,209.5,238.0,72.0,75.596,4
549,18.3,245.947,232.1683,0.264,0.0021,1.1212,253.0,253.0,253.0,0.0431,0.1641,0.8266,0.3528,0.525,0.4618,0.4022,180.0,210.0,239.0,72.0,75.6618,4
550,18.3333,245.6938,231.4091,0.2781,0.002,1.0632,253.0,253.0,253.0,0.0446,0.1641,0.8266,0.3528,0.525,0.4538,0.4054,180.0,210.0,239.0,72.0,76.2758,4
551,18.3667,245.474,230.7503,0.2482,0.0021,0.3129,253.0,253.0,253.0,0.0464,0.1641,0.8266,0.3528,0.525,0.4466,0.4081,180.0,210.0,240.0,72.0,75.6414,3
552,18.4,245.2565,230.0983,0.2439,0.0019,0.631,253.0,253.0,253.0,0.0479,0.1641,0.825,0.3528,0.525,0.4415,0.4108,181.0,210.0,242.0,72.0,75.3348,3
553,18.4333,245.2565,230.0985,0.0003,0.0,0.0017,253.0,253.0,253.0,0.0479,0.1641,0.825,0.3528,0.525,0.4415,0.4108,181.0,210.0,242.0,72.0,75.343,3
554,18.4667,244.9737,229.2507,0.3073,0.0025,0.1937,253.0,253.0,253.0,0.0499,0.1641,0.825,0.3528,0.525,0.4367,0.414,181.0,210.0,243.0,72.0,74.4137,3
555,18.5,244.7234,228.5005,0.2745,0.0022,1.2624,253.0,253.0,253.0,0.0517,0.1641,0.825,0.3556,0.5278,0.4334,0.4167,181.0,210.0,243.0,72.0,74.2542,3
556,18.5333,244.7236,228.501,0.0003,0.0,0.0028,253.0,253.0,253.0,0.0517,0.1641,0.825,0.3556,0.5278,0.4334,0.4167,181.0,210.0,243.0,72.0,74.2493,3
557,18.5667,244.431,227.6238,0.319,0.0027,1.0722,253.0,253.0,253.0,0.054,0.1641,0.825,0.3556,0.5278,0.431,0.4197,181.0,211.0,243.0,72.0,73.5747,3
558,18.6,244.2357,227.0385,0.2194,0.0017,0.3738,253.0,253.0,253.0,0.0552,0.1641,0.8234,0.3556,0.5278,0.4304,0.4212,181.0,211.0,244.0,72.0,73.1403,3
559,18.6333,244.2361,227.0396,0.0007,0.0,0.0039,253.0,253.0,253.0,0.0552,0.1641,0.8234,0.3556,0.5278,0.4304,0.4212,181.0,211.0,244.0,72.0,73.1721,3
560,18.6667,243.9902,226.3026,0.2657,0.0021,0.8415,253.0,253.0,253.0,0.0569,0.1641,0.8234,0.3556,0.5278,0.4302,0.4233,181.0,211.0,244.0,72.0,73.3244,3
561,18.7,243.7448,225.5669,0.2721,0.0022,0.7766,253.0,253.0,253.0,0.0587,0.1641,0.8234,0.3556,0.5278,0.4309,0.4254,181.0,211.0,244.0,72.0,73.7912,3
562,18.7333,243.7448,225.5668,0.0002,0.0,0.0034,253.0,253.0,253.0,0.0587,0.1641,0.8234,0.3556,0.5278,0.4309,0.4254,181.0,211.0,244.0,72.0,73.7917,3
563,18.7667,243.4524,224.6904,0.3246,0.0026,1.1002,253.0,253.0,253.0,0.061,0.1656,0.8234,0.3556,0.5278,0.4327,0.4278,181.0,211.0,245.0,72.0,73.6008,3
564,18.8,243.1941,223.9159,0.287,0.0021,0.9628,253.0,253.0,253.0,0.0628,0.1656,0.8234,0.3556,0.5306,0.4347,0.4298,181.0,211.0,245.0,72.0,73.2468,2
565,18.8333,243.1946,223.9174,0.0009,0.0,0.0066,253.0,253.0,253.0,0.0628,0.1656,0.8234,0.3556,0.5306,0.4347,0.4298,181.0,211.0,245.0,72.0,73.2599,2
566,18.8667,242.7829,222.6834,0.4271,0.0034,0.1779,253.0,253.0,253.0,0.0656,0.1656,0.8219,0.3556,0.5305,0.4394,0.4322,181.0,211.0,245.0,72.0,72.1668,3
567,18.9,242.7834,222.6848,0.0008,0.0,0.0055,253.0,253.0,253.0,0.0655,0.1656,0.8219,0.3556,0.5306,0.4394,0.4322,181.0,211.0,245.0,72.0,72.1885,3
568,18.9333,242.532,221.9313,0.2814,0.0021,0.6518,253.0,253.0,253.0,0.0672,0.1656,0.8219,0.3556,0.5306,0.4429,0.4337,181.0,211.0,245.0,72.0,72.1004,3
569,18.9667,242.532,221.9314,0.0004,0.0,0.0041,253.0,253.0,253.0,0.0672,0.1656,0.8219,0.3556,0.5306,0.4428,0.4337,181.0,211.0,245.0,72.0,72.1133,3
570,19.0,242.2396,221.0549,0.3193,0.0025,0.7107,253.0,253.0,253.0,0.0694,0.1656,0.8219,0.3556,0.5306,0.448,0.4355,181.0,211.0,245.0,72.0,72.0582,3
571,19.0333,242.2397,221.0551,0.0003,0.0,0.0034,253.0,253.0,253.0,0.0694,0.1656,0.8219,0.3556,0.5306,0.448,0.4355,181.0,211.0,245.0,72.0,72.0543,3
572,19.0667,241.981,220.2796,0.288,0.0022,0.8444,253.0,253.0,253.0,0.0711,0.1669,0.8219,0.3556,0.5306,0.4525,0.4368,181.0,211.0,245.0,72.0,72.2132,3
573,19.1,241.9811,220.2798,0.0003,0.0,0.0034,253.0,253.0,253.0,0.0711,0.1669,0.8219,0.3556,0.5306,0.4525,0.4368,181.0,211.0,245.0,72.0,72.2145,3
574,19.1333,241.6917,219.4125,0.3311,0.003,0.0809,253.0,253.0,253.0,0.0731,0.1641,0.8219,0.3583,0.6222,0.4419,0.4423,181.0,211.0,245.0,72.0,71.8328,6
575,19.1667,241.6918,219.4128,0.0003,0.0,0.0021,253.0,253.0,253.0,0.0731,0.1641,0.8219,0.3583,0.6222,0.4419,0.4423,181.0,211.0,245.0,72.0,71.8239,6
576,19.2,241.6918,219.4128,0.0001,0.0,0.0015,253.0,253.0,253.0,0.0731,0.1641,0.8219,0.3583,0.6222,0.4419,0.4423,181.0,211.0,245.0,72.0,71.8239,6
577,19.2333,241.5448,218.9721,0.1726,0.0012,0.8549,253.0,253.0,253.0,0.0738,0.1641,0.8203,0.3583,0.6222,0.4397,0.4437,181.0,211.0,245.0,72.0,72.0723,5
578,19.2667,241.5448,218.9722,0.0003,0.0,0.004,253.0,253.0,253.0,0.0738,0.1641,0.8203,0.3583,0.6222,0.4397,0.4437,181.0,211.0,245.0,72.0,72.0737,5
579,19.3,241.3078,218.2617,0.2573,0.0019,0.4326,253.0,253.0,253.0,0.0753,0.1641,0.8203,0.3583,0.625,0.4353,0.4469,181.0,211.0,245.0,72.0,72.4509,5
580,19.3333,241.3078,218.2617,0.0003,0.0,0.0034,253.0,253.0,253.0,0.0753,0.1641,0.8203,0.3583,0.625,0.4353,0.4469,181.0,211.0,245.0,72.0,72.4524,5
581,19.3667,241.3079,218.2619,0.0004,0.0,0.0049,253.0,253.0,253.0,0.0753,0.1641,0.8203,0.3583,0.625,0.4354,0.4469,181.0,211.0,245.0,72.0,72.4569,5
582,19.4,241.0872,217.6004,0.2467,0.0019,0.5201,253.0,253.0,253.0,0.0768,0.1641,0.8203,0.3583,0.6278,0.4317,0.45,181.0,211.0,245.0,72.0,72.3896,6
583,19.4333,241.0875,217.6013,0.0005,0.0,0.0043,253.0,253.0,253.0,0.0768,0.1641,0.8203,0.3583,0.6278,0.4318,0.45,181.0,211.0,245.0,72.0,72.3907,6
584,19.4667,241.0875,217.6013,0.0004,0.0,0.0041,253.0,253.0,253.0,0.0768,0.1641,0.8203,0.3583,0.6278,0.4318,0.45,181.0,211.0,245.0,72.0,72.3915,6
585,19.5,240.8415,216.8638,0.268,0.0018,0.6865,253.0,253.0,253.0,0.0782,0.1641,0.8203,0.3583,0.6306,0.429,0.4526,181.0,211.0,245.0,72.0,72.9271,5
586,19.5333,240.8416,216.864,0.0003,0.0,0.0033,253.0,253.0,253.0,0.0782,0.1641,0.8203,0.3583,0.6306,0.429,0.4526,181.0,211.0,245.0,72.0,72.9285,5
587,19.5667,240.8416,216.8641,0.0004,0.0,0.0045,253.0,253.0,253.0,0.0782,0.1641,0.8203,0.3583,0.6306,0.429,0.4526,181.0,211.0,245.0,72.0,72.9287,5
588,19.6,240.8416,216.8642,0.0003,0.0,0.0036,253.0,253.0,253.0,0.0782,0.1641,0.8203,0.3583,0.6306,0.429,0.4526,181.0,211.0,245.0,72.0,72.93,5
589,19.6333,240.6807,216.3819,0.1923,0.0015,0.6121,253.0,253.0,253.0,0.0795,0.1641,0.8203,0.3583,0.6306,0.4269,0.4548,181.0,211.0,245.0,72.0,72.6865,4
590,19.6667,240.6807,216.3817,0.0005,0.0,0.0053,253.0,253.0,253.0,0.0795,0.1641,0.8203,0.3583,0.6306,0.4269,0.4548,181.0,211.0,245.0,72.0,72.6871,4
591,19.7,240.6806,216.3816,0.0003,0.0,0.0021,253.0,253.0,253.0,0.0795,0.1641,0.8203,0.3583,0.6306,0.4269,0.4548,181.0,211.0,245.0,72.0,72.6874,4
592,19.7333,240.6806,216.3815,0.0003,0.0,0.0016,253.0,253.0,253.0,0.0795,0.1641,0.8203,0.3583,0.6306,0.4269,0.4548,181.0,211.0,245.0,72.0,72.6864,4
593,19.7667,240.6806,216.3816,0.0002,0.0,0.0019,253.0,253.0,253.0,0.0795,0.1641,0.8203,0.3583,0.6306,0.4269,0.4548,181.0,211.0,245.0,72.0,72.6864,4
594,19.8,240.463,215.7292,0.2403,0.0018,0.4485,253.0,253.0,253.0,0.081,0.1641,0.8203,0.3583,0.6306,0.4249,0.4575,181.0,211.0,245.0,72.0,72.9189,5
595,19.8333,240.4633,215.7299,0.001,0.0,0.0084,253.0,253.0,253.0,0.081,0.1641,0.8203,0.3583,0.6306,0.4249,0.4576,181.0,211.0,245.0,72.0,72.9297,5
596,19.8667,240.4633,215.7299,0.0006,0.0,0.0063,253.0,253.0,253.0,0.081,0.1641,0.8203,0.3583,0.6306,0.4249,0.4575,181.0,211.0,245.0,72.0,72.9225,5
597,19.9,240.4632,215.7299,0.0005,0.0,0.0059,253.0,253.0,253.0,0.081,0.1641,0.8203,0.3583,0.6306,0.4249,0.4575,181.0,211.0,245.0,72.0,72.9192,5
598,19.9333,240.4632,215.7299,0.0006,0.0,0.0066,253.0,253.0,253.0,0.081,0.1641,0.8203,0.3583,0.6306,0.4249,0.4575,181.0,211.0,245.0,72.0,72.9231,5
599,19.9667,240.4633,215.7299,0.0006,0.0,0.0063,253.0,253.0,253.0,0.081,0.1641,0.8203,0.3583,0.6306,0.4249,0.4575,181.0,211.0,245.0,72.0,72.9153,5
600,20.0,240.4599,215.7203,0.0956,0.0012,0.7271,253.0,253.0,253.0,0.0813,0.1641,0.8203,0.3583,0.6306,0.4248,0.4575,181.0,211.0,245.0,72.0,72.6958,5
601,20.0333,240.4643,215.7324,0.0146,0.0002,0.0774,253.0,253.0,253.0,0.0812,0.1641,0.8203,0.3583,0.6306,0.4249,0.4576,181.0,211.0,245.0,72.0,72.8177,5
602,20.0667,240.4057,215.5567,0.0912,0.0007,0.2587,253.0,253.0,253.0,0.0812,0.1641,0.8203,0.3583,0.6306,0.4249,0.4576,181.0,211.0,245.0,72.0,72.9989,4
603,20.1,240.4055,215.5563,0.0011,0.0,0.0066,253.0,253.0,253.0,0.0812,0.1641,0.8203,0.3583,0.6306,0.425,0.4576,181.0,211.0,245.0,72.0,73.0122,4
604,20.1333,240.4066,215.5596,0.0012,0.0,0.011,253.0,253.0,253.0,0.0812,0.1641,0.8203,0.3583,0.6306,0.4249,0.4576,181.0,211.0,245.0,72.0,73.0228,4
605,20.1667,240.4066,215.5595,0.0001,0.0,0.0008,253.0,253.0,253.0,0.0812,0.1641,0.8203,0.3583,0.6306,0.4249,0.4576,181.0,211.0,245.0,72.0,73.0238,4
606,20.2,240.4066,215.5595,0.0,0.0,0.0,253.0,253.0,253.0,0.0812,0.1641,0.8203,0.3583,0.6306,0.4249,0.4576,181.0,211.0,245.0,72.0,73.0238,4
607,20.2333,240.4066,215.5595,0.0,0.0,0.0,253.0,253.0,253.0,0.0812,0.1641,0.8203,0.3583,0.6306,0.4249,0.4576,181.0,211.0,245.0,72.0,73.0238,4
608,20.2667,240.4066,215.5595,0.0,0.0,0.0,253.0,253.0,253.0,0.0812,0.1641,0.8203,0.3583,0.6306,0.4249,0.4576,181.0,211.0,245.0,72.0,73.0238,4
609,20.3,240.4066,215.5595,0.0,0.0,0.0,253.0,253.0,253.0,0.0812,0.1641,0.8203,0.3583,0.6306,0.4249,0.4576,181.0,211.0,245.0,72.0,73.0238,4
610,20.3333,240.4066,215.5595,0.0,0.0,0.0,253.0,253.0,253.0,0.0812,0.1641,0.8203,0.3583,0.6306,0.4249,0.4576,181.0,211.0,245.0,72.0,73.0238,4
611,20.3667,240.4066,215.5595,0.0,0.0,0.0,253.0,253.0,253.0,0.0812,0.1641,0.8203,0.3583,0.6306,0.4249,0.4576,181.0,211.0,245.0,72.0,73.0238,4
612,20.4,240.4066,215.5595,0.0,0.0,0.0,253.0,253.0,253.0,0.0812,0.1641,0.8203,0.3583,0.6306,0.4249,0.4576,181.0,211.0,245.0,72.0,73.0238,4
613,20.4333,240.4066,215.5595,0.0,0.0,0.0,253.0,253.0,253.0,0.0812,0.1641,0.8203,0.3583,0.6306,0.4249,0.4576,181.0,211.0,245.0,72.0,73.0238,4
614,20.4667,240.4066,215.5595,0.0,0.0,0.0,253.0,253.0,253.0,0.0812,0.1641,0.8203,0.3583,0.6306,0.4249,0.4576,181.0,211.0,245.0,72.0,73.0238,4
615,20.5,240.4066,215.5595,0.0,0.0,0.0,253.0,253.0,253.0,0.0812,0.1641,0.8203,0.3583,0.6306,0.4249,0.4576,181.0,211.0,245.0,72.0,73.0238,4
616,20.5333,240.4066,215.5595,0.0,0.0,0.0,253.0,253.0,253.0,0.0812,0.1641,0.8203,0.3583,0.6306,0.4249,0.4576,181.0,211.0,245.0,72.0,73.0238,4
617,20.5667,240.4067,215.5598,0.0008,0.0,0.0005,253.0,253.0,253.0,0.0812,0.1641,0.8203,0.3583,0.6306,0.425,0.4576,181.0,211.0,245.0,72.0,73.0275,4
618,20.6,240.4067,215.5598,0.0,0.0,0.0001,253.0,253.0,253.0,0.0812,0.1641,0.8203,0.3583,0.6306,0.425,0.4576,181.0,211.0,245.0,72.0,73.0274,4
619,20.6333,240.4067,215.5598,0.0,0.0,0.0,253.0,253.0,253.0,0.0812,0.1641,0.8203,0.3583,0.6306,0.425,0.4576,181.0,211.0,245.0,72.0,73.0274,4
620,20.6667,240.4067,215.5598,0.0,0.0,0.0,253.0,253.0,253.0,0.0812,0.1641,0.8203,0.3583,0.6306,0.425,0.4576,181.0,211.0,245.0,72.0,73.0274,4
621,20.7,240.4067,215.5598,0.0,0.0,0.0,253.0,253.0,253.0,0.0812,0.1641,0.8203,0.3583,0.6306,0.425,0.4576,181.0,211.0,245.0,72.0,73.0274,4
622,20.7333,240.4067,215.5598,0.0,0.0,0.0,253.0,253.0,253.0,0.0812,0.1641,0.8203,0.3583,0.6306,0.425,0.4576,181.0,211.0,245.0,72.0,73.0274,4
623,20.7667,240.4067,215.5598,0.0,0.0,0.0,253.0,253.0,253.0,0.0812,0.1641,0.8203,0.3583,0.6306,0.425,0.4576,181.0,211.0,245.0,72.0,73.0274,4
624,20.8,240.4067,215.5598,0.0,0.0,0.0,253.0,253.0,253.0,0.0812,0.1641,0.8203,0.3583,0.6306,0.425,0.4576,181.0,211.0,245.0,72.0,73.0274,4
625,20.8333,240.4067,215.5598,0.0,0.0,0.0,253.0,253.0,253.0,0.0812,0.1641,0.8203,0.3583,0.6306,0.425,0.4576,181.0,211.0,245.0,72.0,73.0274,4
626,20.8667,240.4067,215.5598,0.0,0.0,0.0,253.0,253.0,253.0,0.0812,0.1641,0.8203,0.3583,0.6306,0.425,0.4576,181.0,211.0,245.0,72.0,73.0274,4
627,20.9,240.4067,215.5598,0.0,0.0,0.0,253.0,253.0,253.0,0.0812,0.1641,0.8203,0.3583,0.6306,0.425,0.4576,181.0,211.0,245.0,72.0,73.0274,4
628,20.9333,240.4067,215.5598,0.0,0.0,0.0,253.0,253.0,253.0,0.0812,0.1641,0.8203,0.3583,0.6306,0.425,0.4576,181.0,211.0,245.0,72.0,73.0274,4
629,20.9667,240.4066,215.5597,0.0002,0.0,0.0022,253.0,253.0,253.0,0.0812,0.1641,0.8203,0.3583,0.6306,0.425,0.4576,181.0,211.0,245.0,72.0,73.031,4
630,21.0,240.4066,215.5597,0.0,0.0,0.0003,253.0,253.0,253.0,0.0812,0.1641,0.8203,0.3583,0.6306,0.425,0.4576,181.0,211.0,245.0,72.0,73.0305,4
631,21.0333,240.4066,215.5595,0.0001,0.0,0.001,253.0,253.0,253.0,0.0812,0.1641,0.8203,0.3583,0.6306,0.425,0.4576,181.0,211.0,245.0,72.0,73.0322,4
632,21.0667,240.4069,215.5605,0.0005,0.0,0.0014,253.0,253.0,253.0,0.0812,0.1641,0.8203,0.3583,0.6306,0.425,0.4576,181.0,211.0,245.0,72.0,73.0306,4
633,21.1,240.4069,215.56,0.0005,0.0,0.0043,253.0,253.0,253.0,0.0812,0.1641,0.8203,0.3583,0.6306,0.425,0.4576,181.0,211.0,245.0,72.0,73.0174,4
634,21.1333,240.4069,215.56,0.0001,0.0,0.0013,253.0,253.0,253.0,0.0812,0.1641,0.8203,0.3583,0.6306,0.425,0.4576,181.0,211.0,245.0,72.0,73.018,4
635,21.1667,240.4068,215.5597,0.0003,0.0,0.0024,253.0,253.0,253.0,0.0812,0.1641,0.8203,0.3583,0.6306,0.425,0.4576,181.0,211.0,245.0,72.0,73.0194,4
636,21.2,240.4068,215.5599,0.0004,0.0,0.0032,253.0,253.0,253.0,0.0812,0.1641,0.8203,0.3583,0.6306,0.425,0.4576,181.0,211.0,245.0,72.0,73.0171,4
637,21.2333,240.4069,215.5597,0.0006,0.0,0.0054,253.0,253.0,253.0,0.0812,0.1641,0.8203,0.3583,0.6306,0.4249,0.4576,181.0,211.0,245.0,72.0,72.9927,4
638,21.2667,4.521,12.6312,239.2536,0.0788,115.7759,0.0,0.0,0.0,0.0279,0.15,0.3891,0.3333,0.4556,0.2697,0.3937,252.0,252.0,252.0,0.0,61.704,1
639,21.3,4.5209,12.6305,0.0009,0.0,0.0229,0.0,0.0,0.0,0.0279,0.15,0.3891,0.3333,0.4556,0.2697,0.3937,252.0,252.0,252.0,0.0,61.7417,1
640,21.3333,4.5209,12.6306,0.0,0.0,0.0009,0.0,0.0,0.0,0.0279,0.15,0.3891,0.3333,0.4556,0.2697,0.3937,252.0,252.0,252.0,0.0,61.7411,1
641,21.3667,6.6265,18.9425,2.1057,0.0126,3.9803,0.0,0.0,0.0,0.0397,0.1516,0.4938,0.3333,0.4556,0.3219,0.3935,253.0,253.0,253.0,0.0,59.0019,1
642,21.4,6.6264,18.9423,0.0003,0.0,0.0052,0.0,0.0,0.0,0.0397,0.1516,0.4938,0.3333,0.4556,0.3219,0.3935,253.0,253.0,253.0,0.0,59.0152,1
643,21.4333,6.6264,18.9424,0.0001,0.0,0.0015,0.0,0.0,0.0,0.0397,0.1516,0.4938,0.3333,0.4556,0.3219,0.3935,253.0,253.0,253.0,0.0,59.0144,1
644,21.4667,6.6264,18.9424,0.0,0.0,0.0,0.0,0.0,0.0,0.0397,0.1516,0.4938,0.3333,0.4556,0.3219,0.3935,253.0,253.0,253.0,0.0,59.0144,1
645,21.5,6.6264,18.9424,0.0,0.0,0.0,0.0,0.0,0.0,0.0397,0.1516,0.4938,0.3333,0.4556,0.3219,0.3935,253.0,253.0,253.0,0.0,59.0144,1
646,21.5333,9.4503,27.4073,2.8239,0.0178,2.6057,0.0,0.0,0.0,0.0564,0.1531,0.6409,0.3333,0.4556,0.3959,0.3932,253.0,253.0,253.0,0.0,60.2955,1
647,21.5667,9.4502,27.4071,0.0006,0.0,0.0061,0.0,0.0,0.0,0.0564,0.1531,0.6409,0.3333,0.4556,0.3959,0.3932,253.0,253.0,253.0,0.0,60.3037,1
648,21.6,9.4502,27.407,0.0001,0.0,0.001,0.0,0.0,0.0,0.0564,0.1531,0.6409,0.3333,0.4556,0.3959,0.3932,253.0,253.0,253.0,0.0,60.3028,1
649,21.6333,9.4502,27.407,0.0,0.0,0.0,0.0,0.0,0.0,0.0564,0.1531,0.6409,0.3333,0.4556,0.3959,0.3932,253.0,253.0,253.0,0.0,60.3028,1
650,21.6667,9.4502,27.407,0.0,0.0,0.0,0.0,0.0,0.0,0.0564,0.1531,0.6409,0.3333,0.4556,0.3959,0.3932,253.0,253.0,253.0,0.0,60.3028,1
651,21.7,10.7063,31.1723,1.2561,0.0075,2.1145,0.0,0.0,0.0,0.0637,0.1531,0.7047,0.3333,0.4556,0.4286,0.3933,253.0,253.0,253.0,0.0,59.1476,1
652,21.7333,10.7054,31.1697,0.001,0.0,0.001,0.0,0.0,0.0,0.0637,0.1531,0.7047,0.3333,0.4556,0.4285,0.3933,253.0,253.0,253.0,0.0,59.1557,1
653,21.7667,10.7054,31.1697,0.0,0.0,0.0,0.0,0.0,0.0,0.0637,0.1531,0.7047,0.3333,0.4556,0.4285,0.3933,253.0,253.0,253.0,0.0,59.1557,1
654,21.8,10.7049,31.1683,0.0005,0.0,0.0,0.0,0.0,0.0,0.0637,0.1531,0.7047,0.3333,0.4556,0.4285,0.3933,253.0,253.0,253.0,0.0,59.1557,1
655,21.8333,13.3096,38.3041,2.6048,0.0163,1.5855,0.0,0.0,0.0,0.0795,0.1547,0.8406,0.3333,0.4556,0.4982,0.3931,253.0,253.0,253.0,0.0,60.2879,1
656,21.8667,13.3104,38.3064,0.0008,0.0,0.0106,0.0,0.0,0.0,0.0795,0.1547,0.8406,0.3333,0.4556,0.4982,0.3931,253.0,253.0,253.0,0.0,60.3099,1
657,21.9,13.3104,38.3064,0.0001,0.0,0.0005,0.0,0.0,0.0,0.0795,0.1547,0.8406,0.3333,0.4556,0.4982,0.3931,253.0,253.0,253.0,0.0,60.3095,1
658,21.9333,13.3104,38.3064,0.0,0.0,0.0,0.0,0.0,0.0,0.0795,0.1547,0.8406,0.3333,0.4556,0.4982,0.3931,253.0,253.0,253.0,0.0,60.3095,1
659,21.9667,13.3104,38.3064,0.0,0.0,0.0,0.0,0.0,0.0,0.0795,0.1547,0.8406,0.3333,0.4556,0.4982,0.3931,253.0,253.0,253.0,0.0,60.3095,1
660,22.0,14.9147,42.4337,1.6306,0.0104,1.5487,0.0,0.0,0.0,0.088,0.1516,0.8391,0.3333,0.5472,0.4695,0.4044,253.0,253.0,253.0,0.0,61.5357,1
661,22.0333,14.9151,42.4347,0.0029,0.0,0.0217,0.0,0.0,0.0,0.088,0.1516,0.8391,0.3333,0.5472,0.4695,0.4044,253.0,253.0,253.0,0.0,61.5543,1
662,22.0667,14.9151,42.4348,0.0001,0.0,0.0003,0.0,0.0,0.0,0.088,0.1516,0.8391,0.3333,0.5472,0.4695,0.4044,253.0,253.0,253.0,0.0,61.5537,1
663,22.1,14.9151,42.4348,0.0,0.0,0.0,0.0,0.0,0.0,0.088,0.1516,0.8391,0.3333,0.5472,0.4695,0.4044,253.0,253.0,253.0,0.0,61.5537,1
664,22.1333,14.9151,42.4348,0.0,0.0,0.0,0.0,0.0,0.0,0.088,0.1516,0.8391,0.3333,0.5472,0.4695,0.4044,253.0,253.0,253.0,0.0,61.5537,1
665,22.1667,17.8955,51.369,2.9805,0.0185,1.9878,0.0,0.0,0.0,0.0986,0.1516,0.8391,0.3333,0.5556,0.4546,0.418,252.0,252.0,252.0,0.0,63.791,1
666,22.2,17.8957,51.3697,0.0007,0.0,0.0039,0.0,0.0,0.0,0.0986,0.1516,0.8391,0.3333,0.5556,0.4546,0.418,252.0,252.0,252.0,0.0,63.7942,1
667,22.2333,17.8958,51.3698,0.0001,0.0,0.0008,0.0,0.0,0.0,0.0986,0.1516,0.8391,0.3333,0.5556,0.4546,0.418,252.0,252.0,252.0,0.0,63.7951,1
668,22.2667,17.8958,51.3698,0.0,0.0,0.0002,0.0,0.0,0.0,0.0986,0.1516,0.8391,0.3333,0.5556,0.4546,0.418,252.0,252.0,252.0,0.0,63.7953,1
669,22.3,17.8958,51.3697,0.0,0.0,0.0002,0.0,0.0,0.0,0.0986,0.1516,0.8391,0.3333,0.5556,0.4546,0.418,252.0,252.0,252.0,0.0,63.7948,1
670,22.3333,19.1318,55.075,1.2361,0.0072,1.6197,0.0,0.0,0.0,0.1039,0.1516,0.8375,0.3333,0.5556,0.4535,0.423,253.0,253.0,253.0,0.0,63.9932,1
671,22.3667,19.1319,55.0752,0.0001,0.0,0.0002,0.0,0.0,0.0,0.1039,0.1516,0.8375,0.3333,0.5556,0.4535,0.423,253.0,253.0,253.0,0.0,63.9985,1
672,22.4,19.1319,55.0752,0.0,0.0,0.0,0.0,0.0,0.0,0.1039,0.1516,0.8375,0.3333,0.5556,0.4535,0.423,253.0,253.0,253.0,0.0,63.9985,1
673,22.4333,19.1319,55.0752,0.0,0.0,0.0,0.0,0.0,0.0,0.1039,0.1516,0.8375,0.3333,0.5556,0.4535,0.423,253.0,253.0,253.0,0.0,63.9985,1
674,22.4667,19.1319,55.0752,0.0,0.0,0.0,0.0,0.0,0.0,0.1039,0.1516,0.8375,0.3333,0.5556,0.4535,0.423,253.0,253.0,253.0,0.0,63.9985,1
675,22.5,20.1319,58.0729,1.0,0.0066,1.3042,0.0,0.0,0.0,0.1071,0.1516,0.8375,0.3333,0.5556,0.455,0.4264,253.0,253.0,253.0,0.0,65.0428,1
676,22.5333,20.1319,58.073,0.0,0.0,0.0003,0.0,0.0,0.0,0.1071,0.1516,0.8375,0.3333,0.5556,0.455,0.4264,253.0,253.0,253.0,0.0,65.0438,1
677,22.5667,20.1319,58.073,0.0,0.0,0.0,0.0,0.0,0.0,0.1071,0.1516,0.8375,0.3333,0.5556,0.455,0.4264,253.0,253.0,253.0,0.0,65.0438,1
678,22.6,20.1319,58.073,0.0,0.0,0.0,0.0,0.0,0.0,0.1071,0.1516,0.8375,0.3333,0.5556,0.455,0.4264,253.0,253.0,253.0,0.0,65.0438,1
679,22.6333,20.1319,58.073,0.0,0.0,0.0,0.0,0.0,0.0,0.1071,0.1516,0.8375,0.3333,0.5556,0.455,0.4264,253.0,253.0,253.0,0.0,65.0438,1
680,22.6667,20.1319,58.073,0.0,0.0,0.0,0.0,0.0,0.0,0.1071,0.1516,0.8375,0.3333,0.5556,0.455,0.4264,253.0,253.0,253.0,0.0,65.0438,1
681,22.7,21.6954,62.7597,1.5635,0.0089,1.7718,0.0,0.0,0.0,0.1136,0.1531,0.8375,0.3333,0.5583,0.4609,0.4316,253.0,253.0,253.0,0.0,65.0231,1
682,22.7333,21.6951,62.759,0.0003,0.0,0.0026,0.0,0.0,0.0,0.1136,0.1531,0.8375,0.3333,0.5583,0.4609,0.4316,253.0,253.0,253.0,0.0,65.0279,1
683,22.7667,21.6951,62.759,0.0,0.0,0.0,0.0,0.0,0.0,0.1136,0.1531,0.8375,0.3333,0.5583,0.4609,0.4316,253.0,253.0,253.0,0.0,65.0279,1
684,22.8,21.6951,62.759,0.0,0.0,0.0,0.0,0.0,0.0,0.1136,0.1531,0.8375,0.3333,0.5583,0.4609,0.4316,253.0,253.0,253.0,0.0,65.0279,1
685,22.8333,21.6951,62.759,0.0,0.0,0.0,0.0,0.0,0.0,0.1136,0.1531,0.8375,0.3333,0.5583,0.4609,0.4316,253.0,253.0,253.0,0.0,65.0279,1
686,22.8667,21.6951,62.759,0.0,0.0,0.0,0.0,0.0,0.0,0.1136,0.1531,0.8375,0.3333,0.5583,0.4609,0.4316,253.0,253.0,253.0,0.0,65.0279,1
687,22.9,24.3108,70.133,2.6157,0.0147,1.4513,0.0,0.0,0.0,0.1272,0.1516,0.8359,0.3333,0.6556,0.4355,0.4512,253.0,253.0,253.0,0.0,65.7686,1
688,22.9333,24.3108,70.1319,0.0012,0.0,0.0032,0.0,0.0,0.0,0.1272,0.1516,0.8359,0.3333,0.6556,0.4355,0.4512,253.0,253.0,253.0,0.0,65.7669,1
689,22.9667,24.3105,70.1308,0.0005,0.0,0.0007,0.0,0.0,0.0,0.1272,0.1516,0.8359,0.3333,0.6556,0.4355,0.4512,253.0,253.0,253.0,0.0,65.7685,1
690,23.0,24.3109,70.1308,0.0004,0.0,0.0004,0.0,0.0,0.0,0.1272,0.1516,0.8359,0.3333,0.6556,0.4355,0.4512,253.0,253.0,253.0,0.0,65.7662,1
691,23.0333,24.3109,70.1308,0.0,0.0,0.0,0.0,0.0,0.0,0.1272,0.1516,0.8359,0.3333,0.6556,0.4355,0.4512,253.0,253.0,253.0,0.0,65.7662,1
692,23.0667,24.3109,70.1308,0.0,0.0,0.0,0.0,0.0,0.0,0.1272,0.1516,0.8359,0.3333,0.6556,0.4355,0.4512,253.0,253.0,253.0,0.0,65.7662,1
693,23.1,24.3109,70.1308,0.0,0.0,0.0,0.0,0.0,0.0,0.1272,0.1516,0.8359,0.3333,0.6556,0.4355,0.4512,253.0,253.0,253.0,0.0,65.7662,1
694,23.1333,24.3109,70.1308,0.0,0.0,0.0,0.0,0.0,0.0,0.1272,0.1516,0.8359,0.3333,0.6556,0.4355,0.4512,253.0,253.0,253.0,0.0,65.7662,1
695,23.1667,26.8579,77.7661,2.5472,0.0148,2.6206,0.0,0.0,0.0,0.139,0.1531,0.8359,0.3333,0.6583,0.4296,0.4654,253.0,253.0,253.0,0.0,66.4736,1
696,23.2,26.8584,77.7674,0.0008,0.0,0.0039,0.0,0.0,0.0,0.139,0.1531,0.8359,0.3333,0.6583,0.4296,0.4654,253.0,253.0,253.0,0.0,66.4725,1
697,23.2333,26.8584,77.7675,0.0,0.0,0.0002,0.0,0.0,0.0,0.139,0.1531,0.8359,0.3333,0.6583,0.4296,0.4654,253.0,253.0,253.0,0.0,66.4732,1
698,23.2667,26.8584,77.7674,0.0,0.0,0.0001,0.0,0.0,0.0,0.139,0.1531,0.8359,0.3333,0.6583,0.4296,0.4654,253.0,253.0,253.0,0.0,66.4734,1
699,23.3,26.8584,77.7674,0.0,0.0,0.0,0.0,0.0,0.0,0.139,0.1531,0.8359,0.3333,0.6583,0.4296,0.4654,253.0,253.0,253.0,0.0,66.4734,1
700,23.3333,26.8584,77.7674,0.0,0.0,0.0,0.0,0.0,0.0,0.139,0.1531,0.8359,0.3333,0.6583,0.4296,0.4654,253.0,253.0,253.0,0.0,66.4734,1
701,23.3667,26.8584,77.7674,0.0,0.0,0.0,0.0,0.0,0.0,0.139,0.1531,0.8359,0.3333,0.6583,0.4296,0.4654,253.0,253.0,253.0,0.0,66.4734,1
702,23.4,26.8584,77.7674,0.0,0.0,0.0,0.0,0.0,0.0,0.139,0.1531,0.8359,0.3333,0.6583,0.4296,0.4654,253.0,253.0,253.0,0.0,66.4734,1
703,23.4333,26.8584,77.7674,0.0,0.0,0.0,0.0,0.0,0.0,0.139,0.1531,0.8359,0.3333,0.6583,0.4296,0.4654,253.0,253.0,253.0,0.0,66.4734,1
704,23.4667,26.8584,77.7674,0.0,0.0,0.0,0.0,0.0,0.0,0.139,0.1531,0.8359,0.3333,0.6583,0.4296,0.4654,253.0,253.0,253.0,0.0,66.4734,1
705,23.5,26.8584,77.7674,0.0,0.0,0.0,0.0,0.0,0.0,0.139,0.1531,0.8359,0.3333,0.6583,0.4296,0.4654,253.0,253.0,253.0,0.0,66.4734,1
706,23.5333,26.8584,77.7674,0.0,0.0,0.0,0.0,0.0,0.0,0.139,0.1531,0.8359,0.3333,0.6583,0.4296,0.4654,253.0,253.0,253.0,0.0,66.4734,1
707,23.5667,26.8584,77.7674,0.0,0.0,0.0,0.0,0.0,0.0,0.139,0.1531,0.8359,0.3333,0.6583,0.4296,0.4654,253.0,253.0,253.0,0.0,66.4734,1
708,23.6,26.8584,77.7674,0.0,0.0,0.0,0.0,0.0,0.0,0.139,0.1531,0.8359,0.3333,0.6583,0.4296,0.4654,253.0,253.0,253.0,0.0,66.4734,1
709,23.6333,26.8584,77.7674,0.0,0.0,0.0,0.0,0.0,0.0,0.139,0.1531,0.8359,0.3333,0.6583,0.4296,0.4654,253.0,253.0,253.0,0.0,66.4734,1
710,23.6667,26.8584,77.7674,0.0,0.0,0.0,0.0,0.0,0.0,0.139,0.1531,0.8359,0.3333,0.6583,0.4296,0.4654,253.0,253.0,253.0,0.0,66.4734,1
711,23.7,26.8584,77.7674,0.0,0.0,0.0,0.0,0.0,0.0,0.139,0.1531,0.8359,0.3333,0.6583,0.4296,0.4654,253.0,253.0,253.0,0.0,66.4734,1
712,23.7333,26.8584,77.7674,0.0,0.0,0.0,0.0,0.0,0.0,0.139,0.1531,0.8359,0.3333,0.6583,0.4296,0.4654,253.0,253.0,253.0,0.0,66.4734,1
713,23.7667,26.8584,77.7674,0.0,0.0,0.0,0.0,0.0,0.0,0.139,0.1531,0.8359,0.3333,0.6583,0.4296,0.4654,253.0,253.0,253.0,0.0,66.4734,1
714,23.8,26.8584,77.7674,0.0,0.0,0.0,0.0,0.0,0.0,0.139,0.1531,0.8359,0.3333,0.6583,0.4296,0.4654,253.0,253.0,253.0,0.0,66.4734,1
715,23.8333,26.8584,77.7674,0.0,0.0,0.0,0.0,0.0,0.0,0.139,0.1531,0.8359,0.3333,0.6583,0.4296,0.4654,253.0,253.0,253.0,0.0,66.4734,1
716,23.8667,26.8584,77.7674,0.0,0.0,0.0,0.0,0.0,0.0,0.139,0.1531,0.8359,0.3333,0.6583,0.4296,0.4654,253.0,253.0,253.0,0.0,66.4734,1
717,23.9,26.8584,77.7674,0.0,0.0,0.0,0.0,0.0,0.0,0.139,0.1531,0.8359,0.3333,0.6583,0.4296,0.4654,253.0,253.0,253.0,0.0,66.4734,1
718,23.9333,26.8584,77.7674,0.0,0.0,0.0,0.0,0.0,0.0,0.139,0.1531,0.8359,0.3333,0.6583,0.4296,0.4654,253.0,253.0,253.0,0.0,66.4734,1
719,23.9667,26.8584,77.7674,0.0,0.0,0.0,0.0,0.0,0.0,0.139,0.1531,0.8359,0.3333,0.6583,0.4296,0.4654,253.0,253.0,253.0,0.0,66.4734,1
720,24.0,26.8576,77.7699,0.0602,0.0004,0.3278,0.0,0.0,0.0,0.1389,0.1531,0.8359,0.3333,0.6583,0.4297,0.4654,252.0,252.0,252.0,0.0,66.4916,1
721,24.0333,26.858,77.7706,0.0055,0.0001,0.0239,0.0,0.0,0.0,0.1388,0.1531,0.8359,0.3333,0.6583,0.4297,0.4654,252.0,252.0,252.0,0.0,66.5187,1
722,24.0667,26.8577,77.7684,0.0013,0.0,0.0037,0.0,0.0,0.0,0.1388,0.1531,0.8359,0.3333,0.6583,0.4297,0.4654,252.0,252.0,252.0,0.0,66.5209,1
723,24.1,26.8581,77.7688,0.0006,0.0,0.0007,0.0,0.0,0.0,0.1388,0.1531,0.8359,0.3333,0.6583,0.4297,0.4654,252.0,252.0,252.0,0.0,66.5204,1
724,24.1333,26.8581,77.7688,0.0,0.0,0.0,0.0,0.0,0.0,0.1388,0.1531,0.8359,0.3333,0.6583,0.4297,0.4654,252.0,252.0,252.0,0.0,66.5204,1
725,24.1667,26.8581,77.7688,0.0,0.0,0.0,0.0,0.0,0.0,0.1388,0.1531,0.8359,0.3333,0.6583,0.4297,0.4654,252.0,252.0,252.0,0.0,66.5204,1
726,24.2,26.8581,77.7688,0.0,0.0,0.0,0.0,0.0,0.0,0.1388,0.1531,0.8359,0.3333,0.6583,0.4297,0.4654,252.0,252.0,252.0,0.0,66.5204,1
727,24.2333,26.8581,77.7688,0.0,0.0,0.0,0.0,0.0,0.0,0.1388,0.1531,0.8359,0.3333,0.6583,0.4297,0.4654,252.0,252.0,252.0,0.0,66.5204,1
728,24.2667,26.8581,77.7688,0.0,0.0,0.0,0.0,0.0,0.0,0.1388,0.1531,0.8359,0.3333,0.6583,0.4297,0.4654,252.0,252.0,252.0,0.0,66.5204,1
729,24.3,26.8581,77.7688,0.0,0.0,0.0,0.0,0.0,0.0,0.1388,0.1531,0.8359,0.3333,0.6583,0.4297,0.4654,252.0,252.0,252.0,0.0,66.5204,1
730,24.3333,26.8581,77.7688,0.0,0.0,0.0,0.0,0.0,0.0,0.1388,0.1531,0.8359,0.3333,0.6583,0.4297,0.4654,252.0,252.0,252.0,0.0,66.5204,1
731,24.3667,26.8581,77.7688,0.0,0.0,0.0,0.0,0.0,0.0,0.1388,0.1531,0.8359,0.3333,0.6583,0.4297,0.4654,252.0,252.0,252.0,0.0,66.5204,1
732,24.4,26.8581,77.7687,0.0,0.0,0.0,0.0,0.0,0.0,0.1388,0.1531,0.8359,0.3333,0.6583,0.4297,0.4654,252.0,252.0,252.0,0.0,66.5204,1
733,24.4333,26.8581,77.7687,0.0001,0.0,0.0003,0.0,0.0,0.0,0.1388,0.1531,0.8359,0.3333,0.6583,0.4297,0.4654,252.0,252.0,252.0,0.0,66.5205,1
734,24.4667,26.8583,77.7691,0.0008,0.0,0.0054,0.0,0.0,0.0,0.1388,0.1531,0.8359,0.3333,0.6583,0.4297,0.4654,252.0,252.0,252.0,0.0,66.5169,1
735,24.5,26.8582,77.7689,0.0001,0.0,0.0004,0.0,0.0,0.0,0.1388,0.1531,0.8359,0.3333,0.6583,0.4297,0.4654,252.0,252.0,252.0,0.0,66.5137,1
736,24.5333,26.8588,77.7694,0.0006,0.0,0.001,0.0,0.0,0.0,0.1389,0.1531,0.8359,0.3333,0.6583,0.4297,0.4654,252.0,252.0,252.0,0.0,66.5146,1
737,24.5667,26.8587,77.7694,0.0,0.0,0.0,0.0,0.0,0.0,0.1389,0.1531,0.8359,0.3333,0.6583,0.4297,0.4654,252.0,252.0,252.0,0.0,66.5146,1
738,24.6,26.8587,77.7692,0.0001,0.0,0.0007,0.0,0.0,0.0,0.1389,0.1531,0.8359,0.3333,0.6583,0.4297,0.4654,252.0,252.0,252.0,0.0,66.5156,1
739,24.6333,250.0893,244.6792,227.1013,0.1236,111.3128,253.0,253.0,253.0,0.024,0.1594,0.4605,0.4444,0.5389,0.3084,0.4968,243.5,243.5,243.5,0.0,76.8809,2
740,24.6667,250.0894,244.6796,0.0017,0.0,0.049,253.0,253.0,253.0,0.024,0.1594,0.4605,0.4444,0.5389,0.3084,0.4968,244.0,244.0,244.0,0.0,77.0119,2
741,24.7,250.0896,244.6801,0.0002,0.0,0.0071,253.0,253.0,253.0,0.024,0.1594,0.4605,0.4444,0.5389,0.3084,0.4968,244.0,244.0,244.0,0.0,76.9996,2
742,24.7333,250.0896,244.6801,0.0,0.0,0.0004,253.0,253.0,253.0,0.024,0.1594,0.4605,0.4444,0.5389,0.3084,0.4968,244.0,244.0,244.0,0.0,77.0002,2
743,24.7667,250.0896,244.6801,0.0,0.0,0.0005,253.0,253.0,253.0,0.024,0.1594,0.4605,0.4444,0.5389,0.3084,0.4968,244.0,244.0,244.0,0.0,77.0004,2
744,24.8,250.0896,244.6801,0.0,0.0,0.0007,253.0,253.0,253.0,0.024,0.1594,0.4605,0.4444,0.5389,0.3084,0.4968,244.0,244.0,244.0,0.0,76.9984,2
745,24.8333,248.334,239.4177,1.8445,0.0145,0.2671,253.0,253.0,253.0,0.038,0.1609,0.6484,0.4472,0.5417,0.4024,0.4977,242.0,242.0,242.0,0.0,78.2311,1
746,24.8667,248.3337,239.4168,0.0013,0.0,0.0192,253.0,253.0,253.0,0.038,0.1609,0.6484,0.4472,0.5417,0.4023,0.4977,242.0,242.0,242.0,0.0,78.2911,1
747,24.9,248.3337,239.4168,0.0,0.0,0.0005,253.0,253.0,253.0,0.038,0.1609,0.6484,0.4472,0.5417,0.4023,0.4977,242.0,242.0,242.0,0.0,78.2902,1
748,24.9333,248.3337,239.4168,0.0,0.0,0.0,253.0,253.0,253.0,0.038,0.1609,0.6484,0.4472,0.5417,0.4023,0.4977,242.0,242.0,242.0,0.0,78.2902,1
749,24.9667,248.3337,239.4168,0.0,0.0,0.0,253.0,253.0,253.0,0.038,0.1609,0.6484,0.4472,0.5417,0.4023,0.4977,242.0,242.0,242.0,0.0,78.2902,1
750,25.0,248.3337,239.4168,0.0,0.0,0.0,253.0,253.0,253.0,0.038,0.1609,0.6484,0.4472,0.5417,0.4023,0.4977,242.0,242.0,242.0,0.0,78.2902,1
751,25.0333,248.3337,239.4168,0.0,0.0,0.0,253.0,253.0,253.0,0.038,0.1609,0.6484,0.4472,0.5417,0.4023,0.4977,242.0,242.0,242.0,0.0,78.2902,1
752,25.0667,248.3337,239.4168,0.0,0.0,0.0,253.0,253.0,253.0,0.038,0.1609,0.6484,0.4472,0.5417,0.4023,0.4977,242.0,242.0,242.0,0.0,78.2902,1
753,25.1,248.3337,239.4168,0.0001,0.0,0.0014,253.0,253.0,253.0,0.038,0.1609,0.6484,0.4472,0.5417,0.4023,0.4977,242.0,242.0,242.0,0.0,78.2861,1
754,25.1333,247.7637,237.7083,0.6456,0.0055,0.1807,253.0,253.0,253.0,0.0431,0.1625,0.7156,0.4472,0.5417,0.436,0.4972,245.0,245.0,245.0,0.0,77.3144,1
755,25.1667,247.764,237.7091,0.0006,0.0,0.004,253.0,253.0,253.0,0.0431,0.1625,0.7156,0.4472,0.5417,0.436,0.4972,245.0,245.0,245.0,0.0,77.3085,1
756,25.2,247.7641,237.7093,0.0002,0.0,0.0006,253.0,253.0,253.0,0.0431,0.1625,0.7156,0.4472,0.5417,0.436,0.4972,245.0,245.0,245.0,0.0,77.3062,1
757,25.2333,247.7641,237.7095,0.0003,0.0,0.0006,253.0,253.0,253.0,0.0431,0.1625,0.7156,0.4472,0.5417,0.436,0.4972,245.0,245.0,245.0,0.0,77.3062,1
758,25.2667,247.7642,237.7098,0.0001,0.0,0.0006,253.0,253.0,253.0,0.0431,0.1625,0.7156,0.4472,0.5417,0.436,0.4973,245.0,245.0,245.0,0.0,77.3126,1
759,25.3,247.7643,237.7101,0.0001,0.0,0.0,253.0,253.0,253.0,0.0431,0.1625,0.7156,0.4472,0.5417,0.436,0.4973,245.0,245.0,245.0,0.0,77.3126,1
760,25.3333,247.7644,237.7103,0.0001,0.0,0.0,253.0,253.0,253.0,0.0431,0.1625,0.7156,0.4472,0.5417,0.436,0.4973,245.0,245.0,245.0,0.0,77.3126,1
761,25.3667,247.7644,237.7103,0.0,0.0,0.0,253.0,253.0,253.0,0.0431,0.1625,0.7156,0.4472,0.5417,0.436,0.4973,245.0,245.0,245.0,0.0,77.3126,1
762,25.4,247.7645,237.7104,0.0,0.0,0.0,253.0,253.0,253.0,0.0431,0.1625,0.7156,0.4472,0.5417,0.436,0.4973,245.0,245.0,245.0,0.0,77.3126,1
763,25.4333,247.7645,237.7106,0.0001,0.0,0.0,253.0,253.0,253.0,0.0431,0.1625,0.7156,0.4472,0.5417,0.436,0.4973,245.0,245.0,245.0,0.0,77.3126,1
764,25.4667,247.7645,237.7106,0.0,0.0,0.0,253.0,253.0,253.0,0.0431,0.1625,0.7156,0.4472,0.5417,0.436,0.4973,245.0,245.0,245.0,0.0,77.3126,1
765,25.5,247.7645,237.7106,0.0,0.0,0.0,253.0,253.0,253.0,0.0431,0.1625,0.7156,0.4472,0.5417,0.436,0.4973,245.0,245.0,245.0,0.0,77.3126,1
766,25.5333,247.7645,237.7105,0.0001,0.0,0.0,253.0,253.0,253.0,0.0431,0.1625,0.7156,0.4472,0.5417,0.436,0.4973,245.0,245.0,245.0,0.0,77.3126,1
767,25.5667,247.7645,237.7107,0.0003,0.0,0.0032,253.0,253.0,253.0,0.0431,0.1625,0.7156,0.4472,0.5417,0.436,0.4973,245.0,245.0,245.0,0.0,77.3191,1
768,25.6,246.717,234.7585,1.1393,0.0094,0.0274,253.0,253.0,253.0,0.0518,0.1625,0.8344,0.4472,0.5417,0.495,0.4969,244.0,244.0,244.0,0.0,77.4566,1
769,25.6333,246.7171,234.7589,0.0021,0.0,0.0101,253.0,253.0,253.0,0.0518,0.1625,0.8344,0.4472,0.5417,0.4951,0.4969,245.0,245.0,245.0,0.0,77.4557,1
770,25.6667,246.7171,234.7589,0.0,0.0,0.0,253.0,253.0,253.0,0.0518,0.1625,0.8344,0.4472,0.5417,0.4951,0.4969,245.0,245.0,245.0,0.0,77.4557,1
771,25.7,246.7171,234.7589,0.0,0.0,0.0,253.0,253.0,253.0,0.0518,0.1625,0.8344,0.4472,0.5417,0.4951,0.4969,245.0,245.0,245.0,0.0,77.4557,1
772,25.7333,246.7171,234.7589,0.0,0.0,0.0,253.0,253.0,253.0,0.0518,0.1625,0.8344,0.4472,0.5417,0.4951,0.4969,245.0,245.0,245.0,0.0,77.4557,1
773,25.7667,246.7171,234.7589,0.0,0.0,0.0,253.0,253.0,253.0,0.0518,0.1625,0.8344,0.4472,0.5417,0.4951,0.4969,245.0,245.0,245.0,0.0,77.4557,1
774,25.8,246.7171,234.7589,0.0,0.0,0.0,253.0,253.0,253.0,0.0518,0.1625,0.8344,0.4472,0.5417,0.4951,0.4969,245.0,245.0,245.0,0.0,77.4557,1
775,25.8333,246.7171,234.7589,0.0,0.0,0.0,253.0,253.0,253.0,0.0518,0.1625,0.8344,0.4472,0.5417,0.4951,0.4969,245.0,245.0,245.0,0.0,77.4557,1
776,25.8667,246.7171,234.7589,0.0,0.0,0.0,253.0,253.0,253.0,0.0518,0.1625,0.8344,0.4472,0.5417,0.4951,0.4969,245.0,245.0,245.0,0.0,77.4557,1
777,25.9,246.7171,234.7589,0.0,0.0,0.0001,253.0,253.0,253.0,0.0518,0.1625,0.8344,0.4472,0.5417,0.4951,0.4969,245.0,245.0,245.0,0.0,77.4558,1
778,25.9333,246.7171,234.7589,0.0,0.0,0.0,253.0,253.0,253.0,0.0518,0.1625,0.8344,0.4472,0.5417,0.4951,0.4969,245.0,245.0,245.0,0.0,77.4558,1
779,25.9667,246.7171,234.7589,0.0,0.0,0.0,253.0,253.0,253.0,0.0518,0.1625,0.8344,0.4472,0.5417,0.4951,0.4969,245.0,245.0,245.0,0.0,77.4558,1
780,26.0,246.7215,234.7719,0.0298,0.0002,0.2803,253.0,253.0,253.0,0.0518,0.1625,0.8344,0.4472,0.5417,0.4951,0.4969,245.0,245.0,245.0,0.0,77.3677,1
781,26.0333,246.7225,234.775,0.0051,0.0,0.0604,253.0,253.0,253.0,0.0518,0.1625,0.8344,0.4472,0.5417,0.4951,0.4969,245.0,245.0,245.0,0.0,77.4383,1
782,26.0667,246.7222,234.7741,0.0003,0.0,0.0038,253.0,253.0,253.0,0.0518,0.1625,0.8344,0.4472,0.5417,0.4951,0.4969,245.0,245.0,245.0,0.0,77.4452,1
783,26.1,246.7222,234.7743,0.0,0.0,0.0003,253.0,253.0,253.0,0.0518,0.1625,0.8344,0.4472,0.5417,0.4951,0.4969,245.0,245.0,245.0,0.0,77.4456,1
784,26.1333,246.7222,234.7743,0.0,0.0,0.0,253.0,253.0,253.0,0.0518,0.1625,0.8344,0.4472,0.5417,0.4951,0.4969,245.0,245.0,245.0,0.0,77.4456,1
785,26.1667,246.7222,234.7743,0.0001,0.0,0.0012,253.0,253.0,253.0,0.0518,0.1625,0.8344,0.4472,0.5417,0.4951,0.4969,245.0,245.0,245.0,0.0,77.4456,1
786,26.2,246.7222,234.7743,0.0,0.0,0.0,253.0,253.0,253.0,0.0518,0.1625,0.8344,0.4472,0.5417,0.4951,0.4969,245.0,245.0,245.0,0.0,77.4456,1
787,26.2333,246.7222,234.7743,0.0,0.0,0.0,253.0,253.0,253.0,0.0518,0.1625,0.8344,0.4472,0.5417,0.4951,0.4969,245.0,245.0,245.0,0.0,77.4456,1
788,26.2667,246.7222,234.7743,0.0,0.0,0.0,253.0,253.0,253.0,0.0518,0.1625,0.8344,0.4472,0.5417,0.4951,0.4969,245.0,245.0,245.0,0.0,77.4456,1
789,26.3,246.7222,234.7743,0.0,0.0,0.0,253.0,253.0,253.0,0.0518,0.1625,0.8344,0.4472,0.5417,0.4951,0.4969,245.0,245.0,245.0,0.0,77.4456,1
790,26.3333,246.7222,234.7743,0.0,0.0,0.0,253.0,253.0,253.0,0.0518,0.1625,0.8344,0.4472,0.5417,0.4951,0.4969,245.0,245.0,245.0,0.0,77.4456,1
791,26.3667,246.7222,234.7743,0.0,0.0,0.0,253.0,253.0,253.0,0.0518,0.1625,0.8344,0.4472,0.5417,0.4951,0.4969,245.0,245.0,245.0,0.0,77.4456,1
792,26.4,246.7222,234.7742,0.0001,0.0,0.0008,253.0,253.0,253.0,0.0518,0.1625,0.8344,0.4472,0.5417,0.4951,0.4969,245.0,245.0,245.0,0.0,77.445,1
793,26.4333,246.7225,234.7752,0.0003,0.0,0.0002,253.0,253.0,253.0,0.0518,0.1625,0.8344,0.4472,0.5417,0.4951,0.4969,245.0,245.0,245.0,0.0,77.4447,1
794,26.4667,246.7225,234.7751,0.0,0.0,0.0001,253.0,253.0,253.0,0.0518,0.1625,0.8344,0.4472,0.5417,0.4951,0.4969,245.0,245.0,245.0,0.0,77.4449,1
795,26.5,246.7225,234.7751,0.0,0.0,0.0,253.0,253.0,253.0,0.0518,0.1625,0.8344,0.4472,0.5417,0.4951,0.4969,245.0,245.0,245.0,0.0,77.4449,1
796,26.5333,246.7225,234.7751,0.0,0.0,0.0,253.0,253.0,253.0,0.0518,0.1625,0.8344,0.4472,0.5417,0.4951,0.4969,245.0,245.0,245.0,0.0,77.4449,1
797,26.5667,246.7225,234.7751,0.0,0.0,0.0,253.0,253.0,253.0,0.0518,0.1625,0.8344,0.4472,0.5417,0.4951,0.4969,245.0,245.0,245.0,0.0,77.4449,1
798,26.6,246.7225,234.7751,0.0,0.0,0.0,253.0,253.0,253.0,0.0518,0.1625,0.8344,0.4472,0.5417,0.4951,0.4969,245.0,245.0,245.0,0.0,77.4449,1
799,26.6333,246.7225,234.7751,0.0,0.0,0.0,253.0,253.0,253.0,0.0518,0.1625,0.8344,0.4472,0.5417,0.4951,0.4969,245.0,245.0,245.0,0.0,77.4449,1
800,26.6667,246.7225,234.7751,0.0,0.0,0.0,253.0,253.0,253.0,0.0518,0.1625,0.8344,0.4472,0.5417,0.4951,0.4969,245.0,245.0,245.0,0.0,77.4449,1
801,26.7,246.7225,234.7751,0.0,0.0,0.0007,253.0,253.0,253.0,0.0518,0.1625,0.8344,0.4472,0.5417,0.4951,0.4969,245.0,245.0,245.0,0.0,77.4465,1
802,26.7333,246.7225,234.7751,0.0,0.0,0.0,253.0,253.0,253.0,0.0518,0.1625,0.8344,0.4472,0.5417,0.4951,0.4969,245.0,245.0,245.0,0.0,77.4465,1
803,26.7667,246.7225,234.7751,0.0,0.0,0.0,253.0,253.0,253.0,0.0518,0.1625,0.8344,0.4472,0.5417,0.4951,0.4969,245.0,245.0,245.0,0.0,77.4465,1
804,26.8,246.7225,234.7751,0.0001,0.0,0.0011,253.0,253.0,253.0,0.0518,0.1625,0.8344,0.4472,0.5417,0.4951,0.4969,245.0,245.0,245.0,0.0,77.4456,1
805,26.8333,246.7225,234.7751,0.0,0.0,0.0001,253.0,253.0,253.0,0.0518,0.1625,0.8344,0.4472,0.5417,0.4951,0.4969,245.0,245.0,245.0,0.0,77.4454,1
806,26.8667,246.7225,234.7751,0.0,0.0,0.0003,253.0,253.0,253.0,0.0518,0.1625,0.8344,0.4472,0.5417,0.4951,0.4969,245.0,245.0,245.0,0.0,77.4454,1
807,26.9,246.7225,234.775,0.0,0.0,0.0002,253.0,253.0,253.0,0.0518,0.1625,0.8344,0.4472,0.5417,0.4951,0.4969,245.0,245.0,245.0,0.0,77.4458,1
808,26.9333,246.7225,234.775,0.0,0.0,0.0003,253.0,253.0,253.0,0.0518,0.1625,0.8344,0.4472,0.5417,0.4951,0.4969,245.0,245.0,245.0,0.0,77.4451,1
809,26.9667,246.7225,234.775,0.0,0.0,0.0002,253.0,253.0,253.0,0.0518,0.1625,0.8344,0.4472,0.5417,0.4951,0.4969,245.0,245.0,245.0,0.0,77.4451,1
810,27.0,246.7225,234.7752,0.0001,0.0,0.0016,253.0,253.0,253.0,0.0518,0.1625,0.8344,0.4472,0.5417,0.4951,0.4969,245.0,245.0,245.0,0.0,77.4426,1
811,27.0333,2.3776,4.3973,244.2634,0.0682,0.0,0.0,0.0,0.0,0.0163,0.0938,0.2844,0.3306,0.4306,0.1893,0.3811,246.0,82.0,98.0,34.0,41.7823,1
812,27.0667,2.3784,4.3991,0.0015,0.0,0.0591,0.0,0.0,0.0,0.0164,0.0938,0.2844,0.3306,0.4306,0.1895,0.3811,246.0,82.0,98.0,36.0,41.8744,1
813,27.1,2.3784,4.3992,0.0005,0.0,0.0285,0.0,0.0,0.0,0.0164,0.0938,0.2844,0.3306,0.4306,0.1895,0.3811,246.0,82.0,98.0,36.0,41.9071,1
814,27.1333,2.3785,4.3993,0.0001,0.0,0.0042,0.0,0.0,0.0,0.0164,0.0938,0.2844,0.3306,0.4306,0.1895,0.3811,246.0,82.0,98.0,36.0,41.9096,1
815,27.1667,2.3787,4.3995,0.0004,0.0,0.0229,0.0,0.0,0.0,0.0164,0.0938,0.2844,0.3306,0.4306,0.1895,0.3811,246.0,82.0,98.0,38.0,41.9207,1
816,27.2,1.7658,3.9518,2.0254,0.0153,71.8616,0.0,0.0,0.0,0.014,0.1018,0.35,0.3389,0.4167,0.2345,0.3807,133.0,74.0,89.0,0.0,94.5813,1
817,27.2333,1.7678,3.9572,0.0029,0.0,0.1662,0.0,0.0,0.0,0.014,0.1018,0.35,0.3389,0.4167,0.2345,0.3807,133.0,74.0,89.0,0.0,94.7663,1
818,27.2667,1.7678,3.9573,0.0,0.0,0.0028,0.0,0.0,0.0,0.014,0.1018,0.35,0.3389,0.4167,0.2345,0.3807,133.0,74.0,89.0,0.0,94.7671,1
819,27.3,3.1146,7.9944,2.1012,0.015,19.5336,0.0,0.0,0.0,0.0243,0.1047,0.4968,0.3361,0.4306,0.3242,0.3833,207.0,82.0,98.0,0.0,80.2115,1
820,27.3333,3.1147,7.9947,0.0012,0.0,0.0416,0.0,0.0,0.0,0.0243,0.1047,0.4968,0.3361,0.4306,0.3242,0.3833,207.0,82.0,98.0,0.0,80.1982,1
821,27.3667,2.6232,6.5214,1.5141,0.0118,25.9904,0.0,0.0,0.0,0.0219,0.1047,0.5422,0.35,0.425,0.331,0.3844,32.0,23.0,23.0,0.0,107.399,1
822,27.4,2.6239,6.5234,0.0013,0.0,0.0416,0.0,0.0,0.0,0.0219,0.1047,0.5422,0.35,0.425,0.331,0.3844,32.0,23.0,23.0,0.0,107.4173,1
823,27.4333,2.6241,6.5239,0.0002,0.0,0.0016,0.0,0.0,0.0,0.0219,0.1047,0.5422,0.35,0.425,0.331,0.3844,32.0,23.0,23.0,0.0,107.4321,1
824,27.4667,2.7303,6.8423,0.6417,0.0047,9.8628,0.0,0.0,0.0,0.0229,0.1047,0.5797,0.3444,0.4139,0.345,0.3829,22.0,20.0,20.0,0.0,109.9454,1
825,27.5,2.7303,6.8424,0.0002,0.0,0.0061,0.0,0.0,0.0,0.0229,0.1047,0.5797,0.3444,0.4139,0.345,0.3829,22.0,20.0,20.0,0.0,109.9442,1
826,27.5333,2.7303,6.8424,0.0,0.0,0.0,0.0,0.0,0.0,0.0229,0.1047,0.5797,0.3444,0.4139,0.345,0.3829,22.0,20.0,20.0,0.0,109.9442,1
827,27.5667,2.949,7.498,0.6413,0.0046,7.4278,0.0,0.0,0.0,0.0247,0.1047,0.6205,0.3389,0.4139,0.3661,0.3827,22.0,18.0,18.0,0.0,108.6481,2
828,27.6,2.9492,7.4986,0.0004,0.0,0.0145,0.0,0.0,0.0,0.0247,0.1047,0.6205,0.3389,0.4139,0.3662,0.3827,22.0,18.0,18.0,0.0,108.6357,2
829,27.6333,3.5369,9.2601,1.0799,0.0075,7.4357,0.0,0.0,0.0,0.0292,0.1062,0.6984,0.3333,0.4139,0.4147,0.3813,24.0,23.0,23.0,0.0,103.0223,1
830,27.6667,3.537,9.2607,0.0005,0.0,0.0127,0.0,0.0,0.0,0.0292,0.1062,0.6984,0.3333,0.4139,0.4147,0.3813,24.0,23.0,23.0,0.0,103.0321,1
831,27.7,3.537,9.2606,0.0001,0.0,0.0034,0.0,0.0,0.0,0.0292,0.1062,0.6984,0.3333,0.4139,0.4147,0.3813,24.0,23.0,23.0,0.0,103.0319,1
832,27.7333,3.5055,9.1662,0.868,0.0067,8.4964,0.0,0.0,0.0,0.0299,0.1062,0.7378,0.3389,0.4139,0.427,0.3821,18.0,13.0,13.0,0.0,110.3316,1
833,27.7667,3.5065,9.1691,0.0012,0.0,0.0357,0.0,0.0,0.0,0.0299,0.1062,0.7378,0.3389,0.4139,0.4271,0.3822,18.0,13.0,13.0,0.0,110.3495,1
834,27.8,3.5065,9.1691,0.0,0.0,0.0012,0.0,0.0,0.0,0.0299,0.1062,0.7378,0.3389,0.4139,0.4271,0.3822,18.0,13.0,13.0,0.0,110.3495,1
835,27.8333,3.9247,10.4227,0.8994,0.0066,6.0785,0.0,0.0,0.0,0.0331,0.1062,0.8031,0.3417,0.4139,0.4639,0.382,20.0,19.0,18.5,0.0,107.4126,1
836,27.8667,3.9249,10.4234,0.0005,0.0,0.0144,0.0,0.0,0.0,0.0331,0.1062,0.8026,0.3417,0.4139,0.4639,0.382,20.0,19.0,19.0,0.0,107.4285,1
837,27.9,4.5492,10.4555,1.3569,0.0099,7.8496,0.0,0.0,0.0,0.0384,0.1078,0.8875,0.3417,0.425,0.5205,0.3832,24.0,24.0,24.0,0.0,103.5756,1
838,27.9333,4.5497,10.457,0.0008,0.0,0.0182,0.0,0.0,0.0,0.0384,0.1078,0.8875,0.3417,0.425,0.5205,0.3832,24.0,24.0,24.0,0.0,103.5559,1
839,27.9667,4.5497,10.457,0.0002,0.0,0.0039,0.0,0.0,0.0,0.0384,0.1078,0.8875,0.3417,0.425,0.5205,0.3832,24.0,24.0,24.0,0.0,103.5559,1
840,28.0,4.283,9.8621,0.9512,0.009,6.8436,0.0,0.0,0.0,0.0374,0.0969,0.8672,0.3556,0.4806,0.446,0.3892,5.0,5.0,5.0,0.0,111.3712,1
841,28.0333,4.2886,9.8774,0.0102,0.0001,0.2189,0.0,0.0,0.0,0.0374,0.0969,0.8672,0.3556,0.4806,0.446,0.3892,5.0,4.0,4.0,0.0,111.6122,1
842,28.0667,5.5666,13.0741,1.6955,0.0112,5.0266,0.0,0.0,0.0,0.0457,0.1047,0.8656,0.3556,0.4917,0.4054,0.4012,39.0,28.0,28.0,0.0,103.0273,1
843,28.1,5.5659,13.0724,0.0012,0.0,0.0202,0.0,0.0,0.0,0.0457,0.1047,0.8656,0.3556,0.4917,0.4054,0.4012,39.0,28.0,28.0,0.0,103.0035,1
844,28.1333,5.5659,13.0723,0.0,0.0,0.0005,0.0,0.0,0.0,0.0457,0.1047,0.8656,0.3556,0.4917,0.4054,0.4012,39.0,28.0,28.0,0.0,103.0028,1
845,28.1667,6.4671,16.4504,2.5706,0.0178,10.3834,0.0,0.0,0.0,0.0542,0.1062,0.8628,0.3556,0.4917,0.4067,0.4095,33.0,24.0,24.0,0.0,102.5801,1
846,28.2,6.4671,16.4506,0.0009,0.0,0.0144,0.0,0.0,0.0,0.0542,0.1062,0.8628,0.3556,0.4917,0.4067,0.4095,33.0,24.0,24.0,0.0,102.5791,1
847,28.2333,6.4671,16.4506,0.0,0.0,0.0,0.0,0.0,0.0,0.0542,0.1062,0.8628,0.3556,0.4917,0.4067,0.4095,33.0,24.0,24.0,0.0,102.5791,1
848,28.2667,6.0972,15.3416,1.498,0.0113,9.8733,0.0,0.0,0.0,0.0538,0.1062,0.8641,0.3556,0.4861,0.4171,0.4098,8.0,8.0,6.0,0.0,113.4759,1
849,28.3,6.0973,15.3418,0.0005,0.0,0.0075,0.0,0.0,0.0,0.0538,0.1062,0.8641,0.3556,0.4861,0.4171,0.4098,8.0,8.0,6.0,0.0,113.4574,1
850,28.3333,6.0972,15.3417,0.0002,0.0,0.0026,0.0,0.0,0.0,0.0538,0.1062,0.8641,0.3556,0.4861,0.4171,0.4098,8.0,8.0,6.0,0.0,113.4492,1
851,28.3667,8.1788,21.5815,2.7946,0.0186,4.7249,0.0,0.0,0.0,0.0683,0.1078,0.8609,0.3583,0.5056,0.4542,0.4204,39.0,28.0,28.0,0.0,99.7351,1
852,28.4,8.1789,21.5819,0.001,0.0,0.0082,0.0,0.0,0.0,0.0683,0.1078,0.8609,0.3583,0.5056,0.4542,0.4204,39.0,28.0,28.0,0.0,99.7551,1
853,28.4333,7.902,20.752,2.6917,0.0211,8.3059,0.0,0.0,0.0,0.0689,0.1078,0.8597,0.3583,0.5,0.4749,0.4209,12.0,11.0,11.0,0.0,109.5347,1
854,28.4667,7.9017,20.7509,0.0023,0.0,0.0273,0.0,0.0,0.0,0.0689,0.1078,0.8596,0.3583,0.5,0.4749,0.4209,12.0,11.0,11.0,0.0,109.599,1
855,28.5,7.9017,20.7509,0.0,0.0,0.0004,0.0,0.0,0.0,0.0689,0.1078,0.8596,0.3583,0.5,0.4749,0.4209,12.0,11.0,11.0,0.0,109.5995,1
856,28.5333,8.7764,20.931,2.3673,0.0169,4.9308,0.0,0.0,0.0,0.0757,0.1094,0.8984,0.3583,0.5,0.5147,0.4247,18.0,13.0,16.0,0.0,107.7678,1
857,28.5667,8.7765,20.9306,0.0014,0.0,0.0141,0.0,0.0,0.0,0.0757,0.1094,0.8984,0.3583,0.5,0.5147,0.4247,18.0,13.0,16.0,0.0,107.7622,1
858,28.6,8.7765,20.9306,0.0002,0.0,0.0023,0.0,0.0,0.0,0.0757,0.1094,0.8984,0.3583,0.5,0.5147,0.4247,18.0,13.0,16.0,0.0,107.7627,1
859,28.6333,9.5259,22.1308,2.7784,0.0209,4.4493,0.0,0.0,0.0,0.0818,0.1016,0.8766,0.3583,0.5778,0.4395,0.4383,15.0,14.0,13.0,0.0,108.2685,1
860,28.6667,9.5262,22.1319,0.0019,0.0,0.0162,0.0,0.0,0.0,0.0818,0.1016,0.8766,0.3583,0.5778,0.4395,0.4383,15.0,13.0,13.0,0.0,108.2816,1
861,28.7,9.5262,22.1318,0.0002,0.0,0.0018,0.0,0.0,0.0,0.0818,0.1016,0.8766,0.3583,0.5778,0.4395,0.4383,15.0,13.0,13.0,0.0,108.2805,1
862,28.7333,10.8404,27.4746,3.4003,0.0235,5.5659,0.0,0.0,0.0,0.0926,0.1062,0.875,0.3583,0.5806,0.4365,0.4493,19.0,18.5,19.0,0.0,105.6195,1
863,28.7667,10.8445,27.4869,0.0054,0.0,0.0556,0.0,0.0,0.0,0.0926,0.1062,0.875,0.3583,0.5806,0.4365,0.4493,19.0,18.0,19.0,0.0,105.7371,1
864,28.8,10.8444,27.4865,0.0005,0.0,0.0043,0.0,0.0,0.0,0.0926,0.1062,0.875,0.3583,0.5806,0.4365,0.4493,19.0,18.0,19.0,0.0,105.7356,1
865,28.8333,10.2107,25.5867,2.0693,0.0157,7.1032,0.0,0.0,0.0,0.0912,0.1062,0.875,0.3583,0.5639,0.4462,0.4478,3.0,3.0,3.0,0.0,114.6854,1
866,28.8667,10.2118,25.59,0.0019,0.0,0.0189,0.0,0.0,0.0,0.0912,0.1062,0.875,0.3583,0.5639,0.4462,0.4478,3.0,3.0,3.0,0.0,114.7184,1
867,28.9,10.2118,25.5901,0.0002,0.0,0.0019,0.0,0.0,0.0,0.0912,0.1062,0.875,0.3583,0.5639,0.4462,0.4478,3.0,3.0,3.0,0.0,114.719,1
868,28.9333,10.3964,26.1435,0.9232,0.0084,2.2922,0.0,0.0,0.0,0.0932,0.1062,0.875,0.3583,0.5639,0.4501,0.4501,2.0,2.0,2.0,0.0,115.4929,1
869,28.9667,10.3963,26.1433,0.0007,0.0,0.0062,0.0,0.0,0.0,0.0932,0.1062,0.875,0.3583,0.5639,0.4501,0.4501,2.0,2.0,2.0,0.0,115.4918,1
870,29.0,10.3963,26.1433,0.0,0.0,0.0005,0.0,0.0,0.0,0.0932,0.1062,0.875,0.3583,0.5639,0.4501,0.4501,2.0,2.0,2.0,0.0,115.4864,1
871,29.0333,10.5962,26.7424,0.7549,0.0065,2.4602,0.0,0.0,0.0,0.0948,0.1062,0.875,0.3583,0.5611,0.4537,0.4515,2.0,2.0,2.0,0.0,116.0536,1
872,29.0667,10.596,26.7419,0.0006,0.0,0.005,0.0,0.0,0.0,0.0948,0.1062,0.875,0.3583,0.5611,0.4537,0.4515,2.0,2.0,2.0,0.0,116.0572,1
873,29.1,10.5961,26.7422,0.0002,0.0,0.0015,0.0,0.0,0.0,0.0948,0.1062,0.875,0.3583,0.5611,0.4537,0.4515,2.0,2.0,2.0,0.0,116.0593,1
874,29.1333,10.5961,26.7422,0.0,0.0,0.0,0.0,0.0,0.0,0.0948,0.1062,0.875,0.3583,0.5611,0.4537,0.4515,2.0,2.0,2.0,0.0,116.0593,1
875,29.1667,11.189,28.5194,1.1234,0.008,1.9161,0.0,0.0,0.0,0.099,0.1062,0.875,0.3583,0.5639,0.4629,0.4549,3.0,3.0,3.0,0.0,114.3771,1
876,29.2,11.1894,28.5208,0.0016,0.0,0.0099,0.0,0.0,0.0,0.099,0.1062,0.875,0.3583,0.5639,0.463,0.4549,3.0,3.0,3.0,0.0,114.389,1
877,29.2333,11.1897,28.5215,0.0003,0.0,0.0032,0.0,0.0,0.0,0.099,0.1062,0.875,0.3583,0.5639,0.463,0.4549,3.0,3.0,3.0,0.0,114.3929,1
878,29.2667,11.2733,28.7723,1.0059,0.0075,2.4003,0.0,0.0,0.0,0.1008,0.1062,0.8734,0.3583,0.5611,0.4691,0.4564,2.0,1.0,2.0,0.0,115.4519,1
879,29.3,11.2729,28.7709,0.0005,0.0,0.003,0.0,0.0,0.0,0.1008,0.1062,0.8734,0.3583,0.5611,0.4691,0.4564,2.0,1.0,1.0,0.0,115.4796,1
880,29.3333,11.2729,28.7709,0.0002,0.0,0.0018,0.0,0.0,0.0,0.1008,0.1062,0.8734,0.3583,0.5611,0.4691,0.4564,2.0,1.0,1.0,0.0,115.4789,1
881,29.3667,11.2729,28.7709,0.0,0.0,0.0003,0.0,0.0,0.0,0.1008,0.1062,0.8734,0.3583,0.5611,0.4691,0.4564,2.0,1.0,1.0,0.0,115.4791,1
882,29.4,11.1762,28.4812,0.5191,0.004,2.1531,0.0,0.0,0.0,0.1008,0.1062,0.8734,0.3583,0.5611,0.4698,0.4566,1.0,1.0,1.0,0.0,117.0926,1
883,29.4333,11.1761,28.4809,0.0002,0.0,0.0015,0.0,0.0,0.0,0.1008,0.1062,0.8734,0.3583,0.5611,0.4698,0.4566,1.0,1.0,1.0,0.0,117.0967,1
884,29.4667,11.1762,28.481,0.0002,0.0,0.0011,0.0,0.0,0.0,0.1008,0.1062,0.8734,0.3583,0.5611,0.4698,0.4566,1.0,1.0,1.0,0.0,117.0976,1
885,29.5,11.1762,28.481,0.0,0.0,0.0,0.0,0.0,0.0,0.1008,0.1062,0.8734,0.3583,0.5611,0.4698,0.4566,1.0,1.0,1.0,0.0,117.0976,1
886,29.5333,11.9336,30.6578,0.999,0.0074,0.955,0.0,0.0,0.0,0.1063,0.1078,0.8734,0.3583,0.5639,0.4873,0.4602,2.0,2.0,2.0,0.0,113.7478,1
887,29.5667,11.9336,30.6576,0.0004,0.0,0.0025,0.0,0.0,0.0,0.1063,0.1078,0.8734,0.3583,0.5639,0.4873,0.4602,2.0,2.0,2.0,0.0,113.7493,1
888,29.6,11.9336,30.6576,0.0,0.0,0.0,0.0,0.0,0.0,0.1063,0.1078,0.8734,0.3583,0.5639,0.4873,0.4602,2.0,2.0,2.0,0.0,113.7493,1
889,29.6333,11.9336,30.6576,0.0001,0.0,0.0004,0.0,0.0,0.0,0.1063,0.1078,0.8734,0.3583,0.5639,0.4873,0.4602,2.0,2.0,2.0,0.0,113.7494,1
890,29.6667,11.9336,30.6576,0.0,0.0,0.0,0.0,0.0,0.0,0.1063,0.1078,0.8734,0.3583,0.5639,0.4873,0.4602,2.0,2.0,2.0,0.0,113.7494,1
891,29.7,12.4804,30.2696,1.5387,0.0135,1.8843,0.0,0.0,0.0,0.1119,0.1031,0.8734,0.3583,0.65,0.4508,0.4706,3.0,3.0,3.0,0.0,112.6314,1
892,29.7333,12.4803,30.2694,0.001,0.0,0.0063,0.0,0.0,0.0,0.1119,0.1031,0.8734,0.3583,0.65,0.4508,0.4706,3.0,3.0,3.0,0.0,112.6253,1
893,29.7667,12.4804,30.2698,0.0003,0.0,0.0027,0.0,0.0,0.0,0.1119,0.1031,0.8734,0.3583,0.65,0.4508,0.4706,3.0,3.0,3.0,0.0,112.6259,1
894,29.8,12.4803,30.2698,0.0003,0.0,0.0024,0.0,0.0,0.0,0.1119,0.1031,0.8734,0.3583,0.65,0.4508,0.4706,3.0,3.0,3.0,0.0,112.6268,1
895,29.8333,12.4804,30.2698,0.0,0.0,0.0003,0.0,0.0,0.0,0.1119,0.1031,0.8734,0.3583,0.65,0.4508,0.4706,3.0,3.0,3.0,0.0,112.6264,1
896,29.8667,12.3523,31.0107,0.9815,0.0086,3.0739,0.0,0.0,0.0,0.1109,0.1062,0.8734,0.3583,0.6333,0.4559,0.469,2.0,1.0,1.0,0.0,116.3303,1
897,29.9,12.3518,31.0097,0.0009,0.0,0.0053,0.0,0.0,0.0,0.1109,0.1062,0.8734,0.3583,0.6333,0.4559,0.469,2.0,1.0,1.0,0.0,116.3419,1
898,29.9333,12.3518,31.0097,0.0,0.0,0.0003,0.0,0.0,0.0,0.1109,0.1062,0.8734,0.3583,0.6333,0.4559,0.469,2.0,1.0,1.0,0.0,116.3419,1
899,29.9667,12.3518,31.0097,0.0,0.0,0.0002,0.0,0.0,0.0,0.1109,0.1062,0.8734,0.3583,0.6333,0.4559,0.469,2.0,1.0,1.0,0.0,116.3418,1
900,30.0,12.3444,30.9928,0.0805,0.0006,0.5672,0.0,0.0,0.0,0.1108,0.1062,0.8734,0.3583,0.6333,0.4557,0.469,2.0,1.0,2.0,0.0,116.219,1
901,30.0333,12.3506,31.0094,0.0177,0.0002,0.125,0.0,0.0,0.0,0.1108,0.1062,0.8734,0.3583,0.6333,0.4558,0.469,2.0,1.0,1.0,0.0,116.3376,1
902,30.0667,12.3506,31.0095,0.0003,0.0,0.0027,0.0,0.0,0.0,0.1108,0.1062,0.8734,0.3583,0.6333,0.4558,0.469,2.0,1.0,1.0,0.0,116.3432,1
903,30.1,13.8191,35.4115,2.0071,0.013,1.7823,0.0,0.0,0.0,0.1206,0.1062,0.8719,0.3583,0.6528,0.4449,0.481,10.0,8.0,8.0,0.0,111.4843,1
904,30.1333,13.8189,35.411,0.0012,0.0,0.0065,0.0,0.0,0.0,0.1206,0.1062,0.8719,0.3583,0.6528,0.4449,0.481,10.0,8.0,8.0,0.0,111.4814,1
905,30.1667,13.819,35.4112,0.0006,0.0,0.0029,0.0,0.0,0.0,0.1206,0.1062,0.8719,0.3583,0.6528,0.4449,0.481,10.0,8.0,8.0,0.0,111.4808,1
906,30.2,13.8189,35.411,0.0004,0.0,0.0022,0.0,0.0,0.0,0.1206,0.1062,0.8719,0.3583,0.6528,0.4449,0.481,10.0,8.0,8.0,0.0,111.4811,1
907,30.2333,13.819,35.4112,0.0004,0.0,0.0022,0.0,0.0,0.0,0.1206,0.1062,0.8719,0.3583,0.6528,0.4449,0.481,10.0,8.0,8.0,0.0,111.4808,1
908,30.2667,13.8189,35.411,0.0004,0.0,0.0022,0.0,0.0,0.0,0.1206,0.1062,0.8719,0.3583,0.6528,0.4449,0.481,10.0,8.0,8.0,0.0,111.4811,1
909,30.3,13.819,35.4112,0.0004,0.0,0.0024,0.0,0.0,0.0,0.1206,0.1062,0.8719,0.3583,0.6528,0.4449,0.481,10.0,8.0,8.0,0.0,111.4811,1
910,30.3333,13.8189,35.411,0.0004,0.0,0.0024,0.0,0.0,0.0,0.1206,0.1062,0.8719,0.3583,0.6528,0.4449,0.481,10.0,8.0,8.0,0.0,111.4811,1
911,30.3667,13.819,35.4112,0.0004,0.0,0.0024,0.0,0.0,0.0,0.1206,0.1062,0.8719,0.3583,0.6528,0.4449,0.481,10.0,8.0,8.0,0.0,111.4811,1
912,30.4,13.8189,35.411,0.0004,0.0,0.0024,0.0,0.0,0.0,0.1206,0.1062,0.8719,0.3583,0.6528,0.4449,0.481,10.0,8.0,8.0,0.0,111.4811,1
913,30.4333,13.819,35.4112,0.0004,0.0,0.0024,0.0,0.0,0.0,0.1206,0.1062,0.8719,0.3583,0.6528,0.4449,0.481,10.0,8.0,8.0,0.0,111.4811,1
914,30.4667,13.8189,35.411,0.0004,0.0,0.0024,0.0,0.0,0.0,0.1206,0.1062,0.8719,0.3583,0.6528,0.4449,0.481,10.0,8.0,8.0,0.0,111.4811,1
915,30.5,13.819,35.4112,0.0004,0.0,0.0024,0.0,0.0,0.0,0.1206,0.1062,0.8719,0.3583,0.6528,0.4449,0.481,10.0,8.0,8.0,0.0,111.4811,1
916,30.5333,13.8189,35.4111,0.0002,0.0,0.0015,0.0,0.0,0.0,0.1206,0.1062,0.8719,0.3583,0.6528,0.4449,0.481,10.0,8.0,8.0,0.0,111.4813,1
917,30.5667,13.8189,35.4111,0.0,0.0,0.0,0.0,0.0,0.0,0.1206,0.1062,0.8719,0.3583,0.6528,0.4449,0.481,10.0,8.0,8.0,0.0,111.4813,1
918,30.6,13.8189,35.4111,0.0,0.0,0.0,0.0,0.0,0.0,0.1206,0.1062,0.8719,0.3583,0.6528,0.4449,0.481,10.0,8.0,8.0,0.0,111.4813,1
919,30.6333,13.8189,35.411,0.0002,0.0,0.0011,0.0,0.0,0.0,0.1206,0.1062,0.8719,0.3583,0.6528,0.4449,0.481,10.0,8.0,8.0,0.0,111.4813,1
920,30.6667,13.8189,35.411,0.0,0.0,0.0,0.0,0.0,0.0,0.1206,0.1062,0.8719,0.3583,0.6528,0.4449,0.481,10.0,8.0,8.0,0.0,111.4816,1
921,30.7,13.8189,35.411,0.0,0.0,0.0,0.0,0.0,0.0,0.1206,0.1062,0.8719,0.3583,0.6528,0.4449,0.481,10.0,8.0,8.0,0.0,111.4816,1
922,30.7333,13.8189,35.411,0.0,0.0,0.0,0.0,0.0,0.0,0.1206,0.1062,0.8719,0.3583,0.6528,0.4449,0.481,10.0,8.0,8.0,0.0,111.4816,1
923,30.7667,13.8189,35.411,0.0,0.0,0.0,0.0,0.0,0.0,0.1206,0.1062,0.8719,0.3583,0.6528,0.4449,0.481,10.0,8.0,8.0,0.0,111.4816,1
924,30.8,13.8189,35.411,0.0,0.0,0.0,0.0,0.0,0.0,0.1206,0.1062,0.8719,0.3583,0.6528,0.4449,0.481,10.0,8.0,8.0,0.0,111.4816,1
925,30.8333,13.8189,35.411,0.0,0.0,0.0,0.0,0.0,0.0,0.1206,0.1062,0.8719,0.3583,0.6528,0.4449,0.481,10.0,8.0,8.0,0.0,111.4816,1
926,30.8667,13.8189,35.411,0.0,0.0,0.0,0.0,0.0,0.0,0.1206,0.1062,0.8719,0.3583,0.6528,0.4449,0.481,10.0,8.0,8.0,0.0,111.4816,1
927,30.9,13.8189,35.411,0.0,0.0,0.0,0.0,0.0,0.0,0.1206,0.1062,0.8719,0.3583,0.6528,0.4449,0.481,10.0,8.0,8.0,0.0,111.4816,1
928,30.9333,13.8189,35.411,0.0,0.0,0.0,0.0,0.0,0.0,0.1206,0.1062,0.8719,0.3583,0.6528,0.4449,0.481,10.0,8.0,8.0,0.0,111.4816,1
929,30.9667,13.8189,35.411,0.0,0.0,0.0,0.0,0.0,0.0,0.1206,0.1062,0.8719,0.3583,0.6528,0.4449,0.481,10.0,8.0,8.0,0.0,111.4816,1
930,31.0,13.8189,35.411,0.0,0.0,0.0,0.0,0.0,0.0,0.1206,0.1062,0.8719,0.3583,0.6528,0.4449,0.481,10.0,8.0,8.0,0.0,111.4816,1
931,31.0333,13.8189,35.411,0.0,0.0,0.0,0.0,0.0,0.0,0.1206,0.1062,0.8719,0.3583,0.6528,0.4449,0.481,10.0,8.0,8.0,0.0,111.4816,1
932,31.0667,13.8189,35.411,0.0,0.0,0.0,0.0,0.0,0.0,0.1206,0.1062,0.8719,0.3583,0.6528,0.4449,0.481,10.0,8.0,8.0,0.0,111.4816,1
933,31.1,13.8189,35.411,0.0,0.0,0.0,0.0,0.0,0.0,0.1206,0.1062,0.8719,0.3583,0.6528,0.4449,0.481,10.0,8.0,8.0,0.0,111.4816,1
934,31.1333,13.8189,35.411,0.0,0.0,0.0,0.0,0.0,0.0,0.1206,0.1062,0.8719,0.3583,0.6528,0.4449,0.481,10.0,8.0,8.0,0.0,111.4816,1
935,31.1667,13.8189,35.411,0.0,0.0,0.0,0.0,0.0,0.0,0.1206,0.1062,0.8719,0.3583,0.6528,0.4449,0.481,10.0,8.0,8.0,0.0,111.4816,1
936,31.2,13.8189,35.411,0.0,0.0,0.0,0.0,0.0,0.0,0.1206,0.1062,0.8719,0.3583,0.6528,0.4449,0.481,10.0,8.0,8.0,0.0,111.4816,1
937,31.2333,13.8189,35.411,0.0,0.0,0.0,0.0,0.0,0.0,0.1206,0.1062,0.8719,0.3583,0.6528,0.4449,0.481,10.0,8.0,8.0,0.0,111.4816,1
938,31.2667,13.8189,35.411,0.0,0.0,0.0,0.0,0.0,0.0,0.1206,0.1062,0.8719,0.3583,0.6528,0.4449,0.481,10.0,8.0,8.0,0.0,111.4816,1
939,31.3,1.9791,5.7496,15.7458,0.1366,0.0,0.0,0.0,0.0,0.016,0.1719,0.4438,0.2639,0.3361,0.3107,0.3019,15.0,15.0,15.0,0.0,107.5785,2
940,31.3333,1.979,5.7493,0.0039,0.0,0.1402,0.0,0.0,0.0,0.016,0.1719,0.4438,0.2639,0.3361,0.3107,0.3019,15.0,15.0,15.0,0.0,107.6551,2
941,31.3667,1.9792,5.7499,0.0002,0.0,0.0133,0.0,0.0,0.0,0.016,0.1719,0.4438,0.2639,0.3361,0.3107,0.3019,15.0,15.0,15.0,0.0,107.6817,2
942,31.4,1.9792,5.7499,0.0,0.0,0.0,0.0,0.0,0.0,0.016,0.1719,0.4438,0.2639,0.3361,0.3107,0.3019,15.0,15.0,15.0,0.0,107.6817,2
943,31.4333,1.9792,5.7499,0.0,0.0,0.0,0.0,0.0,0.0,0.016,0.1719,0.4438,0.2639,0.3361,0.3107,0.3019,15.0,15.0,15.0,0.0,107.6817,2
944,31.4667,1.9792,5.7499,0.0,0.0,0.0,0.0,0.0,0.0,0.016,0.1719,0.4438,0.2639,0.3361,0.3107,0.3019,15.0,15.0,15.0,0.0,107.6817,2
945,31.5,1.9792,5.7499,0.0,0.0,0.0,0.0,0.0,0.0,0.016,0.1719,0.4438,0.2639,0.3361,0.3107,0.3019,15.0,15.0,15.0,0.0,107.6817,2
946,31.5333,1.9792,5.7499,0.0,0.0,0.0,0.0,0.0,0.0,0.016,0.1719,0.4438,0.2639,0.3361,0.3107,0.3019,15.0,15.0,15.0,0.0,107.6817,2
947,31.5667,1.9792,5.7499,0.0,0.0,0.0,0.0,0.0,0.0,0.016,0.1719,0.4438,0.2639,0.3361,0.3107,0.3019,15.0,15.0,15.0,0.0,107.6817,2
948,31.6,2.6953,7.8966,0.8271,0.0068,0.0328,0.0,0.0,0.0,0.022,0.1747,0.5641,0.2667,0.3339,0.3674,0.3019,17.0,17.0,17.0,0.0,107.9014,1
949,31.6333,2.6952,7.8963,0.0006,0.0,0.0067,0.0,0.0,0.0,0.022,0.1747,0.5641,0.2667,0.3339,0.3674,0.3019,17.0,17.0,17.0,0.0,107.9067,1
950,31.6667,2.6953,7.8963,0.0,0.0,0.0008,0.0,0.0,0.0,0.022,0.1747,0.5641,0.2667,0.3339,0.3674,0.3019,17.0,17.0,17.0,0.0,107.9077,1
951,31.7,2.6952,7.8963,0.0,0.0,0.0002,0.0,0.0,0.0,0.022,0.1747,0.5641,0.2667,0.3339,0.3674,0.3019,17.0,17.0,17.0,0.0,107.9082,1
952,31.7333,2.6952,7.8963,0.0,0.0,0.0,0.0,0.0,0.0,0.022,0.1747,0.5641,0.2667,0.3339,0.3674,0.3019,17.0,17.0,17.0,0.0,107.9082,1
953,31.7667,2.6952,7.8963,0.0,0.0,0.0,0.0,0.0,0.0,0.022,0.1747,0.5641,0.2667,0.3339,0.3674,0.3019,17.0,17.0,17.0,0.0,107.9082,1
954,31.8,2.6952,7.8963,0.0,0.0,0.0,0.0,0.0,0.0,0.022,0.1747,0.5641,0.2667,0.3339,0.3674,0.3019,17.0,17.0,17.0,0.0,107.9082,1
955,31.8333,3.2686,9.6151,0.6399,0.0054,0.111,0.0,0.0,0.0,0.0269,0.175,0.6562,0.2667,0.3333,0.4129,0.3018,15.0,15.0,15.0,0.0,105.1825,1
956,31.8667,3.2688,9.6157,0.0007,0.0,0.0164,0.0,0.0,0.0,0.0269,0.175,0.6562,0.2667,0.3333,0.4129,0.3018,15.0,15.0,15.0,0.0,105.2325,1
957,31.9,3.2688,9.6156,0.0,0.0,0.0006,0.0,0.0,0.0,0.0269,0.175,0.6562,0.2667,0.3333,0.4129,0.3018,15.0,15.0,15.0,0.0,105.2315,1
958,31.9333,3.2688,9.6156,0.0,0.0,0.0002,0.0,0.0,0.0,0.0269,0.175,0.6562,0.2667,0.3333,0.4129,0.3018,15.0,15.0,15.0,0.0,105.2323,1
959,31.9667,3.2688,9.6156,0.0,0.0,0.0,0.0,0.0,0.0,0.0269,0.175,0.6562,0.2667,0.3333,0.4129,0.3018,15.0,15.0,15.0,0.0,105.2323,1
960,32.0,3.9434,11.6374,0.7493,0.0063,0.3871,0.0,0.0,0.0,0.0326,0.1766,0.7656,0.2667,0.3333,0.4667,0.3017,12.0,12.0,12.0,0.0,103.9361,1
961,32.0333,3.9436,11.6381,0.0053,0.0001,0.0837,0.0,0.0,0.0,0.0327,0.1766,0.7656,0.2667,0.3333,0.4666,0.3017,11.0,11.0,11.0,0.0,103.8881,1
962,32.0667,3.9436,11.638,0.0001,0.0,0.0024,0.0,0.0,0.0,0.0327,0.1766,0.7656,0.2667,0.3333,0.4666,0.3017,11.0,11.0,11.0,0.0,103.8898,1
963,32.1,3.9436,11.638,0.0,0.0,0.0,0.0,0.0,0.0,0.0327,0.1766,0.7656,0.2667,0.3333,0.4666,0.3017,11.0,11.0,11.0,0.0,103.8898,1
964,32.1333,3.9436,11.638,0.0,0.0,0.0,0.0,0.0,0.0,0.0327,0.1766,0.7656,0.2667,0.3333,0.4666,0.3017,11.0,11.0,11.0,0.0,103.8898,1
965,32.1667,4.8971,14.4964,1.0183,0.0086,0.0909,0.0,0.0,0.0,0.0407,0.175,0.7641,0.2694,0.4259,0.4225,0.3208,11.0,11.0,11.0,0.0,103.7045,2
966,32.2,4.8977,14.4983,0.0014,0.0,0.028,0.0,0.0,0.0,0.0407,0.175,0.7641,0.2694,0.4258,0.4225,0.3208,11.0,11.0,11.0,0.0,103.6833,2
967,32.2333,4.8978,14.4984,0.0,0.0,0.0006,0.0,0.0,0.0,0.0407,0.175,0.7641,0.2694,0.4258,0.4225,0.3208,11.0,11.0,11.0,0.0,103.6827,2
968,32.2667,4.8978,14.4984,0.0,0.0,0.0,0.0,0.0,0.0,0.0407,0.175,0.7641,0.2694,0.4258,0.4225,0.3208,11.0,11.0,11.0,0.0,103.6827,2
969,32.3,5.5572,16.4751,0.7315,0.0064,0.0682,0.0,0.0,0.0,0.0465,0.175,0.7625,0.2694,0.4278,0.416,0.3307,9.0,9.0,9.0,0.0,103.0285,2
970,32.3333,5.5573,16.4753,0.001,0.0,0.0154,0.0,0.0,0.0,0.0465,0.175,0.7625,0.2694,0.4278,0.416,0.3307,9.0,9.0,9.0,0.0,103.073,2
971,32.3667,5.5573,16.4754,0.0,0.0,0.0008,0.0,0.0,0.0,0.0465,0.175,0.7625,0.2694,0.4278,0.416,0.3307,9.0,9.0,9.0,0.0,103.0745,2
972,32.4,6.376,18.9297,0.884,0.0079,0.0627,0.0,0.0,0.0,0.0539,0.1766,0.7625,0.2694,0.4306,0.4264,0.3403,8.0,8.0,8.0,0.0,103.0859,3
973,32.4333,6.3766,18.9315,0.0015,0.0,0.0232,0.0,0.0,0.0,0.0539,0.1766,0.7625,0.2694,0.4306,0.4264,0.3403,8.0,8.0,8.0,0.0,103.13,2
974,32.4667,6.3766,18.9315,0.0,0.0,0.0,0.0,0.0,0.0,0.0539,0.1766,0.7625,0.2694,0.4306,0.4264,0.3403,8.0,8.0,8.0,0.0,103.13,2
975,32.5,8.1179,24.1512,1.8064,0.015,0.0381,0.0,0.0,0.0,0.0683,0.1781,0.8109,0.2694,0.4306,0.4829,0.3526,9.0,9.0,9.0,0.0,104.3898,2
976,32.5333,8.1174,24.1496,0.0035,0.0001,0.0289,0.0,0.0,0.0,0.0683,0.1781,0.8109,0.2694,0.4306,0.4829,0.3526,9.0,9.0,9.0,0.0,104.4361,2
977,32.5667,8.1174,24.1497,0.0002,0.0,0.0011,0.0,0.0,0.0,0.0683,0.1781,0.8109,0.2694,0.4306,0.4829,0.3526,9.0,9.0,9.0,0.0,104.4368,2
978,32.6,8.1174,24.1498,0.0,0.0,0.0,0.0,0.0,0.0,0.0683,0.1781,0.8109,0.2694,0.4306,0.4829,0.3526,9.0,9.0,9.0,0.0,104.4368,2
979,32.6333,8.6006,25.5982,0.5833,0.0053,0.0234,0.0,0.0,0.0,0.0729,0.175,0.8094,0.2694,0.5167,0.4676,0.3615,8.0,8.0,8.0,0.0,103.5599,3
980,32.6667,8.5997,25.5955,0.0013,0.0,0.0092,0.0,0.0,0.0,0.0729,0.175,0.8094,0.2694,0.5167,0.4675,0.3615,8.0,8.0,8.0,0.0,103.5939,3
981,32.7,8.5988,25.5929,0.0009,0.0,0.0013,0.0,0.0,0.0,0.0729,0.175,0.8094,0.2694,0.5167,0.4676,0.3615,8.0,8.0,8.0,0.0,103.5996,3
982,32.7333,9.2221,27.4612,0.6811,0.0059,0.0134,0.0,0.0,0.0,0.0783,0.175,0.8087,0.2722,0.5222,0.4557,0.3708,9.0,9.0,9.0,0.0,103.6107,3
983,32.7667,9.2215,27.4596,0.0009,0.0,0.0108,0.0,0.0,0.0,0.0783,0.175,0.8087,0.2722,0.5222,0.4558,0.3708,9.0,9.0,9.0,0.0,103.5974,3
984,32.8,9.2215,27.4596,0.0,0.0,0.0001,0.0,0.0,0.0,0.0783,0.175,0.8087,0.2722,0.5222,0.4558,0.3708,9.0,9.0,9.0,0.0,103.5974,3
985,32.8333,9.5746,28.5179,0.4116,0.0036,0.0555,0.0,0.0,0.0,0.0816,0.1766,0.8078,0.2722,0.5222,0.4525,0.3758,9.0,9.0,9.0,0.0,103.0582,3
986,32.8667,9.5757,28.5212,0.0013,0.0,0.0034,0.0,0.0,0.0,0.0816,0.1766,0.8078,0.2722,0.5222,0.4525,0.3758,8.0,8.0,8.0,0.0,103.0471,3
987,32.9,9.5757,28.5212,0.0,0.0,0.0,0.0,0.0,0.0,0.0816,0.1766,0.8078,0.2722,0.5222,0.4525,0.3758,8.0,8.0,8.0,0.0,103.0471,3
988,32.9333,10.8034,32.2016,1.2783,0.0107,0.0379,0.0,0.0,0.0,0.0919,0.1766,0.8062,0.2722,0.525,0.4584,0.3894,9.0,9.0,9.0,0.0,103.6666,3
989,32.9667,10.8034,32.2014,0.0013,0.0,0.0103,0.0,0.0,0.0,0.0919,0.1766,0.8062,0.2722,0.525,0.4584,0.3894,8.0,8.0,8.0,0.0,103.6826,3
990,33.0,10.8034,32.2014,0.0,0.0,0.0002,0.0,0.0,0.0,0.0919,0.1766,0.8062,0.2722,0.525,0.4584,0.3894,8.0,8.0,8.0,0.0,103.6833,3
991,33.0333,11.9062,35.5072,1.186,0.0102,0.01,0.0,0.0,0.0,0.1014,0.1766,0.8047,0.2722,0.5278,0.4801,0.3997,9.0,9.0,9.0,0.0,103.9355,3
992,33.0667,11.9059,35.5064,0.0013,0.0,0.0107,0.0,0.0,0.0,0.1014,0.1766,0.8047,0.2722,0.5278,0.4801,0.3997,9.0,9.0,9.0,0.0,103.9574,3
993,33.1,11.9058,35.5061,0.0001,0.0,0.001,0.0,0.0,0.0,0.1014,0.1766,0.8047,0.2722,0.5278,0.4801,0.3997,9.0,9.0,9.0,0.0,103.9611,3
994,33.1333,12.9545,38.6498,1.1315,0.0097,0.0123,0.0,0.0,0.0,0.1102,0.1766,0.8031,0.2722,0.6167,0.4602,0.4156,9.0,9.0,9.0,0.0,103.8303,4
995,33.1667,12.9551,38.6516,0.0015,0.0,0.0105,0.0,0.0,0.0,0.1102,0.1766,0.8031,0.2722,0.6167,0.4603,0.4156,9.0,9.0,9.0,0.0,103.8451,4
996,33.2,12.9551,38.6516,0.0,0.0,0.0002,0.0,0.0,0.0,0.1102,0.1766,0.8031,0.2722,0.6167,0.4603,0.4156,9.0,9.0,9.0,0.0,103.8447,4
997,33.2333,13.1704,39.2968,0.2952,0.0028,0.0259,0.0,0.0,0.0,0.1125,0.1766,0.8031,0.2722,0.6167,0.4583,0.4191,9.0,9.0,9.0,0.0,103.6073,4
998,33.2667,13.1706,39.2975,0.0003,0.0,0.0028,0.0,0.0,0.0,0.1125,0.1766,0.8031,0.2722,0.6167,0.4583,0.4191,9.0,9.0,9.0,0.0,103.6116,4
999,33.3,13.1707,39.2978,0.0001,0.0,0.001,0.0,0.0,0.0,0.1125,0.1766,0.8031,0.2722,0.6167,0.4583,0.4191,9.0,9.0,9.0,0.0,103.6119,4
1000,33.3333,13.5272,40.3666,0.4037,0.0033,0.0174,0.0,0.0,0.0,0.1154,0.1766,0.8031,0.2722,0.6194,0.457,0.4235,9.0,9.0,9.0,0.0,103.281,4
1001,33.3667,13.5272,40.3665,0.0,0.0,0.0004,0.0,0.0,0.0,0.1154,0.1766,0.8031,0.2722,0.6194,0.457,0.4235,9.0,9.0,9.0,0.0,103.2801,4
1002,33.4,13.5272,40.3665,0.0,0.0,0.0,0.0,0.0,0.0,0.1154,0.1766,0.8031,0.2722,0.6194,0.457,0.4235,9.0,9.0,9.0,0.0,103.2801,4
1003,33.4333,13.5272,40.3665,0.0,0.0,0.0,0.0,0.0,0.0,0.1154,0.1766,0.8031,0.2722,0.6194,0.457,0.4235,9.0,9.0,9.0,0.0,103.2801,4
1004,33.4667,14.9554,44.6478,1.481,0.0127,0.0204,0.0,0.0,0.0,0.1276,0.1766,0.8,0.2722,0.6222,0.465,0.4397,9.0,9.0,9.0,0.0,103.2483,4
1005,33.5,14.9553,44.6474,0.0009,0.0,0.0065,0.0,0.0,0.0,0.1276,0.1766,0.8,0.2722,0.6222,0.465,0.4397,9.0,9.0,9.0,0.0,103.2609,4
1006,33.5333,14.9553,44.6474,0.0,0.0,0.0002,0.0,0.0,0.0,0.1276,0.1766,0.8,0.2722,0.6222,0.465,0.4397,9.0,9.0,9.0,0.0,103.2612,4
1007,33.5667,15.5175,46.3326,0.6526,0.0059,0.0208,0.0,0.0,0.0,0.1329,0.1766,0.8,0.2722,0.6222,0.4745,0.4457,8.0,8.0,8.0,0.0,103.028,3
1008,33.6,15.5175,46.3327,0.0002,0.0,0.0012,0.0,0.0,0.0,0.1329,0.1766,0.8,0.2722,0.6222,0.4745,0.4457,8.0,8.0,8.0,0.0,103.0302,3
1009,33.6333,15.5175,46.3327,0.0,0.0,0.0001,0.0,0.0,0.0,0.1329,0.1766,0.8,0.2722,0.6222,0.4745,0.4457,8.0,8.0,8.0,0.0,103.0304,3
1010,33.6667,16.4024,48.9853,0.9461,0.0078,0.0314,0.0,0.0,0.0,0.1401,0.1766,0.7969,0.275,0.7111,0.4622,0.4586,9.5,9.5,9.5,0.0,103.4147,4
1011,33.7,16.4024,48.9854,0.0006,0.0,0.0032,0.0,0.0,0.0,0.1401,0.1766,0.7969,0.275,0.7111,0.4622,0.4585,10.0,10.0,10.0,0.0,103.4173,4
1012,33.7333,16.4024,48.9854,0.0,0.0,0.0001,0.0,0.0,0.0,0.1401,0.1766,0.7969,0.275,0.7111,0.4622,0.4585,10.0,10.0,10.0,0.0,103.4174,4
1013,33.7667,16.4024,48.9854,0.0,0.0,0.0,0.0,0.0,0.0,0.1401,0.1766,0.7969,0.275,0.7111,0.4622,0.4585,10.0,10.0,10.0,0.0,103.4174,4
1014,33.8,17.5841,52.5277,1.255,0.0106,0.0561,0.0,0.0,0.0,0.1501,0.1766,0.7953,0.275,0.7167,0.4581,0.4739,8.0,8.0,8.0,0.0,103.2883,4
1015,33.8333,17.584,52.5275,0.0006,0.0,0.0022,0.0,0.0,0.0,0.1501,0.1766,0.7953,0.275,0.7167,0.4581,0.4739,8.0,8.0,8.0,0.0,103.2912,4
1016,33.8667,17.584,52.5275,0.0,0.0,0.0,0.0,0.0,0.0,0.1501,0.1766,0.7953,0.275,0.7167,0.4581,0.4739,8.0,8.0,8.0,0.0,103.2912,4
1017,33.9,17.584,52.5275,0.0,0.0,0.0,0.0,0.0,0.0,0.1501,0.1766,0.7953,0.275,0.7167,0.4581,0.4739,8.0,8.0,8.0,0.0,103.2912,4
1018,33.9333,17.584,52.5275,0.0,0.0,0.0,0.0,0.0,0.0,0.1501,0.1766,0.7953,0.275,0.7167,0.4581,0.4739,8.0,8.0,8.0,0.0,103.2912,4
1019,33.9667,18.1689,54.2806,0.6701,0.0055,0.0116,0.0,0.0,0.0,0.1549,0.1766,0.7953,0.275,0.7194,0.4607,0.4807,8.0,8.0,8.0,0.0,103.4638,4
1020,34.0,18.171,54.287,0.1015,0.0008,0.4912,0.0,0.0,0.0,0.1548,0.1766,0.7953,0.275,0.7194,0.4607,0.4807,9.0,9.0,9.0,0.0,103.438,4
1021,34.0333,18.1748,54.2985,0.0174,0.0002,0.0813,0.0,0.0,0.0,0.1549,0.1766,0.7953,0.275,0.7194,0.4607,0.4807,8.0,8.0,8.0,0.0,103.498,4
1022,34.0667,18.1744,54.2973,0.0005,0.0,0.0014,0.0,0.0,0.0,0.1549,0.1766,0.7953,0.275,0.7194,0.4607,0.4807,8.0,8.0,8.0,0.0,103.5012,4
1023,34.1,18.1745,54.2976,0.0001,0.0,0.0004,0.0,0.0,0.0,0.155,0.1766,0.7953,0.275,0.7194,0.4607,0.4807,8.0,8.0,8.0,0.0,103.4959,4
1024,34.1333,18.4304,55.0646,0.3135,0.0028,0.0113,0.0,0.0,0.0,0.1574,0.1766,0.7953,0.275,0.7194,0.463,0.4839,8.0,8.0,8.0,0.0,103.1936,4
1025,34.1667,18.4305,55.0649,0.0001,0.0,0.0003,0.0,0.0,0.0,0.1574,0.1766,0.7953,0.275,0.7194,0.463,0.4839,8.0,8.0,8.0,0.0,103.1941,4
1026,34.2,18.4305,55.0649,0.0,0.0,0.0,0.0,0.0,0.0,0.1574,0.1766,0.7953,0.275,0.7194,0.463,0.4839,8.0,8.0,8.0,0.0,103.1941,4
1027,34.2333,18.4305,55.0649,0.0,0.0,0.0,0.0,0.0,0.0,0.1574,0.1766,0.7953,0.275,0.7194,0.463,0.4839,8.0,8.0,8.0,0.0,103.1941,4
1028,34.2667,18.4305,55.0649,0.0,0.0,0.0,0.0,0.0,0.0,0.1574,0.1766,0.7953,0.275,0.7194,0.463,0.4839,8.0,8.0,8.0,0.0,103.1941,4
1029,34.3,18.4305,55.0649,0.0,0.0,0.0,0.0,0.0,0.0,0.1574,0.1766,0.7953,0.275,0.7194,0.463,0.4839,8.0,8.0,8.0,0.0,103.1941,4
1030,34.3333,18.4305,55.0649,0.0,0.0,0.0,0.0,0.0,0.0,0.1574,0.1766,0.7953,0.275,0.7194,0.463,0.4839,8.0,8.0,8.0,0.0,103.1941,4
1031,34.3667,19.73,58.9604,1.349,0.0114,0.0165,0.0,0.0,0.0,0.1684,0.1781,0.8062,0.275,0.7194,0.4802,0.4976,8.0,8.0,8.0,0.0,103.374,5
1032,34.4,19.732,58.9664,0.0021,0.0,0.006,0.0,0.0,0.0,0.1684,0.1781,0.8062,0.275,0.7194,0.4802,0.4976,8.0,8.0,8.0,0.0,103.3612,5
1033,34.4333,19.732,58.9664,0.0,0.0,0.0,0.0,0.0,0.0,0.1684,0.1781,0.8062,0.275,0.7194,0.4802,0.4976,8.0,8.0,8.0,0.0,103.3612,5
1034,34.4667,19.732,58.9664,0.0,0.0,0.0,0.0,0.0,0.0,0.1684,0.1781,0.8062,0.275,0.7194,0.4802,0.4976,8.0,8.0,8.0,0.0,103.3612,5
1035,34.5,19.732,58.9664,0.0,0.0,0.0,0.0,0.0,0.0,0.1684,0.1781,0.8062,0.275,0.7194,0.4802,0.4976,8.0,8.0,8.0,0.0,103.3612,5
1036,34.5333,19.732,58.9664,0.0,0.0,0.0,0.0,0.0,0.0,0.1684,0.1781,0.8062,0.275,0.7194,0.4802,0.4976,8.0,8.0,8.0,0.0,103.3612,5
1037,34.5667,19.732,58.9664,0.0,0.0,0.0,0.0,0.0,0.0,0.1684,0.1781,0.8062,0.275,0.7194,0.4802,0.4976,8.0,8.0,8.0,0.0,103.3612,5
1038,34.6,19.732,58.9664,0.0,0.0,0.0,0.0,0.0,0.0,0.1684,0.1781,0.8062,0.275,0.7194,0.4802,0.4976,8.0,8.0,8.0,0.0,103.3612,5
1039,34.6333,19.732,58.9664,0.0,0.0,0.0,0.0,0.0,0.0,0.1684,0.1781,0.8062,0.275,0.7194,0.4802,0.4976,8.0,8.0,8.0,0.0,103.3611,5
1040,34.6667,19.732,58.9664,0.0,0.0,0.0,0.0,0.0,0.0,0.1684,0.1781,0.8062,0.275,0.7194,0.4802,0.4976,8.0,8.0,8.0,0.0,103.3611,5
1041,34.7,19.732,58.9664,0.0,0.0,0.0,0.0,0.0,0.0,0.1684,0.1781,0.8062,0.275,0.7194,0.4802,0.4976,8.0,8.0,8.0,0.0,103.3611,5
1042,34.7333,19.732,58.9664,0.0,0.0,0.0,0.0,0.0,0.0,0.1684,0.1781,0.8062,0.275,0.7194,0.4802,0.4976,8.0,8.0,8.0,0.0,103.3611,5
1043,34.7667,19.732,58.9664,0.0,0.0,0.0,0.0,0.0,0.0,0.1684,0.1781,0.8062,0.275,0.7194,0.4802,0.4976,8.0,8.0,8.0,0.0,103.3611,5
1044,34.8,19.732,58.9664,0.0,0.0,0.0,0.0,0.0,0.0,0.1684,0.1781,0.8062,0.275,0.7194,0.4802,0.4976,8.0,8.0,8.0,0.0,103.3611,5
1045,34.8333,19.732,58.9664,0.0,0.0,0.0,0.0,0.0,0.0,0.1684,0.1781,0.8062,0.275,0.7194,0.4802,0.4976,8.0,8.0,8.0,0.0,103.3611,5
1046,34.8667,19.732,58.9664,0.0,0.0,0.0,0.0,0.0,0.0,0.1684,0.1781,0.8062,0.275,0.7194,0.4802,0.4976,8.0,8.0,8.0,0.0,103.3611,5
1047,34.9,19.732,58.9664,0.0,0.0,0.0,0.0,0.0,0.0,0.1684,0.1781,0.8062,0.275,0.7194,0.4802,0.4976,8.0,8.0,8.0,0.0,103.3611,5
1048,34.9333,19.732,58.9664,0.0,0.0,0.0,0.0,0.0,0.0,0.1684,0.1781,0.8062,0.275,0.7194,0.4802,0.4976,8.0,8.0,8.0,0.0,103.3611,5
1049,34.9667,19.732,58.9664,0.0,0.0,0.0,0.0,0.0,0.0,0.1684,0.1781,0.8062,0.275,0.7194,0.4802,0.4976,8.0,8.0,8.0,0.0,103.3611,5
1050,35.0,19.732,58.9664,0.0,0.0,0.0,0.0,0.0,0.0,0.1684,0.1781,0.8062,0.275,0.7194,0.4802,0.4976,8.0,8.0,8.0,0.0,103.3611,5
1051,35.0333,19.732,58.9664,0.0,0.0,0.0,0.0,0.0,0.0,0.1684,0.1781,0.8062,0.275,0.7194,0.4802,0.4976,8.0,8.0,8.0,0.0,103.3611,5
1052,35.0667,19.732,58.9664,0.0,0.0,0.0,0.0,0.0,0.0,0.1684,0.1781,0.8062,0.275,0.7194,0.4802,0.4976,8.0,8.0,8.0,0.0,103.3611,5
1053,35.1,19.732,58.9664,0.0,0.0,0.0,0.0,0.0,0.0,0.1684,0.1781,0.8062,0.275,0.7194,0.4802,0.4976,8.0,8.0,8.0,0.0,103.3611,5
1054,35.1333,19.732,58.9664,0.0,0.0,0.0,0.0,0.0,0.0,0.1684,0.1781,0.8062,0.275,0.7194,0.4802,0.4976,8.0,8.0,8.0,0.0,103.3611,5
1055,35.1667,19.732,58.9664,0.0,0.0,0.0,0.0,0.0,0.0,0.1684,0.1781,0.8062,0.275,0.7194,0.4802,0.4976,8.0,8.0,8.0,0.0,103.3611,5
1056,35.2,19.732,58.9664,0.0,0.0,0.0,0.0,0.0,0.0,0.1684,0.1781,0.8062,0.275,0.7194,0.4802,0.4976,8.0,8.0,8.0,0.0,103.3611,5
1057,35.2333,19.732,58.9664,0.0,0.0,0.0,0.0,0.0,0.0,0.1684,0.1781,0.8062,0.275,0.7194,0.4802,0.4976,8.0,8.0,8.0,0.0,103.3611,5
1058,35.2667,19.732,58.9664,0.0,0.0,0.0,0.0,0.0,0.0,0.1684,0.1781,0.8062,0.275,0.7194,0.4802,0.4976,8.0,8.0,8.0,0.0,103.3611,5
1059,35.3,19.732,58.9664,0.0,0.0,0.0,0.0,0.0,0.0,0.1684,0.1781,0.8062,0.275,0.7194,0.4802,0.4976,8.0,8.0,8.0,0.0,103.3611,5
1060,35.3333,19.732,58.9664,0.0,0.0,0.0,0.0,0.0,0.0,0.1684,0.1781,0.8062,0.275,0.7194,0.4802,0.4976,8.0,8.0,8.0,0.0,103.3611,5
1061,35.3667,19.732,58.9664,0.0,0.0,0.0,0.0,0.0,0.0,0.1684,0.1781,0.8062,0.275,0.7194,0.4802,0.4976,8.0,8.0,8.0,0.0,103.3611,5
1062,35.4,19.732,58.9664,0.0,0.0,0.0,0.0,0.0,0.0,0.1684,0.1781,0.8062,0.275,0.7194,0.4802,0.4976,8.0,8.0,8.0,0.0,103.3611,5
1063,35.4333,19.732,58.9664,0.0,0.0,0.0,0.0,0.0,0.0,0.1684,0.1781,0.8062,0.275,0.7194,0.4802,0.4976,8.0,8.0,8.0,0.0,103.3611,5
1064,35.4667,19.732,58.9664,0.0,0.0,0.0,0.0,0.0,0.0,0.1684,0.1781,0.8062,0.275,0.7194,0.4802,0.4976,8.0,8.0,8.0,0.0,103.3611,5
1065,35.5,19.732,58.9664,0.0,0.0,0.0,0.0,0.0,0.0,0.1684,0.1781,0.8062,0.275,0.7194,0.4802,0.4976,8.0,8.0,8.0,0.0,103.3611,5
1066,35.5333,19.732,58.9664,0.0,0.0,0.0,0.0,0.0,0.0,0.1684,0.1781,0.8062,0.275,0.7194,0.4802,0.4976,8.0,8.0,8.0,0.0,103.3611,5
1067,35.5667,0.3797,0.9548,19.8158,0.1678,135.1616,0.0,0.0,0.0,0.0028,0.4828,0.5188,0.4472,0.535,0.5,0.4915,0.0,0.0,0.0,0.0,79.4455,1
1068,35.6,0.3796,0.9545,0.0002,0.0,0.0545,0.0,0.0,0.0,0.0028,0.4828,0.5188,0.4472,0.535,0.5,0.4915,0.0,0.0,0.0,0.0,79.3645,1
1069,35.6333,0.6314,1.7094,0.6409,0.0029,132.5797,0.0,0.0,0.0,0.0047,0.4672,0.5328,0.4472,0.5333,0.4971,0.4941,5.0,5.0,5.0,0.0,85.1392,1
1070,35.6667,0.7718,2.1301,0.5387,0.002,83.1164,0.0,0.0,0.0,0.0058,0.4625,0.5406,0.4472,0.5333,0.4995,0.4933,9.0,9.0,9.0,0.0,81.8126,1
1071,35.7,0.7718,2.1301,0.0,0.0,0.0023,0.0,0.0,0.0,0.0058,0.4625,0.5406,0.4472,0.5333,0.4995,0.4933,9.0,9.0,9.0,0.0,81.8172,1
1072,35.7333,1.0236,2.885,0.9851,0.0037,116.5022,0.0,0.0,0.0,0.0077,0.4453,0.5531,0.45,0.5333,0.4966,0.4947,25.5,25.5,25.5,0.0,87.3548,1
1073,35.7667,1.2308,3.5062,1.1667,0.004,111.3698,0.0,0.0,0.0,0.0094,0.4312,0.5641,0.45,0.5333,0.4947,0.4956,17.5,17.5,17.5,0.0,85.8152,1
1074,35.8,1.2312,3.5075,0.0006,0.0,0.0631,0.0,0.0,0.0,0.0094,0.4312,0.5641,0.45,0.5333,0.4947,0.4956,18.0,18.0,18.0,0.0,85.9493,1
1075,35.8333,1.4022,4.0201,1.3434,0.0038,115.0558,0.0,0.0,0.0,0.011,0.4219,0.575,0.45,0.5333,0.4972,0.4952,15.0,15.0,15.0,0.0,85.2055,1
1076,35.8667,1.4023,4.0202,0.0001,0.0,0.0099,0.0,0.0,0.0,0.011,0.4219,0.575,0.45,0.5333,0.4972,0.4952,15.0,15.0,15.0,0.0,85.2024,1
1077,35.9,1.5328,4.4115,1.2164,0.0031,92.4095,0.0,0.0,0.0,0.0121,0.4172,0.5844,0.45,0.5333,0.4988,0.4947,13.0,13.0,13.0,0.0,86.7132,1
1078,35.9333,1.7767,5.1425,1.6694,0.0053,105.2641,0.0,0.0,0.0,0.0142,0.4016,0.5984,0.45,0.5333,0.4974,0.4955,10.5,10.5,10.5,0.0,87.4994,1
1079,35.9667,1.7768,5.1428,0.0003,0.0,0.0162,0.0,0.0,0.0,0.0142,0.4016,0.5984,0.45,0.5333,0.4974,0.4955,10.5,10.5,10.5,0.0,87.4988,1
1080,36.0,2.0137,5.8531,1.8904,0.0055,105.1929,0.0,0.0,0.0,0.0163,0.3859,0.6141,0.4528,0.5333,0.4972,0.4955,17.0,17.0,17.0,0.0,87.113,1
1081,36.0333,2.1848,6.3661,2.1811,0.006,110.5249,0.0,0.0,0.0,0.0181,0.3703,0.6266,0.4528,0.5333,0.4946,0.4953,6.0,6.0,6.0,0.0,85.239,1
1082,36.0667,2.1845,6.3652,0.0003,0.0,0.0165,0.0,0.0,0.0,0.0181,0.3703,0.6266,0.4528,0.5333,0.4946,0.4953,6.0,6.0,6.0,0.0,85.2656,1
1083,36.1,2.4323,7.1081,2.46,0.0069,111.1622,0.0,0.0,0.0,0.0201,0.3562,0.6406,0.4528,0.5389,0.4956,0.4963,3.0,3.0,3.0,0.0,83.2552,1
1084,36.1333,2.4323,7.1081,0.0,0.0,0.0,0.0,0.0,0.0,0.0201,0.3562,0.6406,0.4528,0.5389,0.4956,0.4963,3.0,3.0,3.0,0.0,83.2552,1
1085,36.1667,2.742,8.0363,2.7646,0.0081,111.6395,0.0,0.0,0.0,0.0226,0.3406,0.6578,0.4528,0.5417,0.4985,0.4971,2.0,2.0,2.0,0.0,82.9933,1
1086,36.2,2.742,8.0363,0.0002,0.0,0.0063,0.0,0.0,0.0,0.0226,0.3406,0.6578,0.4528,0.5417,0.4985,0.4971,2.0,2.0,2.0,0.0,83.0006,1
1087,36.2333,2.9928,8.7881,3.0499,0.0082,112.501,0.0,0.0,0.0,0.0245,0.3266,0.6719,0.4528,0.5417,0.4972,0.4973,6.0,6.0,6.0,0.0,83.5399,1
1088,36.2667,2.9937,8.791,0.0012,0.0,0.028,0.0,0.0,0.0,0.0245,0.3266,0.6719,0.4528,0.5417,0.4973,0.4973,6.0,6.0,6.0,0.0,83.5786,1
1089,36.3,3.1669,9.3103,3.3381,0.0088,115.291,0.0,0.0,0.0,0.0264,0.3109,0.6875,0.4528,0.5417,0.4948,0.4971,3.0,3.0,3.0,0.0,83.2676,1
1090,36.3333,3.1668,9.3097,0.0007,0.0,0.0247,0.0,0.0,0.0,0.0264,0.3109,0.6875,0.4528,0.5417,0.4948,0.4971,3.0,3.0,3.0,0.0,83.2839,1
1091,36.3667,3.4091,10.036,3.5093,0.0095,112.1917,0.0,0.0,0.0,0.0286,0.2953,0.7031,0.4528,0.5417,0.4949,0.4972,3.0,3.0,3.0,0.0,83.8678,1
1092,36.4,3.4086,10.0345,0.0009,0.0,0.0141,0.0,0.0,0.0,0.0286,0.2953,0.7031,0.4528,0.5417,0.4949,0.4972,3.0,3.0,3.0,0.0,83.8777,1
1093,36.4333,3.4081,10.0332,0.0004,0.0,0.0012,0.0,0.0,0.0,0.0286,0.2953,0.7031,0.4528,0.5417,0.4949,0.4972,3.0,3.0,3.0,0.0,83.8752,1
1094,36.4667,3.6538,10.7698,3.7817,0.0099,112.5983,0.0,0.0,0.0,0.0307,0.2807,0.7188,0.4546,0.5417,0.4949,0.4974,3.0,3.0,3.0,0.0,83.4909,1
1095,36.5,3.6537,10.7693,0.0005,0.0,0.0116,0.0,0.0,0.0,0.0307,0.2807,0.7188,0.4546,0.5417,0.4949,0.4974,3.0,3.0,3.0,0.0,83.4844,1
1096,36.5333,3.6536,10.7692,0.0001,0.0,0.0031,0.0,0.0,0.0,0.0307,0.2807,0.7188,0.4546,0.5417,0.4949,0.4974,3.0,3.0,3.0,0.0,83.4866,1
1097,36.5667,3.6538,10.7697,0.0002,0.0,0.0072,0.0,0.0,0.0,0.0307,0.2807,0.7188,0.4546,0.5417,0.4949,0.4974,3.0,3.0,3.0,0.0,83.5069,1
1098,36.6,3.7926,11.1856,3.3793,0.0069,99.3638,0.0,0.0,0.0,0.0313,0.275,0.7266,0.4556,0.5417,0.4967,0.4971,3.0,3.0,3.0,0.0,81.7092,1
1099,36.6333,3.7923,11.185,0.0008,0.0,0.0176,0.0,0.0,0.0,0.0313,0.275,0.7266,0.4556,0.5417,0.4967,0.4971,3.0,3.0,3.0,0.0,81.7126,1
1100,36.6667,3.7923,11.185,0.0001,0.0,0.0022,0.0,0.0,0.0,0.0313,0.275,0.7266,0.4556,0.5417,0.4967,0.4971,3.0,3.0,3.0,0.0,81.7156,1
1101,36.7,3.7923,11.185,0.0,0.0,0.0,0.0,0.0,0.0,0.0313,0.275,0.7266,0.4556,0.5417,0.4967,0.4971,3.0,3.0,3.0,0.0,81.7156,1
1102,36.7333,3.7923,11.185,0.0,0.0,0.0,0.0,0.0,0.0,0.0313,0.275,0.7266,0.4556,0.5417,0.4967,0.4971,3.0,3.0,3.0,0.0,81.7156,1
1103,36.7667,3.7923,11.185,0.0,0.0,0.0,0.0,0.0,0.0,0.0313,0.275,0.7266,0.4556,0.5417,0.4967,0.4971,3.0,3.0,3.0,0.0,81.7156,1
1104,36.8,3.7923,11.185,0.0,0.0,0.0,0.0,0.0,0.0,0.0313,0.275,0.7266,0.4556,0.5417,0.4967,0.4971,3.0,3.0,3.0,0.0,81.7156,1
1105,36.8333,3.7923,11.185,0.0,0.0,0.0,0.0,0.0,0.0,0.0313,0.275,0.7266,0.4556,0.5417,0.4967,0.4971,3.0,3.0,3.0,0.0,81.7156,1
1106,36.8667,3.7923,11.185,0.0,0.0,0.0,0.0,0.0,0.0,0.0313,0.275,0.7266,0.4556,0.5417,0.4967,0.4971,3.0,3.0,3.0,0.0,81.7156,1
1107,36.9,3.7923,11.185,0.0,0.0,0.0,0.0,0.0,0.0,0.0313,0.275,0.7266,0.4556,0.5417,0.4967,0.4971,3.0,3.0,3.0,0.0,81.7156,1
1108,36.9333,3.7923,11.185,0.0,0.0,0.0,0.0,0.0,0.0,0.0313,0.275,0.7266,0.4556,0.5417,0.4967,0.4971,3.0,3.0,3.0,0.0,81.7156,1
1109,36.9667,3.7923,11.185,0.0,0.0,0.0,0.0,0.0,0.0,0.0313,0.275,0.7266,0.4556,0.5417,0.4967,0.4971,3.0,3.0,3.0,0.0,81.7156,1
1110,37.0,3.7923,11.185,0.0,0.0,0.0,0.0,0.0,0.0,0.0313,0.275,0.7266,0.4556,0.5417,0.4967,0.4971,3.0,3.0,3.0,0.0,81.7156,1
1111,37.0333,3.7923,11.185,0.0,0.0,0.0,0.0,0.0,0.0,0.0313,0.275,0.7266,0.4556,0.5417,0.4967,0.4971,3.0,3.0,3.0,0.0,81.7156,1
1112,37.0667,3.7923,11.185,0.0,0.0,0.0,0.0,0.0,0.0,0.0313,0.275,0.7266,0.4556,0.5417,0.4967,0.4971,3.0,3.0,3.0,0.0,81.7156,1
1113,37.1,3.7923,11.185,0.0,0.0,0.0,0.0,0.0,0.0,0.0313,0.275,0.7266,0.4556,0.5417,0.4967,0.4971,3.0,3.0,3.0,0.0,81.7156,1
1114,37.1333,3.7923,11.185,0.0,0.0,0.0,0.0,0.0,0.0,0.0313,0.275,0.7266,0.4556,0.5417,0.4967,0.4971,3.0,3.0,3.0,0.0,81.7156,1
1115,37.1667,3.7923,11.185,0.0,0.0,0.0,0.0,0.0,0.0,0.0313,0.275,0.7266,0.4556,0.5417,0.4967,0.4971,3.0,3.0,3.0,0.0,81.7156,1
1116,37.2,3.7923,11.185,0.0,0.0,0.0,0.0,0.0,0.0,0.0313,0.275,0.7266,0.4556,0.5417,0.4967,0.4971,3.0,3.0,3.0,0.0,81.7156,1
1117,37.2333,3.7923,11.185,0.0,0.0,0.0,0.0,0.0,0.0,0.0313,0.275,0.7266,0.4556,0.5417,0.4967,0.4971,3.0,3.0,3.0,0.0,81.7156,1
1118,37.2667,3.7923,11.185,0.0,0.0,0.0,0.0,0.0,0.0,0.0313,0.275,0.7266,0.4556,0.5417,0.4967,0.4971,3.0,3.0,3.0,0.0,81.7156,1
1119,37.3,3.7923,11.185,0.0,0.0,0.0,0.0,0.0,0.0,0.0313,0.275,0.7266,0.4556,0.5417,0.4967,0.4971,3.0,3.0,3.0,0.0,81.7156,1
1120,37.3333,3.7923,11.185,0.0,0.0,0.0,0.0,0.0,0.0,0.0313,0.275,0.7266,0.4556,0.5417,0.4967,0.4971,3.0,3.0,3.0,0.0,81.7156,1
1121,37.3667,3.7923,11.185,0.0,0.0,0.0,0.0,0.0,0.0,0.0313,0.275,0.7266,0.4556,0.5417,0.4967,0.4971,3.0,3.0,3.0,0.0,81.7156,1
1122,37.4,3.7923,11.185,0.0,0.0,0.0,0.0,0.0,0.0,0.0313,0.275,0.7266,0.4556,0.5417,0.4967,0.4971,3.0,3.0,3.0,0.0,81.7156,1
1123,37.4333,3.7923,11.185,0.0,0.0,0.0,0.0,0.0,0.0,0.0313,0.275,0.7266,0.4556,0.5417,0.4967,0.4971,3.0,3.0,3.0,0.0,81.7156,1
1124,37.4667,3.7923,11.185,0.0,0.0,0.0,0.0,0.0,0.0,0.0313,0.275,0.7266,0.4556,0.5417,0.4967,0.4971,3.0,3.0,3.0,0.0,81.7156,1
1125,37.5,3.7923,11.185,0.0,0.0,0.0,0.0,0.0,0.0,0.0313,0.275,0.7266,0.4556,0.5417,0.4967,0.4971,3.0,3.0,3.0,0.0,81.7156,1
1126,37.5333,3.7923,11.185,0.0,0.0,0.0,0.0,0.0,0.0,0.0313,0.275,0.7266,0.4556,0.5417,0.4967,0.4971,3.0,3.0,3.0,0.0,81.7156,1
1127,37.5667,3.7923,11.185,0.0,0.0,0.0,0.0,0.0,0.0,0.0313,0.275,0.7266,0.4556,0.5417,0.4967,0.4971,3.0,3.0,3.0,0.0,81.7156,1
1128,37.6,3.7923,11.185,0.0,0.0,0.0,0.0,0.0,0.0,0.0313,0.275,0.7266,0.4556,0.5417,0.4967,0.4971,3.0,3.0,3.0,0.0,81.7156,1
1129,37.6333,3.7923,11.185,0.0,0.0,0.0,0.0,0.0,0.0,0.0313,0.275,0.7266,0.4556,0.5417,0.4967,0.4971,3.0,3.0,3.0,0.0,81.7156,1
1130,37.6667,3.7923,11.185,0.0,0.0,0.0,0.0,0.0,0.0,0.0313,0.275,0.7266,0.4556,0.5417,0.4967,0.4971,3.0,3.0,3.0,0.0,81.7156,1
1131,37.7,3.7923,11.185,0.0,0.0,0.0,0.0,0.0,0.0,0.0313,0.275,0.7266,0.4556,0.5417,0.4967,0.4971,3.0,3.0,3.0,0.0,81.7156,1
1132,37.7333,3.7923,11.185,0.0,0.0,0.0,0.0,0.0,0.0,0.0313,0.275,0.7266,0.4556,0.5417,0.4967,0.4971,3.0,3.0,3.0,0.0,81.7156,1
1133,37.7667,3.7924,11.185,0.0,0.0,0.0006,0.0,0.0,0.0,0.0313,0.275,0.7266,0.4556,0.5417,0.4967,0.4971,3.0,3.0,3.0,0.0,81.715,1
1134,37.8,3.7923,11.1849,0.0001,0.0,0.0033,0.0,0.0,0.0,0.0313,0.275,0.7266,0.4556,0.5417,0.4967,0.4971,3.0,3.0,3.0,0.0,81.7147,1
1135,37.8333,3.7923,11.1849,0.0,0.0,0.0,0.0,0.0,0.0,0.0313,0.275,0.7266,0.4556,0.5417,0.4967,0.4971,3.0,3.0,3.0,0.0,81.7147,1
1136,37.8667,3.7923,11.1849,0.0,0.0,0.0,0.0,0.0,0.0,0.0313,0.275,0.7266,0.4556,0.5417,0.4967,0.4971,3.0,3.0,3.0,0.0,81.7147,1
1137,37.9,3.7923,11.1848,0.0001,0.0,0.0028,0.0,0.0,0.0,0.0313,0.275,0.7266,0.4556,0.5417,0.4967,0.4971,3.0,3.0,3.0,0.0,81.7203,1
1138,37.9333,3.7923,11.1848,0.0,0.0,0.0008,0.0,0.0,0.0,0.0313,0.275,0.7266,0.4556,0.5417,0.4967,0.4971,3.0,3.0,3.0,0.0,81.7192,1
1139,37.9667,2.1516,6.2665,3.877,0.021,111.7251,0.0,0.0,0.0,0.0163,0.3891,0.6109,0.45,0.5361,0.5002,0.4961,56.0,56.0,56.0,0.0,86.9603,1
1140,38.0,2.1521,6.2677,0.0074,0.0,0.296,0.0,0.0,0.0,0.0163,0.3891,0.6109,0.45,0.5361,0.5003,0.4961,55.0,55.0,55.0,0.0,86.9233,1
1141,38.0333,2.1519,6.2674,0.0023,0.0,0.0762,0.0,0.0,0.0,0.0163,0.3891,0.6109,0.45,0.5361,0.5002,0.4961,53.0,53.0,53.0,0.0,87.0575,1
1142,38.0667,2.1514,6.2659,0.0006,0.0,0.0037,0.0,0.0,0.0,0.0163,0.3891,0.6109,0.45,0.5361,0.5002,0.4961,53.0,53.0,53.0,0.0,87.0432,1
1143,38.1,2.151,6.2646,0.0005,0.0,0.0021,0.0,0.0,0.0,0.0163,0.3891,0.6109,0.45,0.5361,0.5002,0.4961,53.0,53.0,53.0,0.0,87.04,1
1144,38.1333,2.1509,6.2644,0.0009,0.0,0.0085,0.0,0.0,0.0,0.0163,0.3891,0.6109,0.45,0.5361,0.5002,0.4961,52.5,52.5,52.5,0.0,87.0048,1
1145,38.1667,2.1505,6.263,0.0005,0.0,0.0005,0.0,0.0,0.0,0.0163,0.3891,0.6109,0.45,0.5361,0.5002,0.4961,53.0,53.0,53.0,0.0,86.9555,1
1146,38.2,2.1505,6.263,0.0,0.0,0.0,0.0,0.0,0.0,0.0163,0.3891,0.6109,0.45,0.5361,0.5002,0.4961,53.0,53.0,53.0,0.0,86.9555,1
1147,38.2333,2.1506,6.2632,0.0001,0.0,0.0037,0.0,0.0,0.0,0.0163,0.3891,0.6109,0.45,0.5361,0.5002,0.4961,53.0,53.0,53.0,0.0,86.9611,1
1148,38.2667,2.1506,6.2632,0.0,0.0,0.0,0.0,0.0,0.0,0.0163,0.3891,0.6109,0.45,0.5361,0.5002,0.4961,53.0,53.0,53.0,0.0,86.9611,1
1149,38.3,3.4284,10.0938,3.2688,0.0158,107.3046,0.0,0.0,0.0,0.0271,0.3125,0.6859,0.4528,0.5389,0.4988,0.4973,31.0,31.0,31.0,0.0,84.4266,1
1150,38.3333,3.4285,10.094,0.002,0.0,0.0615,0.0,0.0,0.0,0.0271,0.3125,0.6859,0.4528,0.5389,0.4987,0.4973,31.0,31.0,31.0,0.0,84.5183,1
1151,38.3667,3.4284,10.0939,0.0002,0.0,0.0062,0.0,0.0,0.0,0.0271,0.3125,0.6859,0.4528,0.5389,0.4987,0.4973,31.0,31.0,31.0,0.0,84.5141,1
1152,38.4,3.4286,10.0942,0.0002,0.0,0.0062,0.0,0.0,0.0,0.0271,0.3125,0.6859,0.4528,0.5389,0.4987,0.4973,31.0,31.0,31.0,0.0,84.5203,1
1153,38.4333,3.4286,10.0945,0.0003,0.0,0.0122,0.0,0.0,0.0,0.0271,0.3125,0.6859,0.4528,0.5389,0.4987,0.4973,31.0,31.0,31.0,0.0,84.5215,1
1154,38.4667,3.4286,10.0945,0.0,0.0,0.0,0.0,0.0,0.0,0.0271,0.3125,0.6859,0.4528,0.5389,0.4987,0.4973,31.0,31.0,31.0,0.0,84.5215,1
1155,38.5,3.4286,10.0945,0.0,0.0,0.0,0.0,0.0,0.0,0.0271,0.3125,0.6859,0.4528,0.5389,0.4987,0.4973,31.0,31.0,31.0,0.0,84.5215,1
1156,38.5333,3.4286,10.0945,0.0,0.0,0.0,0.0,0.0,0.0,0.0271,0.3125,0.6859,0.4528,0.5389,0.4987,0.4973,31.0,31.0,31.0,0.0,84.5215,1
1157,38.5667,3.4286,10.0945,0.0,0.0,0.0,0.0,0.0,0.0,0.0271,0.3125,0.6859,0.4528,0.5389,0.4987,0.4973,31.0,31.0,31.0,0.0,84.5215,1
1158,38.6,3.4286,10.0945,0.0,0.0,0.0,0.0,0.0,0.0,0.0271,0.3125,0.6859,0.4528,0.5389,0.4987,0.4973,31.0,31.0,31.0,0.0,84.5215,1
1159,38.6333,3.4286,10.0943,0.0001,0.0,0.0021,0.0,0.0,0.0,0.0271,0.3125,0.6859,0.4528,0.5389,0.4987,0.4973,31.0,31.0,31.0,0.0,84.5203,1
1160,38.6667,3.4286,10.0943,0.0,0.0,0.0,0.0,0.0,0.0,0.0271,0.3125,0.6859,0.4528,0.5389,0.4987,0.4973,31.0,31.0,31.0,0.0,84.5203,1
1161,38.7,3.4286,10.0943,0.0,0.0,0.0,0.0,0.0,0.0,0.0271,0.3125,0.6859,0.4528,0.5389,0.4987,0.4973,31.0,31.0,31.0,0.0,84.5203,1
1162,38.7333,3.4286,10.0943,0.0,0.0,0.0,0.0,0.0,0.0,0.0271,0.3125,0.6859,0.4528,0.5389,0.4987,0.4973,31.0,31.0,31.0,0.0,84.5203,1
1163,38.7667,3.4286,10.0944,0.0,0.0,0.0011,0.0,0.0,0.0,0.0271,0.3125,0.6859,0.4528,0.5389,0.4987,0.4973,31.0,31.0,31.0,0.0,84.5226,1
1164,38.8,3.4286,10.0944,0.0,0.0,0.0,0.0,0.0,0.0,0.0271,0.3125,0.6859,0.4528,0.5389,0.4987,0.4973,31.0,31.0,31.0,0.0,84.5226,1
1165,38.8333,3.4286,10.0944,0.0,0.0,0.0,0.0,0.0,0.0,0.0271,0.3125,0.6859,0.4528,0.5389,0.4987,0.4973,31.0,31.0,31.0,0.0,84.5226,1
1166,38.8667,3.4286,10.0944,0.0,0.0,0.0,0.0,0.0,0.0,0.0271,0.3125,0.6859,0.4528,0.5389,0.4987,0.4973,31.0,31.0,31.0,0.0,84.5226,1
1167,38.9,3.4286,10.0944,0.0,0.0,0.0,0.0,0.0,0.0,0.0271,0.3125,0.6859,0.4528,0.5389,0.4987,0.4973,31.0,31.0,31.0,0.0,84.5226,1
1168,38.9333,3.4286,10.0944,0.0,0.0,0.0,0.0,0.0,0.0,0.0271,0.3125,0.6859,0.4528,0.5389,0.4987,0.4973,31.0,31.0,31.0,0.0,84.5226,1
1169,38.9667,3.4286,10.0944,0.0,0.0,0.0,0.0,0.0,0.0,0.0271,0.3125,0.6859,0.4528,0.5389,0.4987,0.4973,31.0,31.0,31.0,0.0,84.5226,1
1170,39.0,3.4286,10.0944,0.0,0.0,0.0,0.0,0.0,0.0,0.0271,0.3125,0.6859,0.4528,0.5389,0.4987,0.4973,31.0,31.0,31.0,0.0,84.5226,1
1171,39.0333,3.4286,10.0944,0.0,0.0,0.0,0.0,0.0,0.0,0.0271,0.3125,0.6859,0.4528,0.5389,0.4987,0.4973,31.0,31.0,31.0,0.0,84.5226,1
1172,39.0667,3.4286,10.0944,0.0,0.0,0.0,0.0,0.0,0.0,0.0271,0.3125,0.6859,0.4528,0.5389,0.4987,0.4973,31.0,31.0,31.0,0.0,84.5226,1
1173,39.1,3.4287,10.0947,0.0002,0.0,0.0064,0.0,0.0,0.0,0.0271,0.3125,0.6859,0.4528,0.5389,0.4987,0.4973,31.0,31.0,31.0,0.0,84.5291,1
1174,39.1333,3.4287,10.0947,0.0,0.0,0.0,0.0,0.0,0.0,0.0271,0.3125,0.6859,0.4528,0.5389,0.4987,0.4973,31.0,31.0,31.0,0.0,84.5291,1
1175,39.1667,3.4288,10.0951,0.0007,0.0,0.0213,0.0,0.0,0.0,0.0271,0.3125,0.6859,0.4528,0.5389,0.4987,0.4974,31.0,31.0,31.0,0.0,84.4861,1
1176,39.2,3.4288,10.095,0.0005,0.0,0.0194,0.0,0.0,0.0,0.0271,0.3125,0.6859,0.4528,0.5389,0.4987,0.4974,31.0,31.0,31.0,0.0,84.5181,1
1177,39.2333,3.4286,10.0945,0.0002,0.0,0.0085,0.0,0.0,0.0,0.0271,0.3125,0.6859,0.4528,0.5389,0.4987,0.4973,31.0,31.0,31.0,0.0,84.5191,1
1178,39.2667,3.4285,10.094,0.0005,0.0,0.0181,0.0,0.0,0.0,0.0271,0.3125,0.6859,0.4528,0.5389,0.4987,0.4974,31.0,31.0,31.0,0.0,84.5437,1
1179,39.3,3.4285,10.094,0.0,0.0,0.0,0.0,0.0,0.0,0.0271,0.3125,0.6859,0.4528,0.5389,0.4987,0.4974,31.0,31.0,31.0,0.0,84.5437,1
1180,39.3333,3.4283,10.0935,0.0002,0.0,0.0058,0.0,0.0,0.0,0.0271,0.3125,0.6859,0.4528,0.5389,0.4987,0.4974,31.0,31.0,31.0,0.0,84.5362,1
1181,39.3667,1.1561,3.2821,3.4209,0.0214,115.8085,0.0,0.0,0.0,0.0092,0.4359,0.5637,0.4451,0.5333,0.4984,0.4925,1.0,1.0,1.0,0.0,79.0193,1
1182,39.4,1.1592,3.2915,0.0033,0.0001,0.1464,0.0,0.0,0.0,0.0093,0.4359,0.5634,0.4456,0.5333,0.4985,0.4924,1.0,1.0,1.0,0.0,79.3587,1
1183,39.4333,1.1596,3.2928,0.0004,0.0,0.0,0.0,0.0,0.0,0.0093,0.4359,0.5634,0.4456,0.5333,0.4985,0.4924,1.0,1.0,1.0,0.0,79.3585,1
1184,39.4667,1.1596,3.2928,0.0,0.0,0.0,0.0,0.0,0.0,0.0093,0.4359,0.5634,0.4456,0.5333,0.4985,0.4924,1.0,1.0,1.0,0.0,79.3585,1
1185,39.5,1.1596,3.2929,0.0,0.0,0.0009,0.0,0.0,0.0,0.0093,0.4359,0.5634,0.4456,0.5333,0.4985,0.4924,1.0,1.0,1.0,0.0,79.3585,1
1186,39.5333,1.1596,3.2929,0.0,0.0,0.0,0.0,0.0,0.0,0.0093,0.4359,0.5634,0.4456,0.5333,0.4985,0.4924,1.0,1.0,1.0,0.0,79.3585,1
1187,39.5667,1.1596,3.2929,0.0,0.0,0.0,0.0,0.0,0.0,0.0093,0.4359,0.5634,0.4456,0.5333,0.4985,0.4924,1.0,1.0,1.0,0.0,79.3585,1
1188,39.6,2.027,5.8931,2.1095,0.0111,120.1824,0.0,0.0,0.0,0.0168,0.3761,0.6188,0.4491,0.5333,0.4936,0.4943,0.0,0.0,0.0,0.0,80.0881,1
1189,39.6333,2.0269,5.8927,0.0014,0.0,0.0455,0.0,0.0,0.0,0.0168,0.3761,0.6188,0.4492,0.5333,0.4936,0.4943,0.0,0.0,0.0,0.0,80.1527,1
1190,39.6667,2.0264,5.8914,0.0004,0.0,0.0145,0.0,0.0,0.0,0.0168,0.3761,0.6188,0.4492,0.5333,0.4936,0.4943,0.0,0.0,0.0,0.0,80.1201,1
1191,39.7,2.0264,5.8914,0.0,0.0,0.0,0.0,0.0,0.0,0.0168,0.3761,0.6188,0.4492,0.5333,0.4936,0.4943,0.0,0.0,0.0,0.0,80.1201,1
1192,39.7333,2.0264,5.8914,0.0,0.0,0.0,0.0,0.0,0.0,0.0168,0.3761,0.6188,0.4492,0.5333,0.4936,0.4943,0.0,0.0,0.0,0.0,80.1201,1
1193,39.7667,2.0264,5.8914,0.0,0.0,0.0,0.0,0.0,0.0,0.0168,0.3761,0.6188,0.4492,0.5333,0.4936,0.4943,0.0,0.0,0.0,0.0,80.1201,1
1194,39.8,2.0264,5.8914,0.0,0.0,0.0,0.0,0.0,0.0,0.0168,0.3761,0.6188,0.4492,0.5333,0.4936,0.4943,0.0,0.0,0.0,0.0,80.1201,1
1195,39.8333,2.0264,5.8914,0.0,0.0,0.0,0.0,0.0,0.0,0.0168,0.3761,0.6188,0.4492,0.5333,0.4936,0.4943,0.0,0.0,0.0,0.0,80.1201,1
1196,39.8667,2.0264,5.8914,0.0,0.0,0.0,0.0,0.0,0.0,0.0168,0.3761,0.6188,0.4492,0.5333,0.4936,0.4943,0.0,0.0,0.0,0.0,80.1201,1
1197,39.9,2.0264,5.8914,0.0,0.0,0.0,0.0,0.0,0.0,0.0168,0.3761,0.6188,0.4492,0.5333,0.4936,0.4943,0.0,0.0,0.0,0.0,80.1201,1
1198,39.9333,2.0264,5.8914,0.0,0.0,0.0,0.0,0.0,0.0,0.0168,0.3761,0.6188,0.4492,0.5333,0.4936,0.4943,0.0,0.0,0.0,0.0,80.1201,1
1199,39.9667,2.0264,5.8914,0.0,0.0,0.0,0.0,0.0,0.0,0.0168,0.3761,0.6188,0.4492,0.5333,0.4936,0.4943,0.0,0.0,0.0,0.0,80.1201,1
1200,40.0,2.0266,5.8921,0.0041,0.0,0.1719,0.0,0.0,0.0,0.0168,0.3761,0.6188,0.4492,0.5333,0.4936,0.4942,0.0,0.0,0.0,0.0,80.2477,1
1201,40.0333,2.0269,5.8928,0.0011,0.0,0.0364,0.0,0.0,0.0,0.0168,0.3761,0.6188,0.4492,0.5333,0.4936,0.4942,0.0,0.0,0.0,0.0,80.2714,1
1202,40.0667,2.0268,5.8927,0.0,0.0,0.0021,0.0,0.0,0.0,0.0168,0.3761,0.6188,0.4492,0.5333,0.4936,0.4942,0.0,0.0,0.0,0.0,80.2631,1
1203,40.1,2.0268,5.8927,0.0,0.0,0.0,0.0,0.0,0.0,0.0168,0.3761,0.6188,0.4492,0.5333,0.4936,0.4942,0.0,0.0,0.0,0.0,80.2631,1
1204,40.1333,2.0268,5.8927,0.0,0.0,0.0,0.0,0.0,0.0,0.0168,0.3761,0.6188,0.4492,0.5333,0.4936,0.4942,0.0,0.0,0.0,0.0,80.2631,1
1205,40.1667,2.0268,5.8927,0.0,0.0,0.0,0.0,0.0,0.0,0.0168,0.3761,0.6188,0.4492,0.5333,0.4936,0.4942,0.0,0.0,0.0,0.0,80.2631,1
1206,40.2,2.0268,5.8926,0.0,0.0,0.0008,0.0,0.0,0.0,0.0168,0.3761,0.6188,0.4492,0.5333,0.4936,0.4942,0.0,0.0,0.0,0.0,80.2634,1
1207,40.2333,2.0269,5.8927,0.0,0.0,0.0021,0.0,0.0,0.0,0.0168,0.3761,0.6188,0.4492,0.5333,0.4936,0.4942,0.0,0.0,0.0,0.0,80.2685,1
1208,40.2667,2.0269,5.8927,0.0,0.0,0.0,0.0,0.0,0.0,0.0168,0.3761,0.6188,0.4492,0.5333,0.4936,0.4942,0.0,0.0,0.0,0.0,80.2685,1
1209,40.3,2.0269,5.8927,0.0,0.0,0.0,0.0,0.0,0.0,0.0168,0.3761,0.6188,0.4492,0.5333,0.4936,0.4942,0.0,0.0,0.0,0.0,80.2685,1
1210,40.3333,2.0269,5.8927,0.0,0.0,0.0,0.0,0.0,0.0,0.0168,0.3761,0.6188,0.4492,0.5333,0.4936,0.4942,0.0,0.0,0.0,0.0,80.2685,1
1211,40.3667,2.0269,5.8927,0.0,0.0,0.0,0.0,0.0,0.0,0.0168,0.3761,0.6188,0.4492,0.5333,0.4936,0.4942,0.0,0.0,0.0,0.0,80.2685,1
1212,40.4,2.0269,5.8927,0.0,0.0,0.0,0.0,0.0,0.0,0.0168,0.3761,0.6188,0.4492,0.5333,0.4936,0.4942,0.0,0.0,0.0,0.0,80.2685,1
1213,40.4333,2.0269,5.8927,0.0,0.0,0.0,0.0,0.0,0.0,0.0168,0.3761,0.6188,0.4492,0.5333,0.4936,0.4942,0.0,0.0,0.0,0.0,80.2685,1
1214,40.4667,2.0269,5.8927,0.0,0.0,0.0,0.0,0.0,0.0,0.0168,0.3761,0.6188,0.4492,0.5333,0.4936,0.4942,0.0,0.0,0.0,0.0,80.2685,1
1215,40.5,2.0269,5.8927,0.0,0.0,0.0,0.0,0.0,0.0,0.0168,0.3761,0.6188,0.4492,0.5333,0.4936,0.4942,0.0,0.0,0.0,0.0,80.2685,1
1216,40.5333,2.0269,5.8928,0.0,0.0,0.001,0.0,0.0,0.0,0.0168,0.3761,0.6188,0.4492,0.5333,0.4936,0.4942,0.0,0.0,0.0,0.0,80.2727,1
1217,40.5667,2.0269,5.8928,0.0,0.0,0.0,0.0,0.0,0.0,0.0168,0.3761,0.6188,0.4492,0.5333,0.4936,0.4942,0.0,0.0,0.0,0.0,80.2727,1
1218,40.6,2.0264,5.8913,0.0005,0.0,0.0036,0.0,0.0,0.0,0.0168,0.3761,0.6188,0.4492,0.5333,0.4936,0.4942,0.0,0.0,0.0,0.0,80.2441,1
1219,40.6333,2.0261,5.8904,0.0003,0.0,0.0165,0.0,0.0,0.0,0.0168,0.3761,0.6188,0.4491,0.5333,0.4936,0.4942,0.0,0.0,0.0,0.0,80.1974,1
1220,40.6667,2.0261,5.8905,0.0,0.0,0.0013,0.0,0.0,0.0,0.0168,0.3761,0.6188,0.4491,0.5333,0.4936,0.4942,0.0,0.0,0.0,0.0,80.1987,1
1221,40.7,2.0261,5.8904,0.0,0.0,0.0,0.0,0.0,0.0,0.0168,0.3761,0.6188,0.4491,0.5333,0.4936,0.4942,0.0,0.0,0.0,0.0,80.1987,1
1222,40.7333,2.0261,5.8903,0.0,0.0,0.0,0.0,0.0,0.0,0.0168,0.3761,0.6188,0.4491,0.5333,0.4936,0.4942,0.0,0.0,0.0,0.0,80.1987,1
1223,40.7667,1.9033,5.5224,1.9672,0.0068,104.651,0.0,0.0,0.0,0.0154,0.3922,0.607,0.4444,0.5333,0.4971,0.4924,0.0,0.0,0.0,0.0,78.5889,1
1224,40.8,1.9034,5.5226,0.0006,0.0,0.0174,0.0,0.0,0.0,0.0154,0.3922,0.6069,0.4444,0.5333,0.497,0.4924,0.0,0.0,0.0,0.0,78.552,1
1225,40.8333,1.9034,5.5226,0.0,0.0,0.0,0.0,0.0,0.0,0.0154,0.3922,0.6069,0.4444,0.5333,0.497,0.4924,0.0,0.0,0.0,0.0,78.552,1
1226,40.8667,1.9034,5.5226,0.0,0.0,0.0,0.0,0.0,0.0,0.0154,0.3922,0.6069,0.4444,0.5333,0.497,0.4924,0.0,0.0,0.0,0.0,78.552,1
1227,40.9,1.9034,5.5226,0.0,0.0,0.0,0.0,0.0,0.0,0.0154,0.3922,0.6069,0.4444,0.5333,0.497,0.4924,0.0,0.0,0.0,0.0,78.552,1
1228,40.9333,1.9034,5.5226,0.0,0.0,0.0,0.0,0.0,0.0,0.0154,0.3922,0.6069,0.4444,0.5333,0.497,0.4924,0.0,0.0,0.0,0.0,78.552,1
1229,40.9667,1.9034,5.5226,0.0,0.0,0.0,0.0,0.0,0.0,0.0154,0.3922,0.6069,0.4444,0.5333,0.497,0.4924,0.0,0.0,0.0,0.0,78.552,1
1230,41.0,1.9034,5.5226,0.0,0.0,0.0,0.0,0.0,0.0,0.0154,0.3922,0.6069,0.4444,0.5333,0.497,0.4924,0.0,0.0,0.0,0.0,78.552,1
1231,41.0333,1.9034,5.5226,0.0,0.0,0.0,0.0,0.0,0.0,0.0154,0.3922,0.6069,0.4444,0.5333,0.497,0.4924,0.0,0.0,0.0,0.0,78.552,1
1232,41.0667,1.9034,5.5226,0.0,0.0,0.0,0.0,0.0,0.0,0.0154,0.3922,0.6069,0.4444,0.5333,0.497,0.4924,0.0,0.0,0.0,0.0,78.552,1
1233,41.1,1.9034,5.5226,0.0,0.0,0.0,0.0,0.0,0.0,0.0154,0.3922,0.6069,0.4444,0.5333,0.497,0.4924,0.0,0.0,0.0,0.0,78.552,1
1234,41.1333,1.9034,5.5226,0.0,0.0,0.0,0.0,0.0,0.0,0.0154,0.3922,0.6069,0.4444,0.5333,0.497,0.4924,0.0,0.0,0.0,0.0,78.552,1
1235,41.1667,1.9034,5.5226,0.0,0.0,0.0,0.0,0.0,0.0,0.0154,0.3922,0.6069,0.4444,0.5333,0.497,0.4924,0.0,0.0,0.0,0.0,78.552,1
1236,41.2,1.9034,5.5226,0.0,0.0,0.0,0.0,0.0,0.0,0.0154,0.3922,0.6069,0.4444,0.5333,0.497,0.4924,0.0,0.0,0.0,0.0,78.552,1
1237,41.2333,1.9034,5.5226,0.0,0.0,0.0,0.0,0.0,0.0,0.0154,0.3922,0.6069,0.4444,0.5333,0.497,0.4924,0.0,0.0,0.0,0.0,78.552,1
1238,41.2667,1.9034,5.5226,0.0,0.0,0.0,0.0,0.0,0.0,0.0154,0.3922,0.6069,0.4444,0.5333,0.497,0.4924,0.0,0.0,0.0,0.0,78.552,1
1239,41.3,1.9034,5.5226,0.0,0.0,0.0,0.0,0.0,0.0,0.0154,0.3922,0.6069,0.4444,0.5333,0.497,0.4924,0.0,0.0,0.0,0.0,78.552,1
1240,41.3333,1.9034,5.5226,0.0,0.0,0.0,0.0,0.0,0.0,0.0154,0.3922,0.6069,0.4444,0.5333,0.497,0.4924,0.0,0.0,0.0,0.0,78.552,1
1241,41.3667,1.9034,5.5226,0.0,0.0,0.0,0.0,0.0,0.0,0.0154,0.3922,0.6069,0.4444,0.5333,0.497,0.4924,0.0,0.0,0.0,0.0,78.552,1
1242,41.4,1.9034,5.5226,0.0,0.0,0.0,0.0,0.0,0.0,0.0154,0.3922,0.6069,0.4444,0.5333,0.497,0.4924,0.0,0.0,0.0,0.0,78.552,1
1243,41.4333,1.9034,5.5226,0.0,0.0,0.0,0.0,0.0,0.0,0.0154,0.3922,0.6069,0.4444,0.5333,0.497,0.4924,0.0,0.0,0.0,0.0,78.552,1
1244,41.4667,1.9034,5.5226,0.0,0.0,0.0,0.0,0.0,0.0,0.0154,0.3922,0.6069,0.4444,0.5333,0.497,0.4924,0.0,0.0,0.0,0.0,78.552,1
1245,41.5,1.9034,5.5226,0.0,0.0,0.0,0.0,0.0,0.0,0.0154,0.3922,0.6069,0.4444,0.5333,0.497,0.4924,0.0,0.0,0.0,0.0,78.552,1
1246,41.5333,1.9034,5.5226,0.0,0.0,0.0,0.0,0.0,0.0,0.0154,0.3922,0.6069,0.4444,0.5333,0.497,0.4924,0.0,0.0,0.0,0.0,78.552,1
1247,41.5667,1.9034,5.5226,0.0,0.0,0.0,0.0,0.0,0.0,0.0154,0.3922,0.6069,0.4444,0.5333,0.497,0.4924,0.0,0.0,0.0,0.0,78.552,1
1248,41.6,1.9034,5.5226,0.0,0.0,0.0,0.0,0.0,0.0,0.0154,0.3922,0.6069,0.4444,0.5333,0.497,0.4924,0.0,0.0,0.0,0.0,78.552,1
1249,41.6333,1.9034,5.5226,0.0,0.0,0.0,0.0,0.0,0.0,0.0154,0.3922,0.6069,0.4444,0.5333,0.497,0.4924,0.0,0.0,0.0,0.0,78.552,1
1250,41.6667,1.9034,5.5226,0.0,0.0,0.0,0.0,0.0,0.0,0.0154,0.3922,0.6069,0.4444,0.5333,0.497,0.4924,0.0,0.0,0.0,0.0,78.552,1
1251,41.7,1.9034,5.5226,0.0,0.0,0.0,0.0,0.0,0.0,0.0154,0.3922,0.6069,0.4444,0.5333,0.497,0.4924,0.0,0.0,0.0,0.0,78.552,1
1252,41.7333,1.9034,5.5226,0.0,0.0,0.0,0.0,0.0,0.0,0.0154,0.3922,0.6069,0.4444,0.5333,0.497,0.4924,0.0,0.0,0.0,0.0,78.552,1
1253,41.7667,1.9034,5.5226,0.0,0.0,0.0,0.0,0.0,0.0,0.0154,0.3922,0.6069,0.4444,0.5333,0.497,0.4924,0.0,0.0,0.0,0.0,78.552,1
1254,41.8,1.9034,5.5226,0.0,0.0,0.0,0.0,0.0,0.0,0.0154,0.3922,0.6069,0.4444,0.5333,0.497,0.4924,0.0,0.0,0.0,0.0,78.552,1
1255,41.8333,1.7535,5.073,2.9082,0.0197,128.9217,0.0,0.0,0.0,0.0103,0.4402,0.5578,0.3806,0.5944,0.4952,0.5006,31.0,83.0,93.0,183.0,26.6183,1
1256,41.8667,1.7535,5.073,0.0004,0.0,0.0177,0.0,0.0,0.0,0.0103,0.4403,0.5578,0.3806,0.5944,0.4953,0.5006,31.0,83.0,93.0,183.0,26.5985,1
1257,41.9,1.7535,5.073,0.0001,0.0,0.0034,0.0,0.0,0.0,0.0103,0.4403,0.5578,0.3806,0.5944,0.4953,0.5006,31.0,83.0,93.0,183.0,26.5972,1
1258,41.9333,1.7535,5.073,0.0,0.0,0.0,0.0,0.0,0.0,0.0103,0.4403,0.5578,0.3806,0.5944,0.4953,0.5006,31.0,83.0,93.0,183.0,26.5972,1
1259,41.9667,1.7535,5.0731,0.0001,0.0,0.0014,0.0,0.0,0.0,0.0103,0.4403,0.5578,0.3806,0.5944,0.4953,0.5006,31.0,83.0,93.0,183.0,26.5859,1
1260,42.0,1.7543,5.0755,0.0116,0.0002,0.5357,0.0,0.0,0.0,0.0103,0.4402,0.5578,0.3806,0.5944,0.4951,0.5007,31.0,84.0,91.0,183.0,26.4723,1
1261,42.0333,1.7541,5.0749,0.0009,0.0,0.041,0.0,0.0,0.0,0.0103,0.4401,0.5578,0.3806,0.5944,0.4951,0.5008,31.0,83.5,91.0,183.0,26.4687,1
1262,42.0667,1.7541,5.075,0.0006,0.0,0.0179,0.0,0.0,0.0,0.0103,0.4401,0.5578,0.3806,0.5944,0.4952,0.5007,31.0,83.0,91.0,183.0,26.5016,1
1263,42.1,1.754,5.0747,0.0006,0.0,0.0244,0.0,0.0,0.0,0.0103,0.4401,0.5578,0.3806,0.5944,0.4951,0.5006,31.0,83.0,91.0,183.0,26.4607,1
1264,42.1333,1.754,5.0747,0.0002,0.0,0.0066,0.0,0.0,0.0,0.0103,0.4401,0.5578,0.3806,0.5944,0.4952,0.5007,31.0,83.0,91.0,183.0,26.4882,1
1265,42.1667,1.7541,5.0749,0.0003,0.0,0.014,0.0,0.0,0.0,0.0103,0.4401,0.5578,0.3806,0.5944,0.4952,0.5006,30.5,83.0,91.0,183.0,26.4711,1
1266,42.2,1.7541,5.0748,0.0001,0.0,0.0066,0.0,0.0,0.0,0.0103,0.4401,0.5578,0.3806,0.5944,0.4952,0.5007,30.5,83.0,91.0,183.0,26.4975,1
1267,42.2333,1.7541,5.075,0.0004,0.0,0.0145,0.0,0.0,0.0,0.0103,0.4401,0.5578,0.3806,0.5944,0.4951,0.5006,31.0,83.0,91.0,183.0,26.4586,1
1268,42.2667,1.7541,5.0748,0.0004,0.0,0.0145,0.0,0.0,0.0,0.0103,0.4401,0.5578,0.3806,0.5944,0.4952,0.5007,30.5,83.0,91.0,183.0,26.4975,1
1269,42.3,1.7541,5.0749,0.0002,0.0,0.0123,0.0,0.0,0.0,0.0103,0.4401,0.5578,0.3806,0.5944,0.4951,0.5006,31.0,83.0,91.0,183.0,26.4582,1
1270,42.3333,1.7541,5.0748,0.0002,0.0,0.0123,0.0,0.0,0.0,0.0103,0.4401,0.5578,0.3806,0.5944,0.4952,0.5007,30.5,83.0,91.0,183.0,26.4975,1
1271,42.3667,1.7541,5.0748,0.0003,0.0,0.0123,0.0,0.0,0.0,0.0103,0.4401,0.5578,0.3806,0.5944,0.4951,0.5006,31.0,83.0,91.0,183.0,26.4583,1
1272,42.4,1.7541,5.075,0.0005,0.0,0.0154,0.0,0.0,0.0,0.0103,0.4401,0.5578,0.3806,0.5944,0.4952,0.5007,31.0,83.0,91.0,183.0,26.4868,1
1273,42.4333,1.7541,5.0748,0.0005,0.0,0.0154,0.0,0.0,0.0,0.0103,0.4401,0.5578,0.3806,0.5944,0.4951,0.5006,31.0,83.0,91.0,183.0,26.4583,1
1274,42.4667,1.7541,5.0748,0.0002,0.0,0.0063,0.0,0.0,0.0,0.0103,0.4401,0.5578,0.3806,0.5944,0.4952,0.5007,31.0,83.0,91.0,183.0,26.4846,1
1275,42.5,1.7541,5.0749,0.0003,0.0,0.008,0.0,0.0,0.0,0.0103,0.4401,0.5578,0.3806,0.5944,0.4951,0.5006,31.0,83.0,91.0,183.0,26.4603,1
1276,42.5333,1.7541,5.0749,0.0,0.0,0.0,0.0,0.0,0.0,0.0103,0.4401,0.5578,0.3806,0.5944,0.4951,0.5006,31.0,83.0,91.0,183.0,26.4603,1
1277,42.5667,1.7541,5.0749,0.0,0.0,0.0,0.0,0.0,0.0,0.0103,0.4401,0.5578,0.3806,0.5944,0.4951,0.5006,31.0,83.0,91.0,183.0,26.4603,1
1278,42.6,1.7541,5.0749,0.0,0.0,0.0,0.0,0.0,0.0,0.0103,0.4401,0.5578,0.3806,0.5944,0.4951,0.5006,31.0,83.0,91.0,183.0,26.4603,1
1279,42.6333,1.7541,5.0749,0.0008,0.0,0.0135,0.0,0.0,0.0,0.0103,0.4401,0.5578,0.3806,0.5944,0.4951,0.5006,31.0,83.0,91.0,183.0,26.4717,1
1280,42.6667,1.7541,5.075,0.0004,0.0,0.0157,0.0,0.0,0.0,0.0103,0.4401,0.5578,0.3806,0.5944,0.4952,0.5006,30.5,83.0,91.0,183.0,26.4726,1
1281,42.7,1.7541,5.075,0.0,0.0,0.0,0.0,0.0,0.0,0.0103,0.4401,0.5578,0.3806,0.5944,0.4952,0.5006,30.5,83.0,91.0,183.0,26.4726,1
1282,42.7333,1.7541,5.075,0.0,0.0,0.0,0.0,0.0,0.0,0.0103,0.4401,0.5578,0.3806,0.5944,0.4952,0.5006,30.5,83.0,91.0,183.0,26.4726,1
1283,42.7667,1.7541,5.075,0.0,0.0,0.0,0.0,0.0,0.0,0.0103,0.4401,0.5578,0.3806,0.5944,0.4952,0.5006,30.5,83.0,91.0,183.0,26.4726,1
1284,42.8,1.7541,5.075,0.0,0.0,0.0,0.0,0.0,0.0,0.0103,0.4401,0.5578,0.3806,0.5944,0.4952,0.5006,30.5,83.0,91.0,183.0,26.4726,1
1285,42.8333,1.7541,5.075,0.0,0.0,0.0,0.0,0.0,0.0,0.0103,0.4401,0.5578,0.3806,0.5944,0.4952,0.5006,30.5,83.0,91.0,183.0,26.4726,1
1286,42.8667,1.7541,5.075,0.0,0.0,0.0,0.0,0.0,0.0,0.0103,0.4401,0.5578,0.3806,0.5944,0.4952,0.5006,30.5,83.0,91.0,183.0,26.4726,1
1287,42.9,0.0,0.0,1.8019,0.0103,0.0,0.0,0.0,0.0,0.0,,,,,,,,,,,,
1288,42.9333,0.0,0.0,0.0,0.0,0.0,0.0,0.0,0.0,0.0,,,,,,,,,,,,
1289,42.9667,0.0,0.0,0.0,0.0,0.0,0.0,0.0,0.0,0.0,,,,,,,,,,,,
1290,43.0,0.0,0.0,0.0,0.0,0.0,0.0,0.0,0.0,0.0,,,,,,,,,,,,
1291,43.0333,0.0,0.0,0.0,0.0,0.0,0.0,0.0,0.0,0.0,,,,,,,,,,,,
1292,43.0667,0.0,0.0,0.0,0.0,0.0,0.0,0.0,0.0,0.0,,,,,,,,,,,,
1293,43.1,0.0,0.0,0.0,0.0,0.0,0.0,0.0,0.0,0.0,,,,,,,,,,,,
1294,43.1333,0.0,0.0,0.0,0.0,0.0,0.0,0.0,0.0,0.0,,,,,,,,,,,,
1295,43.1667,0.0,0.0,0.0,0.0,0.0,0.0,0.0,0.0,0.0,,,,,,,,,,,,
1296,43.2,0.0,0.0,0.0,0.0,0.0,0.0,0.0,0.0,0.0,,,,,,,,,,,,
1297,43.2333,0.0,0.0,0.0,0.0,0.0,0.0,0.0,0.0,0.0,,,,,,,,,,,,
1298,43.2667,0.0,0.0,0.0,0.0,0.0,0.0,0.0,0.0,0.0,,,,,,,,,,,,
1299,43.3,0.0,0.0,0.0,0.0,0.0,0.0,0.0,0.0,0.0,,,,,,,,,,,,
1300,43.3333,0.0,0.0,0.0,0.0,0.0,0.0,0.0,0.0,0.0,,,,,,,,,,,,
1301,43.3667,0.0,0.0,0.0,0.0,0.0,0.0,0.0,0.0,0.0,,,,,,,,,,,,
1302,43.4,0.0,0.0,0.0,0.0,0.0,0.0,0.0,0.0,0.0,,,,,,,,,,,,
1303,43.4333,0.0,0.0,0.0,0.0,0.0,0.0,0.0,0.0,0.0,,,,,,,,,,,,
1304,43.4667,0.0,0.0,0.0,0.0,0.0,0.0,0.0,0.0,0.0,,,,,,,,,,,,
1305,43.5,0.0,0.0,0.0,0.0,0.0,0.0,0.0,0.0,0.0,,,,,,,,,,,,
1306,43.5333,0.0,0.0,0.0,0.0,0.0,0.0,0.0,0.0,0.0,,,,,,,,,,,,
1307,43.5667,0.0,0.0,0.0,0.0,0.0,0.0,0.0,0.0,0.0,,,,,,,,,,,,
1308,43.6,0.0,0.0,0.0,0.0,0.0,0.0,0.0,0.0,0.0,,,,,,,,,,,,
1309,43.6333,0.0,0.0,0.0,0.0,0.0,0.0,0.0,0.0,0.0,,,,,,,,,,,,
1310,43.6667,0.0,0.0,0.0,0.0,0.0,0.0,0.0,0.0,0.0,,,,,,,,,,,,
1311,43.7,0.0,0.0,0.0,0.0,0.0,0.0,0.0,0.0,0.0,,,,,,,,,,,,
1312,43.7333,0.0,0.0,0.0,0.0,0.0,0.0,0.0,0.0,0.0,,,,,,,,,,,,
1313,43.7667,0.0,0.0,0.0,0.0,0.0,0.0,0.0,0.0,0.0,,,,,,,,,,,,
1314,43.8,0.0,0.0,0.0,0.0,0.0,0.0,0.0,0.0,0.0,,,,,,,,,,,,
1315,43.8333,0.0,0.0,0.0,0.0,0.0,0.0,0.0,0.0,0.0,,,,,,,,,,,,
1316,43.8667,0.0,0.0,0.0,0.0,0.0,0.0,0.0,0.0,0.0,,,,,,,,,,,,
1317,43.9,0.0,0.0,0.0,0.0,0.0,0.0,0.0,0.0,0.0,,,,,,,,,,,,
1318,43.9333,0.0,0.0,0.0,0.0,0.0,0.0,0.0,0.0,0.0,,,,,,,,,,,,
1319,43.9667,0.0,0.0,0.0,0.0,0.0,0.0,0.0,0.0,0.0,,,,,,,,,,,,
1320,44.0,0.0,0.0,0.0,0.0,0.0,0.0,0.0,0.0,0.0,,,,,,,,,,,,
1321,44.0333,0.0,0.0,0.0,0.0,0.0,0.0,0.0,0.0,0.0,,,,,,,,,,,,
1322,44.0667,0.0,0.0,0.0,0.0,0.0,0.0,0.0,0.0,0.0,,,,,,,,,,,,
1323,44.1,0.0,0.0,0.0,0.0,0.0,0.0,0.0,0.0,0.0,,,,,,,,,,,,
1324,44.1333,0.0,0.0,0.0,0.0,0.0,0.0,0.0,0.0,0.0,,,,,,,,,,,,
1325,44.1667,0.0,0.0,0.0,0.0,0.0,0.0,0.0,0.0,0.0,,,,,,,,,,,,
1326,44.2,0.0,0.0,0.0,0.0,0.0,0.0,0.0,0.0,0.0,,,,,,,,,,,,
1327,44.2333,0.0,0.0,0.0,0.0,0.0,0.0,0.0,0.0,0.0,,,,,,,,,,,,
1328,44.2667,0.0,0.0,0.0,0.0,0.0,0.0,0.0,0.0,0.0,,,,,,,,,,,,
1329,44.3,0.0,0.0,0.0,0.0,0.0,0.0,0.0,0.0,0.0,,,,,,,,,,,,
1330,44.3333,0.0,0.0,0.0,0.0,0.0,0.0,0.0,0.0,0.0,,,,,,,,,,,,
1331,44.3667,0.0,0.0,0.0,0.0,0.0,0.0,0.0,0.0,0.0,,,,,,,,,,,,
1332,44.4,0.0,0.0,0.0,0.0,0.0,0.0,0.0,0.0,0.0,,,,,,,,,,,,
1333,44.4333,0.0,0.0,0.0,0.0,0.0,0.0,0.0,0.0,0.0,,,,,,,,,,,,
1334,44.4667,0.0,0.0,0.0,0.0,0.0,0.0,0.0,0.0,0.0,,,,,,,,,,,,
1335,44.5,0.0,0.0,0.0,0.0,0.0,0.0,0.0,0.0,0.0,,,,,,,,,,,,
1336,44.5333,0.0,0.0,0.0,0.0,0.0,0.0,0.0,0.0,0.0,,,,,,,,,,,,
1337,44.5667,0.0,0.0,0.0,0.0,0.0,0.0,0.0,0.0,0.0,,,,,,,,,,,,
1338,44.6,0.0,0.0,0.0,0.0,0.0,0.0,0.0,0.0,0.0,,,,,,,,,,,,
1339,44.6333,0.0,0.0,0.0,0.0,0.0,0.0,0.0,0.0,0.0,,,,,,,,,,,,
1340,44.6667,0.0,0.0,0.0,0.0,0.0,0.0,0.0,0.0,0.0,,,,,,,,,,,,
1341,44.7,0.0,0.0,0.0,0.0,0.0,0.0,0.0,0.0,0.0,,,,,,,,,,,,
1342,44.7333,0.0,0.0,0.0,0.0,0.0,0.0,0.0,0.0,0.0,,,,,,,,,,,,
1343,44.7667,0.0,0.0,0.0,0.0,0.0,0.0,0.0,0.0,0.0,,,,,,,,,,,,
1344,44.8,0.0,0.0,0.0,0.0,0.0,0.0,0.0,0.0,0.0,,,,,,,,,,,,
1345,44.8333,0.0,0.0,0.0,0.0,0.0,0.0,0.0,0.0,0.0,,,,,,,,,,,,
1346,44.8667,0.0,0.0,0.0,0.0,0.0,0.0,0.0,0.0,0.0,,,,,,,,,,,,
1347,44.9,0.0,0.0,0.0,0.0,0.0,0.0,0.0,0.0,0.0,,,,,,,,,,,,
1348,44.9333,0.0,0.0,0.0,0.0,0.0,0.0,0.0,0.0,0.0,,,,,,,,,,,,
1349,44.9667,0.0,0.0,0.0,0.0,0.0,0.0,0.0,0.0,0.0,,,,,,,,,,,,
1350,45.0,0.0,0.0,0.0,0.0,0.0,0.0,0.0,0.0,0.0,,,,,,,,,,,,
1351,45.0333,0.0,0.0,0.0,0.0,0.0,0.0,0.0,0.0,0.0,,,,,,,,,,,,
1352,45.0667,0.0,0.0,0.0,0.0,0.0,0.0,0.0,0.0,0.0,,,,,,,,,,,,
1353,45.1,0.0,0.0,0.0,0.0,0.0,0.0,0.0,0.0,0.0,,,,,,,,,,,,
1354,45.1333,0.0,0.0,0.0,0.0,0.0,0.0,0.0,0.0,0.0,,,,,,,,,,,,
1355,45.1667,0.0,0.0,0.0,0.0,0.0,0.0,0.0,0.0,0.0,,,,,,,,,,,,
1356,45.2,0.0,0.0,0.0,0.0,0.0,0.0,0.0,0.0,0.0,,,,,,,,,,,,
1357,45.2333,0.0,0.0,0.0,0.0,0.0,0.0,0.0,0.0,0.0,,,,,,,,,,,,
1358,45.2667,0.0,0.0,0.0,0.0,0.0,0.0,0.0,0.0,0.0,,,,,,,,,,,,
1359,45.3,0.0,0.0,0.0,0.0,0.0,0.0,0.0,0.0,0.0,,,,,,,,,,,,
1360,45.3333,0.0,0.0,0.0,0.0,0.0,0.0,0.0,0.0,0.0,,,,,,,,,,,,
1361,45.3667,0.0,0.0,0.0,0.0,0.0,0.0,0.0,0.0,0.0,,,,,,,,,,,,
1362,45.4,0.0,0.0,0.0,0.0,0.0,0.0,0.0,0.0,0.0,,,,,,,,,,,,
1363,45.4333,0.0,0.0,0.0,0.0,0.0,0.0,0.0,0.0,0.0,,,,,,,,,,,,
1364,45.4667,0.0,0.0,0.0,0.0,0.0,0.0,0.0,0.0,0.0,,,,,,,,,,,,
1365,45.5,0.0,0.0,0.0,0.0,0.0,0.0,0.0,0.0,0.0,,,,,,,,,,,,
1366,45.5333,0.0,0.0,0.0,0.0,0.0,0.0,0.0,0.0,0.0,,,,,,,,,,,,
1367,45.5667,0.0,0.0,0.0,0.0,0.0,0.0,0.0,0.0,0.0,,,,,,,,,,,,
1368,45.6,0.0,0.0,0.0,0.0,0.0,0.0,0.0,0.0,0.0,,,,,,,,,,,,
1369,45.6333,0.0,0.0,0.0,0.0,0.0,0.0,0.0,0.0,0.0,,,,,,,,,,,,
1370,45.6667,0.0,0.0,0.0,0.0,0.0,0.0,0.0,0.0,0.0,,,,,,,,,,,,
1371,45.7,0.0,0.0,0.0,0.0,0.0,0.0,0.0,0.0,0.0,,,,,,,,,,,,
1372,45.7333,0.0,0.0,0.0,0.0,0.0,0.0,0.0,0.0,0.0,,,,,,,,,,,,
1373,45.7667,0.0,0.0,0.0,0.0,0.0,0.0,0.0,0.0,0.0,,,,,,,,,,,,
1374,45.8,0.0,0.0,0.0,0.0,0.0,0.0,0.0,0.0,0.0,,,,,,,,,,,,
1375,45.8333,0.0,0.0,0.0,0.0,0.0,0.0,0.0,0.0,0.0,,,,,,,,,,,,
1376,45.8667,0.0,0.0,0.0,0.0,0.0,0.0,0.0,0.0,0.0,,,,,,,,,,,,
1377,45.9,0.0,0.0,0.0,0.0,0.0,0.0,0.0,0.0,0.0,,,,,,,,,,,,
1378,45.9333,0.0,0.0,0.0,0.0,0.0,0.0,0.0,0.0,0.0,,,,,,,,,,,,
1379,45.9667,0.0,0.0,0.0,0.0,0.0,0.0,0.0,0.0,0.0,,,,,,,,,,,,
