frame,time,luma,center_luma,diff,mask_change,fg_diff,bg_r,bg_g,bg_b,fg_area,x0,x1,y0,y1,cx,cy,fg_r,fg_g,fg_b,fg_sat,sharp,bands
0,0.0,8.5776,2.0838,0.0,1.0,255.0,9.0,11.0,40.0,0.0013,0.05,0.9483,0.05,0.9471,0.4655,0.7195,91.0,102.0,131.0,67.0,134.2021,3
1,0.0167,8.5812,2.085,0.0145,0.0,0.2826,9.0,11.0,40.0,0.0013,0.05,0.9484,0.05,0.9444,0.4681,0.7227,91.0,103.0,131.0,67.0,135.3566,3
2,0.0333,8.6306,2.0991,0.3372,0.0001,0.3887,9.0,11.0,40.0,0.0014,0.05,0.9484,0.05,0.9469,0.4703,0.7156,90.5,102.0,131.0,67.0,135.7578,4
3,0.05,8.6616,2.1552,0.177,0.0001,2.4751,9.0,11.0,40.0,0.0015,0.05,0.9479,0.05,0.9462,0.4692,0.6966,91.0,102.0,131.0,67.0,128.903,4
4,0.0667,8.7443,2.3221,0.2745,0.0005,7.2295,9.0,11.0,40.0,0.0019,0.05,0.9469,0.05,0.9444,0.4761,0.6519,91.0,101.0,133.0,72.0,104.5804,4
5,0.0833,8.8671,2.6798,0.1591,0.0011,15.1132,9.0,11.0,40.0,0.0028,0.05,0.9469,0.0528,0.9417,0.4834,0.6046,93.0,100.0,137.0,81.0,77.2361,4
6,0.1,9.0721,3.1193,0.3978,0.0014,18.1699,9.0,11.0,40.0,0.0036,0.05,0.9469,0.0528,0.9417,0.4866,0.5868,93.0,99.0,139.0,82.0,66.6468,4
7,0.1167,9.2204,3.5474,0.2031,0.0016,16.1856,9.0,11.0,40.0,0.004,0.0504,0.9465,0.0528,0.9417,0.4882,0.5808,93.0,98.0,144.0,81.0,62.6148,4
8,0.1333,9.3859,3.9534,0.3826,0.0018,13.6138,9.0,11.0,40.0,0.0042,0.0512,0.9469,0.0528,0.9417,0.4893,0.5793,93.0,97.0,139.0,84.0,62.4929,4
9,0.15,9.5157,4.3183,0.1752,0.0017,11.2947,9.0,11.0,40.0,0.0044,0.0516,0.9469,0.0528,0.9417,0.4897,0.5807,91.0,97.0,138.0,85.0,62.3177,4
10,0.1667,9.7145,4.6752,0.4556,0.0016,10.728,9.0,12.0,40.0,0.0043,0.0516,0.9469,0.0528,0.9417,0.4883,0.5821,94.0,97.5,139.0,88.5,64.2049,4
11,0.1833,9.8383,5.0157,0.2586,0.0014,8.5976,9.0,12.0,40.0,0.0044,0.0516,0.9467,0.0528,0.9417,0.4886,0.5834,93.0,97.0,138.0,86.0,64.5521,4
12,0.2,9.9843,5.336,0.3854,0.0014,7.2843,9.0,11.0,40.0,0.0044,0.0516,0.9466,0.0528,0.9417,0.4895,0.5839,93.0,97.0,137.0,90.0,64.5802,5
13,0.2167,10.1094,5.6489,0.2093,0.0013,6.6622,9.0,11.0,40.0,0.0045,0.0516,0.9462,0.0528,0.9417,0.4877,0.5829,91.0,97.0,136.0,86.0,63.8368,4
14,0.2333,10.2695,5.9419,0.4385,0.0011,6.4246,9.0,11.0,40.0,0.0047,0.0516,0.9453,0.0528,0.9417,0.4865,0.5826,91.0,97.0,136.0,81.0,63.2234,4
15,0.25,10.3904,6.2802,0.2027,0.0017,9.7092,9.0,11.0,40.0,0.0049,0.0516,0.9453,0.0528,0.9417,0.4828,0.5806,88.0,94.0,132.0,80.0,61.5135,4
16,0.2667,10.5308,6.4986,0.4293,0.0012,5.7952,9.0,11.0,40.0,0.005,0.0516,0.9453,0.0528,0.9417,0.4802,0.5791,86.0,91.0,133.0,81.5,60.9703,4
17,0.2833,10.591,6.6406,0.161,0.0011,5.9657,9.0,11.0,40.0,0.0051,0.0516,0.9453,0.0528,0.9417,0.4787,0.579,87.0,93.0,136.0,84.0,59.757,4
18,0.3,10.6711,6.7117,0.341,0.0011,5.978,9.0,11.0,41.0,0.005,0.0516,0.9453,0.0528,0.9417,0.4758,0.5803,88.0,95.0,137.0,84.0,62.0373,4
19,0.3167,10.6747,6.697,0.168,0.001,7.0609,9.0,11.0,41.0,0.0048,0.0516,0.9453,0.0528,0.9417,0.475,0.5804,89.0,98.0,136.0,82.0,64.2543,5
20,0.3333,10.726,6.6002,0.4569,0.001,7.5346,9.0,11.0,41.0,0.0045,0.0516,0.9464,0.0528,0.9417,0.4713,0.583,91.0,101.0,132.0,77.0,68.1315,4
21,0.35,10.6735,6.4051,0.1894,0.0008,6.5974,9.0,11.0,41.0,0.0042,0.0511,0.9469,0.0528,0.9417,0.4704,0.5839,95.0,102.0,131.0,70.0,70.8115,5
22,0.3667,10.6544,6.1278,0.4495,0.0007,5.8337,9.0,12.0,41.0,0.0041,0.05,0.9469,0.0528,0.9417,0.4683,0.5829,95.0,102.0,133.0,69.5,74.6976,6
23,0.3833,10.561,5.8096,0.1948,0.0006,5.0594,9.0,12.0,41.0,0.004,0.05,0.9469,0.0528,0.9417,0.4683,0.5818,96.0,103.0,133.0,73.0,74.8273,5
24,0.4,10.504,5.4738,0.4453,0.0008,6.0898,9.0,11.5,41.0,0.004,0.0505,0.9469,0.0528,0.9417,0.4674,0.5783,98.0,104.0,134.0,84.0,73.8007,5
25,0.4167,10.4076,5.1397,0.2248,0.0007,6.6399,9.0,12.0,41.0,0.004,0.0504,0.9469,0.0528,0.9417,0.4677,0.5766,98.0,102.0,130.0,98.0,73.8124,4
26,0.4333,10.3841,4.8415,0.4095,0.0008,7.0752,9.0,11.0,41.0,0.0039,0.05,0.9469,0.0528,0.9417,0.4698,0.5793,95.0,98.0,120.0,108.0,77.5693,5
27,0.45,10.3126,4.5872,0.2058,0.001,7.4444,9.0,11.0,41.0,0.0036,0.05,0.9469,0.0528,0.9417,0.4717,0.5843,93.0,96.0,111.0,117.0,81.4873,5
28,0.4667,10.3307,4.423,0.4713,0.0015,8.8954,9.0,11.0,40.0,0.0037,0.05,0.9469,0.0528,0.9417,0.4837,0.5836,88.0,90.0,112.0,118.0,78.9291,5
29,0.4833,10.3405,4.4098,0.2671,0.0015,11.211,9.0,11.0,40.0,0.004,0.05,0.9469,0.0528,0.9417,0.4946,0.5747,89.0,93.0,118.0,109.0,76.3236,6
30,0.5,10.4231,4.3984,0.537,0.0014,9.4358,9.0,11.0,40.0,0.004,0.05,0.9469,0.0528,0.9417,0.501,0.5681,86.5,88.0,126.0,102.0,73.1919,6
31,0.5167,10.2164,3.7355,0.3626,0.0021,11.5369,9.0,11.0,40.0,0.0031,0.05,0.9469,0.0528,0.9417,0.491,0.5731,74.0,60.0,130.0,126.5,78.1789,6
32,0.5333,10.2273,3.5182,0.4503,0.0011,4.5896,9.0,11.0,41.0,0.0024,0.05,0.9477,0.0514,0.9431,0.4836,0.6132,82.0,86.0,125.0,108.0,96.8509,10
33,0.55,10.2264,3.4548,0.1888,0.0008,3.3357,9.0,11.0,41.0,0.0021,0.05,0.9484,0.05,0.9444,0.4809,0.6348,86.0,90.0,127.0,99.0,106.3467,8
34,0.5667,10.3343,3.4927,0.42,0.0007,4.1045,9.0,11.0,40.0,0.0021,0.05,0.9484,0.05,0.9444,0.4817,0.6352,86.0,93.0,127.0,97.0,107.9501,10
35,0.5833,10.4134,3.6676,0.2462,0.001,6.7659,9.0,11.0,40.0,0.0023,0.05,0.9484,0.0507,0.9437,0.482,0.6165,88.0,94.0,131.0,92.0,100.4081,9
36,0.6,10.5363,3.7704,0.531,0.0012,8.3475,9.0,11.0,40.0,0.0023,0.05,0.9484,0.051,0.9434,0.484,0.6109,90.0,98.0,127.0,76.0,104.4349,11
37,0.6167,10.442,3.437,0.333,0.0015,5.192,9.0,11.0,40.0,0.0022,0.05,0.9484,0.05,0.9444,0.4858,0.6226,89.0,95.0,123.0,78.0,111.048,14
38,0.6333,10.4384,3.1692,0.569,0.0016,2.8912,9.0,11.0,40.0,0.0023,0.05,0.9484,0.0511,0.9433,0.4874,0.6191,88.0,88.0,124.0,97.0,104.1427,11
39,0.65,10.5143,3.3494,0.3128,0.0019,0.5577,9.0,11.0,40.0,0.0023,0.05,0.9484,0.0505,0.9439,0.4874,0.6265,88.0,91.0,129.0,94.0,109.3529,14
40,0.6667,10.7682,3.8317,0.6689,0.0022,4.4612,9.0,11.0,40.0,0.0029,0.05,0.9475,0.0528,0.9417,0.4965,0.5965,86.0,89.0,132.0,110.0,94.7688,10
41,0.6833,10.9074,4.2062,0.4233,0.0025,12.5685,9.0,11.0,40.0,0.0029,0.05,0.9475,0.0528,0.9417,0.4928,0.6096,88.0,88.0,133.0,111.0,95.1552,11
42,0.7,11.2438,4.9329,0.8675,0.0027,16.2407,9.0,11.0,40.0,0.0035,0.05,0.9469,0.0528,0.9417,0.4972,0.6006,90.0,95.0,133.5,94.5,76.28,10
43,0.7167,11.7382,6.3768,0.6855,0.0039,21.8537,9.0,11.0,40.0,0.0046,0.0511,0.9469,0.0528,0.9417,0.4924,0.5889,87.0,87.0,131.0,105.5,65.6948,8
44,0.7333,12.0491,7.1216,0.8216,0.0038,24.2848,9.0,11.0,40.0,0.0046,0.051,0.9469,0.0528,0.9417,0.4764,0.5879,89.0,93.0,130.0,95.5,72.5909,9
45,0.75,11.6737,5.8731,0.8194,0.0028,28.6572,9.0,11.0,40.0,0.0043,0.05,0.9469,0.0528,0.9417,0.4735,0.5807,90.0,97.0,129.0,87.0,75.6737,6
46,0.7667,11.2747,4.3132,1.2783,0.0044,26.8771,9.0,11.0,40.0,0.004,0.0503,0.9469,0.0528,0.9417,0.5028,0.5644,87.0,87.0,123.0,108.0,74.6328,6
47,0.7833,11.1814,4.0101,0.4343,0.0024,20.943,9.0,11.0,40.0,0.0037,0.05,0.9469,0.0528,0.9417,0.5014,0.5634,75.0,72.0,127.0,134.0,71.8209,6
48,0.8,11.1589,3.6003,0.6458,0.0023,9.3189,9.0,11.0,40.0,0.0024,0.05,0.9484,0.0514,0.9431,0.4869,0.6151,83.0,87.0,126.0,107.5,97.5547,8
49,0.8167,11.127,3.4846,0.2793,0.0016,3.4268,9.0,11.0,40.0,0.0022,0.05,0.9484,0.05,0.9444,0.4831,0.6321,86.0,89.0,129.0,104.0,103.9648,8
50,0.8333,11.2606,3.5161,0.4903,0.0012,3.7309,9.0,11.0,40.0,0.0022,0.05,0.9484,0.05,0.9444,0.4839,0.627,86.0,90.0,126.0,103.0,103.2265,9
51,0.85,11.2933,3.5961,0.2435,0.0012,4.207,9.0,11.0,40.0,0.0022,0.05,0.9484,0.0503,0.9442,0.484,0.6288,88.0,93.0,129.0,99.0,104.6528,13
52,0.8667,11.4101,3.5802,0.5178,0.0012,4.9265,9.0,11.0,40.0,0.0022,0.05,0.9484,0.05,0.9444,0.4854,0.6344,87.0,93.0,129.0,93.0,107.7555,10
53,0.8833,11.3719,3.4554,0.2164,0.0013,2.5222,9.0,11.0,40.0,0.0022,0.05,0.9484,0.0501,0.9444,0.4859,0.6368,88.0,93.5,129.0,94.5,108.4901,10
54,0.9,11.4245,3.2435,0.4381,0.0014,3.9057,9.0,11.0,40.0,0.0023,0.05,0.9484,0.0507,0.9438,0.4852,0.6355,87.0,90.0,125.0,99.0,104.5462,9
55,0.9167,11.3977,3.1311,0.187,0.0012,3.2885,9.0,11.0,40.0,0.0023,0.05,0.9484,0.051,0.9434,0.4864,0.6316,87.0,88.0,124.0,101.0,103.5902,10
56,0.9333,11.6232,3.2241,1.0994,0.0014,4.2708,9.0,11.0,40.0,0.0022,0.05,0.9489,0.05,0.9444,0.4859,0.6396,89.0,91.0,126.0,101.5,105.4566,10
57,0.95,11.6599,3.3335,0.1322,0.0013,2.3952,9.0,11.0,40.0,0.0022,0.05,0.9484,0.0503,0.9441,0.4865,0.6361,88.0,93.0,127.0,100.5,102.9253,10
58,0.9667,11.7359,3.4507,0.3724,0.0011,2.0027,9.0,11.0,40.0,0.0021,0.05,0.9494,0.05,0.9444,0.4856,0.6428,88.0,93.0,127.0,102.0,106.5554,9
59,0.9833,11.8004,3.5644,0.1902,0.001,2.165,9.0,11.0,40.0,0.0022,0.05,0.9484,0.0504,0.944,0.4857,0.6403,88.0,91.0,129.0,106.0,103.286,12
60,1.0,11.8105,3.4949,1.25,0.0009,5.2091,9.0,11.0,40.0,0.0024,0.05,0.9484,0.0528,0.9432,0.4835,0.6366,88.0,91.0,133.0,110.0,100.6462,10
61,1.0167,11.8564,3.6329,0.107,0.0009,3.9625,9.0,11.0,40.0,0.0024,0.05,0.9484,0.0528,0.9428,0.4866,0.6302,89.0,94.0,133.0,107.0,98.0449,11
62,1.0333,12.0634,3.9953,0.5251,0.0017,5.925,9.0,11.0,40.0,0.003,0.05,0.9471,0.0528,0.9417,0.4894,0.6173,91.0,95.0,137.0,107.0,88.0394,7
63,1.05,12.1053,4.1191,0.1373,0.0009,4.9763,9.0,11.0,40.0,0.0033,0.05,0.9469,0.0528,0.9417,0.4906,0.6128,94.0,97.0,139.0,103.0,80.9715,8
64,1.0667,12.2361,4.1828,0.4574,0.0009,5.2738,9.0,11.0,40.0,0.0037,0.05,0.9469,0.0528,0.9417,0.4904,0.6067,95.0,98.0,141.0,102.0,74.0206,6
65,1.0833,12.2439,4.1935,0.1255,0.001,5.0729,9.0,11.0,40.0,0.0038,0.05,0.9469,0.0528,0.9417,0.4907,0.6017,92.0,96.0,138.0,109.0,74.7513,5
66,1.1,12.3178,4.1809,0.2551,0.0009,5.1062,9.0,11.0,40.0,0.0036,0.05,0.9469,0.0528,0.9417,0.4913,0.6003,91.0,94.0,136.0,112.0,76.1514,5
67,1.1167,12.3444,4.1587,0.2088,0.0007,4.9522,9.0,11.0,40.0,0.0034,0.05,0.9473,0.0528,0.9417,0.4924,0.6015,91.0,97.0,136.0,98.0,79.4249,4
68,1.1333,12.4552,4.1361,0.5628,0.0008,4.0833,9.0,11.0,40.0,0.0033,0.05,0.9469,0.0528,0.9417,0.4935,0.6014,94.0,100.0,136.0,92.0,80.9754,6
69,1.15,12.4441,4.0829,0.1621,0.0008,4.0854,9.0,11.0,40.0,0.0034,0.05,0.9473,0.0528,0.9417,0.4935,0.5991,93.0,100.5,136.0,91.0,79.8379,6
70,1.1667,12.5465,4.016,0.4735,0.0008,4.6776,9.0,11.0,40.0,0.0033,0.05,0.9476,0.0528,0.9417,0.4924,0.5992,94.0,101.0,136.0,87.5,80.5798,7
71,1.1833,12.5148,3.8891,0.2023,0.001,4.4921,9.0,11.0,40.0,0.0032,0.05,0.9477,0.0528,0.9417,0.4926,0.598,96.0,104.0,139.0,85.0,79.0227,6
72,1.2,12.5644,3.7431,0.5094,0.0011,6.247,9.0,11.0,40.0,0.0034,0.05,0.9469,0.0528,0.9417,0.4896,0.5978,96.0,102.0,140.0,90.0,75.1138,5
73,1.2167,12.5006,3.54,0.1598,0.0012,7.0011,9.0,11.0,40.0,0.0033,0.05,0.9469,0.0528,0.9417,0.4891,0.5976,97.0,102.0,144.0,89.0,74.1152,6
74,1.2333,12.515,3.2992,0.4961,0.0014,8.8094,9.0,11.0,40.0,0.0034,0.05,0.9473,0.0528,0.9417,0.4878,0.5953,96.0,101.0,143.0,95.0,72.1437,7
75,1.25,12.4232,2.9853,0.2063,0.0015,11.7214,9.0,11.0,40.0,0.0032,0.05,0.9477,0.0528,0.9417,0.4867,0.5956,94.0,101.0,144.0,94.0,72.3439,5
76,1.2667,13.7882,6.3215,1.7738,0.0013,12.2258,9.0,11.0,40.0,0.0026,0.05,0.9483,0.0528,0.9417,0.4834,0.612,94.0,103.0,143.5,84.5,81.2563,4
77,1.2833,14.6664,9.273,1.9584,0.0009,11.9322,9.0,11.0,40.0,0.0018,0.05,0.9641,0.05,0.9444,0.478,0.6573,94.0,105.0,139.5,79.0,108.5629,4
78,1.3,15.4595,11.4292,2.4236,0.0004,4.0826,9.0,11.0,40.0,0.0014,0.0391,0.9641,0.05,0.9464,0.473,0.6965,94.0,107.0,136.0,73.0,130.1579,4
79,1.3167,16.0733,13.2042,2.3847,0.0001,1.5488,9.0,11.0,40.0,0.0013,0.0359,0.9641,0.05,0.9469,0.4713,0.7091,93.0,107.0,136.0,73.0,135.1696,4
80,1.3333,16.4747,14.1657,2.5271,0.0,0.4543,9.0,11.0,40.0,0.0013,0.035,0.9641,0.05,0.9471,0.4738,0.7149,93.0,107.0,136.0,73.0,135.4127,3
81,1.35,16.7984,15.0951,2.3274,0.0,0.0691,9.0,11.0,40.0,0.0013,0.0352,0.9641,0.05,0.9471,0.4723,0.7141,93.0,107.0,136.0,74.0,134.7251,3
82,1.3667,17.028,15.5554,2.452,0.0004,0.1596,9.0,11.0,40.0,0.0017,0.0489,0.9641,0.05,0.9446,0.4862,0.6748,87.0,101.0,125.5,79.5,115.6583,7
83,1.3833,17.2145,16.0759,2.2333,0.0027,0.2638,9.0,11.0,40.0,0.0038,0.05,0.9473,0.0528,0.9417,0.5041,0.5988,72.0,73.0,82.0,105.0,70.3592,6
84,1.4,17.4058,16.4051,2.4234,0.0056,1.6583,9.0,11.0,40.0,0.0066,0.0516,0.9453,0.0556,0.9417,0.5145,0.5686,6.0,5.0,8.0,102.0,58.7704,8
85,1.4167,17.4486,16.4867,2.0009,0.0095,3.194,9.0,11.0,40.0,0.0107,0.054,0.9438,0.0583,0.9417,0.5117,0.5484,5.0,5.0,8.0,102.0,51.3895,5
86,1.4333,17.5851,16.7244,2.168,0.0143,11.3881,10.0,11.0,40.0,0.0156,0.0591,0.9422,0.0639,0.9417,0.5024,0.5365,10.0,9.0,11.0,85.0,46.4889,4
87,1.45,17.6208,16.7915,1.822,0.0168,16.5059,10.0,11.0,40.0,0.02,0.0641,0.9375,0.0667,0.9417,0.4978,0.5305,16.0,15.5,18.0,76.0,45.8835,4
88,1.4667,17.7011,16.8689,1.9443,0.0167,24.8868,10.0,11.0,40.0,0.0235,0.0658,0.9281,0.0694,0.9417,0.4972,0.528,87.0,102.0,119.0,46.0,45.2436,4
89,1.4833,17.7214,16.883,1.6178,0.0164,28.0829,10.0,11.0,40.0,0.0261,0.0703,0.9233,0.0697,0.9417,0.496,0.5257,95.0,107.0,123.0,10.0,43.3766,4
90,1.5,17.771,16.919,1.7428,0.0149,30.5936,10.0,11.0,40.0,0.0286,0.0719,0.9174,0.0746,0.9389,0.4957,0.5241,115.0,124.0,140.0,6.0,44.1867,4
91,1.5167,17.793,16.9554,1.4196,0.0141,30.564,10.0,11.0,40.0,0.0306,0.075,0.9109,0.0818,0.9389,0.4958,0.523,153.0,152.0,164.0,5.0,42.538,4
92,1.5333,17.8676,17.0355,1.5989,0.0126,27.2621,10.0,11.0,40.0,0.0326,0.075,0.9061,0.2225,0.9389,0.494,0.5215,169.0,167.0,173.0,5.0,43.2859,4
93,1.55,17.8711,17.0273,1.2078,0.011,24.353,10.0,11.0,40.0,0.0343,0.0765,0.9017,0.4083,0.9389,0.493,0.52,181.0,180.0,183.0,5.0,43.0691,4
94,1.5667,17.9489,17.1494,1.3928,0.0097,21.378,10.0,11.0,40.0,0.0353,0.0781,0.9016,0.4083,0.9389,0.4923,0.5196,196.0,195.0,198.0,5.0,41.9839,4
95,1.5833,17.9907,17.2576,1.0407,0.0079,19.2369,10.0,11.0,40.0,0.0367,0.0797,0.8967,0.4111,0.9389,0.4924,0.5191,207.0,205.0,209.0,4.0,42.9747,4
96,1.6,18.0851,17.4147,1.215,0.0056,17.6184,10.0,11.0,40.0,0.0372,0.0797,0.8953,0.4129,0.9389,0.4927,0.5185,217.0,216.0,219.0,4.0,45.634,4
97,1.6167,18.1389,17.5462,0.8939,0.005,16.0711,10.0,11.0,40.0,0.0364,0.0796,0.8985,0.4139,0.9389,0.493,0.5188,226.0,225.0,229.0,4.0,44.7398,4
98,1.6333,18.2195,17.7665,1.0661,0.0046,13.6886,10.0,11.0,40.0,0.0364,0.0795,0.8986,0.4139,0.9389,0.4931,0.5182,236.0,235.0,238.0,4.0,47.1453,4
99,1.65,18.3012,17.9858,0.7482,0.0039,12.5683,10.0,11.0,40.0,0.0366,0.0797,0.8974,0.4139,0.9389,0.4934,0.5186,243.0,242.0,245.0,3.0,49.1086,4
100,1.6667,18.2041,17.6187,0.6963,0.0035,6.3007,10.0,11.0,40.0,0.0356,0.0797,0.9015,0.4167,0.9389,0.4938,0.5187,240.0,239.0,242.0,3.0,48.509,4
101,1.6833,18.1186,17.326,0.4249,0.0029,4.8136,10.0,11.0,40.0,0.0354,0.079,0.9016,0.4167,0.9389,0.4935,0.5184,245.0,244.0,247.0,3.0,50.8406,4
102,1.7,18.0519,17.13,0.5773,0.0024,4.0843,10.0,11.0,40.0,0.0348,0.077,0.9016,0.4167,0.9389,0.4927,0.5185,247.0,246.0,250.0,3.0,51.1289,4
103,1.7167,17.9988,16.959,0.2632,0.002,2.7423,10.0,11.0,40.0,0.0346,0.0766,0.9028,0.4167,0.9389,0.4939,0.5187,239.0,238.0,243.0,3.0,50.7271,4
104,1.7333,17.9622,16.8364,0.5012,0.0015,2.258,10.0,11.0,40.0,0.0345,0.0766,0.9034,0.4167,0.9389,0.4946,0.519,239.0,238.0,243.0,3.0,51.5628,4
105,1.75,17.9422,16.7654,0.1389,0.0009,1.5465,10.0,11.0,40.0,0.0342,0.0766,0.9047,0.4167,0.9389,0.4941,0.519,243.0,240.0,244.0,3.0,50.7972,4
106,1.7667,17.9073,16.7033,0.4493,0.0006,0.9962,10.0,11.0,40.0,0.034,0.0766,0.9047,0.4167,0.9389,0.4939,0.519,243.0,242.0,245.0,3.0,50.5079,4
107,1.7833,17.8924,16.6518,0.1041,0.0008,1.0698,10.0,11.0,40.0,0.034,0.0766,0.9047,0.4167,0.9389,0.4944,0.5189,238.0,236.0,239.0,3.0,50.5804,4
108,1.8,17.8502,16.5944,0.3888,0.0008,1.2455,10.0,11.0,40.0,0.0339,0.0766,0.9045,0.4167,0.9389,0.4942,0.5189,235.0,235.0,238.0,3.0,51.0668,4
109,1.8167,17.837,16.5471,0.0943,0.0006,1.152,10.0,11.0,40.0,0.0338,0.0766,0.9047,0.4167,0.9389,0.4945,0.5188,231.0,231.0,236.0,3.0,51.1505,4
110,1.8333,17.7825,16.481,0.387,0.0009,1.2505,10.0,11.0,40.0,0.0336,0.0766,0.9047,0.4194,0.9389,0.4938,0.5187,236.0,235.0,238.0,3.0,51.1887,4
111,1.85,17.7714,16.4295,0.1444,0.0007,1.2754,10.0,11.0,40.0,0.0336,0.0766,0.9047,0.4194,0.9389,0.4935,0.5187,233.0,231.5,236.5,3.0,51.9053,4
112,1.8667,17.6933,16.326,0.3657,0.0008,1.3683,10.0,11.0,40.0,0.0336,0.0766,0.9047,0.4194,0.9389,0.4939,0.5187,231.0,228.0,232.0,3.0,52.1333,4
113,1.8833,17.6734,16.2612,0.1088,0.0006,1.4057,10.0,11.0,40.0,0.0336,0.0766,0.9047,0.4194,0.9389,0.4943,0.5188,221.0,221.0,224.0,3.0,52.3392,4
114,1.9,17.5899,16.1894,0.3107,0.0009,1.5311,10.0,11.0,40.0,0.0335,0.0766,0.9047,0.4194,0.9389,0.4941,0.5188,225.0,223.0,226.0,3.0,52.5135,4
115,1.9167,17.564,16.1165,0.1165,0.001,1.4534,10.0,11.0,40.0,0.033,0.075,0.9078,0.3342,0.9389,0.4937,0.5188,231.0,230.0,235.0,3.0,51.7552,4
116,1.9333,17.4876,16.0585,0.2777,0.0009,1.464,10.0,11.0,40.0,0.0329,0.075,0.9051,0.3953,0.9389,0.4935,0.5188,235.0,233.0,238.0,3.0,51.3213,4
117,1.95,17.4654,15.9933,0.108,0.0009,1.2622,10.0,11.0,40.0,0.0326,0.075,0.906,0.348,0.9389,0.4936,0.5189,232.0,231.0,236.0,3.0,51.1743,4
118,1.9667,17.3698,15.9209,0.2871,0.0007,1.2838,10.0,11.0,40.0,0.0325,0.075,0.9066,0.3095,0.9389,0.494,0.5188,236.0,233.0,238.0,3.0,51.1229,4
119,1.9833,17.3438,15.8449,0.1108,0.001,1.3612,10.0,11.0,40.0,0.0324,0.075,0.9069,0.2911,0.9389,0.494,0.5189,217.0,217.0,222.0,3.0,50.838,4
120,2.0,16.9341,15.5172,1.2932,0.001,2.2173,9.0,10.0,39.0,0.0323,0.0766,0.9078,0.2232,0.9389,0.4937,0.5185,228.0,228.0,230.0,2.0,51.3951,4
121,2.0167,16.9153,15.4611,0.0916,0.0008,1.5247,9.0,10.0,39.0,0.0322,0.0766,0.9078,0.2228,0.9389,0.4937,0.5185,232.0,232.5,236.0,2.0,51.8158,4
122,2.0333,16.8996,15.4013,0.3767,0.0008,1.545,10.0,10.0,39.0,0.0322,0.0766,0.9075,0.3514,0.9389,0.4942,0.5187,229.0,229.0,231.0,2.0,52.2551,4
123,2.05,16.8849,15.3274,0.2593,0.0009,1.547,10.0,10.0,39.0,0.032,0.0761,0.9078,0.3019,0.9389,0.4944,0.5189,231.0,231.0,232.5,2.0,52.4322,4
124,2.0667,16.815,15.263,0.3892,0.0007,1.6336,10.0,10.0,39.0,0.0319,0.075,0.9078,0.2694,0.9389,0.4942,0.519,215.0,215.0,217.0,2.0,52.2242,4
125,2.0833,16.7697,15.2029,0.2946,0.001,1.5208,10.0,10.0,39.0,0.0316,0.075,0.9078,0.2245,0.9389,0.4936,0.5189,215.5,215.5,217.0,2.0,51.9293,4
126,2.1,16.6364,15.1375,0.455,0.0009,1.4727,10.0,10.0,39.0,0.0314,0.075,0.9098,0.154,0.9389,0.4938,0.5188,206.0,207.0,209.0,2.0,51.4443,4
127,2.1167,16.6113,15.061,0.1399,0.0009,1.321,10.0,10.0,39.0,0.0313,0.075,0.9108,0.1171,0.9389,0.4938,0.519,215.0,215.0,216.0,2.0,51.8234,4
128,2.1333,16.4579,14.9918,0.5037,0.0008,1.401,10.0,10.0,39.0,0.0311,0.075,0.9109,0.0861,0.9389,0.4936,0.5189,219.0,219.0,223.0,2.0,52.1074,4
129,2.15,16.4353,14.9419,0.15,0.001,1.3488,10.0,10.0,39.0,0.0312,0.075,0.9109,0.0861,0.9389,0.4934,0.5188,219.0,219.0,222.0,2.0,52.8219,4
130,2.1667,16.1021,14.3563,1.1086,0.004,15.7691,10.0,10.0,38.0,0.03,0.075,0.9156,0.0833,0.9389,0.4939,0.519,188.0,190.5,197.0,2.0,52.2447,4
131,2.1833,15.7131,13.2357,1.4841,0.0055,38.7627,10.0,10.0,38.0,0.0278,0.0734,0.9215,0.0778,0.9389,0.4939,0.5197,174.0,179.0,186.0,2.0,56.7235,4
132,2.2,15.1536,11.9352,1.9557,0.0055,52.8257,10.0,10.0,38.0,0.025,0.0703,0.925,0.0713,0.9417,0.4933,0.5202,112.0,125.0,159.0,2.0,57.6703,4
133,2.2167,14.6816,10.583,1.6558,0.0057,58.4623,10.0,10.0,38.0,0.0218,0.0672,0.9312,0.0694,0.9417,0.4932,0.5211,103.0,112.0,143.0,2.0,60.828,4
134,2.2333,13.884,8.6364,2.013,0.006,69.3903,9.0,10.0,38.0,0.0185,0.0641,0.9406,0.0653,0.9417,0.4932,0.5229,103.0,112.0,143.0,2.0,63.6964,4
135,2.25,13.3094,6.918,1.3812,0.0059,68.0691,9.0,10.0,38.0,0.0147,0.0594,0.9422,0.0639,0.9417,0.4927,0.5262,111.0,123.0,145.0,3.0,61.6502,4
136,2.2667,13.0102,6.4343,1.6597,0.0053,61.0244,9.0,10.0,38.0,0.0118,0.0562,0.9438,0.0611,0.9417,0.4928,0.5299,116.0,123.0,151.0,4.0,66.2825,4
137,2.2833,13.7108,8.5507,2.1184,0.0053,51.3706,9.0,10.0,38.0,0.0078,0.0531,0.9453,0.0556,0.9417,0.4926,0.5406,148.0,150.0,154.0,4.0,65.3994,4
138,2.3,13.9803,9.782,2.3446,0.004,38.619,9.0,10.0,38.0,0.0053,0.0516,0.9469,0.0528,0.9417,0.4931,0.5564,126.0,127.0,134.0,5.0,70.5213,4
139,2.3167,14.1574,10.4083,1.9892,0.0034,18.8235,9.0,10.0,38.0,0.0032,0.05,0.9567,0.0528,0.9417,0.4874,0.589,108.0,115.0,131.0,7.0,82.2746,4
140,2.3333,14.2393,10.9618,2.0476,0.0021,2.8389,9.0,10.0,38.0,0.0019,0.05,0.9641,0.05,0.9444,0.4813,0.6456,97.0,108.0,125.0,59.0,107.1832,4
141,2.35,14.3619,11.3433,1.692,0.0014,0.347,9.0,10.0,38.0,0.0022,0.05,0.9641,0.05,0.9444,0.4845,0.6307,82.0,91.0,115.0,65.0,98.0955,15
142,2.3667,14.2257,11.4251,1.8067,0.0035,0.8801,9.0,10.0,38.0,0.0045,0.0516,0.9469,0.0528,0.9417,0.4937,0.5666,87.0,90.0,94.0,64.0,69.3693,10
143,2.3833,14.2673,11.6061,1.4551,0.0082,3.1843,9.0,10.0,38.0,0.0087,0.0531,0.9453,0.0556,0.9417,0.4931,0.538,89.0,98.0,104.0,53.0,53.5176,4
144,2.4,14.1398,11.6074,1.5471,0.0115,13.2955,9.0,10.0,38.0,0.0124,0.0578,0.9422,0.0611,0.9417,0.4948,0.5284,90.0,101.0,116.0,46.0,50.5387,5
145,2.4167,14.1815,11.7785,1.4033,0.0126,23.6283,9.0,10.0,38.0,0.0159,0.0609,0.9422,0.0639,0.9417,0.494,0.5236,100.0,108.0,122.0,6.0,47.6082,4
146,2.4333,14.0747,11.8173,1.4112,0.011,28.8619,9.0,10.0,38.0,0.0181,0.0641,0.9413,0.0639,0.9417,0.4942,0.5224,109.0,119.0,133.0,5.0,45.9718,5
147,2.45,14.0482,11.808,1.1573,0.0097,27.0229,9.0,10.0,38.0,0.0201,0.0656,0.9375,0.0667,0.9417,0.4952,0.5205,115.0,123.0,145.0,4.0,47.0218,4
148,2.4667,13.9076,11.8422,1.2294,0.0084,25.6604,9.0,10.0,37.0,0.021,0.0656,0.9352,0.0667,0.9417,0.4948,0.521,154.0,154.0,159.0,4.0,46.0828,4
149,2.4833,13.9156,11.902,0.8548,0.007,24.0993,9.0,10.0,37.0,0.0223,0.0678,0.9369,0.0678,0.9417,0.496,0.5192,158.0,158.0,162.0,3.0,47.773,4
150,2.5,13.7983,11.9609,1.0471,0.0058,21.5007,9.0,10.0,37.0,0.0227,0.0688,0.9281,0.0694,0.9417,0.4952,0.5187,194.0,194.0,197.0,3.0,48.2218,4
151,2.5167,13.8265,12.0842,0.7366,0.0047,18.8016,9.0,10.0,37.0,0.0234,0.0688,0.9281,0.0694,0.9417,0.4971,0.5183,182.5,182.5,191.5,3.0,50.6902,4
152,2.5333,13.7488,12.2495,0.909,0.0035,17.5709,9.0,10.0,35.0,0.0235,0.0688,0.9281,0.0694,0.9417,0.4959,0.5179,194.0,194.0,196.0,3.0,53.0734,4
153,2.55,13.7857,12.4252,0.6263,0.0031,14.2992,9.0,10.0,35.0,0.0234,0.0688,0.9281,0.0694,0.9417,0.4967,0.5174,195.0,195.0,198.0,3.0,53.6803,4
154,2.5667,13.5574,12.1693,0.7379,0.0027,5.6379,9.0,10.0,35.0,0.0229,0.0688,0.9281,0.0694,0.9417,0.4962,0.5175,205.0,205.0,208.0,2.0,54.2977,4
155,2.5833,13.4833,11.9456,0.2992,0.0022,4.1132,9.0,10.0,35.0,0.0226,0.0688,0.9281,0.0694,0.9417,0.4962,0.5179,182.5,182.5,187.0,2.0,55.8912,4
156,2.6,13.2819,11.7828,0.4566,0.0016,2.7322,9.0,10.0,35.0,0.0221,0.067,0.9312,0.0692,0.9417,0.4972,0.5181,185.0,185.0,187.0,2.0,53.5938,4
157,2.6167,13.2469,11.683,0.1382,0.0011,1.8612,9.0,10.0,35.0,0.0218,0.066,0.9312,0.0673,0.9417,0.4962,0.5185,182.0,182.0,187.0,2.0,53.939,4
158,2.6333,13.0717,11.6205,0.3783,0.0006,1.3925,9.0,10.0,35.0,0.0218,0.0656,0.9312,0.0673,0.9417,0.4957,0.5182,168.0,168.0,178.0,2.0,55.0447,4
159,2.65,13.0557,11.5807,0.083,0.0005,1.2218,9.0,10.0,35.0,0.0218,0.0656,0.9312,0.0675,0.9417,0.496,0.518,179.0,179.0,182.5,2.0,55.6761,4
160,2.6667,12.8824,11.5157,0.4423,0.0005,1.4736,9.0,10.0,35.0,0.0217,0.0656,0.9312,0.0667,0.9417,0.4966,0.5179,185.0,185.0,189.0,2.0,55.7967,4
161,2.6833,12.8605,11.4618,0.086,0.0005,1.3689,9.0,10.0,35.0,0.0215,0.0656,0.9332,0.0667,0.9417,0.497,0.518,198.0,198.0,203.0,2.0,55.9536,4
162,2.7,12.6997,11.4086,0.4169,0.0006,1.2666,9.0,10.0,35.0,0.0214,0.0656,0.9369,0.0667,0.9417,0.4966,0.5178,188.0,188.0,193.0,2.0,55.7438,4
163,2.7167,12.6932,11.3679,0.1414,0.0006,1.2557,9.0,10.0,35.0,0.0214,0.0656,0.937,0.0667,0.9417,0.4963,0.518,173.5,174.0,186.0,2.0,55.5556,4
164,2.7333,12.5139,11.2884,0.5058,0.0005,1.4422,9.0,10.0,35.0,0.0214,0.0656,0.9312,0.0667,0.9417,0.4957,0.518,175.0,175.0,181.0,2.0,55.9314,4
165,2.75,12.4969,11.2366,0.0916,0.0007,1.2331,9.0,10.0,35.0,0.0213,0.0656,0.9312,0.0667,0.9417,0.4957,0.5179,182.5,182.5,187.5,2.0,56.8273,4
166,2.7667,12.35,11.1685,0.3379,0.0007,1.6968,9.0,10.0,35.0,0.0215,0.0663,0.9312,0.0679,0.9417,0.4964,0.5183,148.0,148.0,157.0,2.0,58.6313,4
167,2.7833,12.3312,11.1188,0.0851,0.0007,1.5953,9.0,10.0,35.0,0.0214,0.0672,0.9349,0.0667,0.9417,0.497,0.5182,162.5,165.5,173.0,2.0,59.1941,4
168,2.8,12.189,11.039,0.4101,0.0006,1.9349,9.0,10.0,34.0,0.0212,0.067,0.9312,0.0691,0.9417,0.4965,0.5187,168.0,168.5,173.0,2.0,58.4837,4
169,2.8167,12.1721,10.9861,0.1327,0.0006,1.4605,9.0,10.0,34.0,0.0209,0.066,0.9312,0.0673,0.9417,0.496,0.5187,172.0,172.0,176.0,2.0,57.628,4
170,2.8333,12.0066,10.9101,0.3987,0.0006,1.4758,9.0,10.0,34.0,0.0207,0.0656,0.9363,0.0667,0.9417,0.4963,0.5188,189.5,189.5,194.0,2.0,57.1829,4
171,2.85,11.9828,10.8471,0.0898,0.0006,1.4368,9.0,10.0,34.0,0.0207,0.0656,0.9363,0.0667,0.9417,0.4967,0.5187,182.0,182.0,185.5,2.0,56.8774,4
172,2.8667,11.8513,10.7893,0.3327,0.0007,1.6352,9.0,10.0,34.0,0.0207,0.0656,0.9363,0.0667,0.9417,0.4967,0.5185,167.0,167.0,171.5,2.0,58.2227,4
173,2.8833,11.8301,10.7297,0.0925,0.0006,1.9315,9.0,10.0,34.0,0.0206,0.0656,0.9367,0.0667,0.9417,0.4963,0.5184,158.0,161.0,169.0,3.0,57.9594,4
174,2.9,11.6994,10.6657,0.3416,0.0006,1.5648,9.0,10.0,34.0,0.0204,0.0656,0.9375,0.0667,0.9417,0.496,0.5184,154.0,154.0,160.0,2.0,57.115,4
175,2.9167,11.6855,10.6011,0.1367,0.0008,1.7857,9.0,10.0,34.0,0.0202,0.0656,0.9375,0.0667,0.9417,0.4958,0.5183,164.0,164.0,167.0,2.0,56.7362,4
176,2.9333,11.331,9.8456,0.9065,0.0035,25.4932,9.0,10.0,34.0,0.019,0.0641,0.9375,0.0667,0.9417,0.4959,0.5192,133.0,136.0,160.0,2.0,60.6559,4
177,2.95,10.9472,8.6957,1.0225,0.0043,46.2981,9.0,10.0,34.0,0.0165,0.0609,0.9406,0.0639,0.9417,0.4966,0.5216,111.5,119.0,141.0,3.0,63.3251,4
178,2.9667,10.3837,7.3341,1.2889,0.0042,58.6478,9.0,10.0,34.0,0.0139,0.0592,0.9422,0.0611,0.9417,0.4959,0.5239,105.0,112.0,133.5,6.0,69.2305,4
179,2.9833,9.8176,5.6412,1.0318,0.0043,69.4681,9.0,10.0,34.0,0.0105,0.0562,0.9438,0.0583,0.9417,0.495,0.5303,108.0,115.0,134.0,5.0,69.5312,4
180,3.0,8.8617,4.0525,1.8904,0.0038,62.5373,8.0,10.0,34.0,0.0076,0.0531,0.9453,0.0556,0.9417,0.4939,0.5416,113.0,119.0,140.0,4.0,73.1192,4
181,3.0167,8.5646,3.1602,0.5184,0.0034,43.8239,8.0,10.0,34.0,0.0049,0.0516,0.9463,0.0528,0.9417,0.4915,0.5616,116.0,120.0,138.0,5.0,78.5475,4
182,3.0333,9.0013,3.8783,1.1421,0.0024,28.9384,8.0,10.0,34.0,0.0033,0.05,0.9469,0.0528,0.9417,0.489,0.5911,104.0,105.0,111.0,7.0,84.6892,4
183,3.05,11.3288,8.6518,3.0909,0.0018,5.5514,8.0,10.0,35.0,0.0016,0.05,0.9484,0.05,0.9444,0.4798,0.6804,87.0,93.0,116.0,55.0,119.2908,5
184,3.0667,13.07,12.4322,4.5655,0.0003,0.4699,8.0,10.0,35.0,0.0013,0.05,0.9484,0.05,0.9444,0.4731,0.7164,90.0,96.0,119.0,60.0,136.7094,3
185,3.0833,14.51,15.1108,5.3276,0.0,0.1082,8.0,10.0,34.0,0.0013,0.05,0.9484,0.05,0.9444,0.4731,0.7164,90.0,96.0,119.0,60.0,136.671,3
186,3.1,15.3021,18.3755,6.3921,0.0,0.3138,8.0,10.0,34.0,0.0013,0.05,0.9484,0.05,0.9444,0.4725,0.714,89.0,96.0,119.0,60.0,136.9514,3
187,3.1167,15.8704,20.4422,6.3606,0.0012,0.0206,8.0,10.0,34.0,0.0025,0.05,0.9469,0.0522,0.9417,0.4761,0.6377,79.0,81.0,97.5,62.0,95.4011,14
188,3.1333,16.0099,22.6302,6.3931,0.0096,0.7903,8.0,10.0,34.0,0.0101,0.055,0.9438,0.0583,0.9417,0.4704,0.5565,3.0,3.0,8.0,127.0,47.1086,9
189,3.15,16.2549,24.0762,6.0796,0.0248,6.9088,8.0,10.0,34.0,0.0208,0.0656,0.9375,0.0667,0.9417,0.4824,0.5382,4.0,4.0,9.0,95.0,42.7201,4
190,3.1667,16.1784,25.5637,5.8038,0.0354,26.6124,8.0,10.0,34.0,0.0292,0.075,0.9145,0.0757,0.9389,0.4908,0.5313,5.0,6.0,10.0,59.0,43.5731,4
191,3.1833,16.294,26.8403,5.4939,0.0407,41.0183,8.0,10.0,34.0,0.0376,0.0828,0.8942,0.4,0.9389,0.4933,0.5294,25.0,25.0,27.0,19.0,42.5219,4
192,3.2,16.2991,27.006,5.2861,0.0399,49.508,8.0,10.0,33.5,0.044,0.0958,0.8766,0.4056,0.9389,0.4931,0.525,110.0,115.0,126.0,5.0,42.7511,4
193,3.2167,16.2705,26.9289,4.6432,0.0358,53.4766,8.0,10.0,34.0,0.0495,0.1078,0.8656,0.4111,0.9389,0.4961,0.5246,137.0,138.0,145.0,4.0,42.3722,4
194,3.2333,16.3118,27.1396,4.3685,0.0324,55.6911,8.0,10.0,34.0,0.0527,0.1146,0.8594,0.4139,0.9389,0.4967,0.5223,172.0,173.0,175.0,4.0,40.2387,4
195,3.25,16.3422,27.259,3.9875,0.0275,52.3973,8.0,10.0,34.0,0.0562,0.1259,0.85,0.4167,0.9361,0.5004,0.522,189.0,189.0,192.0,2.0,41.5588,4
196,3.2667,16.3176,27.3883,3.7455,0.0213,48.9337,8.0,10.0,33.0,0.0597,0.1344,0.8422,0.4194,0.9361,0.5012,0.5214,203.0,203.0,204.0,3.0,41.3955,4
197,3.2833,16.4155,27.6835,3.2046,0.0147,43.9638,8.0,10.0,33.0,0.0612,0.1359,0.8405,0.4222,0.9361,0.4999,0.5216,218.0,218.0,219.0,2.0,44.622,4
198,3.3,16.52,28.1269,3.0525,0.0105,38.7838,8.0,10.0,33.0,0.0613,0.1364,0.8402,0.4222,0.9361,0.5002,0.5208,232.0,232.0,233.0,2.0,46.7181,4
199,3.3167,16.6699,28.57,2.4719,0.0087,32.3257,8.0,10.0,33.0,0.0608,0.1359,0.8406,0.4222,0.9361,0.5007,0.5204,244.0,245.0,246.0,2.0,48.1115,4
200,3.3333,16.4301,27.9165,1.8478,0.0075,20.5369,8.0,10.0,34.0,0.0591,0.1344,0.8422,0.4222,0.9361,0.5001,0.5201,246.0,246.0,247.0,2.0,48.842,4
201,3.35,16.2153,27.3493,1.4206,0.0059,15.3262,8.0,10.0,34.0,0.0591,0.1344,0.8422,0.425,0.9361,0.5002,0.5204,239.0,239.0,242.0,2.0,51.4918,4
202,3.3667,16.0178,26.9069,1.1788,0.0047,9.8523,8.0,10.0,34.0,0.0573,0.1329,0.8466,0.425,0.9361,0.4987,0.5203,245.0,245.0,247.0,2.0,49.3363,4
203,3.3833,15.9255,26.6376,0.6175,0.0044,4.3245,8.0,10.0,34.0,0.0565,0.1297,0.8469,0.425,0.9361,0.5004,0.5203,245.5,246.0,247.0,2.0,48.7551,4
204,3.4,15.8468,26.5133,0.5496,0.0027,2.0803,8.0,10.0,34.0,0.0561,0.1285,0.8493,0.425,0.9361,0.4996,0.52,249.0,249.0,250.0,2.0,47.65,4
205,3.4167,15.8083,26.4083,0.3011,0.0024,2.0535,8.0,10.0,34.0,0.056,0.1281,0.85,0.425,0.9361,0.5003,0.5201,247.0,247.0,250.0,2.0,49.2215,4
206,3.4333,15.7509,26.2694,0.3756,0.0026,2.0822,8.0,10.0,34.0,0.0556,0.1266,0.8498,0.425,0.9361,0.4996,0.52,249.0,249.0,250.0,2.0,49.3559,4
207,3.45,15.7016,26.1427,0.465,0.0024,2.1608,8.0,10.0,34.0,0.0555,0.1248,0.85,0.425,0.9364,0.4994,0.5201,247.0,247.0,250.0,2.0,49.6395,4
208,3.4667,15.6342,26.0015,0.5537,0.0028,2.1781,8.0,10.0,34.0,0.0553,0.1239,0.85,0.425,0.938,0.4993,0.5202,247.0,247.0,249.0,2.0,49.9723,4
209,3.4833,15.5851,25.8579,0.3239,0.0028,2.316,8.0,10.0,34.0,0.0553,0.1226,0.85,0.425,0.9376,0.4999,0.5204,249.0,249.0,251.0,2.0,50.5099,4
210,3.5,15.515,25.7027,0.5415,0.0029,2.565,8.0,10.0,34.0,0.055,0.1246,0.85,0.4271,0.9389,0.4995,0.5203,249.0,249.0,250.0,2.0,50.8235,4
211,3.5167,15.4677,25.5663,0.3612,0.0025,2.5349,8.0,10.0,34.0,0.0548,0.1238,0.85,0.4278,0.9389,0.5,0.5203,240.0,240.0,243.0,2.0,52.1194,4
212,3.5333,15.3998,25.4083,0.5259,0.0028,2.6928,8.0,10.0,34.0,0.0544,0.1255,0.85,0.4278,0.938,0.4996,0.5201,236.0,236.0,238.0,2.0,51.6621,4
213,3.55,15.352,25.2602,0.4603,0.0032,2.2203,8.0,10.0,34.0,0.0538,0.1235,0.85,0.4278,0.9389,0.4999,0.5199,242.0,242.0,244.0,2.0,51.2212,4
214,3.5667,15.2809,25.095,0.4997,0.0027,2.492,8.0,10.0,34.0,0.0536,0.1219,0.8538,0.4278,0.9389,0.4998,0.52,245.0,245.0,247.0,2.0,50.8698,4
215,3.5833,15.2308,24.9422,0.3632,0.0028,2.6989,8.0,10.0,34.0,0.0537,0.1208,0.8523,0.4278,0.9389,0.5002,0.5199,246.0,246.0,249.0,2.0,50.5078,4
216,3.6,15.1538,24.7552,0.5772,0.0032,2.8197,8.0,10.0,34.0,0.0529,0.1185,0.8562,0.4278,0.9389,0.5003,0.5195,243.0,243.0,245.0,2.0,51.2167,4
217,3.6167,15.1102,24.606,0.3654,0.003,2.4755,8.0,10.0,34.0,0.0525,0.1172,0.8565,0.4278,0.9389,0.4999,0.5194,245.0,245.0,247.0,2.0,51.5037,4
218,3.6333,15.0466,24.4222,0.5996,0.0029,2.5683,8.0,10.0,34.0,0.0521,0.1173,0.8594,0.4278,0.9389,0.4998,0.5193,244.0,244.0,246.0,2.0,52.0323,4
219,3.65,15.0088,24.2942,0.3697,0.0026,2.7316,8.0,10.0,34.0,0.052,0.1172,0.8594,0.4278,0.9389,0.4995,0.5193,240.0,240.0,244.0,2.0,52.1354,4
220,3.6667,14.9452,24.1183,0.5258,0.0028,2.7669,8.0,10.0,34.0,0.0517,0.1156,0.8594,0.4278,0.9389,0.4996,0.5195,244.0,244.0,246.0,2.0,52.4934,4
221,3.6833,14.8843,23.9254,0.4233,0.0035,3.2012,8.0,10.0,34.0,0.0514,0.1147,0.8594,0.4278,0.9389,0.4993,0.5197,244.0,244.0,247.0,2.0,54.0303,4
222,3.7,14.2551,21.9843,3.7467,0.0092,63.3069,8.0,10.0,34.0,0.0472,0.1078,0.8672,0.4306,0.9389,0.5003,0.5198,233.0,233.0,236.0,2.0,55.047,4
223,3.7167,13.2713,19.0025,4.8072,0.0117,95.588,8.0,10.0,34.0,0.0405,0.0938,0.8828,0.4361,0.9389,0.4997,0.5192,208.0,208.0,212.0,2.0,57.0613,4
224,3.7333,12.1247,15.5486,4.5093,0.0112,100.3989,8.0,10.0,34.0,0.0336,0.0781,0.9016,0.381,0.9389,0.5003,0.5194,173.0,173.0,176.0,3.0,63.4397,4
225,3.75,10.6444,11.0968,3.5171,0.0111,102.3616,8.0,10.0,34.0,0.0253,0.0703,0.9246,0.0694,0.9417,0.4994,0.5207,170.0,170.0,173.0,4.0,63.3008,4
226,3.7667,9.5459,7.7896,2.5939,0.01,87.3433,8.0,10.0,34.0,0.0177,0.0637,0.9406,0.0639,0.9417,0.4993,0.5241,160.0,160.0,164.0,6.0,64.3653,4
227,3.7833,11.163,10.1867,3.7815,0.0088,66.1507,9.0,10.0,35.0,0.0107,0.0562,0.9438,0.0583,0.9417,0.4982,0.5326,141.0,141.0,145.0,5.0,62.6117,4
228,3.8,12.162,12.2919,4.8569,0.0068,39.3861,9.0,10.0,34.0,0.0052,0.0516,0.9453,0.0528,0.9417,0.4939,0.5608,115.0,117.0,123.0,12.0,66.0684,4
229,3.8167,12.8426,14.7243,4.502,0.0038,4.221,9.0,10.0,34.0,0.0019,0.05,0.9469,0.05,0.9434,0.4793,0.6544,95.0,100.0,113.0,53.0,106.4391,6
230,3.8333,13.2565,18.0072,4.5966,0.0006,0.2946,9.0,10.0,34.0,0.0013,0.05,0.9469,0.05,0.9444,0.4704,0.7156,90.0,98.0,125.0,63.0,136.8143,3
231,3.85,13.4377,19.0549,4.1917,0.0002,0.3389,9.0,10.0,34.0,0.0015,0.05,0.9469,0.05,0.9444,0.4588,0.6826,87.0,95.0,120.0,65.0,125.3526,9
232,3.8667,13.5973,19.5049,4.143,0.0024,0.4812,9.0,10.0,34.0,0.0035,0.05,0.9469,0.0528,0.9417,0.4642,0.5925,72.0,75.0,87.0,81.0,69.7683,7
233,3.8833,13.6491,19.6535,3.786,0.0096,1.558,9.0,10.0,34.0,0.0097,0.0547,0.9438,0.0583,0.9417,0.4864,0.5377,2.0,3.0,6.0,127.0,46.0088,8
234,3.9,13.5971,19.4499,3.6392,0.019,8.1528,9.0,10.0,34.0,0.0172,0.0636,0.9406,0.0639,0.9417,0.4943,0.5249,3.0,4.0,8.0,109.0,41.3291,5
235,3.9167,13.5381,19.2673,3.2124,0.0244,18.6287,9.0,10.0,34.0,0.0233,0.0688,0.9281,0.0694,0.9417,0.4976,0.5194,8.0,10.0,18.0,95.0,38.6761,6
236,3.9333,13.4492,18.926,3.0762,0.0267,30.762,9.0,10.0,34.0,0.0283,0.075,0.9153,0.0722,0.9389,0.4946,0.519,68.5,72.5,95.0,83.0,39.7731,6
237,3.95,13.391,18.7337,2.7095,0.0259,35.2493,9.0,10.0,34.0,0.0317,0.075,0.9063,0.0833,0.9389,0.4985,0.5166,87.0,100.0,125.0,85.0,38.3429,5
238,3.9667,13.3513,18.5289,2.5833,0.0235,38.5753,9.0,10.0,34.0,0.0356,0.0797,0.8953,0.4056,0.9389,0.4965,0.5156,101.0,125.0,148.0,79.0,38.4465,6
239,3.9833,13.2645,18.2553,2.1977,0.02,38.0595,9.0,10.0,35.0,0.0374,0.0828,0.8917,0.4111,0.9389,0.4972,0.5151,111.0,140.0,173.0,81.0,37.4498,6
240,4.0,13.1011,17.8994,3.0769,0.0159,38.1557,8.0,10.0,35.0,0.039,0.089,0.8891,0.4165,0.9389,0.4964,0.515,119.0,153.0,193.0,81.0,39.2527,4
241,4.0167,13.0468,17.7299,1.7602,0.0131,35.604,8.0,10.0,35.0,0.0396,0.0891,0.8828,0.4167,0.9389,0.494,0.5145,129.0,162.0,207.0,82.0,39.0635,4
242,4.0333,13.0384,17.6014,1.8155,0.0104,30.1871,8.0,10.0,35.0,0.0402,0.0901,0.8828,0.4194,0.9389,0.4938,0.5136,136.0,173.0,218.0,83.0,39.5134,4
243,4.05,13.0521,17.6326,1.3895,0.0082,26.6912,8.0,10.0,35.0,0.0403,0.0933,0.8828,0.4222,0.9389,0.4919,0.5136,144.0,183.0,230.0,83.0,41.2322,5
244,4.0667,12.9154,17.1466,1.2798,0.0066,19.5808,8.0,10.0,35.0,0.0398,0.0901,0.8847,0.4222,0.9389,0.4934,0.5133,144.0,186.0,236.0,85.0,43.2009,4
245,4.0833,12.722,16.5376,1.0151,0.0047,16.1033,8.0,10.0,35.0,0.0391,0.0877,0.8891,0.425,0.9389,0.4932,0.5132,143.0,186.0,233.0,87.0,44.939,4
246,4.1,12.6104,16.0269,0.9855,0.0047,11.2834,8.0,10.0,35.0,0.0373,0.0873,0.8923,0.425,0.9389,0.4932,0.5133,141.0,186.0,238.0,89.0,42.9552,4
247,4.1167,12.4828,15.6241,0.5406,0.004,7.4922,8.0,10.0,35.0,0.0367,0.0828,0.8944,0.425,0.9389,0.4927,0.5138,140.0,185.0,237.0,89.0,44.7575,4
248,4.1333,12.4578,15.3283,0.7175,0.003,5.3767,8.0,10.0,35.0,0.0365,0.0828,0.8953,0.425,0.9389,0.4939,0.5135,137.0,182.0,237.0,94.0,45.2057,4
249,4.15,12.392,15.1112,0.2727,0.0021,3.9657,8.0,10.0,35.0,0.0362,0.0828,0.8953,0.425,0.9389,0.4933,0.5135,134.0,180.0,235.0,97.0,44.8827,4
250,4.1667,12.4317,14.9609,0.4713,0.0014,2.2771,8.0,10.0,35.0,0.0358,0.0828,0.8953,0.425,0.9389,0.4942,0.5132,132.0,179.0,236.0,98.0,44.0414,4
251,4.1833,12.3889,14.8171,0.1596,0.0013,1.9285,8.0,10.0,35.0,0.0359,0.0828,0.8964,0.425,0.9389,0.4935,0.5132,130.0,178.0,233.0,100.0,44.2091,5
252,4.2,12.4268,14.6385,0.4253,0.0011,2.7203,8.0,10.0,35.0,0.0359,0.0817,0.8964,0.425,0.9389,0.4926,0.5134,126.0,175.0,232.0,103.0,44.9113,5
253,4.2167,12.3859,14.4969,0.16,0.0013,2.2572,8.0,10.0,35.0,0.0353,0.0797,0.8984,0.425,0.9389,0.4931,0.5132,126.0,174.0,232.0,105.0,43.7518,4
254,4.2333,12.4123,14.3192,0.4124,0.0013,2.5745,9.0,10.0,35.0,0.0353,0.0828,0.8984,0.4278,0.9389,0.4939,0.5132,124.0,173.0,229.0,108.0,43.9095,4
255,4.25,12.3791,14.2009,0.1745,0.0014,1.9954,8.0,10.0,35.0,0.0354,0.0828,0.8984,0.4278,0.9389,0.4931,0.5133,123.0,172.0,228.0,110.0,44.8457,4
256,4.2667,12.3998,14.015,0.4813,0.0012,3.1094,9.0,10.0,37.0,0.0351,0.0823,0.8987,0.425,0.9389,0.4925,0.5134,122.0,172.0,228.0,111.0,43.8103,5
257,4.2833,12.359,13.8817,0.1597,0.0016,2.0835,9.0,10.0,37.0,0.0346,0.0797,0.9004,0.425,0.9389,0.4936,0.5134,122.0,172.0,231.0,112.0,42.3762,5
258,4.3,12.3969,13.7238,0.4414,0.0015,2.5058,9.0,10.0,37.0,0.0345,0.0797,0.9007,0.4278,0.9389,0.493,0.5137,120.0,171.0,231.0,113.0,42.8261,4
259,4.3167,12.3645,13.6128,0.1684,0.0015,2.4945,9.0,10.0,37.0,0.0344,0.0797,0.9013,0.4278,0.9389,0.4924,0.5138,120.0,172.0,225.0,113.0,43.2564,4
260,4.3333,12.4171,13.4883,0.4136,0.0015,2.6191,9.0,10.0,37.0,0.0339,0.0797,0.9016,0.4278,0.9389,0.4937,0.5137,124.0,174.0,228.5,113.0,42.4488,5
261,4.35,12.3946,13.4018,0.1802,0.0015,2.1054,9.0,10.0,37.0,0.034,0.0797,0.9016,0.4278,0.9389,0.4939,0.5136,125.0,174.0,225.5,112.0,43.1546,5
262,4.3667,12.4428,13.3049,0.4357,0.0014,3.1236,9.0,10.0,37.0,0.0338,0.0795,0.9016,0.4278,0.9389,0.4933,0.5138,127.0,176.0,222.5,112.0,42.8908,4
263,4.3833,12.4308,13.2503,0.1951,0.0016,2.4814,9.0,10.0,37.0,0.0334,0.0781,0.9016,0.4278,0.9389,0.494,0.5138,130.0,179.0,231.0,109.0,43.501,4
264,4.4,12.5043,13.1977,0.3939,0.0014,3.0392,9.0,11.0,37.0,0.0335,0.0784,0.9016,0.4278,0.9389,0.4941,0.5138,133.0,179.0,229.0,106.0,44.33,4
265,4.4167,12.5026,13.1809,0.1818,0.0014,3.0847,9.0,11.0,37.0,0.033,0.0781,0.9046,0.4278,0.9389,0.4942,0.5139,134.0,180.0,224.0,102.0,43.7268,4
266,4.4333,12.6148,13.2059,0.5381,0.0015,3.0305,9.0,11.0,37.0,0.0327,0.0766,0.9037,0.3617,0.9389,0.4939,0.514,138.0,182.0,230.0,99.0,43.6245,4
267,4.45,12.6241,13.2234,0.1904,0.0015,3.0174,9.0,11.0,37.0,0.0329,0.0766,0.9047,0.3095,0.9389,0.4936,0.514,139.0,183.0,228.0,96.0,45.1474,4
268,4.4667,12.747,13.3052,0.4226,0.0013,4.0315,9.0,11.0,37.0,0.0327,0.0771,0.9047,0.3654,0.9389,0.4939,0.5138,143.0,186.0,226.0,91.0,45.4387,5
269,4.4833,12.793,13.4266,0.2166,0.0015,3.5478,9.0,11.0,37.0,0.0321,0.0766,0.9047,0.2208,0.9389,0.494,0.5139,147.0,188.0,233.0,88.0,46.0204,5
270,4.5,12.9296,13.5659,0.4419,0.0014,4.0011,9.0,11.0,37.0,0.0323,0.0766,0.9047,0.3683,0.9389,0.4939,0.5137,150.0,190.0,232.0,83.0,48.3481,5
271,4.5167,12.9997,13.7582,0.2279,0.0012,4.7818,9.0,11.0,37.0,0.032,0.0766,0.9047,0.3019,0.9389,0.4945,0.5138,153.0,192.0,232.0,79.0,48.2782,4
272,4.5333,13.1632,13.9525,0.446,0.0015,4.0777,9.0,11.0,37.0,0.0316,0.075,0.9078,0.0853,0.9389,0.4947,0.5135,159.0,195.0,233.0,75.0,48.7012,4
273,4.55,13.2229,14.119,0.2183,0.0014,3.8901,9.0,11.0,37.0,0.0319,0.0758,0.9071,0.0861,0.9389,0.4941,0.5136,165.0,197.0,230.0,69.0,51.5467,4
274,4.5667,13.3929,14.3122,0.4424,0.001,4.766,9.0,11.0,37.0,0.0319,0.075,0.9072,0.0975,0.9389,0.4943,0.5135,168.0,200.0,226.0,59.0,53.0678,4
275,4.5833,13.4534,14.4798,0.2037,0.0013,4.0633,9.0,11.0,37.0,0.0313,0.075,0.9059,0.0861,0.9389,0.4947,0.5138,176.0,205.0,232.0,52.0,52.4742,4
276,4.6,13.6038,14.6586,0.5241,0.0012,3.7514,9.0,11.0,38.0,0.0312,0.075,0.9048,0.0859,0.9389,0.4939,0.514,182.0,209.0,235.0,41.0,53.1774,4
277,4.6167,13.6537,14.7988,0.2127,0.001,3.7673,9.0,11.0,38.0,0.0312,0.075,0.9048,0.0859,0.9389,0.4939,0.5139,189.0,212.0,238.0,30.0,54.5767,4
278,4.6333,13.7992,14.9078,0.4314,0.001,3.7365,9.0,11.0,38.0,0.0309,0.075,0.9047,0.0861,0.9389,0.4946,0.514,201.0,221.0,238.0,15.0,54.3527,5
279,4.65,13.8243,14.9598,0.1709,0.0011,2.4978,9.0,11.0,38.0,0.0305,0.075,0.9047,0.0843,0.9389,0.4946,0.5141,216.0,229.0,237.0,9.0,53.9723,5
280,4.6667,13.8871,14.9449,0.3643,0.0011,2.1639,9.0,11.0,38.0,0.0307,0.075,0.9067,0.0825,0.9389,0.4933,0.5142,228.0,233.0,236.0,6.0,55.4931,4
281,4.6833,13.8802,14.9203,0.1928,0.0009,2.0043,9.0,11.0,38.0,0.0308,0.075,0.9049,0.0833,0.9389,0.4927,0.5143,230.0,233.0,236.0,5.0,57.3003,4
282,4.7,13.9669,14.851,0.4432,0.0007,2.276,9.0,11.0,38.0,0.0306,0.075,0.9071,0.0833,0.9389,0.4932,0.5143,224.5,228.5,231.0,5.0,57.1526,4
283,4.7167,13.9527,14.7993,0.1087,0.0008,1.5551,9.0,11.0,38.0,0.0302,0.075,0.9078,0.0823,0.9389,0.4944,0.5141,229.0,230.0,233.0,5.0,56.7937,4
284,4.7333,14.0258,14.7481,0.3268,0.0007,1.4157,9.0,11.0,38.0,0.03,0.075,0.9078,0.0806,0.9389,0.4947,0.5142,231.0,235.0,236.0,5.0,56.1141,4
285,4.75,14.0224,14.7141,0.1175,0.0007,1.2604,9.0,11.0,38.0,0.03,0.075,0.9109,0.0806,0.9389,0.4939,0.5144,230.0,232.0,233.0,5.0,56.2409,4
286,4.7667,14.1033,14.6722,0.329,0.0006,1.3393,9.0,11.0,39.0,0.0299,0.075,0.9109,0.0801,0.9389,0.4933,0.5144,228.0,231.0,231.0,5.0,56.0472,4
287,4.7833,14.099,14.644,0.0913,0.0006,1.318,9.0,11.0,39.0,0.0298,0.075,0.9109,0.0797,0.9389,0.493,0.5142,223.0,225.0,229.0,5.0,55.7511,4
288,4.8,14.1994,14.6321,0.3814,0.0005,1.1726,9.0,11.0,39.0,0.0297,0.075,0.9109,0.0806,0.9389,0.4938,0.5142,225.0,229.0,231.0,4.0,56.0666,4
289,4.8167,14.2008,14.6085,0.1123,0.0005,0.8289,9.0,11.0,39.0,0.0294,0.075,0.9112,0.0801,0.9389,0.4943,0.5142,231.0,235.0,236.0,4.0,55.8498,4
290,4.8333,14.2908,14.5932,0.2967,0.0002,0.7057,9.0,11.0,39.0,0.0294,0.075,0.9132,0.0799,0.9389,0.4947,0.5141,233.0,236.0,238.0,4.0,56.0976,4
291,4.85,14.291,14.5772,0.0547,0.0002,0.5201,9.0,11.0,39.0,0.0294,0.075,0.9132,0.0799,0.9389,0.4948,0.5141,233.0,236.0,238.0,4.0,56.1625,4
292,4.8667,14.3841,14.5849,0.2627,0.0001,0.3059,9.0,11.0,39.0,0.0294,0.075,0.9109,0.0798,0.9389,0.4947,0.5141,233.0,236.0,239.0,4.0,56.1899,4
293,4.8833,14.3878,14.5763,0.0361,0.0001,0.1373,9.0,11.0,39.0,0.0294,0.075,0.9109,0.0797,0.9389,0.4948,0.5141,231.0,233.0,237.0,4.0,56.0301,4
294,4.9,14.4736,14.5805,0.2495,0.0,0.0712,9.0,11.0,39.0,0.0294,0.075,0.9109,0.0795,0.9389,0.4948,0.514,231.0,235.0,237.0,4.0,56.0561,4
295,4.9167,14.4819,14.5804,0.0285,0.0,0.0195,9.0,11.0,39.0,0.0294,0.075,0.9109,0.0796,0.9389,0.4949,0.5141,231.0,235.0,237.0,4.0,56.0341,4
296,4.9333,14.5603,14.585,0.2333,0.0,0.0332,9.0,11.0,39.0,0.0294,0.075,0.9136,0.0778,0.9389,0.495,0.5139,231.0,234.0,237.0,4.0,56.0077,4
297,4.95,14.5671,14.5869,0.0209,0.0,0.003,9.0,11.0,39.0,0.0294,0.075,0.9136,0.0778,0.9389,0.495,0.5139,231.0,234.0,237.0,4.0,56.0053,4
298,4.9667,14.6664,14.5941,0.2547,0.0,0.0198,9.0,11.0,39.0,0.0294,0.075,0.9127,0.0795,0.9389,0.495,0.5139,231.0,235.0,237.0,4.0,56.0076,4
299,4.9833,14.6714,14.5953,0.0224,0.0,0.0192,9.0,11.0,39.0,0.0293,0.075,0.9128,0.0795,0.9389,0.495,0.5139,231.0,235.0,237.0,4.0,56.004,4
300,5.0,14.881,14.6009,1.21,0.0004,1.7253,9.0,11.0,40.0,0.0292,0.075,0.9109,0.0785,0.9389,0.4948,0.5138,236.0,236.0,238.0,2.0,56.0041,4
301,5.0167,14.8858,14.6145,0.0963,0.001,1.4689,9.0,11.0,40.0,0.0294,0.075,0.9109,0.08,0.9389,0.495,0.5142,229.0,229.0,231.0,2.0,56.2603,4
302,5.0333,14.9121,14.6096,0.562,0.0023,3.2035,10.0,11.0,40.0,0.0297,0.075,0.9078,0.082,0.9389,0.4951,0.5153,230.0,230.0,232.0,2.0,58.5017,4
303,5.05,14.9505,14.6212,0.6041,0.003,6.5803,10.0,11.0,40.0,0.0294,0.075,0.9109,0.0806,0.9389,0.4952,0.5169,229.0,229.0,231.0,2.0,56.2558,4
304,5.0667,14.9867,14.6212,0.8777,0.004,9.5743,10.0,11.0,40.0,0.0292,0.075,0.912,0.0806,0.9389,0.495,0.5194,236.0,236.0,237.0,2.0,56.0971,4
305,5.0833,15.0136,14.61,0.9089,0.0044,16.2165,10.0,11.0,40.0,0.0295,0.075,0.911,0.0806,0.9389,0.4951,0.5225,226.0,226.0,229.0,2.0,56.4721,4
306,5.1,15.0823,14.6304,1.294,0.0047,25.3761,10.0,11.0,40.0,0.0295,0.075,0.9109,0.0806,0.9389,0.4951,0.5267,234.0,235.0,237.0,2.0,56.8004,4
307,5.1167,15.0959,14.6356,1.2428,0.0051,34.3431,10.0,11.0,40.0,0.0297,0.075,0.9109,0.0818,0.9389,0.4953,0.5318,231.0,231.0,233.0,2.0,58.0109,4
308,5.1333,15.1672,14.6435,1.8429,0.0059,42.7034,10.0,11.0,40.0,0.0292,0.075,0.912,0.0806,0.9389,0.495,0.5378,240.0,240.0,242.0,2.0,55.8854,5
309,5.15,15.1821,14.6473,1.7816,0.0066,53.4157,10.0,11.0,40.0,0.0297,0.075,0.9109,0.0817,0.9389,0.4954,0.5451,230.0,230.0,232.0,2.0,57.6327,4
310,5.1667,15.2216,14.639,2.3255,0.0074,65.1847,10.0,11.0,40.0,0.0292,0.075,0.9119,0.0806,0.9389,0.4951,0.5538,239.0,239.0,242.0,2.0,55.8108,4
311,5.1833,15.2365,14.6507,2.4104,0.0084,77.5562,10.0,11.0,40.0,0.0293,0.075,0.9117,0.0806,0.9389,0.495,0.5641,238.0,238.0,239.0,2.0,55.7862,5
312,5.2,15.3004,14.6521,2.9791,0.0088,89.9219,10.0,11.0,40.0,0.0298,0.075,0.9109,0.0822,0.9389,0.4958,0.5761,225.0,225.0,228.0,2.0,58.2123,4
313,5.2167,15.3168,14.6548,3.1607,0.01,99.1911,10.0,11.0,40.0,0.0293,0.075,0.9119,0.0806,0.9389,0.4952,0.5907,238.0,238.0,240.0,2.0,55.6776,5
314,5.2333,15.3739,14.6629,3.8185,0.0116,106.8793,10.0,11.0,40.0,0.0296,0.075,0.9109,0.0814,0.9389,0.4956,0.6077,222.0,222.0,224.0,2.0,57.1282,4
315,5.25,15.1855,14.0831,3.8786,0.0135,111.8342,10.0,11.0,40.0,0.0287,0.075,0.9151,0.0782,0.9389,0.4948,0.6281,232.0,232.0,233.0,3.0,54.9755,4
316,5.2667,14.6112,12.2577,3.9636,0.0163,102.435,10.0,11.0,40.0,0.0273,0.0734,0.9188,0.0722,0.9417,0.4953,0.6533,201.0,201.0,202.0,3.0,51.115,4
317,5.2833,14.0793,10.4291,3.5341,0.0203,71.1417,10.0,11.0,40.0,0.0232,0.0694,0.9268,0.0694,0.9417,0.4944,0.6843,167.0,167.0,169.0,4.0,45.0783,4
318,5.3,13.5591,7.3593,3.3535,0.0239,59.2251,10.0,11.0,40.0,0.0166,0.0641,0.9406,0.0639,0.9417,0.4959,0.7232,130.0,130.0,134.0,5.0,46.0177,4
319,5.3167,13.0152,3.3409,2.8313,0.0184,45.3686,10.0,11.0,40.0,0.0081,0.0531,0.9442,0.0556,0.9417,0.5002,0.7676,88.0,95.0,101.0,61.0,52.2293,6
320,5.3333,12.4857,2.2499,2.6132,0.0071,0.2698,10.0,11.0,40.0,0.0015,0.05,0.9641,0.05,0.9459,0.4846,0.7346,89.0,103.0,134.0,85.0,120.3229,4
321,5.35,11.9258,2.2485,1.5435,0.0002,0.0503,10.0,13.0,40.0,0.0013,0.05,0.9641,0.05,0.9472,0.4789,0.7159,93.0,105.0,141.0,81.0,134.5177,3
322,5.3667,11.4885,2.257,0.7621,0.0,0.2092,10.0,11.0,40.0,0.0013,0.05,0.9641,0.05,0.9472,0.4792,0.7165,93.0,105.0,141.0,81.0,134.2403,3
323,5.3833,11.5053,2.2561,0.0439,0.0,0.0346,10.0,11.0,40.0,0.0013,0.05,0.9641,0.05,0.9472,0.4792,0.7165,93.0,105.0,141.0,81.0,134.2187,3
324,5.4,11.5395,2.2514,0.2373,0.0,0.0691,10.0,11.0,40.0,0.0013,0.05,0.9641,0.05,0.9472,0.4792,0.7165,93.0,105.0,141.0,81.0,134.1495,3
325,5.4167,11.545,2.2509,0.019,0.0,0.0,10.0,11.0,40.0,0.0013,0.05,0.9641,0.05,0.9472,0.4792,0.7165,93.0,105.0,141.0,81.0,134.1521,3
326,5.4333,11.4855,2.2611,0.2593,0.0012,31.6667,10.0,11.0,40.0,0.0001,,,,,,,,,,,,
327,5.45,241.555,220.8983,226.5483,0.0066,69.1481,253.0,253.0,253.0,0.0066,0.0531,0.9449,0.0556,0.9417,0.4926,0.6392,150.0,150.0,150.0,0.0,75.9816,6
328,5.4667,241.556,220.9011,0.0207,0.0,0.0593,253.0,253.0,253.0,0.0066,0.0531,0.945,0.0556,0.9417,0.4919,0.6389,151.0,151.0,151.0,0.0,76.1953,6
329,5.4833,241.2828,220.1006,0.4769,0.0023,6.9383,253.0,253.0,253.0,0.0067,0.0531,0.9447,0.0556,0.9417,0.4896,0.6417,150.0,150.0,150.0,0.0,74.8701,6
330,5.5,241.2826,220.1008,0.0246,0.0001,0.194,253.0,253.0,253.0,0.0066,0.0531,0.9448,0.0556,0.9417,0.4898,0.642,151.0,151.0,151.0,0.0,74.9974,6
331,5.5167,240.9807,219.2291,0.5363,0.0026,7.4056,253.0,253.0,253.0,0.0068,0.0531,0.9444,0.0556,0.9417,0.4876,0.6447,152.0,152.0,152.0,0.0,73.3339,6
332,5.5333,240.9784,219.2217,0.0271,0.0001,0.1204,253.0,253.0,253.0,0.0067,0.0531,0.9445,0.0556,0.9417,0.4873,0.645,152.5,152.5,152.5,0.0,73.5217,6
333,5.55,240.6638,218.3216,0.5994,0.0027,8.9439,253.0,253.0,253.0,0.0069,0.0531,0.9439,0.0556,0.9417,0.4837,0.6483,153.0,153.0,153.0,0.0,71.1758,6
334,5.5667,240.6631,218.3199,0.0245,0.0001,0.0826,253.0,253.0,253.0,0.0069,0.0531,0.9439,0.0556,0.9417,0.4837,0.6483,153.0,153.0,153.0,0.0,71.3135,6
335,5.5833,240.3443,217.4241,0.6609,0.0028,10.0444,253.0,253.0,253.0,0.007,0.0531,0.9438,0.0556,0.9417,0.4798,0.6526,157.0,157.0,157.0,0.0,69.5152,7
336,5.6,240.3433,217.4203,0.0203,0.0001,0.1373,253.0,253.0,253.0,0.007,0.0531,0.9438,0.0556,0.9417,0.4798,0.6525,157.0,157.0,157.0,0.0,69.238,7
337,5.6167,240.0542,216.6313,0.7037,0.0029,11.6459,253.0,253.0,253.0,0.0069,0.0531,0.9438,0.0556,0.9417,0.4738,0.6581,159.0,159.0,159.0,0.0,66.1305,6
338,5.6333,240.0513,216.6224,0.0221,0.0001,0.1471,253.0,253.0,253.0,0.0069,0.0531,0.9438,0.0556,0.9417,0.474,0.6578,159.0,159.0,159.0,0.0,66.2376,6
339,5.65,239.8192,216.0004,0.7442,0.003,12.6322,253.0,253.0,253.0,0.0069,0.0531,0.944,0.0556,0.9417,0.4696,0.6615,159.0,159.0,159.0,0.0,65.7343,6
340,5.6667,239.7076,215.6846,0.1308,0.0001,0.0937,253.0,253.0,253.0,0.0069,0.0531,0.9439,0.0556,0.9417,0.4699,0.6611,159.0,159.0,159.0,0.0,65.4106,5
341,5.6833,239.3928,214.8202,1.066,0.0049,14.349,253.0,253.0,253.0,0.0088,0.0535,0.9438,0.0556,0.9417,0.4009,0.6105,155.0,155.0,155.0,0.0,58.5739,6
342,5.7,239.3159,214.6021,0.2955,0.0026,7.5395,253.0,253.0,253.0,0.0098,0.0547,0.9438,0.0569,0.9417,0.3798,0.5949,136.0,136.0,136.0,0.0,57.9441,6
343,5.7167,239.2338,214.372,1.0911,0.0043,22.3628,253.0,253.0,253.0,0.0101,0.0549,0.9438,0.0583,0.9417,0.3652,0.5907,139.0,139.0,139.0,0.0,59.1961,6
344,5.7333,239.1995,214.2769,0.2228,0.0015,9.4034,253.0,253.0,253.0,0.0103,0.0558,0.9438,0.0583,0.9417,0.3614,0.5898,143.0,143.0,143.0,0.0,59.5998,6
345,5.75,239.2757,214.4755,1.1593,0.0038,21.4849,253.0,253.0,253.0,0.0105,0.0562,0.9438,0.0583,0.9417,0.3531,0.586,145.0,145.0,145.0,0.0,61.9075,6
346,5.7667,239.2493,214.4001,0.1967,0.0012,9.1782,253.0,253.0,253.0,0.0107,0.0562,0.9438,0.0583,0.9417,0.3495,0.5846,146.0,146.0,146.0,0.0,63.8091,6
347,5.7833,239.5292,215.1499,1.2389,0.0037,21.7317,253.0,253.0,253.0,0.011,0.0562,0.9438,0.0583,0.9417,0.3452,0.5802,151.0,151.0,151.0,0.0,64.2289,8
348,5.8,239.5079,215.0883,0.1741,0.0012,7.5799,253.0,253.0,253.0,0.0111,0.0562,0.9438,0.0583,0.9417,0.3441,0.5806,152.0,152.0,152.0,0.0,65.2288,8
349,5.8167,239.4849,214.8628,1.8454,0.0073,20.6477,253.0,253.0,253.0,0.0148,0.0594,0.9422,0.0611,0.9417,0.3344,0.5407,155.0,155.0,155.0,0.0,61.356,4
350,5.8333,239.3381,214.428,0.7074,0.006,11.162,253.0,253.0,253.0,0.0164,0.0604,0.9411,0.0639,0.9417,0.3303,0.5343,136.0,136.0,136.0,0.0,62.3247,4
351,5.85,240.0075,216.2242,1.8106,0.0069,26.5031,253.0,253.0,253.0,0.0168,0.0609,0.9406,0.0639,0.9417,0.3268,0.5317,145.0,145.0,145.0,0.0,65.0438,4
352,5.8667,239.9734,216.1259,0.5055,0.0038,14.9554,253.0,253.0,253.0,0.0173,0.0609,0.9406,0.0639,0.9417,0.3246,0.5323,148.0,148.0,148.0,0.0,65.34,4
353,5.8833,240.8295,218.4921,1.6799,0.0061,23.3259,253.0,253.0,253.0,0.0179,0.0613,0.9403,0.0639,0.9417,0.323,0.5323,147.5,147.5,147.5,0.0,66.6683,4
354,5.9,240.7997,218.4063,0.3819,0.0031,11.9989,253.0,253.0,253.0,0.0181,0.0619,0.9396,0.0639,0.9417,0.3221,0.5335,150.0,150.0,150.0,0.0,68.2146,4
355,5.9167,241.4928,220.3107,1.6536,0.0054,15.5569,253.0,253.0,253.0,0.0179,0.0613,0.9403,0.0639,0.9417,0.3205,0.5267,149.0,149.0,150.0,0.0,68.4162,7
356,5.9333,241.4553,220.1987,0.5615,0.0037,8.5559,253.0,253.0,253.0,0.0184,0.0631,0.9391,0.0639,0.9417,0.3243,0.5271,145.0,145.0,145.0,0.0,67.693,7
357,5.95,242.3363,222.7006,1.5983,0.0072,7.7182,253.0,253.0,253.0,0.0187,0.0641,0.9388,0.0639,0.9417,0.3285,0.517,141.0,141.0,141.0,0.0,69.4343,8
358,5.9667,242.3113,222.6271,0.46,0.0042,6.2487,253.0,253.0,253.0,0.0193,0.0641,0.9375,0.0639,0.9417,0.3304,0.5175,142.0,142.0,143.0,0.0,68.6303,8
359,5.9833,242.9996,224.6014,1.6196,0.007,7.3248,253.0,253.0,253.0,0.0205,0.0645,0.9345,0.0667,0.9417,0.3378,0.5145,136.0,136.0,136.0,0.0,68.5105,10
360,6.0,242.8705,224.2097,0.7492,0.0062,7.4661,253.0,253.0,253.0,0.0229,0.0684,0.9281,0.0688,0.9417,0.359,0.5096,116.5,116.5,118.0,0.0,66.8253,9
361,6.0167,243.5457,226.2156,1.612,0.0083,9.9916,253.0,253.0,253.0,0.0241,0.0688,0.925,0.0694,0.9417,0.3649,0.5101,117.0,117.0,118.5,0.0,66.9567,13
362,6.0333,243.5022,226.0861,0.4848,0.0043,7.1222,253.0,253.0,253.0,0.0245,0.0696,0.9242,0.0694,0.9417,0.3677,0.5111,122.0,122.0,123.0,0.0,67.7208,14
363,6.05,244.0474,227.726,1.4816,0.0082,8.2237,253.0,253.0,253.0,0.026,0.0703,0.9219,0.0694,0.9417,0.3756,0.5104,118.0,118.0,119.0,0.0,67.4616,10
364,6.0667,243.0156,224.6495,1.3692,0.0126,5.3959,253.0,253.0,253.0,0.0346,0.0776,0.9005,0.388,0.9389,0.4616,0.4945,132.0,132.0,132.0,0.0,61.8539,9
365,6.0833,243.0147,224.6746,2.6031,0.016,18.0945,253.0,253.0,253.0,0.0388,0.0875,0.8891,0.3972,0.9389,0.4822,0.4954,101.0,101.0,101.0,0.0,65.3211,8
366,6.1,242.8442,224.1661,1.252,0.0083,19.4004,253.0,253.0,253.0,0.0398,0.0875,0.8852,0.3989,0.9389,0.4855,0.4977,93.0,93.0,93.0,0.0,66.7583,9
367,6.1167,242.6269,223.5448,2.328,0.0115,19.9775,253.0,253.0,253.0,0.0416,0.0904,0.8799,0.3806,0.9389,0.486,0.4987,89.0,89.0,90.0,0.0,67.8039,13
368,6.1333,242.556,223.3334,0.8484,0.0066,12.7561,253.0,253.0,253.0,0.0415,0.09,0.8803,0.3806,0.9389,0.4881,0.5004,89.0,89.0,90.0,0.0,68.3484,13
369,6.15,242.4235,222.9846,1.8299,0.0096,13.1618,253.0,253.0,253.0,0.0428,0.0938,0.8766,0.3597,0.9389,0.4839,0.4987,86.0,86.0,86.0,0.0,69.0599,9
370,6.1667,242.3801,222.8555,0.5901,0.0046,7.4043,253.0,253.0,253.0,0.043,0.0938,0.8766,0.3611,0.9389,0.4846,0.4998,86.0,86.0,86.0,0.0,69.5841,9
371,6.1833,242.8791,224.4431,1.5469,0.0069,8.4208,253.0,253.0,253.0,0.0441,0.0964,0.8744,0.3528,0.9389,0.4879,0.4988,108.0,108.0,109.0,0.0,71.2667,10
372,6.2,242.8464,224.3462,0.4357,0.0038,4.0262,253.0,253.0,253.0,0.0443,0.0969,0.8734,0.3529,0.9389,0.4891,0.4995,111.0,111.0,111.0,0.0,71.0857,10
373,6.2167,243.5053,226.4176,1.2862,0.0059,6.7885,253.0,253.0,253.0,0.045,0.0969,0.8734,0.3833,0.9389,0.49,0.5016,140.0,140.0,141.0,0.0,72.7183,6
374,6.2333,243.4734,226.323,0.3185,0.0029,2.9906,253.0,253.0,253.0,0.0451,0.0969,0.8734,0.3833,0.9389,0.4902,0.5023,144.0,144.0,144.0,0.0,72.997,6
375,6.25,243.887,227.6616,1.0692,0.0052,4.8584,253.0,253.0,253.0,0.046,0.0998,0.8676,0.4194,0.9389,0.4915,0.5032,147.0,147.0,147.0,0.0,74.7538,10
376,6.2667,243.8571,227.5719,0.2345,0.0023,2.3252,253.0,253.0,253.0,0.046,0.1,0.8672,0.4194,0.9389,0.4921,0.5038,148.0,148.0,150.0,0.0,74.9623,10
377,6.2833,243.9918,228.1576,0.9279,0.0048,3.7541,253.0,253.0,253.0,0.0461,0.1,0.8672,0.4333,0.9389,0.4924,0.5046,153.0,153.0,153.0,0.0,75.7817,7
378,6.3,243.9855,228.14,0.1544,0.0016,1.4559,253.0,253.0,253.0,0.0461,0.1,0.8672,0.4333,0.9389,0.4925,0.5048,152.0,152.0,152.0,0.0,75.7051,7
379,6.3167,243.8431,228.087,1.0771,0.0048,3.419,253.0,253.0,253.0,0.0464,0.1,0.8672,0.4417,0.9389,0.4914,0.5056,154.0,154.0,154.0,0.0,76.0224,7
380,6.3333,243.8352,228.0638,0.1199,0.0013,1.1949,253.0,253.0,253.0,0.0466,0.1014,0.8672,0.4417,0.9389,0.4926,0.5056,153.0,153.0,154.0,0.0,75.9156,7
381,6.35,243.3563,227.4351,1.5477,0.0058,3.0179,253.0,253.0,253.0,0.0478,0.1062,0.8656,0.1641,0.9389,0.49,0.5042,161.0,161.0,161.0,0.0,75.6397,9
382,6.3667,243.3459,227.4035,0.0939,0.0007,1.1088,253.0,253.0,253.0,0.0479,0.1062,0.8656,0.1708,0.9389,0.4903,0.5043,161.0,161.0,161.0,0.0,75.7363,9
383,6.3833,243.0402,227.2718,1.816,0.0066,3.0866,253.0,253.0,253.0,0.0488,0.1078,0.8651,0.1509,0.9389,0.4918,0.5023,153.0,153.0,154.0,0.0,75.366,13
384,6.4,243.0411,227.2741,0.0562,0.0007,0.7036,253.0,253.0,253.0,0.0487,0.1078,0.8654,0.1504,0.9389,0.4913,0.5024,154.0,154.0,154.0,0.0,75.3865,13
385,6.4167,243.9068,228.8652,2.1385,0.0068,3.0067,253.0,253.0,253.0,0.0488,0.1078,0.8648,0.1681,0.9389,0.4923,0.5028,159.0,159.0,159.0,0.0,76.905,22
386,6.4333,243.9073,228.8668,0.0395,0.0003,0.4851,253.0,253.0,253.0,0.0488,0.1078,0.865,0.1678,0.9389,0.492,0.5029,159.0,159.0,159.0,0.0,76.9525,22
387,6.45,244.5665,230.1011,1.745,0.0063,1.2896,253.0,253.0,253.0,0.0484,0.1071,0.8656,0.1806,0.9389,0.4933,0.502,161.0,161.0,161.0,0.0,77.5748,20
388,6.4667,244.5659,230.0992,0.0267,0.0003,0.2942,253.0,253.0,253.0,0.0484,0.1071,0.8656,0.1806,0.9389,0.4933,0.502,161.0,161.0,161.0,0.0,77.5703,20
389,6.4833,244.0841,228.4332,1.7962,0.0068,1.7548,253.0,253.0,253.0,0.0482,0.1063,0.8656,0.1944,0.9389,0.4933,0.5038,155.0,155.0,155.0,0.0,77.2588,23
390,6.5,244.0709,228.3939,0.0285,0.0002,0.4299,253.0,253.0,253.0,0.0483,0.1067,0.8656,0.1944,0.9389,0.4938,0.5038,155.0,155.0,157.0,0.0,77.2235,23
391,6.5167,242.9081,224.938,2.3257,0.0078,2.174,253.0,253.0,253.0,0.0485,0.1075,0.8656,0.1917,0.9389,0.4947,0.5041,148.0,148.0,148.0,0.0,76.6089,29
392,6.5333,242.9085,224.9391,0.0121,0.0001,0.1361,253.0,253.0,253.0,0.0485,0.1074,0.8656,0.1917,0.9389,0.4947,0.5041,148.0,148.0,148.0,0.0,76.5804,29
393,6.55,242.0142,221.8618,2.5058,0.0083,2.05,253.0,253.0,253.0,0.0481,0.1062,0.8656,0.2245,0.9389,0.4944,0.5079,144.0,144.0,144.0,0.0,76.5744,27
394,6.5667,242.0145,221.8627,0.005,0.0,0.0598,253.0,253.0,253.0,0.0481,0.1062,0.8656,0.2247,0.9389,0.4945,0.5079,144.0,144.0,144.0,0.0,76.5703,27
395,6.5833,240.2533,215.9811,3.321,0.0088,1.9298,253.0,253.0,253.0,0.0458,0.0993,0.8687,0.2667,0.9389,0.4936,0.5085,137.0,137.0,137.5,0.0,74.6247,18
396,6.6,240.2535,215.9818,0.0035,0.0,0.0393,253.0,253.0,253.0,0.0458,0.0993,0.8687,0.2667,0.9389,0.4936,0.5085,137.5,137.5,138.0,0.0,74.6655,18
397,6.6167,236.8782,205.6331,4.597,0.0128,1.7573,253.0,253.0,253.0,0.0425,0.0938,0.8772,0.2806,0.9389,0.492,0.5185,154.0,154.0,154.0,0.0,73.9905,13
398,6.6333,236.8786,205.6344,0.0039,0.0,0.005,253.0,253.0,253.0,0.0424,0.0938,0.8772,0.2806,0.9389,0.492,0.5185,154.0,154.0,154.0,0.0,73.98,13
399,6.65,235.1253,200.5027,4.7018,0.0137,3.016,253.0,253.0,253.0,0.0437,0.0948,0.8766,0.3056,0.9389,0.4845,0.5232,153.0,153.0,154.0,0.0,73.4682,10
400,6.6667,235.1237,200.4981,0.0079,0.0,0.0134,253.0,253.0,253.0,0.0437,0.0948,0.8766,0.3056,0.9389,0.4845,0.5232,153.0,153.0,154.0,0.0,73.4566,10
401,6.6833,238.1288,209.5645,5.0634,0.0134,5.9812,253.0,253.0,253.0,0.0455,0.0982,0.8709,0.2472,0.9389,0.4868,0.5158,148.0,148.0,150.0,0.0,73.944,9
402,6.7,238.1304,209.5694,0.0041,0.0,0.0065,253.0,253.0,253.0,0.0455,0.0982,0.8709,0.2472,0.9389,0.4867,0.5158,148.0,148.0,150.0,0.0,73.9336,9
403,6.7167,241.11,218.5658,4.2888,0.0121,3.7505,253.0,253.0,253.0,0.0467,0.103,0.8672,0.375,0.9389,0.4925,0.5069,137.0,137.0,137.0,0.0,73.8402,8
404,6.7333,241.1118,218.5711,0.0044,0.0,0.0143,253.0,253.0,253.0,0.0467,0.1031,0.8672,0.375,0.9389,0.4925,0.507,137.0,137.0,137.0,0.0,73.8344,8
405,6.75,241.8473,220.9324,3.4175,0.0087,4.4724,253.0,253.0,253.0,0.0478,0.1062,0.8656,0.3338,0.9389,0.496,0.5026,140.0,140.0,140.0,0.0,73.5696,5
406,6.7667,241.8485,220.9358,0.0028,0.0,0.006,253.0,253.0,253.0,0.0478,0.1062,0.8656,0.3311,0.9389,0.496,0.5026,140.0,140.0,140.0,0.0,73.5665,5
407,6.7833,242.5259,223.1838,2.1639,0.0073,2.0594,253.0,253.0,253.0,0.0471,0.1054,0.8672,0.2901,0.9389,0.4936,0.5031,141.0,141.0,143.0,0.0,74.2751,7
408,6.8,242.5257,223.1831,0.0018,0.0,0.0065,253.0,253.0,253.0,0.0471,0.1053,0.8672,0.29,0.9389,0.4936,0.5031,141.0,141.0,143.0,0.0,74.2864,7
409,6.8167,243.4998,226.355,1.9837,0.0059,2.9619,253.0,253.0,253.0,0.0468,0.1042,0.8672,0.4136,0.9389,0.4929,0.5062,154.0,154.0,155.0,0.0,76.2362,8
410,6.8333,243.5,226.3563,0.0024,0.0,0.0157,253.0,253.0,253.0,0.0468,0.1039,0.8672,0.4134,0.9389,0.4928,0.5062,154.5,154.5,155.0,0.0,76.2539,8
411,6.85,243.8082,227.5748,1.4313,0.0042,1.5671,253.0,253.0,253.0,0.0467,0.1025,0.8672,0.4417,0.9389,0.493,0.5069,157.0,157.0,158.0,0.0,76.5016,10
412,6.8667,243.808,227.5743,0.0019,0.0,0.0076,253.0,253.0,253.0,0.0467,0.1024,0.8672,0.4417,0.9389,0.493,0.5069,157.0,157.0,158.0,0.0,76.5201,10
413,6.8833,243.7574,227.888,1.3137,0.0042,0.814,253.0,253.0,253.0,0.0466,0.1015,0.8672,0.4444,0.9389,0.4931,0.507,153.0,153.0,154.0,0.0,76.6546,8
414,6.9,243.7583,227.891,0.0033,0.0,0.0156,253.0,253.0,253.0,0.0466,0.1013,0.8672,0.4424,0.9389,0.4931,0.507,153.0,153.0,153.5,0.0,76.6765,8
415,6.9167,243.598,228.0667,1.4291,0.0047,1.2676,253.0,253.0,253.0,0.0472,0.1059,0.8672,0.4417,0.9389,0.4928,0.507,160.0,160.0,160.5,0.0,75.8048,18
416,6.9333,243.5996,228.0714,0.0029,0.0,0.017,253.0,253.0,253.0,0.0472,0.106,0.8672,0.4417,0.9389,0.4928,0.507,160.0,160.0,160.5,0.0,75.7813,18
417,6.95,243.5908,228.4027,1.3435,0.0047,1.9166,253.0,253.0,253.0,0.0477,0.1062,0.8656,0.3833,0.9389,0.4919,0.5077,160.0,160.5,160.0,0.0,75.6405,14
418,6.9667,243.591,228.4035,0.0065,0.0001,0.0678,253.0,253.0,253.0,0.0478,0.1062,0.8656,0.3834,0.9389,0.4918,0.5077,160.5,161.0,160.5,0.0,75.6547,14
419,6.9833,243.9039,229.2948,1.2425,0.0046,2.354,253.0,253.0,253.0,0.0477,0.1062,0.8657,0.361,0.9389,0.4929,0.5078,162.0,162.0,162.0,0.0,75.8443,9
420,7.0,243.903,229.2916,0.1139,0.0007,0.8093,253.0,253.0,253.0,0.0479,0.1062,0.8668,0.3056,0.9389,0.4928,0.5073,162.0,162.0,162.0,0.0,76.0194,11
421,7.0167,244.4086,230.3812,1.1913,0.0047,2.2104,253.0,253.0,253.0,0.0482,0.1065,0.8656,0.2142,0.9389,0.4935,0.5066,166.0,166.0,166.0,0.0,76.6174,11
422,7.0333,244.4097,230.3841,0.0183,0.0002,0.2123,253.0,253.0,253.0,0.0482,0.1064,0.8656,0.2142,0.9389,0.4936,0.5067,166.0,166.0,166.0,0.0,76.3243,11
423,7.05,244.6575,230.7967,0.9087,0.0051,1.5818,253.0,253.0,253.0,0.0488,0.1078,0.8656,0.2318,0.9389,0.4936,0.5074,164.0,164.0,164.0,0.0,77.1856,24
424,7.0667,244.659,230.7997,0.0487,0.0006,0.4847,253.0,253.0,253.0,0.0488,0.1078,0.8656,0.2306,0.9389,0.4938,0.5074,162.0,162.0,162.0,0.0,77.3924,24
425,7.0833,244.567,230.3738,0.9081,0.0059,1.931,253.0,253.0,253.0,0.0477,0.1062,0.8672,0.2775,0.9389,0.4941,0.5084,164.0,164.0,164.0,0.0,76.5603,23
426,7.1,244.575,230.3947,0.0778,0.0008,0.8173,253.0,253.0,253.0,0.0478,0.1062,0.867,0.279,0.9389,0.4936,0.5084,164.0,164.0,164.0,0.0,76.7676,23
427,7.1167,244.3668,229.6902,0.8553,0.0053,2.448,253.0,253.0,253.0,0.0472,0.1058,0.8672,0.3304,0.9389,0.4939,0.5092,159.0,159.0,159.0,0.0,75.7139,19
428,7.1333,244.3786,229.724,0.1337,0.0013,1.3495,253.0,253.0,253.0,0.0471,0.1056,0.8672,0.329,0.9389,0.4942,0.5094,158.0,158.0,158.0,0.0,75.5561,19
429,7.15,244.122,228.9372,0.89,0.0059,3.5136,253.0,253.0,253.0,0.0466,0.102,0.8672,0.3706,0.9389,0.4952,0.5101,154.0,154.0,155.0,0.0,75.2065,17
430,7.1667,244.1474,229.0124,0.2125,0.002,2.1083,253.0,253.0,253.0,0.0468,0.1037,0.8672,0.3716,0.9389,0.4951,0.5105,154.0,154.0,154.0,0.0,75.6695,17
431,7.1833,243.8818,228.2526,0.923,0.0064,3.6936,253.0,253.0,253.0,0.0464,0.1,0.8677,0.3551,0.9389,0.4955,0.5119,151.0,151.0,151.0,0.0,75.4907,17
432,7.2,243.911,228.3359,0.3181,0.003,3.0291,253.0,253.0,253.0,0.046,0.0998,0.8707,0.3524,0.9389,0.497,0.5126,151.0,151.0,151.0,0.0,74.5252,17
433,7.2167,243.6018,227.5195,1.0416,0.0078,4.5637,253.0,253.0,253.0,0.0454,0.0979,0.8734,0.3491,0.9389,0.4967,0.5149,145.0,145.0,145.0,0.0,75.0577,16
434,7.2333,243.6572,227.6792,0.4665,0.0037,5.3155,253.0,253.0,253.0,0.0454,0.0978,0.8734,0.3489,0.9389,0.4974,0.5159,144.0,144.0,144.0,0.0,74.5585,14
435,7.25,243.2999,226.8143,1.2516,0.0088,7.5818,253.0,253.0,253.0,0.0445,0.0969,0.8748,0.3432,0.9389,0.5007,0.5184,131.0,131.0,131.0,0.0,74.4156,15
436,7.2667,243.3905,227.0795,0.6616,0.0051,7.9509,253.0,253.0,253.0,0.0439,0.0957,0.8766,0.3285,0.9389,0.5034,0.5198,126.0,126.0,127.0,0.0,73.71,15
437,7.2833,243.0241,226.293,1.5721,0.0104,11.0614,253.0,253.0,253.0,0.0433,0.0938,0.8766,0.3966,0.9389,0.5067,0.5233,113.0,113.0,113.0,0.0,73.1661,16
438,7.3,243.1683,226.7141,0.9723,0.0072,11.4801,253.0,253.0,253.0,0.0422,0.0938,0.8797,0.3824,0.9389,0.5124,0.5258,119.0,119.0,119.0,0.0,72.5242,16
439,7.3167,243.0849,226.8376,1.9119,0.0131,12.2715,253.0,253.0,253.0,0.0382,0.0829,0.8922,0.3639,0.9389,0.5428,0.5302,109.0,109.0,110.0,0.0,73.528,7
440,7.3333,243.2336,227.2739,0.8812,0.0064,12.1582,253.0,253.0,253.0,0.038,0.0828,0.8922,0.3623,0.9389,0.5459,0.5321,104.0,104.0,104.0,0.0,72.4022,7
441,7.35,242.9288,226.7028,1.7606,0.0114,17.065,253.0,253.0,253.0,0.037,0.0828,0.8948,0.2888,0.9389,0.5465,0.539,97.5,97.5,98.0,0.0,70.1424,9
442,7.3667,243.1225,227.2833,1.1454,0.009,14.6654,253.0,253.0,253.0,0.0355,0.0794,0.8987,0.269,0.9389,0.5562,0.5426,118.0,118.0,118.0,0.0,68.4112,8
443,7.3833,243.3235,227.8585,2.0505,0.0155,11.8661,253.0,253.0,253.0,0.0273,0.0719,0.9188,0.0716,0.9395,0.6157,0.5434,107.0,107.0,108.0,0.0,73.864,8
444,7.4,243.7066,229.0045,0.9353,0.0056,9.4667,253.0,253.0,253.0,0.0265,0.0704,0.9217,0.0694,0.9417,0.6185,0.546,107.0,107.0,108.0,0.0,73.3565,8
445,7.4167,243.6312,228.4252,1.3848,0.0099,13.2175,253.0,253.0,253.0,0.0248,0.0703,0.9248,0.0694,0.9417,0.6263,0.5467,109.0,109.0,110.0,0.0,73.508,14
446,7.4333,243.7441,228.7628,0.7803,0.0068,10.1301,253.0,253.0,253.0,0.0235,0.0688,0.928,0.0694,0.9417,0.633,0.5502,119.0,119.0,119.0,0.0,73.4087,12
447,7.45,243.7819,228.4859,1.4499,0.0094,12.1699,253.0,253.0,253.0,0.0212,0.0656,0.9312,0.0667,0.9417,0.652,0.5513,133.0,133.0,134.0,0.0,75.4593,8
448,7.4667,244.0877,229.3998,0.6971,0.0039,10.812,253.0,253.0,253.0,0.0205,0.0656,0.935,0.0667,0.9417,0.656,0.5531,139.0,139.0,139.0,0.0,76.1029,10
449,7.4833,243.9363,228.6651,1.0958,0.0066,15.0563,253.0,253.0,253.0,0.0202,0.0656,0.9367,0.0652,0.9417,0.6575,0.5528,133.0,133.0,134.0,0.0,74.6772,13
450,7.5,243.9772,228.787,0.5303,0.0038,14.0292,253.0,253.0,253.0,0.02,0.0656,0.9375,0.0639,0.9417,0.6567,0.5552,132.0,132.0,133.0,0.0,73.8687,13
451,7.5167,243.788,228.0328,1.1887,0.0071,19.4003,253.0,253.0,253.0,0.0198,0.065,0.9375,0.0639,0.9417,0.6553,0.5575,133.5,133.5,134.0,0.0,71.3814,11
452,7.5333,243.86,228.2467,0.6975,0.0048,17.895,253.0,253.0,253.0,0.0193,0.0641,0.9375,0.0639,0.9417,0.6557,0.5604,139.0,139.0,139.0,0.0,70.5767,11
453,7.55,243.804,227.9543,1.2479,0.0076,24.1457,253.0,253.0,253.0,0.0188,0.0641,0.9385,0.0639,0.9417,0.6533,0.5636,126.0,126.0,126.0,0.0,69.0478,10
454,7.5667,243.8694,228.1488,0.627,0.0043,22.3514,253.0,253.0,253.0,0.0185,0.0641,0.9391,0.0639,0.9417,0.6519,0.5675,119.0,119.0,119.0,0.0,67.7408,10
455,7.5833,243.7113,227.5808,1.2493,0.0075,31.9995,253.0,253.0,253.0,0.0178,0.064,0.9406,0.0639,0.9417,0.6489,0.572,113.0,113.0,115.0,0.0,65.3086,10
456,7.6,243.8113,227.8779,0.757,0.005,27.6968,253.0,253.0,253.0,0.0169,0.0609,0.9406,0.0639,0.9417,0.6449,0.5782,113.0,113.0,115.0,0.0,64.0041,10
457,7.6167,243.7141,227.5187,1.362,0.009,33.4011,253.0,253.0,253.0,0.0151,0.0594,0.9422,0.0611,0.9417,0.635,0.5854,125.0,125.0,125.0,0.0,60.9044,21
458,7.6333,243.9332,228.171,0.929,0.0089,17.9883,253.0,253.0,253.0,0.0119,0.0568,0.9422,0.0583,0.9417,0.6103,0.6002,152.0,152.0,152.0,0.0,59.9153,22
459,7.65,244.5086,229.8407,1.3299,0.0089,6.4125,253.0,253.0,253.0,0.0063,0.0531,0.9453,0.0541,0.9417,0.5009,0.6362,147.0,147.0,148.0,0.0,79.1081,13
460,7.6667,11.149,2.143,230.211,0.005,58.0442,9.0,10.0,37.0,0.0013,0.05,0.9641,0.05,0.9444,0.4711,0.7175,91.0,103.0,127.0,64.0,135.5981,3
461,7.6833,11.1726,2.2136,0.0268,0.0002,0.0,9.0,10.0,37.0,0.0015,0.05,0.9641,0.05,0.9444,0.4742,0.6931,93.0,103.0,130.0,66.0,127.145,4
462,7.7,11.2096,2.3724,0.9378,0.0007,7.1776,9.0,10.0,37.0,0.0021,0.05,0.9641,0.05,0.9421,0.4816,0.633,93.0,101.0,132.0,73.0,95.5465,4
463,7.7167,11.3295,2.7242,0.2522,0.0012,16.5634,9.0,10.0,37.0,0.003,0.05,0.9484,0.0524,0.9417,0.4872,0.5958,94.0,100.0,136.0,78.0,74.1578,4
464,7.7333,11.513,3.2292,0.6523,0.0017,18.9959,9.0,10.0,37.0,0.0037,0.0516,0.9469,0.0528,0.9417,0.4898,0.5838,96.0,100.0,141.0,79.0,65.6335,4
465,7.75,11.5026,3.2532,0.1356,0.0002,1.4628,9.0,10.0,38.0,0.0038,0.0516,0.9473,0.0528,0.9417,0.4904,0.5816,96.0,100.0,143.0,81.0,64.0107,4
466,7.7667,11.4705,3.2675,0.2155,0.0001,1.2607,9.0,10.0,38.0,0.0038,0.0513,0.9469,0.0528,0.9417,0.4895,0.5805,96.0,100.0,143.0,80.0,63.5818,4
467,7.7833,11.4539,3.2865,0.0958,0.0001,1.2403,9.0,10.0,38.0,0.0039,0.0514,0.9469,0.0528,0.9417,0.4896,0.5807,96.0,101.0,143.0,79.0,63.1249,4
468,7.8,11.3747,3.3144,0.3176,0.0001,1.8819,9.0,10.0,37.0,0.0039,0.0515,0.9469,0.0528,0.9417,0.4894,0.581,97.0,101.0,142.0,77.0,63.6193,4
469,7.8167,11.3845,3.3756,0.1417,0.0003,3.6839,9.0,10.0,37.0,0.004,0.0516,0.9469,0.0528,0.9417,0.4892,0.5788,97.0,103.0,141.0,76.0,62.3035,4
470,7.8333,11.3336,3.407,0.2914,0.0002,2.5257,9.0,10.0,37.0,0.0041,0.0516,0.9469,0.0528,0.9417,0.4903,0.5779,97.0,103.0,141.0,77.0,62.4739,4
471,7.85,11.3469,3.4441,0.0604,0.0003,2.731,9.0,10.0,37.0,0.004,0.0516,0.9469,0.0528,0.9417,0.4897,0.5789,96.5,103.0,140.0,74.0,62.8613,4
472,7.8667,11.304,3.4904,0.3015,0.0003,3.177,9.0,10.0,37.0,0.004,0.0516,0.9469,0.0528,0.9417,0.4893,0.5781,97.0,103.0,138.5,73.0,62.8637,4
473,7.8833,11.3247,3.563,0.0813,0.0005,6.4931,9.0,10.0,37.0,0.004,0.0516,0.9469,0.0528,0.9417,0.4884,0.5778,97.0,104.0,137.0,66.0,63.5045,4
474,7.9,11.2868,3.5902,0.1401,0.0003,3.4985,9.0,10.0,37.0,0.004,0.0516,0.9469,0.0528,0.9417,0.4882,0.5781,96.0,104.0,137.0,67.0,63.4998,4
475,7.9167,11.2551,3.6092,0.1431,0.0003,4.4025,9.0,10.0,37.0,0.004,0.0516,0.9469,0.0528,0.9417,0.4877,0.5781,96.0,103.0,136.0,67.0,64.0135,4
476,7.9333,11.2059,3.6273,0.3015,0.0004,4.4035,9.0,10.0,37.0,0.004,0.0516,0.9469,0.0528,0.9417,0.4857,0.5794,95.0,103.0,136.0,64.0,64.848,4
477,7.95,11.1868,3.5735,0.109,0.0008,8.72,9.0,10.0,37.0,0.0038,0.0512,0.9469,0.0528,0.9417,0.484,0.5826,100.0,109.0,140.0,61.0,67.1028,4
478,7.9667,11.0986,3.5095,0.2416,0.0005,5.288,9.0,10.0,37.0,0.0037,0.0507,0.9469,0.0528,0.9417,0.4826,0.5858,103.0,112.0,141.0,60.0,67.4947,4
479,7.9833,11.064,3.4324,0.0792,0.0003,5.2802,9.0,10.0,37.0,0.0035,0.05,0.947,0.0528,0.9417,0.4816,0.59,104.0,111.0,137.5,59.0,71.0758,4
480,8.0,10.7757,3.2307,1.1153,0.0004,7.3384,9.0,10.0,37.0,0.0032,0.0507,0.9477,0.0528,0.9417,0.4816,0.5925,101.0,108.0,134.0,63.0,75.2818,4
481,8.0167,10.7033,3.0125,0.0895,0.0005,9.5258,9.0,10.0,37.0,0.0028,0.05,0.9484,0.0511,0.9417,0.4796,0.6037,97.0,105.0,130.0,76.0,82.8383,4
482,8.0333,10.6852,2.9108,0.3537,0.0003,5.8974,9.0,10.0,37.0,0.0026,0.05,0.9487,0.0527,0.9417,0.4797,0.6106,96.0,104.0,126.0,84.0,87.1462,4
483,8.05,10.62,2.8124,0.2391,0.0002,6.1151,9.0,10.0,37.0,0.0024,0.05,0.9542,0.0518,0.9417,0.4784,0.6174,95.0,102.0,124.0,88.5,92.2264,4
484,8.0667,10.5704,2.7333,0.354,0.0005,6.5482,9.0,10.0,37.0,0.0024,0.05,0.9575,0.05,0.9417,0.4789,0.621,91.0,98.0,116.0,91.0,97.2129,4
485,8.0833,10.5437,2.6866,0.1921,0.0015,11.8883,9.0,10.0,37.0,0.0026,0.05,0.9486,0.05,0.9417,0.4899,0.6065,88.0,93.0,126.0,95.0,88.9692,5
486,8.1,10.4553,2.6863,0.3451,0.0007,8.3763,9.0,10.0,37.0,0.003,0.05,0.9484,0.0524,0.9417,0.4938,0.5886,82.0,88.5,132.0,111.0,78.2533,5
487,8.1167,10.412,2.5915,0.1407,0.0006,8.8402,9.0,10.0,37.0,0.003,0.05,0.9484,0.0523,0.9417,0.4919,0.5847,74.0,75.0,136.0,128.0,74.7284,5
488,8.1333,10.3353,2.5047,0.367,0.0007,5.8585,9.0,10.0,37.0,0.0023,0.05,0.9578,0.05,0.9417,0.4902,0.6083,77.0,83.0,133.0,102.0,87.6375,5
489,8.15,10.2831,2.4184,0.1603,0.001,2.1453,9.0,10.0,37.0,0.0017,0.05,0.9641,0.05,0.9444,0.4816,0.6644,87.0,97.0,125.0,76.0,118.1194,8
490,8.1667,10.2293,2.4414,0.4137,0.0004,2.4134,9.0,10.0,37.0,0.0018,0.05,0.9641,0.05,0.9444,0.4813,0.6488,84.0,94.0,123.0,80.0,109.0703,8
491,8.1833,10.2423,2.4962,0.0894,0.0003,6.2758,9.0,10.0,37.0,0.0019,0.05,0.9641,0.05,0.9444,0.4822,0.6411,89.0,96.0,127.0,78.0,107.4943,8
492,8.2,10.1858,2.5412,0.4399,0.0004,6.4002,9.0,10.0,37.0,0.0019,0.05,0.9641,0.05,0.9444,0.4824,0.6414,96.0,102.0,125.0,66.0,108.0161,7
493,8.2167,10.1248,2.3713,0.3237,0.0007,1.8344,9.0,10.0,37.0,0.0016,0.05,0.9641,0.05,0.9455,0.4791,0.6789,89.0,98.0,126.0,74.0,124.7546,7
494,8.2333,10.0782,2.4401,0.3511,0.0006,1.0688,9.0,10.0,37.0,0.0017,0.05,0.9641,0.05,0.9444,0.4801,0.6645,89.0,96.0,126.0,80.0,115.2861,6
495,8.25,10.1243,2.5877,0.1279,0.001,1.7658,9.0,10.0,37.0,0.0021,0.05,0.9641,0.05,0.942,0.4858,0.6344,86.0,90.0,128.0,92.0,100.7758,8
496,8.2667,10.0789,2.7069,0.4307,0.0011,6.922,9.0,10.0,37.0,0.0023,0.05,0.958,0.05,0.9417,0.4885,0.6264,88.0,89.0,132.0,98.0,90.5123,5
497,8.2833,10.3131,3.3888,0.4231,0.0024,22.5068,9.0,10.0,37.0,0.0039,0.0516,0.9469,0.0528,0.9417,0.4907,0.5824,94.0,101.0,139.0,80.0,61.6723,5
498,8.3,10.3094,3.6237,0.4442,0.0017,22.4959,9.0,10.0,37.0,0.0038,0.0516,0.9469,0.0528,0.9417,0.4871,0.5832,98.0,105.0,133.0,67.5,67.4123,6
499,8.3167,10.1793,3.2401,0.2423,0.0016,15.6135,9.0,10.0,37.0,0.003,0.05,0.9484,0.0522,0.9417,0.482,0.6009,96.0,105.0,132.0,72.0,80.0407,6
500,8.3333,9.9686,2.833,0.4674,0.0012,18.496,9.0,10.0,37.0,0.0026,0.05,0.9484,0.0525,0.9417,0.4805,0.6129,90.0,97.0,117.0,94.0,87.2359,5
501,8.35,9.8977,2.6543,0.2529,0.0024,8.5214,9.0,10.0,37.0,0.0029,0.05,0.9474,0.0528,0.9417,0.492,0.5906,75.0,73.5,134.0,130.0,74.1929,6
502,8.3667,9.7777,2.5239,0.3046,0.0014,5.0672,9.0,10.0,37.0,0.0019,0.05,0.9577,0.05,0.9433,0.4831,0.6435,83.0,93.0,126.0,82.0,106.462,8
503,8.3833,9.765,2.4935,0.094,0.0007,1.8964,9.0,10.0,37.0,0.0017,0.05,0.9641,0.05,0.9444,0.4805,0.661,87.0,96.0,124.0,78.0,115.0161,6
504,8.4,9.7046,2.5057,0.3265,0.0005,2.2219,9.0,10.0,37.0,0.0018,0.05,0.9623,0.05,0.9441,0.4841,0.654,86.0,95.0,124.0,79.0,110.1275,5
505,8.4167,9.7029,2.5233,0.1284,0.0007,2.7778,9.0,10.0,37.0,0.002,0.05,0.9553,0.05,0.9429,0.4854,0.6416,87.0,93.0,122.0,72.0,103.1029,7
506,8.4333,9.6281,2.497,0.3242,0.0006,2.119,9.0,10.0,37.0,0.0018,0.05,0.962,0.05,0.9441,0.4805,0.6618,88.0,96.0,124.0,73.0,111.2831,8
507,8.45,9.6067,2.4345,0.0693,0.0005,1.098,9.0,10.0,37.0,0.0016,0.05,0.9641,0.05,0.9444,0.48,0.6787,88.0,97.0,125.0,74.5,118.1986,6
508,8.4667,9.5282,2.4005,0.2447,0.0003,1.2203,9.0,10.0,37.0,0.0016,0.05,0.9641,0.05,0.9444,0.4801,0.678,88.0,97.0,124.0,76.0,119.1118,7
509,8.4833,9.5463,2.4583,0.076,0.0004,1.3483,9.0,10.0,37.0,0.0017,0.05,0.9641,0.05,0.9447,0.4806,0.6722,88.0,97.0,126.0,76.0,114.6569,6
510,8.5,9.4923,2.5002,0.2515,0.0003,1.5954,9.0,10.0,37.0,0.0018,0.05,0.9636,0.05,0.9444,0.4794,0.6671,88.0,96.0,126.0,80.0,112.0747,8
511,8.5167,9.5085,2.5434,0.0663,0.0003,1.1289,9.0,10.0,37.0,0.0018,0.05,0.9623,0.05,0.9444,0.48,0.6643,89.0,96.0,126.0,81.0,109.7882,6
512,8.5333,9.4621,2.5838,0.2119,0.0003,1.4883,9.0,10.0,37.0,0.0019,0.05,0.9589,0.05,0.9444,0.4813,0.6561,89.0,95.0,127.0,83.5,107.1598,7
513,8.55,9.5018,2.7022,0.0831,0.0008,2.6111,9.0,10.0,37.0,0.0022,0.05,0.9484,0.0502,0.9442,0.4839,0.6383,88.5,93.0,129.0,94.0,96.5214,7
514,8.5667,9.4638,2.7604,0.2969,0.0004,4.7002,9.0,10.0,37.0,0.0025,0.05,0.9484,0.0519,0.9426,0.4845,0.6287,91.0,91.0,133.0,99.0,89.0521,5
515,8.5833,9.4858,2.8208,0.0677,0.0004,4.7019,9.0,10.0,37.0,0.0026,0.05,0.9484,0.0527,0.9418,0.4859,0.6233,95.0,95.0,136.0,97.0,85.3608,5
516,8.6,9.4346,2.8808,0.3431,0.0003,3.1002,9.0,10.0,37.0,0.0028,0.05,0.9479,0.0528,0.9417,0.4889,0.6168,94.5,96.0,136.0,98.0,82.2667,5
517,8.6167,9.4497,2.9328,0.0746,0.0005,6.2473,9.0,10.0,37.0,0.0028,0.05,0.9477,0.0528,0.9417,0.4896,0.6125,93.0,95.0,134.0,97.5,80.4201,4
518,8.6333,9.4098,2.969,0.2283,0.0003,3.3174,9.0,10.0,37.0,0.0028,0.05,0.9478,0.0528,0.9417,0.489,0.6118,94.0,95.0,134.0,94.0,80.3477,4
519,8.65,9.4214,3.0,0.088,0.0003,2.9487,9.0,10.0,37.0,0.0028,0.05,0.9477,0.0528,0.9417,0.4893,0.6095,93.0,95.0,133.0,91.0,79.9798,4
520,8.6667,9.3981,3.0523,0.2979,0.0003,2.7129,9.0,10.0,37.0,0.0028,0.05,0.9469,0.0528,0.9417,0.4897,0.6097,95.0,96.0,133.5,87.5,81.2847,4
521,8.6833,9.4126,3.1095,0.0733,0.0004,4.0,9.0,10.0,37.0,0.0029,0.05,0.9475,0.0528,0.9417,0.489,0.6064,96.0,98.0,136.0,82.5,79.003,6
522,8.7,9.3713,3.1482,0.242,0.0003,2.5824,9.0,10.0,37.0,0.003,0.05,0.9469,0.0528,0.9417,0.4879,0.6027,96.0,98.0,138.0,84.5,75.9467,5
523,8.7167,9.3832,3.1751,0.0356,0.0003,1.8371,9.0,10.0,37.0,0.0031,0.05,0.9469,0.0528,0.9417,0.4888,0.6002,95.5,98.0,137.0,84.5,74.3862,5
524,8.7333,9.3375,3.1982,0.3735,0.0002,2.0818,9.0,10.0,37.0,0.0031,0.05,0.9469,0.0528,0.9417,0.4901,0.5979,95.0,98.0,137.0,83.0,72.9219,6
525,8.75,9.164,2.6643,0.2697,0.0015,15.4511,9.0,10.0,37.0,0.0026,0.05,0.947,0.0525,0.9417,0.4863,0.614,91.0,98.0,134.0,84.0,82.3537,4
526,8.7667,9.7483,4.5735,1.1259,0.0025,8.6352,9.0,10.0,37.0,0.003,0.05,0.9469,0.0528,0.9417,0.4806,0.5969,70.0,70.0,99.0,51.0,76.5146,12
527,8.7833,10.0194,5.3703,1.3425,0.0122,4.8497,9.0,10.0,37.0,0.0124,0.0578,0.9422,0.0611,0.9417,0.5493,0.54,82.0,91.0,104.0,56.0,45.4632,5
528,8.8,10.1254,5.7879,1.4413,0.0114,36.7723,9.0,10.0,37.0,0.0152,0.0594,0.9422,0.0639,0.9417,0.55,0.5357,90.0,102.0,118.0,66.0,48.4324,5
529,8.8167,10.2217,6.064,1.2005,0.0085,31.9855,9.0,10.0,37.0,0.0166,0.0609,0.9406,0.0639,0.9417,0.5484,0.5333,95.0,109.0,129.0,76.0,51.1862,5
530,8.8333,10.2719,6.247,1.0812,0.0076,27.6529,9.0,10.0,37.0,0.0176,0.0632,0.9406,0.0639,0.9417,0.5494,0.5322,96.0,112.0,136.0,85.0,52.723,5
531,8.85,10.3289,6.4084,0.9474,0.0071,23.7971,9.0,10.0,37.0,0.0181,0.0641,0.9395,0.0639,0.9417,0.5532,0.5323,96.0,117.0,141.0,96.0,53.7261,5
532,8.8667,10.2678,6.425,1.035,0.0069,22.2258,9.0,10.0,37.0,0.0189,0.0641,0.9383,0.0667,0.9417,0.5519,0.5311,89.0,111.0,144.0,115.5,52.9914,5
533,8.8833,10.265,6.4228,0.8031,0.0068,17.169,9.0,10.0,37.0,0.0196,0.0642,0.9375,0.0667,0.9417,0.5559,0.5311,84.0,110.0,146.0,128.0,52.223,6
534,8.9,10.223,6.4258,1.0702,0.0066,17.2116,9.0,10.0,37.0,0.0203,0.0656,0.9328,0.0667,0.9417,0.555,0.5298,80.0,109.0,150.0,145.0,51.9873,6
535,8.9167,10.5294,7.3109,1.1228,0.0094,14.6537,9.0,10.0,37.0,0.0242,0.07,0.925,0.0694,0.9417,0.541,0.523,73.0,100.0,108.0,157.0,50.1049,6
536,8.9333,10.6155,7.5979,1.3318,0.0093,17.1288,9.0,10.0,37.0,0.0254,0.0703,0.9219,0.0709,0.9417,0.5361,0.521,70.0,111.0,133.0,160.0,52.3009,6
537,8.95,10.7923,8.1078,1.1536,0.0083,21.8482,9.0,10.0,37.0,0.0268,0.0719,0.9188,0.0722,0.9417,0.5365,0.5203,82.0,110.0,141.0,148.0,56.3992,6
538,8.9667,10.9452,8.6051,1.1979,0.0074,19.9613,9.0,10.0,37.0,0.0277,0.0734,0.9159,0.0722,0.9389,0.5347,0.5194,88.0,108.0,138.0,134.0,59.8609,6
539,8.9833,11.116,9.0845,1.0059,0.0071,17.7993,9.0,10.0,37.0,0.0286,0.0749,0.9114,0.0748,0.9389,0.5331,0.5189,84.0,104.0,132.0,119.0,62.6296,6
540,9.0,11.0877,9.4901,2.0341,0.0069,18.0652,9.0,11.0,38.0,0.0295,0.075,0.9109,0.075,0.9389,0.5317,0.5179,87.0,100.0,129.0,92.0,69.773,6
541,9.0167,12.1999,12.7974,1.8012,0.0158,14.725,9.0,11.0,38.0,0.04,0.0892,0.8884,0.4083,0.9389,0.5148,0.5142,107.0,109.0,112.0,78.0,67.2077,5
542,9.0333,12.6649,14.1255,2.2499,0.0134,26.8501,9.0,11.0,38.0,0.0428,0.0948,0.8777,0.4083,0.9389,0.5099,0.5123,105.0,117.0,133.0,69.0,72.5001,5
543,9.05,13.0002,15.0721,2.1765,0.0116,30.572,9.0,11.0,38.0,0.0444,0.0974,0.8756,0.4083,0.9389,0.5116,0.5123,91.0,104.0,127.0,61.0,78.164,5
544,9.0667,13.3116,15.9353,2.0123,0.0105,26.5559,9.0,11.0,38.0,0.046,0.104,0.8734,0.4083,0.9389,0.5086,0.5117,77.0,95.0,120.0,53.0,81.4556,5
545,9.0833,13.4725,16.3538,1.7216,0.0093,19.7754,9.0,11.0,38.0,0.0465,0.1062,0.87,0.4083,0.9389,0.5092,0.5119,76.0,93.0,118.0,54.5,82.4751,5
546,9.1,13.8587,17.6509,2.0637,0.0125,16.0496,9.0,11.0,38.0,0.0512,0.1125,0.8625,0.4111,0.9389,0.4988,0.5118,87.0,101.0,116.0,55.0,81.8363,5
547,9.1167,14.0557,18.2005,1.8087,0.0111,17.097,9.0,11.0,38.0,0.0525,0.1172,0.8594,0.4111,0.9389,0.4949,0.5116,80.0,90.0,111.0,68.0,81.7649,5
548,9.1333,14.1373,18.4301,1.8409,0.0103,15.9022,9.0,11.0,38.0,0.0534,0.1219,0.8562,0.4111,0.9389,0.4939,0.5113,76.0,83.0,103.0,72.0,81.7453,5
549,9.15,14.1697,18.5016,1.3538,0.0089,13.1289,9.0,11.0,38.0,0.0544,0.1222,0.8516,0.4111,0.9389,0.4939,0.5117,59.0,60.0,66.0,86.0,81.9338,5
550,9.1667,14.7407,19.6958,1.9188,0.0097,11.603,9.0,11.0,38.0,0.057,0.1078,0.85,0.4111,0.9361,0.496,0.5101,66.0,70.0,74.0,102.0,81.434,5
551,9.1833,15.1954,20.9442,1.9908,0.0167,10.8644,9.0,11.0,38.0,0.066,0.1219,0.8484,0.4111,0.9361,0.5029,0.5064,81.0,94.0,116.0,102.0,78.7858,5
552,9.2,15.38,21.4837,2.416,0.0122,19.6037,9.0,11.0,38.0,0.0675,0.1266,0.8484,0.4111,0.9361,0.5028,0.5059,58.0,79.0,97.0,115.0,78.3207,5
553,9.2167,15.6375,22.2455,1.9486,0.011,17.215,9.0,11.0,38.0,0.0691,0.1312,0.8469,0.4111,0.9361,0.5025,0.5055,47.0,51.5,65.5,115.0,80.9559,5
554,9.2333,15.8154,22.8234,1.831,0.0095,14.3212,9.0,11.0,38.0,0.0702,0.1328,0.8469,0.4111,0.9361,0.5026,0.505,37.0,40.0,47.0,115.0,81.6988,5
555,9.25,15.9879,23.3122,1.4003,0.008,11.4031,9.0,11.0,38.0,0.0714,0.1368,0.8469,0.4111,0.9361,0.5021,0.5049,28.0,32.0,40.0,102.0,82.9921,5
556,9.2667,16.1754,23.8071,1.3441,0.0073,10.1784,9.0,11.0,38.0,0.0725,0.1375,0.8469,0.4111,0.9361,0.5016,0.5047,25.0,27.0,38.0,89.0,84.3052,5
557,9.2833,16.3235,24.227,1.056,0.0064,8.3355,9.0,11.0,38.0,0.073,0.1379,0.8469,0.4111,0.9361,0.502,0.5044,24.0,26.0,33.0,81.0,85.0665,5
558,9.3,16.4692,24.6496,1.0758,0.006,6.8223,9.0,11.0,38.0,0.0736,0.1391,0.8469,0.4111,0.9361,0.502,0.5043,20.0,22.0,27.0,70.0,86.012,5
559,9.3167,16.587,24.986,0.8341,0.0052,5.9155,9.0,11.0,38.0,0.074,0.1406,0.8469,0.4111,0.9361,0.5016,0.5042,18.0,19.0,25.0,70.0,86.525,5
560,9.3333,16.72,25.317,0.901,0.0049,4.9906,9.0,11.0,38.0,0.0744,0.1422,0.8469,0.4111,0.9361,0.5011,0.5044,18.0,17.5,23.0,68.0,87.5008,5
561,9.35,16.7714,25.4741,0.5731,0.0043,2.9594,9.0,11.0,38.0,0.0747,0.1422,0.8469,0.4111,0.9361,0.5013,0.5042,18.0,18.0,23.0,71.0,88.0394,4
562,9.3667,16.7847,25.4846,0.6944,0.0039,2.9812,9.0,11.0,38.0,0.0747,0.1422,0.8469,0.4111,0.9361,0.5007,0.5044,18.0,18.0,24.0,83.0,87.6689,4
563,9.3833,16.7761,25.4713,0.4429,0.0036,2.5951,9.0,11.0,38.0,0.0753,0.1429,0.8469,0.4111,0.9361,0.5003,0.5045,17.0,18.0,24.0,80.5,87.4719,4
564,9.4,16.7942,25.4563,0.5383,0.0027,2.5449,9.0,11.0,38.0,0.0756,0.1438,0.8469,0.4111,0.9361,0.5005,0.5043,15.0,17.0,26.0,79.0,87.9701,4
565,9.4167,16.7546,25.3549,0.3052,0.0023,2.2555,9.0,11.0,38.0,0.0756,0.1438,0.8467,0.4111,0.9361,0.4998,0.5044,15.0,16.0,25.0,79.0,87.2022,4
566,9.4333,16.7587,25.2916,0.4246,0.0021,2.1872,9.0,11.0,38.0,0.0761,0.1453,0.8453,0.4111,0.9361,0.4989,0.5044,15.0,16.0,24.0,87.0,86.3609,5
567,9.45,16.7246,25.2105,0.2352,0.0019,1.8557,9.0,11.0,38.0,0.0759,0.1453,0.8456,0.4111,0.9361,0.5,0.5043,15.0,16.0,24.0,96.0,86.4044,5
568,9.4667,16.7261,25.1308,0.3579,0.0015,1.7337,9.0,11.0,38.0,0.076,0.1453,0.8453,0.4111,0.9361,0.5,0.5043,13.0,15.0,23.0,104.0,85.9996,5
569,9.4833,16.6881,25.0292,0.1891,0.0013,1.691,9.0,11.0,38.0,0.0761,0.1453,0.8453,0.4111,0.9361,0.4997,0.5042,13.0,16.0,24.0,116.0,85.4136,5
570,9.5,16.7026,24.9718,0.3279,0.0011,1.5509,9.0,11.0,38.0,0.076,0.1453,0.8453,0.4111,0.9361,0.4996,0.5043,15.0,15.0,24.0,126.0,85.0755,5
571,9.5167,16.6728,24.8932,0.1572,0.0009,1.3821,9.0,11.0,38.0,0.0759,0.1453,0.8453,0.4111,0.9361,0.4997,0.5043,15.0,15.0,24.0,127.0,84.6237,5
572,9.5333,16.7261,24.9304,0.2373,0.001,0.7298,9.0,11.0,38.0,0.0759,0.1453,0.8453,0.4111,0.9361,0.4997,0.5044,13.0,13.0,23.0,127.0,84.565,5
573,9.55,16.7554,25.0022,0.0863,0.0006,0.5982,9.0,11.0,38.0,0.076,0.1453,0.8453,0.4111,0.9361,0.4996,0.5044,13.0,13.0,23.0,127.0,84.6584,5
574,9.5667,16.8562,25.1482,0.3327,0.0007,0.9345,9.0,11.0,38.0,0.0762,0.1453,0.8453,0.4111,0.9361,0.4997,0.5043,13.0,13.0,23.0,127.0,85.1606,5
575,9.5833,16.9247,25.3273,0.1028,0.0005,0.8968,9.0,11.0,38.0,0.0764,0.1453,0.8453,0.4111,0.9361,0.4997,0.5042,13.0,13.0,22.0,121.0,85.5996,5
576,9.6,17.0122,25.4362,0.2382,0.0005,0.731,9.0,11.0,38.0,0.0765,0.1453,0.8453,0.4111,0.9361,0.4998,0.5042,13.0,13.0,20.0,115.0,86.023,5
577,9.6167,17.0645,25.5742,0.0819,0.0003,0.6866,9.0,11.0,38.0,0.0767,0.1453,0.8453,0.4111,0.9361,0.5,0.5041,13.0,13.0,20.0,109.0,86.4466,5
578,9.6333,17.1627,25.7018,0.2556,0.0004,0.7383,9.0,11.0,38.0,0.0768,0.1453,0.8453,0.4111,0.9361,0.5,0.5041,13.0,13.0,20.0,102.0,87.0047,5
579,9.65,17.1973,25.7911,0.062,0.0003,0.5089,9.0,11.0,38.0,0.0768,0.1453,0.8453,0.4111,0.9361,0.5001,0.504,13.0,13.0,20.0,100.0,87.4121,5
580,9.6667,17.3095,25.935,0.254,0.0004,0.7752,9.0,11.0,38.0,0.0769,0.1469,0.8453,0.4111,0.9361,0.5004,0.504,13.0,13.0,19.0,90.0,88.032,5
581,9.6833,17.3431,26.0125,0.1168,0.0002,0.4542,9.0,11.0,38.0,0.0769,0.1469,0.8453,0.4111,0.9361,0.5005,0.504,13.0,13.0,19.0,85.0,88.3828,5
582,9.7,17.4397,26.1354,0.2385,0.0004,0.684,9.0,11.0,38.0,0.0769,0.1469,0.8453,0.4111,0.9361,0.5007,0.504,13.0,13.0,18.0,79.0,88.9118,5
583,9.7167,17.4729,26.2156,0.0928,0.0002,0.4822,9.0,11.0,38.0,0.0769,0.1469,0.8453,0.4111,0.9361,0.5008,0.504,15.0,13.0,18.0,73.0,89.2037,5
584,9.7333,17.571,26.3147,0.2653,0.0003,0.5652,9.0,11.0,38.0,0.0769,0.1469,0.8453,0.4111,0.9361,0.5009,0.504,15.0,13.0,18.0,67.0,89.6089,5
585,9.75,17.603,26.3946,0.0577,0.0003,0.4572,9.0,11.0,38.0,0.0769,0.1469,0.8453,0.4111,0.9361,0.5007,0.504,15.0,13.0,17.0,61.0,89.9299,5
586,9.7667,17.6728,26.4665,0.1973,0.0003,0.4597,9.0,11.0,38.0,0.077,0.1459,0.8453,0.4111,0.9361,0.5008,0.504,15.0,13.0,16.0,57.0,90.1841,5
587,9.7833,17.7026,26.535,0.0744,0.0003,0.4464,9.0,11.0,38.0,0.0769,0.1469,0.8453,0.4111,0.9361,0.5006,0.504,15.0,13.0,16.0,52.0,90.4827,5
588,9.8,17.7794,26.603,0.1963,0.0004,0.4359,9.0,11.0,39.0,0.077,0.1469,0.8453,0.4111,0.9361,0.5007,0.504,15.0,13.0,16.0,47.0,90.7634,5
589,9.8167,17.8021,26.6342,0.0739,0.0002,0.3103,9.0,11.0,39.0,0.0769,0.1469,0.8453,0.4111,0.9361,0.5006,0.504,15.0,13.0,16.0,45.0,90.885,5
590,9.8333,17.8983,26.7091,0.266,0.0003,0.5003,9.0,11.0,38.0,0.0769,0.1456,0.8453,0.4111,0.9361,0.5006,0.504,15.0,13.0,16.0,40.0,91.2402,5
591,9.85,17.9202,26.7614,0.0481,0.0001,0.315,9.0,11.0,39.0,0.077,0.1469,0.8453,0.4111,0.9361,0.5007,0.504,15.0,13.0,16.0,38.0,91.3992,5
592,9.8667,17.9878,26.7942,0.2167,0.0002,0.3659,9.0,11.0,38.0,0.0769,0.1469,0.8453,0.4111,0.9361,0.5005,0.504,15.0,13.0,16.0,36.0,91.5802,5
593,9.8833,18.0204,26.8654,0.0819,0.0001,0.3568,9.0,11.0,38.0,0.077,0.146,0.8453,0.4111,0.9361,0.5006,0.504,15.0,13.0,15.0,33.0,91.7365,5
594,9.9,18.1015,26.8947,0.3105,0.0002,0.2731,9.0,11.0,39.0,0.077,0.1469,0.8453,0.4111,0.9361,0.5007,0.5039,15.0,13.0,15.0,31.0,91.8406,4
595,9.9167,18.1115,26.9156,0.0375,0.0001,0.178,9.0,11.0,39.0,0.077,0.1469,0.8462,0.4111,0.9361,0.5007,0.5039,15.0,13.0,15.0,30.0,91.958,4
596,9.9333,18.1816,26.9538,0.2198,0.0001,0.2966,9.0,11.0,39.0,0.0771,0.1469,0.8453,0.4111,0.9361,0.5006,0.5039,15.0,13.0,15.0,29.0,92.1305,4
597,9.95,18.1906,26.9652,0.033,0.0001,0.1545,9.0,11.0,39.0,0.077,0.1469,0.8453,0.4111,0.9361,0.5005,0.504,15.0,13.0,15.0,29.0,92.1883,4
598,9.9667,18.2706,26.9942,0.2082,0.0001,0.2306,9.0,11.0,39.0,0.0771,0.1462,0.846,0.4111,0.9361,0.5004,0.504,15.0,13.0,15.0,27.0,92.3021,5
599,9.9833,18.3052,27.0833,0.0524,0.0002,0.4424,9.0,11.0,39.0,0.0772,0.1453,0.8457,0.4111,0.9361,0.5004,0.504,15.0,13.0,15.0,26.0,92.472,5
600,10.0,18.4723,27.146,1.3583,0.0017,2.5842,9.0,11.0,39.0,0.0762,0.1453,0.8453,0.4111,0.9361,0.5003,0.5042,13.0,13.0,16.0,3.0,93.8636,5
601,10.0167,18.4744,27.1521,0.0069,0.0001,0.0682,9.0,11.0,39.0,0.0763,0.1453,0.8453,0.4111,0.9361,0.5003,0.5042,12.0,12.0,16.0,3.0,93.9545,5
602,10.0333,18.5022,27.1497,0.3166,0.0,0.0094,9.0,11.0,39.0,0.0763,0.1453,0.8453,0.4111,0.9361,0.5002,0.5042,12.0,12.0,16.0,3.0,93.948,5
603,10.05,18.5089,27.1508,0.0387,0.0,0.0062,9.0,11.0,39.0,0.0763,0.1453,0.8453,0.4111,0.9361,0.5003,0.5041,12.0,12.0,16.0,3.0,93.9463,5
604,10.0667,18.5323,27.1558,0.1476,0.0,0.0082,10.0,11.0,39.0,0.0763,0.1453,0.8453,0.4111,0.9361,0.5003,0.5041,12.0,12.0,16.0,3.0,93.9563,5
605,10.0833,18.5507,27.1529,0.2374,0.0001,0.0138,9.0,10.0,39.0,0.0763,0.1453,0.8453,0.4111,0.9361,0.5002,0.5042,12.0,12.0,16.0,3.0,93.9475,5
606,10.1,18.6023,27.1563,0.23,0.0001,0.0123,9.0,10.0,39.0,0.0763,0.1453,0.8453,0.4111,0.9361,0.5002,0.5042,12.0,12.0,16.0,3.0,93.8988,5
607,10.1167,18.6154,27.1572,0.0622,0.0,0.0107,9.0,10.0,39.0,0.0763,0.1453,0.8453,0.4111,0.9361,0.5003,0.5042,12.0,12.0,16.0,3.0,93.8995,5
608,10.1333,18.6852,27.1629,0.2512,0.0001,0.0135,9.0,11.0,39.0,0.0763,0.1453,0.8453,0.4111,0.9361,0.5003,0.5042,12.0,12.0,16.0,3.0,93.9108,5
609,10.15,18.6931,27.1635,0.0316,0.0,0.0022,9.0,11.0,39.0,0.0763,0.1453,0.8453,0.4111,0.9361,0.5003,0.5042,12.0,12.0,16.0,3.0,93.9068,5
610,10.1667,18.7169,27.163,0.0704,0.0,0.0067,9.0,11.0,39.0,0.0763,0.1453,0.8453,0.4111,0.9361,0.5003,0.5042,12.0,12.0,16.0,3.0,93.9113,5
611,10.1833,18.7443,27.1683,0.1132,0.0,0.0055,9.0,11.0,39.0,0.0764,0.1453,0.8453,0.4111,0.9361,0.5003,0.5042,12.0,12.0,16.0,3.0,93.8975,5
612,10.2,18.8336,27.1722,0.263,0.0001,0.0106,9.0,11.0,39.0,0.0763,0.1453,0.8453,0.4111,0.9361,0.5004,0.5042,12.0,12.0,16.0,3.0,93.9196,5
613,10.2167,18.8365,27.1714,0.0151,0.0,0.0008,9.0,11.0,39.0,0.0763,0.1453,0.8455,0.4111,0.9361,0.5004,0.5041,12.0,12.0,16.0,3.0,93.9171,5
614,10.2333,18.9147,27.1742,0.2619,0.0,0.0118,9.0,11.0,39.0,0.0763,0.1453,0.8455,0.4111,0.9361,0.5004,0.5041,12.0,12.0,16.0,3.0,93.9263,5
615,10.25,18.921,27.1739,0.0331,0.0,0.0062,9.0,11.0,39.0,0.0763,0.1453,0.8455,0.4111,0.9361,0.5004,0.5041,12.0,12.0,16.0,3.0,93.9258,5
616,10.2667,18.9826,27.1742,0.1928,0.0,0.0152,9.0,10.0,39.0,0.0763,0.1453,0.8456,0.4111,0.9361,0.5004,0.5041,12.0,12.0,16.0,3.0,93.959,5
617,10.2833,18.9872,27.1735,0.0201,0.0,0.001,9.0,10.0,39.0,0.0763,0.1453,0.8456,0.4111,0.9361,0.5004,0.5041,12.0,12.0,16.0,3.0,93.9585,5
618,10.3,19.0681,27.175,0.2373,0.0,0.0088,10.0,11.0,39.0,0.0763,0.1453,0.8453,0.4111,0.9361,0.5003,0.5041,12.0,12.0,16.0,3.0,93.934,5
619,10.3167,19.076,27.1733,0.0614,0.0,0.0019,10.0,11.0,39.0,0.0763,0.1453,0.8453,0.4111,0.9361,0.5003,0.5041,12.0,12.0,16.0,3.0,93.9306,5
620,10.3333,19.1405,27.1715,0.1588,0.0,0.0092,10.0,11.0,39.0,0.0763,0.1453,0.8453,0.4111,0.9361,0.5004,0.5041,12.0,12.0,16.0,3.0,93.9286,5
621,10.35,19.1438,27.1715,0.0132,0.0,0.0004,10.0,11.0,39.0,0.0763,0.1453,0.8453,0.4111,0.9361,0.5003,0.5041,12.0,12.0,16.0,3.0,93.9259,5
622,10.3667,19.1957,27.1695,0.2489,0.0,0.0086,10.0,11.0,39.0,0.0763,0.1453,0.8453,0.4111,0.9361,0.5003,0.5041,12.0,12.0,16.0,3.0,93.9458,5
623,10.3833,19.2031,27.1698,0.0282,0.0,0.0017,10.0,11.0,39.0,0.0763,0.1453,0.8453,0.4111,0.9361,0.5003,0.5041,12.0,12.0,16.0,3.0,93.9465,5
624,10.4,19.2665,27.1698,0.1502,0.0,0.0056,10.0,11.0,40.0,0.0763,0.1453,0.8453,0.4111,0.9361,0.5004,0.5041,12.0,12.0,16.0,3.0,93.967,5
625,10.4167,19.274,27.1728,0.0333,0.0,0.0028,10.0,11.0,39.0,0.0763,0.1453,0.8457,0.4111,0.9361,0.5004,0.5041,12.0,12.0,16.0,3.0,93.9714,5
626,10.4333,19.3099,27.1718,0.1683,0.0,0.0134,10.0,11.0,40.0,0.0763,0.1453,0.8457,0.4111,0.9361,0.5004,0.5041,12.0,12.0,16.0,3.0,93.974,5
627,10.45,19.3167,27.1709,0.021,0.0,0.0013,10.0,11.0,40.0,0.0763,0.1453,0.8457,0.4111,0.9361,0.5004,0.5041,12.0,12.0,16.0,3.0,93.9837,5
628,10.4667,19.3656,27.1799,0.2278,0.0001,0.0083,10.0,11.0,40.0,0.0763,0.1453,0.8453,0.4111,0.9361,0.5003,0.5041,12.0,12.0,16.0,3.0,93.9632,5
629,10.4833,19.371,27.1798,0.0196,0.0,0.001,10.0,11.0,40.0,0.0763,0.1453,0.8453,0.4111,0.9361,0.5004,0.5041,12.0,12.0,16.0,3.0,93.9636,5
630,10.5,19.4202,27.1762,0.1941,0.0,0.0082,10.0,11.0,40.0,0.0763,0.1453,0.8453,0.4111,0.9361,0.5003,0.5041,12.0,12.0,16.0,3.0,93.948,5
631,10.5167,19.4282,27.1768,0.0394,0.0,0.0008,10.0,11.0,40.0,0.0763,0.1453,0.8453,0.4111,0.9361,0.5003,0.504,12.0,12.0,16.0,3.0,93.9372,5
632,10.5333,19.4502,27.1764,0.0757,0.0,0.0011,10.0,11.0,40.0,0.0763,0.1453,0.8453,0.4111,0.9361,0.5003,0.504,12.0,12.0,16.0,3.0,93.938,5
633,10.55,19.4825,27.1757,0.0635,0.0,0.0034,10.0,11.0,40.0,0.0763,0.1453,0.8453,0.4111,0.9361,0.5003,0.504,12.0,12.0,16.0,3.0,93.9371,5
634,10.5667,19.5193,27.1599,0.1491,0.0,0.0739,10.0,11.0,40.0,0.0763,0.1453,0.8453,0.4111,0.9361,0.5003,0.504,12.0,12.0,16.0,3.0,93.9369,5
635,10.5833,19.5097,27.1031,0.1274,0.0001,0.2276,10.0,11.0,40.0,0.0762,0.1453,0.8453,0.4111,0.9361,0.5002,0.5041,12.0,12.0,16.0,3.0,93.9265,5
636,10.6,19.5244,27.0601,0.155,0.0001,0.1903,10.0,11.0,40.0,0.0762,0.1453,0.8453,0.4111,0.9361,0.5002,0.5041,13.0,13.0,16.0,3.0,93.8694,5
637,10.6167,19.5161,27.0206,0.034,0.0001,0.1804,10.0,11.0,40.0,0.0761,0.1453,0.8453,0.4111,0.9361,0.5,0.5041,13.0,13.0,16.0,3.0,93.7695,5
638,10.6333,19.5161,26.935,0.1742,0.0003,0.397,10.0,11.0,40.0,0.0759,0.1453,0.8469,0.4111,0.9361,0.5,0.5041,13.0,13.0,16.0,3.0,93.6653,5
639,10.65,19.4974,26.8703,0.0384,0.0001,0.2686,10.0,11.0,40.0,0.0758,0.1453,0.8469,0.4111,0.9361,0.5,0.5042,13.0,13.0,16.0,3.0,93.5839,5
640,10.6667,19.4735,26.7193,0.234,0.0004,0.701,10.0,11.0,40.0,0.0755,0.1453,0.8469,0.4111,0.9361,0.4999,0.5043,15.0,15.0,17.0,3.0,93.3639,5
641,10.6833,19.4409,26.6155,0.0584,0.0003,0.4549,10.0,11.0,40.0,0.0753,0.146,0.8469,0.4111,0.9361,0.4997,0.5044,15.0,15.0,17.0,3.0,93.2235,5
642,10.7,19.3883,26.4436,0.1293,0.0005,0.7905,9.0,11.0,40.0,0.0749,0.1469,0.8469,0.4111,0.9361,0.4999,0.5044,16.0,16.0,18.0,3.0,93.1549,5
643,10.7167,19.2884,26.1074,0.1705,0.0008,1.523,9.0,11.0,40.0,0.0741,0.1469,0.8469,0.4111,0.9361,0.4999,0.5045,18.0,18.0,20.0,3.0,92.6189,5
644,10.7333,19.2076,25.8152,0.2688,0.0009,1.3427,10.0,11.0,40.0,0.0734,0.1469,0.8469,0.4111,0.9361,0.4997,0.5048,20.0,20.0,23.0,3.0,92.1885,5
645,10.75,19.072,25.4151,0.2063,0.0011,1.8172,10.0,11.0,40.0,0.0724,0.1469,0.8469,0.4111,0.9361,0.4996,0.505,26.0,26.0,27.0,3.0,91.573,5
646,10.7667,18.8688,24.8435,0.3278,0.0018,2.6732,10.0,11.0,40.0,0.0707,0.1498,0.8469,0.4111,0.9361,0.4997,0.5054,34.0,34.0,37.0,3.0,90.6319,5
647,10.7833,18.5679,23.9808,0.3446,0.0026,4.0044,10.0,11.0,39.5,0.0682,0.15,0.8469,0.4111,0.9361,0.4994,0.5061,65.0,65.0,67.0,3.0,88.9666,5
648,10.8,17.6207,21.3245,1.1021,0.0107,1.4938,10.0,11.0,39.0,0.0576,0.1344,0.85,0.4111,0.9361,0.492,0.5108,24.0,24.0,25.0,3.0,93.4215,5
649,10.8167,17.3818,20.6286,0.2781,0.0008,1.6097,10.0,11.0,39.0,0.0569,0.1329,0.85,0.4111,0.9361,0.4927,0.511,26.0,26.0,28.0,3.0,92.9891,5
650,10.8333,17.2331,20.1855,0.3151,0.0013,2.4177,9.0,11.0,39.0,0.0557,0.1297,0.8516,0.4111,0.9361,0.4943,0.5112,37.0,37.0,39.0,3.0,92.3449,5
651,10.85,17.051,19.6355,0.2316,0.0013,3.0758,9.0,11.0,39.0,0.0544,0.1256,0.8516,0.4111,0.9389,0.4958,0.5114,55.5,55.5,57.0,3.0,91.0752,5
652,10.8667,16.6339,18.4236,0.6028,0.005,3.1027,10.0,11.0,40.0,0.0495,0.1125,0.8625,0.4111,0.9389,0.506,0.5111,38.0,38.0,40.0,3.0,92.2512,5
653,10.8833,16.3211,17.4867,0.342,0.0012,2.4246,10.0,11.0,40.0,0.0484,0.1078,0.8648,0.4111,0.9389,0.5068,0.5114,50.0,50.0,52.0,3.0,91.4667,5
654,10.9,16.0914,16.8457,0.3598,0.0019,4.3125,10.0,11.0,39.0,0.0466,0.1062,0.8672,0.4111,0.9389,0.5083,0.5118,86.0,97.0,112.0,3.0,89.6552,5
655,10.9167,15.8119,16.0063,0.3436,0.0022,5.873,10.0,11.0,39.0,0.0446,0.098,0.8734,0.4111,0.9389,0.5097,0.5124,107.0,115.0,125.0,3.0,86.6588,5
656,10.9333,15.3176,14.569,0.6365,0.005,9.2288,10.0,11.0,39.0,0.0396,0.0891,0.8874,0.4056,0.9389,0.5154,0.5138,96.0,97.0,100.0,5.0,82.8454,5
657,10.95,14.3886,11.7744,0.9834,0.0084,3.0039,10.0,11.0,39.0,0.0313,0.075,0.9075,0.0861,0.9389,0.53,0.517,76.0,82.0,100.0,3.0,91.0601,5
658,10.9667,14.2662,11.5013,0.2492,0.0009,2.8275,10.0,11.0,39.0,0.0306,0.075,0.9078,0.0861,0.9389,0.5316,0.5177,86.0,96.5,112.0,4.0,90.112,5
659,10.9833,14.1127,11.0518,0.1706,0.0013,4.9547,10.0,11.0,39.0,0.0294,0.0747,0.9109,0.0828,0.9389,0.5347,0.5188,97.0,108.0,131.0,3.0,88.5174,5
660,11.0,13.7018,10.3381,1.2666,0.0021,8.7782,9.0,11.0,39.0,0.0274,0.0703,0.917,0.0722,0.9413,0.5372,0.5198,118.0,122.0,133.0,4.0,82.3125,5
661,11.0167,13.5172,9.7898,0.1951,0.0021,5.0454,9.0,11.0,39.0,0.0254,0.0688,0.9219,0.0694,0.9417,0.5468,0.5233,88.0,89.0,93.0,5.0,81.8713,5
662,11.0333,13.1359,8.6331,0.5223,0.0031,4.6063,9.0,11.0,40.0,0.0224,0.0656,0.9281,0.0686,0.9417,0.5593,0.528,113.0,123.0,145.0,3.0,84.9018,6
663,11.05,13.0153,8.2811,0.2419,0.0008,5.2615,9.0,11.0,39.0,0.0217,0.0656,0.9312,0.0667,0.9417,0.5603,0.5287,129.0,132.0,148.0,4.0,82.2418,5
664,11.0667,12.8651,7.8524,0.4329,0.0012,6.9471,9.0,11.0,39.0,0.0206,0.0641,0.9312,0.0667,0.9417,0.5604,0.5294,138.0,139.0,148.0,4.0,78.5212,5
665,11.0833,12.6849,7.3277,0.2216,0.0012,8.699,9.0,11.0,39.0,0.0194,0.0641,0.9375,0.0667,0.9417,0.5614,0.5302,136.0,136.0,146.0,4.0,73.7447,5
666,11.1,12.3823,6.5911,0.6605,0.0017,13.2333,9.0,11.0,39.0,0.0177,0.0609,0.9406,0.0639,0.9417,0.5588,0.5317,129.0,129.0,133.0,5.0,64.481,5
667,11.1167,12.0387,5.5973,0.3918,0.0039,20.7469,9.0,11.0,39.0,0.0138,0.0578,0.9422,0.0611,0.9417,0.564,0.5369,103.0,104.0,107.0,7.0,52.7586,5
668,11.1333,10.7889,2.0781,1.5293,0.0125,0.5311,9.0,11.0,39.0,0.0013,0.0344,0.9641,0.05,0.9472,0.4705,0.7113,93.0,107.0,137.0,75.0,135.2534,3
669,11.15,10.7917,2.0798,0.0333,0.0,0.0377,9.0,11.0,39.0,0.0013,0.0344,0.9641,0.05,0.9472,0.4705,0.7113,93.0,107.0,137.0,75.0,135.277,3
670,11.1667,10.7775,2.1005,0.3228,0.0,0.37,9.0,11.0,39.0,0.0013,0.0345,0.9641,0.05,0.9472,0.4719,0.7149,93.0,106.0,137.0,75.0,135.2662,3
671,11.1833,10.7786,2.1006,0.0348,0.0,0.1495,9.0,11.0,39.0,0.0013,0.05,0.9641,0.05,0.9472,0.4734,0.7143,93.0,105.0,137.0,75.0,135.4473,3
672,11.2,10.7182,2.0874,0.4321,0.0,0.6656,9.0,11.0,39.0,0.0013,0.05,0.9641,0.05,0.9472,0.4706,0.7129,93.0,105.0,137.0,74.0,135.1528,3
673,11.2167,10.7542,2.1299,0.2826,0.0,0.213,9.0,11.0,39.0,0.0013,0.05,0.9641,0.05,0.9471,0.4722,0.7137,93.0,105.0,136.5,74.0,134.8795,3
674,11.2333,10.6976,2.1225,0.207,0.0,0.6126,9.0,11.0,39.0,0.0013,0.05,0.9641,0.05,0.9472,0.4748,0.7151,92.0,106.0,136.0,74.0,135.3048,3
675,11.25,10.6967,2.1229,0.026,0.0,0.1015,9.0,11.0,39.0,0.0013,0.05,0.9641,0.05,0.9472,0.4748,0.7151,93.0,106.0,136.0,74.0,135.3889,3
676,11.2667,10.6527,2.1247,0.189,0.0,0.5861,9.0,11.0,39.0,0.0013,0.05,0.9641,0.05,0.9472,0.4736,0.7158,91.0,105.0,134.0,73.0,135.0323,3
677,11.2833,10.6536,2.1249,0.022,0.0,0.1056,9.0,11.0,39.0,0.0013,0.05,0.9641,0.05,0.9472,0.4736,0.7158,91.0,105.0,134.0,73.0,135.0711,3
678,11.3,10.5976,2.1282,0.2667,0.0,0.6161,9.0,11.0,39.0,0.0013,0.05,0.9641,0.05,0.9472,0.4736,0.7158,93.0,105.0,134.0,73.0,135.3669,3
679,11.3167,10.5928,2.1266,0.0316,0.0,0.3124,9.0,11.0,39.0,0.0013,0.05,0.9641,0.05,0.9472,0.4736,0.7158,93.0,105.0,134.0,73.0,135.2961,3
680,11.3333,10.5283,2.1289,0.2787,0.0,0.527,9.0,11.0,39.0,0.0013,0.05,0.9641,0.05,0.9471,0.4725,0.7165,91.0,105.0,134.0,73.0,135.0507,3
681,11.35,10.5274,2.1283,0.021,0.0,0.0877,9.0,11.0,39.0,0.0013,0.05,0.9641,0.05,0.9471,0.4725,0.7165,91.0,105.0,134.0,73.0,134.9684,3
682,11.3667,10.4758,2.136,0.3417,0.0,0.5651,9.0,11.0,39.0,0.0013,0.05,0.9641,0.05,0.9472,0.4738,0.7159,91.0,105.0,133.0,72.0,134.9674,3
683,11.3833,10.7375,2.9263,0.3198,0.0018,0.1788,9.0,11.0,39.0,0.0031,0.05,0.9469,0.0528,0.9417,0.5856,0.5862,45.0,60.0,89.0,118.0,66.3529,5
684,11.4,10.7367,3.1836,0.7299,0.0055,11.4081,9.0,11.0,39.0,0.0064,0.0531,0.9453,0.0556,0.9417,0.6336,0.5391,53.0,77.0,111.0,133.0,45.4086,4
685,11.4167,10.7976,3.3719,0.4245,0.0039,26.9768,9.0,11.0,39.0,0.0072,0.0531,0.9453,0.0556,0.9417,0.641,0.5338,62.0,89.0,127.0,132.0,46.6151,4
686,11.4333,10.8209,3.521,0.4646,0.0034,23.5284,9.0,11.0,39.0,0.0077,0.0531,0.9453,0.0556,0.9417,0.6468,0.5311,69.0,98.0,136.0,128.0,48.923,4
687,11.45,10.8458,3.6665,0.4823,0.0029,21.7336,9.0,11.0,39.0,0.0081,0.0531,0.9453,0.0556,0.9417,0.6502,0.5293,76.0,105.0,140.0,126.0,51.5197,4
688,11.4667,10.7674,3.8102,0.6408,0.0026,20.7058,9.0,11.0,39.0,0.0086,0.0531,0.9439,0.0556,0.9417,0.6543,0.5275,83.0,110.0,144.0,126.0,54.2402,4
689,11.4833,10.8087,3.9397,0.3866,0.0024,18.1624,9.0,11.0,39.0,0.0089,0.0538,0.9438,0.0567,0.9417,0.6582,0.526,89.0,112.0,147.0,121.0,55.9721,4
690,11.5,10.7637,4.0654,0.5767,0.0023,16.9763,9.0,11.0,39.0,0.0093,0.0539,0.9438,0.0583,0.9417,0.661,0.5249,91.0,110.0,145.0,116.0,58.0602,4
691,11.5167,10.8047,4.192,0.3023,0.002,17.2172,9.0,11.0,39.0,0.0096,0.0533,0.9438,0.0583,0.9417,0.663,0.5243,94.0,109.0,139.0,110.0,59.724,4
692,11.5333,11.0254,4.8934,0.6036,0.0027,14.6696,9.0,11.0,39.0,0.0107,0.0547,0.9438,0.0583,0.9417,0.6539,0.5216,83.0,96.0,124.0,110.0,58.4178,4
693,11.55,11.1759,5.3804,0.6959,0.0064,15.2458,9.0,11.0,39.0,0.0143,0.0594,0.9422,0.0635,0.9417,0.6268,0.5158,68.0,89.0,124.0,114.0,53.2836,4
694,11.5667,11.1872,5.6907,0.9201,0.0047,24.5357,9.0,11.0,39.0,0.0151,0.0608,0.9422,0.0639,0.9417,0.6266,0.5148,79.0,103.0,137.0,112.0,55.6538,4
695,11.5833,11.2746,5.98,0.7132,0.004,22.8293,9.0,11.0,39.0,0.0157,0.0609,0.9422,0.0639,0.9417,0.6262,0.5141,86.0,107.5,138.0,108.0,57.9709,4
696,11.6,11.2488,6.232,0.8624,0.004,20.008,9.0,11.0,39.0,0.0162,0.0609,0.9422,0.0639,0.9417,0.6262,0.5137,90.0,107.0,136.0,105.0,59.8769,4
697,11.6167,11.3237,6.4996,0.6029,0.0036,18.1801,9.0,11.0,39.0,0.0167,0.0618,0.9413,0.0639,0.9417,0.6271,0.5135,90.0,104.0,132.5,102.0,62.9115,4
698,11.6333,11.3907,6.7569,0.5882,0.0032,15.7068,9.0,11.0,39.0,0.0171,0.0631,0.9406,0.0639,0.9417,0.6267,0.5132,89.0,101.0,126.0,96.0,64.3744,4
699,11.65,11.8549,8.2406,0.9863,0.0081,14.344,9.0,11.0,39.0,0.0229,0.0688,0.9281,0.0694,0.9417,0.5692,0.5085,69.0,89.0,118.0,102.0,59.1716,4
700,11.6667,11.8908,8.7665,1.3306,0.0066,23.0662,9.0,11.0,38.0,0.0242,0.0688,0.925,0.0694,0.9417,0.5617,0.5078,82.0,104.0,133.0,102.0,61.0655,4
701,11.6833,12.0384,9.2112,0.9348,0.0056,21.0533,9.0,11.0,38.0,0.0253,0.0703,0.9229,0.0694,0.9417,0.5594,0.5074,90.0,105.0,131.0,101.0,64.6582,4
702,11.7,12.0688,9.5587,1.0377,0.005,17.2662,9.0,11.0,38.0,0.0258,0.0703,0.9219,0.0722,0.9417,0.5587,0.5072,88.0,102.0,127.0,100.0,65.7234,4
703,11.7167,12.1881,9.9154,0.7254,0.0044,14.8149,9.0,11.0,38.0,0.0265,0.0705,0.9215,0.0722,0.9417,0.5559,0.5067,84.0,98.0,123.5,95.0,67.3874,4
704,11.7333,12.5331,11.0091,0.9528,0.0066,11.8708,9.0,11.0,38.0,0.0292,0.075,0.9123,0.0782,0.9389,0.5289,0.5048,63.0,73.0,94.0,90.0,64.5467,4
705,11.75,12.7248,11.7037,1.0702,0.0085,11.6144,9.0,11.0,38.0,0.0322,0.0752,0.906,0.2226,0.9389,0.5067,0.5031,83.0,102.0,125.0,90.0,65.5204,4
706,11.7667,12.7823,12.1683,1.3112,0.0064,18.3699,9.0,11.0,38.0,0.0332,0.0766,0.9034,0.3789,0.9389,0.5032,0.5027,89.0,101.0,123.5,86.0,67.8858,4
707,11.7833,12.9081,12.5583,0.9647,0.0054,15.9994,9.0,11.0,38.0,0.0338,0.0781,0.9016,0.4471,0.9389,0.5023,0.5025,84.0,94.0,117.0,85.0,70.2154,4
708,11.8,12.9462,12.8752,0.9457,0.0049,13.3606,9.0,11.0,38.0,0.0345,0.0789,0.9008,0.4458,0.9389,0.4995,0.5023,81.0,90.5,113.0,82.0,71.546,4
709,11.8167,13.051,13.2011,0.7189,0.0042,11.2656,9.0,11.0,38.0,0.0347,0.0781,0.9015,0.4444,0.9389,0.4982,0.502,74.0,83.0,100.5,77.0,72.4897,4
710,11.8333,13.078,13.4853,0.7986,0.0036,9.0426,9.0,11.0,38.0,0.0351,0.0797,0.9001,0.4444,0.9389,0.4977,0.5019,73.0,81.0,96.0,72.0,74.1766,4
711,11.85,13.1658,13.7567,0.5667,0.0036,7.232,9.0,11.0,38.0,0.0354,0.0797,0.8991,0.4444,0.9389,0.497,0.5017,72.0,74.0,81.0,65.0,74.8859,4
712,11.8667,13.1554,13.9824,0.6615,0.0031,6.4448,9.0,11.0,38.0,0.0359,0.0797,0.899,0.4417,0.9389,0.4953,0.5015,62.0,62.0,63.0,58.0,76.9969,4
713,11.8833,13.219,14.1918,0.4176,0.0026,5.2637,9.0,11.0,38.0,0.0361,0.0804,0.8984,0.4417,0.9389,0.4944,0.5015,52.0,53.0,54.0,50.0,77.8301,4
714,11.9,13.2058,14.3721,0.5423,0.0024,4.5121,9.0,11.0,38.0,0.0363,0.0797,0.8984,0.4417,0.9389,0.4934,0.5012,52.0,53.5,57.0,43.0,78.0428,4
715,11.9167,13.2578,14.5426,0.3171,0.002,3.833,9.0,11.0,38.0,0.0364,0.0797,0.8984,0.4417,0.9389,0.4931,0.5011,49.0,51.0,51.0,31.0,79.1746,4
716,11.9333,13.2231,14.6503,0.4404,0.0018,3.0381,9.0,11.0,37.5,0.0364,0.0825,0.8986,0.4417,0.9389,0.4931,0.5012,47.5,47.0,47.0,20.0,79.5534,4
717,11.95,13.2513,14.7508,0.2469,0.0017,2.3961,9.0,11.0,37.0,0.0367,0.0828,0.8984,0.4417,0.9389,0.4924,0.501,46.0,45.0,45.0,15.0,81.2087,4
718,11.9667,13.1914,14.787,0.3393,0.0014,2.069,9.0,11.0,37.0,0.0368,0.0828,0.8984,0.4417,0.9389,0.4918,0.5011,48.0,49.0,49.0,13.0,80.9408,4
719,11.9833,13.1934,14.794,0.1471,0.0011,1.7512,9.0,11.0,37.0,0.0368,0.0828,0.8984,0.4417,0.9389,0.4923,0.5011,44.0,42.0,44.0,13.0,80.7454,4
720,12.0,12.8662,14.6688,1.3151,0.0014,3.6594,9.0,10.0,37.0,0.0367,0.0828,0.8953,0.4417,0.9389,0.4919,0.5014,49.0,48.0,51.0,3.0,81.546,4
721,12.0167,12.8686,14.676,0.081,0.0008,1.0873,9.0,10.0,37.0,0.0368,0.0828,0.8953,0.4417,0.9389,0.4918,0.5014,38.0,38.0,39.0,3.0,82.4776,4
722,12.0333,12.8642,14.6634,0.3941,0.0006,0.9878,9.0,10.0,37.0,0.0368,0.0828,0.8953,0.4417,0.9389,0.4917,0.5015,41.0,41.0,41.0,3.0,82.1873,4
723,12.05,12.8834,14.6832,0.14,0.0005,0.8905,9.0,10.0,37.0,0.037,0.0828,0.895,0.4417,0.9389,0.4909,0.5015,48.0,47.0,48.5,3.0,82.116,4
724,12.0667,12.8583,14.678,0.2605,0.0003,0.6654,9.0,10.0,37.0,0.0369,0.0828,0.8952,0.4417,0.9389,0.4913,0.5014,44.0,42.0,45.0,3.0,81.9329,4
725,12.0833,12.8533,14.6805,0.252,0.0004,0.6894,9.0,10.0,37.0,0.0369,0.0828,0.8952,0.4417,0.9389,0.4914,0.5014,41.0,40.0,41.0,3.0,81.7782,4
726,12.1,12.769,14.6965,0.3762,0.0004,0.5356,9.0,10.0,37.0,0.0369,0.0828,0.8937,0.4417,0.9389,0.4914,0.5014,39.0,39.0,40.0,3.0,81.5524,4
727,12.1167,12.7717,14.7141,0.1408,0.0002,0.5083,9.0,10.0,37.0,0.0369,0.0828,0.8952,0.4417,0.9389,0.4913,0.5014,38.0,38.0,39.0,3.0,81.5906,4
728,12.1333,12.7665,14.73,0.1212,0.0001,0.3042,9.0,10.0,37.0,0.037,0.0828,0.8935,0.4417,0.9389,0.491,0.5013,44.0,43.0,45.0,3.0,81.5091,4
729,12.15,12.7574,14.7274,0.0496,0.0001,0.2801,9.0,10.0,37.0,0.037,0.0828,0.8935,0.4417,0.9389,0.4909,0.5013,47.0,45.5,48.0,3.0,81.3916,4
730,12.1667,12.7156,14.7495,0.2695,0.0001,0.2579,9.0,10.0,37.0,0.037,0.0828,0.8922,0.4417,0.9389,0.4909,0.5014,47.0,46.0,48.0,3.0,81.5819,4
731,12.1833,12.7207,14.7589,0.0515,0.0001,0.2445,9.0,10.0,37.0,0.037,0.0828,0.8922,0.4417,0.9389,0.4909,0.5014,50.0,49.0,51.0,3.0,81.513,4
732,12.2,12.667,14.7592,0.255,0.0001,0.1815,9.0,10.0,37.0,0.037,0.0835,0.8922,0.4417,0.9389,0.4911,0.5012,49.0,47.0,48.5,3.0,81.4522,4
733,12.2167,12.6673,14.7621,0.0406,0.0001,0.1094,9.0,10.0,37.0,0.037,0.0835,0.8922,0.4417,0.9389,0.4911,0.5013,49.0,47.0,49.0,3.0,81.4955,4
734,12.2333,12.6246,14.756,0.2899,0.0001,0.1537,9.0,10.0,35.0,0.0369,0.0828,0.8936,0.4417,0.9389,0.4913,0.5013,49.0,49.0,51.0,3.0,81.5651,4
735,12.25,12.6256,14.759,0.0321,0.0,0.052,9.0,10.0,35.0,0.0369,0.0828,0.8936,0.4417,0.9389,0.4913,0.5014,49.0,49.0,51.0,3.0,81.5604,4
736,12.2667,12.6165,14.7596,0.0551,0.0,0.0116,9.0,10.0,35.0,0.0369,0.0828,0.8936,0.4417,0.9389,0.4913,0.5014,50.0,49.0,51.0,3.0,81.5648,4
737,12.2833,12.6165,14.7651,0.133,0.0,0.0206,9.0,10.0,35.0,0.0369,0.0828,0.8922,0.4417,0.9389,0.4913,0.5014,49.0,49.0,51.0,3.0,81.5702,4
738,12.3,12.5705,14.7688,0.2962,0.0001,0.0324,9.0,10.0,35.0,0.0369,0.0828,0.8922,0.4417,0.9389,0.4912,0.5014,51.0,49.0,51.0,3.0,81.5893,4
739,12.3167,12.5701,14.7682,0.0259,0.0,0.0072,9.0,10.0,35.0,0.0369,0.0828,0.8922,0.4417,0.9389,0.4912,0.5014,51.0,50.0,51.0,3.0,81.5881,4
740,12.3333,12.5415,14.7668,0.1523,0.0,0.023,9.0,10.0,35.0,0.0369,0.0828,0.8922,0.4417,0.9389,0.4912,0.5014,51.0,51.0,51.0,3.0,81.601,4
741,12.35,12.5411,14.7659,0.0138,0.0,0.0066,9.0,10.0,35.0,0.0369,0.0828,0.8922,0.4417,0.9389,0.4913,0.5014,51.0,50.0,51.0,3.0,81.6092,4
742,12.3667,12.5232,14.7644,0.1406,0.0,0.0245,9.0,10.0,35.0,0.0369,0.0828,0.8922,0.4417,0.9389,0.4913,0.5013,49.0,48.0,51.0,3.0,81.5821,4
743,12.3833,12.5224,14.7631,0.0141,0.0,0.0104,9.0,10.0,35.0,0.0369,0.0828,0.8922,0.4417,0.9389,0.4913,0.5013,49.0,49.0,51.0,3.0,81.6051,4
744,12.4,12.5038,14.763,0.1248,0.0,0.0232,9.0,10.0,35.0,0.0369,0.0828,0.8937,0.4417,0.9389,0.4914,0.5014,50.0,49.0,51.0,3.0,81.5848,4
745,12.4167,12.5039,14.7646,0.0124,0.0,0.0153,9.0,10.0,35.0,0.0369,0.0828,0.8922,0.4417,0.9389,0.4914,0.5014,51.0,49.0,51.0,3.0,81.5804,4
746,12.4333,12.4712,14.7642,0.1938,0.0001,0.3198,9.0,10.0,35.0,0.0369,0.0828,0.8937,0.4417,0.9389,0.4916,0.5014,47.0,46.0,47.0,3.0,81.5576,4
747,12.45,12.4722,14.7709,0.0395,0.0002,0.3655,9.0,10.0,35.0,0.0369,0.0828,0.8938,0.4417,0.9389,0.4915,0.5015,41.0,41.0,41.0,3.0,81.5428,4
748,12.4667,12.4685,14.7704,0.0946,0.0002,0.4741,9.0,10.0,35.0,0.0368,0.0828,0.8924,0.4417,0.9389,0.4912,0.5015,38.0,38.0,39.0,3.0,81.3349,4
749,12.4833,12.4684,14.7685,0.0801,0.0003,0.5462,9.0,10.0,35.0,0.0368,0.0828,0.8926,0.4417,0.9389,0.4909,0.5015,39.0,37.0,39.0,3.0,81.2567,4
750,12.5,12.4487,14.7689,0.2821,0.0005,0.7443,9.0,10.0,35.0,0.0368,0.0824,0.894,0.4417,0.9389,0.4912,0.5013,45.0,44.0,46.0,3.0,81.0867,4
751,12.5167,12.4472,14.7621,0.0857,0.0006,0.7892,9.0,10.0,35.0,0.0367,0.0817,0.8928,0.4417,0.9389,0.4908,0.5015,39.0,39.0,40.0,3.0,81.0425,4
752,12.5333,12.426,14.7578,0.2085,0.0006,1.0181,9.0,10.0,35.0,0.0368,0.0819,0.8953,0.4417,0.9389,0.4911,0.5014,40.0,39.0,41.0,3.0,81.4688,4
753,12.55,12.4214,14.732,0.1412,0.0011,1.7694,9.0,10.0,35.0,0.0368,0.0824,0.8953,0.4417,0.9389,0.4914,0.5014,49.0,48.0,49.0,3.0,81.3116,4
754,12.5667,12.3864,14.687,0.303,0.0012,2.0388,9.0,10.0,35.0,0.0366,0.0809,0.8947,0.4417,0.9389,0.4906,0.5014,49.0,48.0,51.0,3.0,80.8263,4
755,12.5833,12.3809,14.6733,0.19,0.0015,1.7665,9.0,10.0,35.0,0.0365,0.0803,0.8953,0.4417,0.9389,0.4905,0.5013,46.5,45.5,47.0,3.0,80.8136,4
756,12.6,12.3542,14.6284,0.4054,0.0019,2.6374,9.0,10.0,35.0,0.0365,0.0797,0.8953,0.4417,0.9389,0.4904,0.5014,46.0,46.0,47.0,3.0,80.7786,4
757,12.6167,12.3362,14.5734,0.297,0.0019,3.1258,9.0,10.0,35.0,0.0364,0.0797,0.8953,0.4417,0.9389,0.4903,0.5014,52.0,51.0,52.0,3.0,80.3252,4
758,12.6333,12.3039,14.488,0.4141,0.0025,4.6148,9.0,10.0,35.0,0.0364,0.0797,0.8953,0.4417,0.9389,0.4903,0.5015,53.0,52.0,55.0,3.0,79.7933,4
759,12.65,12.2304,14.2692,0.5743,0.0027,7.3862,9.0,10.0,35.0,0.0361,0.0797,0.8953,0.4417,0.9389,0.49,0.5015,54.0,55.0,59.0,5.0,79.011,4
760,12.6667,12.1201,13.9691,0.7054,0.0033,9.2775,9.0,10.0,35.0,0.0357,0.0797,0.8984,0.4417,0.9389,0.4897,0.5016,60.0,60.0,63.0,21.0,77.4699,4
761,12.6833,12.008,13.6323,0.6997,0.0037,11.1466,9.0,10.0,35.0,0.0353,0.0787,0.8984,0.4417,0.9389,0.4896,0.5017,62.0,67.0,74.0,42.0,75.6806,4
762,12.7,11.8722,13.2265,0.9051,0.004,14.3065,9.0,10.0,35.0,0.0349,0.0787,0.8994,0.4417,0.9389,0.49,0.5019,73.0,78.0,97.0,54.0,73.972,4
763,12.7167,11.7146,12.7483,0.9642,0.0046,18.3858,9.0,10.0,35.0,0.0345,0.0781,0.9009,0.4417,0.9389,0.4877,0.502,77.0,87.0,108.0,64.0,72.8022,4
764,12.7333,11.5282,12.194,1.2585,0.0051,23.1527,9.0,10.0,35.0,0.0336,0.0766,0.9016,0.4417,0.9389,0.4854,0.5022,88.0,97.0,118.0,79.0,69.8038,4
765,12.75,11.3195,11.5535,1.4081,0.0061,26.9335,9.0,10.0,35.0,0.0323,0.0758,0.9047,0.3875,0.9389,0.4817,0.5025,103.0,112.0,129.0,85.0,66.4441,4
766,12.7667,10.9971,10.5748,1.6462,0.0076,24.6763,9.0,10.0,35.0,0.0304,0.075,0.9077,0.0836,0.9389,0.47,0.503,103.0,105.0,109.0,90.0,61.9345,4
767,12.7833,10.3808,8.7125,1.2151,0.0095,15.8094,9.0,10.0,35.0,0.0246,0.0703,0.9225,0.0694,0.9417,0.4103,0.505,84.0,94.0,117.0,101.0,64.3479,4
768,12.8,10.2802,8.4003,0.8069,0.0044,17.7997,9.0,10.0,35.0,0.0239,0.0688,0.9249,0.0694,0.9417,0.4094,0.5053,89.0,101.0,124.5,104.0,61.5226,4
769,12.8167,10.1669,8.0483,0.8633,0.0049,21.5558,9.0,10.0,35.0,0.0233,0.0688,0.925,0.0694,0.9417,0.4078,0.5054,94.0,104.0,130.0,109.0,60.7234,4
770,12.8333,10.0844,7.7422,1.1398,0.0056,24.2554,9.0,10.0,35.0,0.0224,0.0688,0.9281,0.0694,0.9417,0.4043,0.5055,96.0,109.0,136.0,111.0,57.9478,4
771,12.85,9.9499,7.3015,1.0769,0.0067,21.7423,9.0,10.0,35.0,0.0209,0.0656,0.9312,0.0672,0.9417,0.3971,0.5061,80.0,91.0,112.0,109.0,55.1453,4
772,12.8667,9.6155,6.2569,0.9645,0.007,15.3424,9.0,10.0,35.0,0.0172,0.0634,0.9398,0.0639,0.9417,0.3577,0.508,89.0,101.0,127.0,117.0,60.5807,4
773,12.8833,9.583,6.1473,0.6013,0.0038,19.7869,9.0,10.0,35.0,0.0166,0.0627,0.9406,0.0639,0.9417,0.3582,0.5083,90.0,104.0,131.0,119.0,60.1256,4
774,12.9,9.5651,6.0285,0.7935,0.0042,22.7168,9.0,10.0,35.0,0.0161,0.061,0.9406,0.0639,0.9417,0.3583,0.5085,87.0,110.0,137.0,117.0,58.9477,4
775,12.9167,9.5119,5.8596,0.767,0.0044,29.8473,9.0,10.0,35.0,0.0158,0.0609,0.9406,0.0639,0.9417,0.3607,0.5087,82.0,108.0,137.0,115.0,58.938,4
776,12.9333,9.4521,5.5949,1.0208,0.0051,36.8119,9.0,10.0,35.0,0.0146,0.0604,0.9422,0.0639,0.9417,0.3601,0.5104,74.0,97.0,130.0,108.0,57.1519,4
777,12.95,9.2889,5.093,0.8726,0.0076,28.0422,9.0,10.0,35.0,0.0108,0.0562,0.9422,0.0583,0.9417,0.3381,0.5157,59.0,73.0,94.0,87.0,61.6837,4
778,12.9667,8.9909,4.1107,0.8584,0.0041,27.9544,9.0,10.0,35.0,0.0083,0.0532,0.9438,0.0558,0.9417,0.3112,0.5224,94.5,103.0,127.0,75.0,71.0174,4
779,12.9833,8.9732,4.043,0.4077,0.0019,33.3592,9.0,10.0,35.0,0.0081,0.0531,0.9438,0.0556,0.9417,0.3138,0.5234,97.0,105.0,131.0,71.0,73.4741,4
780,13.0,8.8795,3.7636,1.5153,0.0022,41.7438,9.0,10.0,35.0,0.0074,0.0531,0.9438,0.0556,0.9417,0.318,0.5274,105.0,117.0,141.0,63.0,69.6504,4
781,13.0167,8.854,3.6873,0.4536,0.0022,44.5501,9.0,10.0,35.0,0.0072,0.0531,0.9443,0.0556,0.9417,0.3217,0.5284,107.0,115.0,138.0,62.0,69.1717,4
782,13.0333,8.8511,3.5508,0.8629,0.0022,52.9261,9.0,10.0,35.0,0.007,0.0531,0.9453,0.0556,0.9417,0.3255,0.5289,111.0,120.0,140.0,58.0,69.2531,4
783,13.05,8.789,3.3418,0.6402,0.0027,62.2369,9.0,10.0,35.0,0.0066,0.0531,0.9453,0.0556,0.9417,0.3317,0.532,103.0,115.0,132.0,58.0,63.8277,4
784,13.0667,8.7155,3.035,0.8773,0.0044,57.1185,9.0,10.0,35.0,0.0048,0.0516,0.9453,0.0528,0.9417,0.3494,0.5495,87.0,95.0,104.0,49.0,62.9437,4
785,13.0833,8.3561,1.9382,0.4749,0.0035,0.3765,9.0,10.0,35.0,0.0013,0.05,0.9484,0.05,0.9444,0.4683,0.72,90.0,100.0,126.0,65.0,136.0715,3
786,13.1,8.3928,1.9443,0.2577,0.0,0.5674,9.0,10.0,35.0,0.0013,0.05,0.9484,0.05,0.9444,0.4728,0.7178,90.0,100.0,126.0,66.0,136.0163,3
787,13.1167,8.3973,1.9454,0.0292,0.0,0.1049,9.0,10.0,35.0,0.0013,0.05,0.9484,0.05,0.9444,0.4728,0.7178,90.0,100.0,126.0,66.0,136.0929,3
788,13.1333,8.461,1.9643,0.3106,0.0,0.4744,9.0,10.0,35.0,0.0013,0.05,0.9484,0.05,0.9444,0.4726,0.7236,90.0,101.0,126.0,66.0,136.595,3
789,13.15,8.4667,1.9639,0.0309,0.0,0.1484,9.0,10.0,35.0,0.0013,0.05,0.9639,0.05,0.9444,0.4755,0.7209,90.0,100.5,126.5,65.0,136.9047,3
790,13.1667,8.4855,1.964,0.092,0.0,0.0911,9.0,10.0,35.0,0.0013,0.05,0.9486,0.05,0.9445,0.475,0.7222,90.0,100.5,126.5,65.0,137.3591,3
791,13.1833,8.4993,1.9705,0.0878,0.0,0.1456,9.0,10.0,35.0,0.0013,0.05,0.9484,0.05,0.9444,0.4725,0.7236,90.0,100.0,126.5,65.5,136.4807,3
792,13.2,8.6484,2.2505,0.3586,0.0,0.3911,9.0,10.0,35.0,0.0013,0.05,0.9484,0.05,0.9444,0.4767,0.72,90.0,101.0,127.0,65.0,137.2441,3
793,13.2167,8.7138,2.4377,0.2491,0.0018,0.1989,9.0,10.0,35.0,0.0031,0.05,0.9469,0.0528,0.9417,0.38,0.592,45.0,66.0,102.0,134.0,64.6692,4
794,13.2333,8.804,2.551,0.4983,0.0033,10.4665,9.0,10.0,35.0,0.004,0.0516,0.9469,0.0528,0.9417,0.3618,0.5697,53.0,79.0,122.0,141.0,56.1453,4
795,13.25,8.8384,2.6301,0.3283,0.0025,16.047,9.0,10.0,35.0,0.0043,0.0516,0.9469,0.0528,0.9417,0.3532,0.5642,58.0,89.0,132.0,143.0,54.1214,4
796,13.2667,9.0376,3.0401,0.8083,0.0034,21.4407,9.0,10.0,35.0,0.0058,0.0531,0.9453,0.0556,0.9417,0.3466,0.5474,72.0,96.5,125.0,133.0,46.8275,4
797,13.2833,9.0919,3.192,0.451,0.0039,25.6272,9.0,10.0,35.0,0.0072,0.0531,0.9443,0.0556,0.9417,0.3421,0.538,60.0,82.0,124.0,132.0,42.9992,4
798,13.3,9.1606,3.3167,0.5034,0.003,25.3476,9.0,10.0,35.0,0.0075,0.0531,0.9438,0.0556,0.9417,0.3366,0.5368,63.0,91.0,137.0,132.0,43.4356,4
799,13.3167,9.3153,3.74,0.5389,0.0038,26.2809,9.0,10.0,35.0,0.0091,0.0547,0.9438,0.0583,0.9417,0.337,0.5298,77.0,96.0,125.0,122.0,42.6588,5
800,13.3333,9.4224,3.8502,0.7755,0.0036,23.8872,9.0,10.0,35.0,0.0096,0.0549,0.9438,0.0583,0.9417,0.3343,0.5283,79.0,94.0,137.0,125.0,42.5855,5
801,13.35,9.6348,4.4808,0.6231,0.005,27.5476,9.0,10.0,35.0,0.0121,0.0578,0.9422,0.0611,0.9417,0.3444,0.523,69.0,82.0,113.0,121.0,40.9477,4
802,13.3667,9.7654,4.6879,0.9026,0.0048,25.1362,9.0,10.0,35.0,0.0128,0.0586,0.9422,0.0611,0.9417,0.3441,0.5211,63.0,91.0,134.0,126.0,42.7372,4
803,13.3833,9.9193,5.0799,0.8028,0.0041,26.619,9.0,10.0,35.0,0.0136,0.0594,0.9422,0.0611,0.9417,0.3417,0.5199,80.0,105.0,136.5,114.0,46.9096,4
804,13.4,9.9757,5.1884,0.5995,0.0033,21.6781,9.0,10.0,35.0,0.0141,0.0594,0.9422,0.0621,0.9417,0.3388,0.5192,83.0,104.0,133.0,112.0,46.4894,4
805,13.4167,10.2285,5.9184,0.7173,0.0047,23.6994,9.0,10.0,35.0,0.0163,0.0609,0.9406,0.0639,0.9417,0.3551,0.5165,55.0,81.0,123.0,113.0,47.055,4
806,13.4333,10.4061,6.2698,1.0693,0.0048,19.5716,9.0,10.0,35.0,0.0171,0.0641,0.9406,0.0639,0.9417,0.3585,0.5155,65.0,96.0,134.0,116.0,47.6924,4
807,13.45,10.6144,6.8808,0.817,0.0053,22.024,9.0,10.0,35.0,0.0189,0.0641,0.9375,0.0667,0.9417,0.3665,0.5145,75.0,89.0,132.0,121.0,49.5663,4
808,13.4667,10.8534,7.4515,1.0445,0.0073,18.3132,9.0,10.0,35.0,0.0218,0.0677,0.9281,0.0694,0.9417,0.3898,0.5133,42.0,70.0,112.0,128.0,46.972,4
809,13.4833,11.1425,8.3047,1.0823,0.0076,23.7807,9.0,10.0,35.0,0.0237,0.0695,0.925,0.0694,0.9417,0.3953,0.5125,61.0,93.0,131.0,121.0,49.4633,4
810,13.5,11.5039,9.2278,1.3065,0.0079,24.4516,9.0,10.0,35.0,0.0269,0.0734,0.9187,0.0722,0.9389,0.4135,0.5118,58.0,87.0,127.0,122.0,49.8928,4
811,13.5167,11.6744,9.7304,1.1014,0.008,19.7108,9.0,10.0,36.0,0.0292,0.075,0.9109,0.0806,0.9389,0.4276,0.5108,61.0,79.0,109.0,127.0,48.4037,4
812,13.5333,12.0362,10.6473,1.3915,0.0078,21.7061,9.0,10.0,37.0,0.0308,0.075,0.9064,0.0858,0.9389,0.4326,0.5103,62.0,94.0,127.0,112.0,51.4878,4
813,13.55,12.1682,11.0292,1.1531,0.0078,17.326,9.0,10.0,37.0,0.0331,0.0781,0.9016,0.4556,0.9389,0.4482,0.5096,48.0,81.0,125.0,120.0,50.6546,4
814,13.5667,12.5194,11.9346,1.3365,0.0078,19.9027,9.0,10.0,37.0,0.0351,0.0797,0.8959,0.4389,0.9389,0.4578,0.5089,59.0,76.0,112.0,113.0,52.4586,4
815,13.5833,12.8126,12.7902,1.3126,0.0078,17.5163,9.0,10.0,37.0,0.0363,0.0828,0.8927,0.4408,0.9389,0.4626,0.5086,61.0,84.0,113.0,99.0,55.2532,4
816,13.6,12.9933,13.1134,1.3349,0.0076,13.5076,9.0,10.0,37.0,0.0381,0.0875,0.8891,0.4417,0.9389,0.4742,0.5082,47.0,81.0,122.0,109.0,54.2567,4
817,13.6167,13.339,14.1369,1.2702,0.0084,16.0884,9.0,10.0,37.0,0.0411,0.0938,0.8797,0.4444,0.9389,0.493,0.5076,42.0,73.0,117.0,109.0,54.3412,4
818,13.6333,13.6518,14.923,1.3981,0.0073,16.3067,9.0,10.0,37.0,0.0426,0.0969,0.8766,0.4444,0.9389,0.4975,0.5073,60.0,86.0,112.0,96.0,56.9911,4
819,13.65,13.7216,15.0985,0.964,0.0058,11.9557,9.0,10.0,37.0,0.043,0.0969,0.8766,0.4444,0.9389,0.4996,0.5073,65.0,77.0,98.0,100.0,57.0966,4
820,13.6667,14.0038,15.7459,1.1272,0.0047,12.7278,9.0,10.0,37.0,0.0436,0.0991,0.8766,0.4444,0.9389,0.5012,0.5072,55.0,56.0,63.5,85.0,59.4688,4
821,13.6833,14.1947,16.2981,0.833,0.0042,11.1278,9.0,10.0,37.0,0.0441,0.1,0.8746,0.4444,0.9389,0.5023,0.5072,51.0,52.0,56.0,77.0,61.8696,4
822,13.7,14.2837,16.3839,0.8,0.0036,7.4825,9.0,10.0,37.0,0.044,0.0992,0.8766,0.4444,0.9389,0.5017,0.5072,51.0,53.0,58.0,76.0,62.4845,4
823,13.7167,14.4317,16.81,0.5926,0.0033,7.2942,9.0,10.0,37.0,0.0442,0.0996,0.8766,0.4444,0.9389,0.5022,0.5073,48.0,52.0,56.0,66.0,63.6955,4
824,13.7333,14.509,16.8742,0.5767,0.0029,4.5461,9.0,10.0,37.0,0.0442,0.0996,0.8766,0.4444,0.9389,0.5016,0.5072,47.0,47.0,54.0,63.0,64.6224,4
825,13.75,14.6381,17.2232,0.4679,0.0026,5.1753,9.0,10.0,37.0,0.0445,0.1,0.8751,0.4444,0.9389,0.5025,0.5072,48.0,49.0,54.0,55.0,65.6967,4
826,13.7667,14.7925,17.4976,0.5341,0.002,4.3333,9.0,10.0,38.0,0.0445,0.0994,0.8746,0.4444,0.9389,0.5025,0.5072,48.0,48.0,53.0,36.0,67.3177,4
827,13.7833,14.8073,17.5182,0.2602,0.0018,2.2391,9.0,10.0,38.0,0.0444,0.0991,0.8753,0.4428,0.9389,0.5021,0.5071,47.0,49.0,54.0,40.0,67.2905,4
828,13.8,14.9323,17.7239,0.4176,0.0014,2.9184,9.0,10.0,38.0,0.0446,0.1035,0.8742,0.4417,0.9389,0.5029,0.5071,48.0,49.0,53.0,26.0,68.2262,4
829,13.8167,14.9448,17.7446,0.1909,0.0012,1.555,9.0,10.0,38.0,0.0445,0.0994,0.8747,0.4417,0.9389,0.5022,0.5073,48.0,49.0,54.0,22.0,68.5112,4
830,13.8333,15.0338,17.8917,0.3149,0.001,1.9598,9.0,10.0,38.0,0.0448,0.1,0.8734,0.4444,0.9389,0.503,0.5072,53.0,53.0,54.0,14.0,68.9651,4
831,13.85,15.0454,17.91,0.1077,0.0008,0.9192,9.0,10.0,38.0,0.0446,0.0997,0.8734,0.4417,0.9389,0.5021,0.5072,49.0,51.0,53.0,15.0,69.0258,4
832,13.8667,15.1236,17.9755,0.2887,0.0006,1.1557,9.0,10.0,38.0,0.0446,0.1,0.8734,0.4417,0.9389,0.5022,0.5072,48.0,48.0,51.0,10.0,69.5067,4
833,13.8833,15.1354,17.9888,0.0823,0.0004,0.6063,9.0,10.0,38.0,0.0446,0.1,0.8734,0.4417,0.9389,0.5022,0.5072,53.0,53.0,53.0,9.5,69.456,4
834,13.9,15.1617,17.9857,0.1178,0.0003,0.4171,9.0,10.0,38.0,0.0446,0.1,0.871,0.4417,0.9389,0.5022,0.5071,53.0,53.0,54.0,9.0,69.6812,4
835,13.9167,15.1814,17.9985,0.1344,0.0006,0.7325,9.0,10.0,38.0,0.0445,0.1027,0.8716,0.4417,0.9389,0.5017,0.5071,53.0,53.0,54.0,9.0,69.6034,4
836,13.9333,15.2416,18.0063,0.1782,0.0001,0.0572,9.0,11.0,38.0,0.0445,0.1,0.8734,0.4417,0.9389,0.5017,0.5071,54.0,54.0,54.0,10.0,69.6331,4
837,13.95,15.2462,18.0039,0.0464,0.0,0.0107,9.0,11.0,38.0,0.0445,0.1,0.8734,0.4417,0.9389,0.5016,0.5071,53.5,54.0,54.0,9.0,69.627,4
838,13.9667,15.2904,17.9984,0.1541,0.0,0.0417,9.0,10.0,38.0,0.0445,0.1,0.8734,0.4417,0.9389,0.5017,0.5072,54.0,54.0,54.0,9.0,69.631,4
839,13.9833,15.2922,17.9981,0.0088,0.0,0.0095,9.0,10.0,38.0,0.0445,0.1,0.8734,0.4417,0.9389,0.5017,0.5072,54.0,54.0,54.0,9.0,69.633,4
840,14.0,15.3107,17.9454,1.1851,0.0006,1.9485,9.0,11.0,39.0,0.0443,0.0986,0.8734,0.4417,0.9389,0.5017,0.5073,54.0,54.0,55.0,2.0,69.963,4
841,14.0167,15.311,17.945,0.003,0.0,0.0127,9.0,11.0,39.0,0.0443,0.0986,0.8734,0.4417,0.9389,0.5017,0.5073,54.0,54.0,55.0,2.0,69.9761,4
842,14.0333,15.3324,17.9412,0.3408,0.0,0.0056,9.0,10.0,39.0,0.0443,0.0985,0.8734,0.4417,0.9389,0.5017,0.5072,54.0,54.0,55.0,2.0,69.9877,4
843,14.05,15.3486,17.9432,0.0691,0.0,0.0014,9.0,10.0,39.0,0.0443,0.0985,0.8734,0.4417,0.9389,0.5017,0.5072,54.0,54.0,55.0,2.0,69.9856,4
844,14.0667,15.3692,17.9416,0.1283,0.0,0.0048,9.0,10.0,39.0,0.0443,0.0985,0.8734,0.4417,0.9389,0.5017,0.5072,54.0,54.0,55.0,2.0,69.9886,4
845,14.0833,15.3935,17.947,0.0919,0.0,0.0053,9.0,10.0,39.0,0.0443,0.0985,0.8734,0.4417,0.9389,0.5017,0.5072,54.0,54.0,55.0,2.0,69.9958,4
846,14.1,15.4127,17.9524,0.2919,0.0,0.0184,9.0,10.0,39.0,0.0443,0.0985,0.8733,0.4417,0.9389,0.5017,0.5072,54.0,54.0,55.0,2.0,70.0068,4
847,14.1167,15.4196,17.9515,0.0244,0.0,0.0036,9.0,10.0,39.0,0.0443,0.0985,0.8734,0.4417,0.9389,0.5017,0.5071,54.0,54.0,55.0,2.0,70.0149,4
848,14.1333,15.435,17.9613,0.2647,0.0001,0.0148,9.0,10.0,39.0,0.0443,0.0985,0.8734,0.4417,0.9389,0.5017,0.5071,54.0,54.0,55.0,2.0,70.021,4
849,14.15,15.441,17.9615,0.0342,0.0,0.0033,9.0,10.0,39.0,0.0443,0.1,0.8734,0.4417,0.9389,0.5018,0.5071,54.0,54.0,55.0,2.0,70.0246,4
850,14.1667,15.4588,17.9556,0.307,0.0001,0.0357,9.0,10.0,39.0,0.0443,0.097,0.8734,0.4417,0.9389,0.5017,0.507,54.0,54.0,55.0,2.0,70.034,4
851,14.1833,15.462,17.9564,0.0201,0.0,0.0043,9.0,10.0,39.0,0.0443,0.0969,0.8734,0.4417,0.9389,0.5016,0.5071,54.0,54.0,55.0,2.0,70.0357,4
852,14.2,15.4625,17.955,0.0895,0.0,0.002,9.0,10.0,39.0,0.0443,0.0969,0.8763,0.4417,0.9389,0.5017,0.507,54.0,54.0,55.0,2.0,70.0395,4
853,14.2167,15.4757,17.958,0.0822,0.0,0.0094,9.0,10.0,39.0,0.0443,0.0969,0.8766,0.4417,0.9389,0.5017,0.5071,54.0,54.0,55.0,2.0,70.041,4
854,14.2333,15.4858,17.9608,0.1332,0.0,0.0147,9.0,10.0,39.0,0.0443,0.0969,0.8763,0.4417,0.9389,0.5016,0.5071,54.0,54.0,55.0,2.0,70.0406,4
855,14.25,15.4909,17.9606,0.0378,0.0,0.005,9.0,10.0,39.0,0.0443,0.0969,0.8734,0.4417,0.9389,0.5016,0.5071,54.0,54.0,55.0,2.0,70.0377,4
856,14.2667,15.5112,17.9703,0.1667,0.0001,0.0196,9.0,10.0,39.0,0.0443,0.097,0.8734,0.4417,0.9389,0.5016,0.5071,54.0,54.0,55.0,2.0,70.0316,4
857,14.2833,15.5189,17.9734,0.1007,0.0,0.0427,9.0,10.0,39.0,0.0443,0.097,0.8734,0.4417,0.9389,0.5016,0.5071,54.0,54.0,55.0,2.0,70.0432,4
858,14.3,15.5258,17.9776,0.1468,0.0001,0.085,9.0,10.0,39.0,0.0443,0.0985,0.8734,0.4417,0.9389,0.5018,0.5071,54.0,54.0,55.0,2.0,70.0438,4
859,14.3167,15.5287,17.9794,0.0254,0.0001,0.0924,9.0,10.0,39.0,0.0443,0.0986,0.8734,0.4417,0.9389,0.5017,0.5072,54.0,54.0,55.0,2.0,70.1471,4
860,14.3333,15.5354,17.9874,0.1499,0.0002,0.1922,9.0,11.0,39.0,0.0443,0.097,0.8733,0.4417,0.9389,0.5015,0.5072,54.0,54.0,55.0,2.0,70.2441,4
861,14.35,15.5392,17.9897,0.036,0.0001,0.2271,9.0,11.0,39.0,0.0443,0.0969,0.8734,0.4417,0.9389,0.5016,0.5073,53.0,53.0,54.0,2.0,70.2971,4
862,14.3667,15.5422,17.9967,0.1992,0.0004,0.2812,9.0,11.0,39.0,0.0442,0.0969,0.8734,0.4417,0.9389,0.5022,0.5074,54.0,54.0,55.0,2.0,69.9965,4
863,14.3833,15.5436,17.9944,0.0485,0.0003,0.3214,9.0,10.0,39.0,0.0442,0.0969,0.8734,0.4417,0.9389,0.5023,0.5074,53.0,53.0,54.0,2.0,70.0005,4
864,14.4,15.5442,17.9899,0.1582,0.0005,0.437,9.0,11.0,39.0,0.0442,0.0969,0.8734,0.4417,0.9389,0.5019,0.5077,53.0,53.0,54.0,2.0,69.968,4
865,14.4167,15.5461,17.9871,0.0831,0.0007,0.7991,9.0,11.0,39.0,0.0443,0.0969,0.8734,0.4417,0.9389,0.5017,0.5078,54.0,54.0,55.0,2.0,70.3173,4
866,14.4333,15.5462,17.9837,0.1553,0.0009,0.8964,9.0,11.0,39.0,0.0441,0.0969,0.8734,0.4417,0.9389,0.5026,0.5079,55.0,55.0,56.0,2.0,69.9391,4
867,14.45,15.5353,17.944,0.1548,0.001,1.1397,9.0,11.0,39.0,0.0441,0.0979,0.8734,0.4417,0.9389,0.5023,0.5083,54.0,54.0,56.0,2.0,69.8068,4
868,14.4667,15.536,17.9332,0.2542,0.0013,1.3926,9.0,11.0,39.0,0.0439,0.0971,0.8761,0.4417,0.9389,0.5033,0.5087,54.0,54.0,55.5,2.0,69.486,4
869,14.4833,15.5311,17.8962,0.2347,0.0017,1.6385,9.0,11.0,39.0,0.0441,0.0969,0.8734,0.4417,0.9389,0.5023,0.5092,55.0,55.0,58.0,2.0,70.0206,4
870,14.5,15.5208,17.8528,0.3238,0.0017,2.7615,9.0,11.0,39.0,0.044,0.0969,0.8734,0.4417,0.9389,0.5027,0.5097,58.0,58.0,60.0,2.0,69.6939,4
871,14.5167,15.5037,17.7973,0.3096,0.0023,3.3591,9.0,11.0,39.0,0.0437,0.0963,0.8745,0.4417,0.9389,0.5035,0.5104,55.0,55.0,58.0,2.0,69.1255,4
872,14.5333,15.4781,17.7138,0.4831,0.0027,4.2202,9.0,11.0,39.0,0.0439,0.0969,0.8734,0.4417,0.9389,0.5035,0.5113,59.0,59.0,60.0,2.0,70.3074,4
873,14.55,15.4467,17.6132,0.4579,0.0029,6.1121,9.0,11.0,39.0,0.0436,0.0961,0.875,0.4417,0.9389,0.505,0.5123,62.0,62.0,65.0,2.0,69.2705,4
874,14.5667,15.4071,17.4807,0.7151,0.0038,6.5727,9.0,11.0,39.0,0.0432,0.0945,0.8766,0.4417,0.9389,0.5058,0.5137,70.0,70.0,74.0,2.0,68.3268,4
875,14.5833,15.3618,17.3382,0.6712,0.0046,8.5711,9.0,11.0,39.0,0.043,0.094,0.8766,0.4417,0.9389,0.5067,0.5154,66.0,66.0,68.0,2.0,68.8623,4
876,14.6,15.2996,17.1444,0.8498,0.005,11.0442,9.0,10.0,39.0,0.0428,0.0938,0.8766,0.4417,0.9389,0.5081,0.5174,75.0,81.0,95.0,2.0,67.7445,4
877,14.6167,15.1799,16.8446,1.1294,0.006,14.0484,9.0,10.0,39.0,0.0423,0.0945,0.8781,0.4417,0.9389,0.5106,0.5196,79.5,88.0,108.5,2.0,67.6795,4
878,14.6333,15.0585,16.4893,1.287,0.0073,16.0182,9.0,11.0,39.0,0.0414,0.0938,0.8807,0.4417,0.9389,0.5145,0.5227,88.0,97.5,123.0,2.0,66.4061,4
879,14.65,14.8892,15.9715,1.4491,0.0091,18.1249,9.0,11.0,39.0,0.0403,0.0891,0.8828,0.4389,0.9389,0.5217,0.5263,104.0,113.0,123.0,2.0,66.5778,4
880,14.6667,14.4662,14.6918,1.6706,0.01,20.5451,9.0,11.0,39.0,0.0363,0.0828,0.8964,0.4389,0.9389,0.5477,0.5243,93.0,103.0,127.0,2.0,68.4782,4
881,14.6833,14.2717,14.1064,1.3894,0.008,20.3363,9.0,11.0,39.0,0.0334,0.0766,0.9047,0.3193,0.9389,0.5668,0.5236,89.0,102.0,128.0,2.0,69.7478,5
882,14.7,14.0356,13.3884,1.3888,0.0068,22.7905,9.0,10.0,39.0,0.0325,0.0766,0.9048,0.2114,0.9389,0.5707,0.5268,105.0,110.0,119.0,2.0,68.3284,4
883,14.7167,13.8048,12.6991,1.3875,0.0078,23.5234,9.0,10.0,39.0,0.0305,0.075,0.9104,0.0833,0.9389,0.5817,0.5284,102.0,110.0,132.0,2.0,66.9522,4
884,14.7333,13.5786,12.0285,1.3713,0.0075,24.1679,9.0,10.0,39.0,0.0284,0.075,0.9156,0.0762,0.9389,0.5968,0.528,89.0,102.0,127.0,2.0,69.2817,4
885,14.75,13.3876,11.4612,1.3628,0.006,28.2124,9.0,10.0,39.0,0.0278,0.075,0.917,0.0725,0.9389,0.5984,0.5324,100.0,109.0,136.0,2.0,66.7019,4
886,14.7667,13.2583,11.065,1.476,0.0067,29.5994,9.0,10.0,39.0,0.0272,0.0734,0.9188,0.0722,0.9401,0.6012,0.5371,105.0,115.5,133.0,2.0,65.6132,4
887,14.7833,12.9961,10.287,1.4121,0.0081,30.4386,9.0,10.0,39.0,0.0242,0.0703,0.9281,0.0694,0.9417,0.6165,0.5384,100.0,109.0,135.0,3.0,65.3031,4
888,14.8,12.7426,9.5721,1.4975,0.0069,33.4984,9.0,10.0,39.0,0.0233,0.0688,0.9281,0.0694,0.9417,0.6215,0.5439,103.0,110.0,116.0,3.0,64.3588,4
889,14.8167,12.4648,8.745,1.3085,0.0071,36.0071,9.0,10.0,39.0,0.0211,0.0664,0.9312,0.0667,0.9417,0.6327,0.5465,108.5,118.0,138.0,3.0,64.4509,4
890,14.8333,12.2419,8.102,1.3459,0.0079,35.0479,9.0,10.0,39.0,0.0178,0.0641,0.9406,0.0639,0.9417,0.6481,0.5484,91.0,103.0,129.0,3.0,65.7997,6
891,14.85,11.9389,7.1991,1.115,0.006,33.0,9.0,10.0,39.0,0.0164,0.0622,0.9422,0.0639,0.9417,0.6542,0.5526,112.0,119.0,126.0,4.0,63.0714,4
892,14.8667,11.6439,6.3337,1.0774,0.0063,32.3353,9.0,11.0,39.0,0.0138,0.0592,0.9422,0.0611,0.9417,0.6689,0.5536,104.0,111.0,139.0,3.0,66.964,4
893,14.8833,11.5314,5.9967,0.8325,0.0046,37.6974,9.0,11.0,39.0,0.0128,0.0578,0.9422,0.0611,0.9417,0.6701,0.5613,112.0,112.0,117.0,4.0,64.3479,4
894,14.9,11.2751,5.2609,0.9886,0.0053,38.3575,9.0,10.0,39.0,0.0103,0.0559,0.9438,0.0583,0.9417,0.6784,0.564,109.0,119.0,143.0,3.0,66.454,4
895,14.9167,11.19,5.0044,0.6252,0.0039,33.4588,9.0,10.0,39.0,0.01,0.0548,0.9438,0.0583,0.9417,0.6798,0.5716,109.0,110.0,115.0,4.0,64.9012,4
896,14.9333,10.9779,4.378,0.7232,0.0039,34.6409,9.0,10.0,39.0,0.0078,0.0531,0.9453,0.0556,0.9417,0.6836,0.5733,109.0,120.0,143.5,3.0,70.4493,4
897,14.95,10.9462,4.2336,0.566,0.0025,36.8002,9.0,10.0,39.0,0.0074,0.0531,0.9453,0.0556,0.9417,0.6822,0.5821,115.0,116.0,123.0,4.0,69.4212,4
898,14.9667,10.7832,3.7844,0.6029,0.003,42.7885,9.0,10.0,39.0,0.0059,0.0531,0.9453,0.0528,0.9417,0.6793,0.5907,111.0,122.0,147.0,4.0,74.1827,4
899,14.9833,10.732,3.629,0.3997,0.0023,44.4237,9.0,10.0,39.0,0.0053,0.0531,0.9465,0.0528,0.9417,0.6743,0.6012,118.5,124.0,129.0,5.0,71.6003,4
900,15.0,10.4641,3.2339,1.476,0.0029,44.8261,9.0,10.0,38.0,0.0044,0.0516,0.9469,0.0528,0.9417,0.6624,0.6163,95.0,102.0,127.0,8.0,72.2969,4
901,15.0167,10.3238,2.8132,0.3545,0.002,39.8936,9.0,10.0,38.0,0.0035,0.0502,0.9469,0.0528,0.9417,0.6493,0.6264,111.0,120.0,143.0,5.0,83.2454,4
902,15.0333,10.2857,2.7135,0.5779,0.0013,39.3741,9.0,10.0,38.0,0.0034,0.05,0.9469,0.0528,0.9417,0.6443,0.6359,110.0,119.0,127.0,13.5,80.047,4
903,15.05,10.259,2.5897,0.2906,0.0016,30.8086,9.0,10.0,38.0,0.0029,0.05,0.9476,0.0528,0.9417,0.625,0.6528,100.0,102.0,108.0,52.0,78.9238,4
904,15.0667,10.18,2.3531,0.3028,0.0015,0.2101,9.0,10.0,38.0,0.0013,0.05,0.9641,0.05,0.9444,0.4768,0.7134,90.0,102.0,131.0,68.0,135.3975,3
905,15.0833,10.0837,2.0453,0.2738,0.0,0.2492,9.0,10.0,38.0,0.0013,0.05,0.9641,0.05,0.9444,0.4798,0.7105,91.0,102.0,130.0,67.0,135.5811,3
906,15.1,10.0916,2.0576,0.2795,0.0,0.4563,9.0,10.0,38.0,0.0013,0.05,0.9641,0.05,0.9444,0.4769,0.7135,91.0,102.0,129.0,67.0,135.4714,3
907,15.1167,10.0959,2.0578,0.0186,0.0,0.0596,9.0,10.0,38.0,0.0013,0.05,0.9641,0.05,0.9444,0.4785,0.7142,91.0,102.0,129.0,66.0,135.1014,3
908,15.1333,10.1016,2.0771,0.3437,0.0,0.5055,9.0,10.0,38.0,0.0013,0.05,0.9641,0.05,0.9444,0.4771,0.7149,90.0,102.0,129.0,67.0,134.9453,3
909,15.15,10.2476,2.4928,0.3099,0.0001,0.5384,9.0,10.0,38.0,0.0015,0.05,0.9641,0.05,0.9444,0.4626,0.6933,89.0,99.0,126.0,65.0,125.4605,4
910,15.1667,10.3477,2.7849,0.1774,0.0005,0.8854,9.0,10.0,38.0,0.0017,0.05,0.9641,0.05,0.9444,0.4421,0.6574,97.0,105.0,125.0,61.0,112.4073,4
911,15.1833,10.4304,3.0248,0.1497,0.0007,2.4762,9.0,10.0,38.0,0.0021,0.05,0.95,0.0525,0.9419,0.4199,0.6244,97.0,105.0,131.0,61.0,98.4064,4
912,15.2,10.5108,3.2581,0.2836,0.0007,7.5047,9.0,10.0,38.0,0.0025,0.05,0.9484,0.0528,0.9417,0.4036,0.6021,97.0,105.0,131.0,61.0,88.4276,5
913,15.2167,10.5781,3.4482,0.13,0.0006,7.9826,9.0,10.0,38.0,0.0029,0.05,0.9474,0.0528,0.9417,0.395,0.5817,96.0,104.0,132.0,61.0,81.8578,4
914,15.2333,10.648,3.643,0.2911,0.0005,8.769,9.0,10.0,38.0,0.0032,0.0507,0.9469,0.0528,0.9417,0.3885,0.5685,96.0,104.0,131.0,62.0,76.2289,4
915,15.25,10.7605,3.9808,0.2321,0.0004,9.9895,9.0,10.0,38.0,0.0035,0.0516,0.9469,0.0528,0.9417,0.3832,0.5587,96.0,104.0,132.0,61.0,74.3991,4
916,15.2667,10.9492,4.5398,0.2955,0.0004,7.6773,9.0,10.0,38.0,0.0038,0.0516,0.9469,0.0528,0.9417,0.3797,0.5526,96.0,104.0,131.0,61.0,70.6046,4
917,15.2833,11.1278,5.0699,0.2716,0.0009,6.5869,9.0,10.0,38.0,0.0044,0.0516,0.9469,0.0528,0.9417,0.3778,0.5439,100.0,105.0,124.0,56.0,66.3204,5
918,15.3,11.3032,5.5803,0.4052,0.0019,4.3711,9.0,10.0,38.0,0.0055,0.0525,0.9459,0.0545,0.9417,0.3757,0.5355,96.0,103.0,125.0,60.0,60.2081,4
919,15.3167,11.4644,6.0397,0.4085,0.0021,11.0003,9.0,10.0,38.0,0.0065,0.0531,0.9453,0.0556,0.9417,0.3746,0.5278,89.0,100.0,123.0,59.0,56.8845,4
920,15.3333,11.6762,6.6912,0.5566,0.0019,14.6238,9.0,10.0,38.0,0.0072,0.0531,0.9453,0.0556,0.9417,0.3755,0.5228,86.5,96.0,120.0,61.0,56.1124,4
921,15.35,11.9533,7.5241,0.4874,0.0019,13.5213,9.0,10.0,38.0,0.0078,0.0531,0.9453,0.0556,0.9417,0.3769,0.5189,88.0,96.0,118.0,60.0,56.0381,4
922,15.3667,12.189,8.2488,0.5955,0.0025,11.818,9.0,10.0,38.0,0.0088,0.0547,0.9438,0.0564,0.9417,0.384,0.5162,91.0,101.0,119.0,53.0,53.0857,4
923,15.3833,12.4126,8.9125,0.4435,0.0038,11.396,9.0,10.0,38.0,0.0101,0.0562,0.9438,0.0583,0.9417,0.3914,0.5148,87.0,96.0,117.0,53.0,50.2667,5
924,15.4,12.6337,9.6015,0.5907,0.0035,10.8082,9.0,10.0,38.0,0.0112,0.0576,0.9438,0.0583,0.9417,0.3963,0.5119,83.0,93.0,113.0,57.0,48.94,4
925,15.4167,12.9584,10.5571,0.5737,0.0038,10.4443,9.0,10.0,38.0,0.0124,0.0578,0.9422,0.0611,0.9417,0.4016,0.5101,82.0,88.0,108.0,54.0,46.7616,4
926,15.4333,13.2395,11.3952,0.5889,0.0043,9.0595,9.0,10.0,38.0,0.0138,0.0594,0.9422,0.063,0.9417,0.4102,0.5081,87.0,96.0,112.0,42.0,47.8226,4
927,15.45,13.4969,12.1409,0.5219,0.0045,9.1548,9.0,10.0,38.0,0.0152,0.0609,0.9422,0.0639,0.9417,0.4171,0.5069,87.0,96.0,118.0,33.0,47.8913,5
928,15.4667,13.7548,12.8979,0.6211,0.0039,9.7335,9.0,10.0,38.0,0.0165,0.064,0.9407,0.0639,0.9417,0.4232,0.5049,87.0,96.0,118.0,22.5,47.4749,4
929,15.4833,14.1167,13.9698,0.6161,0.0038,8.9575,9.0,10.0,38.0,0.0176,0.0641,0.9406,0.0639,0.9417,0.4273,0.5038,88.0,96.0,118.0,10.5,46.0987,4
930,15.5,14.4289,14.9336,0.7281,0.0044,6.2281,9.0,10.0,38.0,0.0193,0.0656,0.9375,0.0667,0.9417,0.4389,0.5035,87.0,96.0,113.0,11.0,45.5012,4
931,15.5167,14.6935,15.7162,0.5511,0.0053,5.3698,9.0,10.0,38.0,0.0214,0.0675,0.9312,0.0694,0.9417,0.4518,0.5028,81.0,89.0,109.0,14.0,45.9615,4
932,15.5333,14.9239,16.4157,0.682,0.0047,6.9708,9.0,10.0,38.0,0.0225,0.0688,0.9281,0.0694,0.9417,0.4583,0.5019,77.0,88.0,105.0,5.5,43.3845,4
933,15.55,15.1147,16.9826,0.4487,0.0043,5.1034,9.0,10.0,38.0,0.0233,0.0697,0.9262,0.0694,0.9417,0.4628,0.501,77.0,88.0,104.0,5.0,43.6576,4
934,15.5667,15.2807,17.4779,0.4279,0.0036,4.4209,9.0,10.0,38.0,0.024,0.0703,0.925,0.0694,0.9417,0.4664,0.4999,82.0,88.5,109.0,5.0,43.6582,4
935,15.5833,15.4105,17.8483,0.3342,0.0031,3.8906,9.0,10.0,38.0,0.0251,0.0703,0.9222,0.0722,0.9417,0.4719,0.4993,79.0,87.5,104.0,9.0,45.2666,4
936,15.6,15.5391,18.1954,0.4337,0.0026,4.1571,9.0,10.0,38.0,0.0256,0.0719,0.9219,0.0722,0.9417,0.4744,0.4987,81.0,89.0,108.5,6.0,44.0988,4
937,15.6167,15.6355,18.4744,0.2634,0.0022,2.721,9.0,10.0,38.0,0.0261,0.0719,0.9219,0.0722,0.9417,0.4763,0.4984,82.0,89.0,110.0,7.0,44.0792,4
938,15.6333,15.7072,18.688,0.311,0.0021,1.868,9.0,10.0,37.0,0.0265,0.0734,0.9218,0.0722,0.9417,0.4787,0.4978,82.0,90.0,111.0,6.0,44.1561,4
939,15.65,15.7586,18.8419,0.1676,0.0016,1.82,9.0,10.0,38.0,0.0269,0.0734,0.9188,0.0722,0.9417,0.4811,0.4976,82.0,90.0,111.0,9.0,45.6957,4
940,15.6667,15.8136,19.0069,0.2729,0.0014,1.5174,9.0,10.0,37.0,0.0271,0.0734,0.9188,0.0722,0.9417,0.4814,0.4974,84.0,92.0,113.0,5.0,44.206,4
941,15.6833,15.8487,19.1083,0.1113,0.0012,0.937,9.0,10.0,37.0,0.0273,0.0734,0.9188,0.0722,0.9417,0.4831,0.4975,86.0,91.0,113.0,4.0,44.4076,4
942,15.7,15.8583,19.1775,0.2577,0.0009,0.7137,9.0,10.0,37.0,0.0272,0.0734,0.9188,0.0722,0.9417,0.4828,0.4971,86.0,93.0,115.0,5.0,43.714,4
943,15.7167,15.8817,19.2365,0.1124,0.0008,0.4854,9.0,10.0,37.0,0.0276,0.0744,0.9178,0.0739,0.94,0.4848,0.497,86.0,93.0,115.5,5.0,44.1882,4
944,15.7333,15.9009,19.2911,0.2912,0.0006,0.8326,9.0,10.0,37.0,0.0277,0.0734,0.9161,0.0742,0.9397,0.4847,0.497,86.0,93.0,113.0,6.0,44.4669,4
945,15.75,15.9218,19.3452,0.0646,0.0005,0.4851,9.0,10.0,37.0,0.0277,0.0734,0.916,0.0743,0.9396,0.4847,0.4967,86.0,93.0,115.0,7.5,44.034,4
946,15.7667,15.9282,19.3629,0.1027,0.0002,0.3418,9.0,10.0,37.0,0.0276,0.0734,0.9162,0.074,0.9399,0.4844,0.4966,87.0,94.0,117.0,6.0,43.6136,4
947,15.7833,15.9293,19.3694,0.0662,0.0002,0.2776,9.0,10.0,37.0,0.0276,0.0734,0.9164,0.0737,0.9402,0.4844,0.4966,87.0,94.0,117.0,7.0,43.6743,4
948,15.8,15.9449,19.3899,0.1431,0.0003,0.3526,9.0,10.0,37.0,0.0277,0.0734,0.9158,0.0748,0.9391,0.4854,0.4965,87.0,96.0,118.0,5.0,43.5651,4
949,15.8167,15.9492,19.3932,0.087,0.0002,0.2472,9.0,10.0,37.0,0.0277,0.0734,0.9159,0.0745,0.9394,0.4863,0.4969,87.0,95.0,117.0,6.0,43.5032,4
950,15.8333,15.936,19.3765,0.1643,0.0002,0.1522,9.0,10.0,37.0,0.0276,0.0734,0.9177,0.0722,0.9398,0.4864,0.4969,87.0,95.0,117.5,6.0,43.467,5
951,15.85,15.9352,19.3584,0.1023,0.0003,0.2119,9.0,10.0,37.0,0.0276,0.0734,0.9177,0.0722,0.9398,0.4867,0.497,86.0,94.0,116.0,6.0,43.7938,4
952,15.8667,15.9249,19.3306,0.1405,0.0003,0.3694,9.0,10.0,37.0,0.0276,0.0734,0.9179,0.0722,0.9401,0.4867,0.497,87.0,94.0,117.0,6.0,43.8422,4
953,15.8833,15.9178,19.3062,0.056,0.0004,0.3139,9.0,10.0,37.0,0.0274,0.0736,0.9186,0.0722,0.9389,0.4877,0.4973,86.0,94.0,116.0,7.0,43.3786,4
954,15.9,15.8889,19.2162,0.1979,0.0005,0.5644,9.0,10.0,37.0,0.0275,0.0734,0.9182,0.0722,0.9389,0.4873,0.4976,86.0,94.0,115.0,9.0,44.2333,4
955,15.9167,15.8617,19.1328,0.0742,0.0007,0.5546,9.0,10.0,37.0,0.0274,0.0734,0.9184,0.0722,0.9389,0.4879,0.4982,86.0,94.0,113.0,11.0,44.5666,5
956,15.9333,15.8269,19.0316,0.2271,0.001,1.2215,9.0,10.0,37.0,0.0273,0.0734,0.9173,0.0722,0.9389,0.4883,0.4984,86.0,93.5,115.0,10.5,44.4772,4
957,15.95,15.7793,18.8791,0.1295,0.001,1.4646,9.0,10.0,37.0,0.0269,0.0733,0.9188,0.0722,0.9392,0.4902,0.4986,86.0,93.0,113.0,10.0,44.3711,4
958,15.9667,15.7163,18.6932,0.2087,0.0015,1.9832,9.0,10.0,37.0,0.0268,0.0719,0.9188,0.0722,0.9394,0.4906,0.4994,82.0,89.0,110.0,17.0,45.4727,4
959,15.9833,15.6456,18.4686,0.1996,0.0016,2.3025,9.0,10.0,37.0,0.0261,0.0706,0.9213,0.0722,0.9417,0.4932,0.5001,83.5,90.5,112.0,17.0,44.2104,4
960,16.0,15.248,17.9503,1.3001,0.0027,3.4344,9.0,10.0,37.0,0.0256,0.0719,0.9219,0.0722,0.9417,0.4966,0.5014,81.0,89.0,111.0,3.0,44.0373,4
961,16.0167,15.1441,17.6389,0.2316,0.0026,2.8643,9.0,10.0,37.0,0.0251,0.0703,0.9222,0.0716,0.9417,0.4992,0.5027,80.0,87.0,107.0,4.0,44.5283,5
962,16.0333,15.0049,17.1622,0.4856,0.0029,4.1267,9.0,10.0,37.0,0.0241,0.0688,0.925,0.0694,0.9417,0.5027,0.5035,79.0,86.0,105.0,4.0,44.6951,5
963,16.05,14.8515,16.6608,0.3909,0.0034,4.7147,9.0,10.0,37.0,0.0233,0.0688,0.9263,0.0694,0.9417,0.508,0.5051,79.0,86.0,105.0,4.0,46.2858,5
964,16.0667,14.6442,15.9963,0.6539,0.0037,7.2428,9.0,10.0,37.0,0.0223,0.0676,0.9304,0.0694,0.9417,0.5125,0.5069,79.0,84.0,102.0,4.0,46.5748,4
965,16.0833,14.3796,15.1763,0.5297,0.0047,7.5868,9.0,10.0,37.0,0.0204,0.0656,0.9361,0.0667,0.9417,0.5205,0.5095,81.0,88.0,109.0,4.0,46.3029,4
966,16.1,14.0587,14.1451,0.8343,0.0052,9.2678,9.0,10.0,37.0,0.0187,0.0641,0.9388,0.0667,0.9417,0.5322,0.5117,82.0,90.0,102.0,5.0,48.1746,4
967,16.1167,13.7097,13.0806,0.6494,0.0048,9.9805,9.0,10.0,37.0,0.017,0.0629,0.9406,0.0639,0.9417,0.5438,0.5139,87.0,95.0,113.0,5.0,49.3293,4
968,16.1333,13.4582,12.3031,0.7707,0.0052,9.5129,9.0,10.0,37.0,0.0157,0.0609,0.9422,0.0639,0.9417,0.5531,0.5156,88.0,96.0,113.0,6.0,49.6234,4
969,16.15,13.1595,11.3905,0.6507,0.0044,9.581,9.0,10.0,37.0,0.0141,0.0585,0.9422,0.0624,0.9417,0.5607,0.5175,87.0,93.0,108.0,9.0,49.2194,5
970,16.1667,12.8283,10.3804,0.7344,0.0038,10.9295,9.0,10.0,37.0,0.013,0.0578,0.9422,0.0611,0.9417,0.5665,0.5204,80.0,87.0,108.0,45.0,51.548,4
971,16.1833,12.5499,9.5348,0.5157,0.004,10.5239,9.0,10.0,37.0,0.0115,0.0572,0.9438,0.06,0.9417,0.5694,0.5241,84.0,94.0,113.0,42.0,50.6364,4
972,16.2,12.3279,8.8819,0.6211,0.0044,10.0691,9.0,10.0,37.0,0.0099,0.0547,0.9438,0.0583,0.9417,0.5767,0.5274,89.0,97.0,118.0,39.0,56.5085,4
973,16.2167,12.0883,8.1469,0.5062,0.0037,9.7476,9.0,10.0,37.0,0.0086,0.0531,0.9453,0.0556,0.9417,0.5861,0.5319,92.0,101.0,117.0,42.0,59.1138,4
974,16.2333,11.8225,7.3503,0.6485,0.0029,13.1167,9.0,10.0,37.0,0.0075,0.0531,0.9453,0.0556,0.9417,0.5899,0.5371,89.5,100.0,123.0,45.0,62.6369,4
975,16.25,11.5699,6.5622,0.4696,0.0025,17.9321,9.0,10.0,37.0,0.0069,0.0531,0.9453,0.0556,0.9417,0.5887,0.542,91.0,102.0,125.0,39.0,65.4003,4
976,16.2667,11.4059,6.0824,0.5308,0.0028,16.7502,9.0,10.0,37.0,0.0056,0.0531,0.9453,0.0528,0.9417,0.5867,0.5503,97.0,105.0,127.0,44.0,66.2578,4
977,16.2833,11.2408,5.5745,0.3348,0.0026,14.9111,9.0,10.0,37.0,0.0048,0.0516,0.9469,0.0528,0.9417,0.5843,0.5597,95.0,104.0,118.0,46.0,67.8192,4
978,16.3,11.0384,5.0111,0.566,0.0023,18.0826,9.0,10.0,37.0,0.0041,0.0516,0.9469,0.0528,0.9417,0.5816,0.5713,87.0,94.0,118.0,55.0,74.2741,5
979,16.3167,10.8413,4.4144,0.339,0.0018,18.3976,9.0,10.0,37.0,0.0036,0.0516,0.9469,0.0528,0.9417,0.5788,0.5821,88.0,98.0,124.0,63.0,76.934,4
980,16.3333,10.6831,3.9214,0.3999,0.0015,20.7173,9.0,10.0,37.0,0.0032,0.0505,0.9469,0.0528,0.9417,0.5718,0.595,90.0,101.0,124.0,62.0,80.7979,4
981,16.35,10.5921,3.6299,0.2154,0.0014,20.7002,9.0,10.0,37.0,0.0027,0.05,0.9483,0.0528,0.9417,0.5585,0.6141,94.0,103.0,125.0,63.0,89.0372,4
982,16.3667,10.5784,3.5687,0.4398,0.0015,9.7793,9.0,10.0,37.0,0.0021,0.05,0.9517,0.0522,0.9422,0.5339,0.6414,96.5,104.0,126.0,60.0,102.3161,5
983,16.3833,10.611,3.6626,0.367,0.0014,0.1754,9.0,10.0,37.0,0.0019,0.05,0.9578,0.0511,0.9433,0.4915,0.6532,91.0,100.0,117.0,55.0,108.0745,4
984,16.4,10.6218,3.7241,0.5428,0.0012,0.8069,9.0,10.0,37.0,0.002,0.05,0.9561,0.0514,0.943,0.4525,0.6471,100.0,105.0,117.0,52.5,102.3414,4
985,16.4167,10.6355,3.7625,0.3382,0.0012,3.3493,9.0,10.0,37.0,0.0023,0.05,0.9484,0.0528,0.9417,0.4343,0.6233,105.0,112.0,131.0,47.0,94.5141,5
986,16.4333,10.638,3.7967,0.5459,0.0014,10.8417,9.0,10.0,37.0,0.0029,0.05,0.9474,0.0528,0.9417,0.422,0.5947,102.0,110.0,132.0,46.0,84.4496,5
987,16.45,10.7169,4.0268,0.2122,0.0017,19.1111,9.0,10.0,37.0,0.0036,0.0516,0.9469,0.0528,0.9417,0.4145,0.5752,101.0,109.0,132.0,47.0,75.383,5
988,16.4667,10.7917,4.2724,0.3174,0.0019,12.8169,9.0,10.0,37.0,0.0042,0.0516,0.9469,0.0528,0.9417,0.4104,0.5634,97.0,107.0,131.0,51.0,70.3993,4
989,16.4833,10.8952,4.5785,0.196,0.0018,12.0687,9.0,10.0,37.0,0.0047,0.0516,0.9469,0.0528,0.9417,0.4077,0.5539,97.0,105.0,132.0,50.0,67.6247,5
990,16.5,11.1815,5.4408,0.5408,0.0017,11.4097,9.0,10.0,37.0,0.0053,0.0517,0.9453,0.0528,0.9417,0.4061,0.5447,94.0,104.0,131.0,46.0,67.7691,4
991,16.5167,11.4322,6.1839,0.4186,0.0021,9.4725,9.0,10.0,37.0,0.0061,0.0531,0.9453,0.0556,0.9417,0.4109,0.5371,101.0,109.0,126.0,44.0,61.3502,4
992,16.5333,11.6484,6.8353,0.4465,0.0033,11.4597,9.0,10.0,37.0,0.0075,0.0531,0.9453,0.0556,0.9417,0.4155,0.5273,97.0,107.0,130.0,42.0,59.2993,4
993,16.55,11.8247,7.3843,0.3818,0.0034,18.3283,9.0,10.0,37.0,0.0085,0.0531,0.9438,0.0556,0.9417,0.4179,0.5213,89.0,100.0,125.0,47.0,56.8314,4
994,16.5667,11.9932,7.9002,0.5212,0.0031,18.1321,9.0,10.0,37.0,0.0093,0.0547,0.9438,0.0583,0.9417,0.4199,0.5162,88.0,98.0,125.0,47.0,55.9192,4
995,16.5833,12.2319,8.6038,0.4167,0.0026,16.2743,9.0,10.0,37.0,0.01,0.0548,0.9438,0.0583,0.9417,0.4221,0.5128,89.0,100.0,126.0,47.5,54.3525,4
996,16.6,12.5387,9.561,0.6937,0.0033,11.9882,9.0,10.0,37.0,0.0111,0.0562,0.9438,0.0597,0.9417,0.4307,0.511,90.0,100.0,111.0,42.0,51.6722,4
997,16.6167,12.8165,10.3899,0.425,0.0035,9.4581,9.0,10.0,37.0,0.0121,0.0578,0.9422,0.0611,0.9417,0.4369,0.5075,95.0,105.0,129.0,28.0,52.9007,4
998,16.6333,13.0397,11.0859,0.5092,0.0034,8.2902,9.0,10.0,37.0,0.0132,0.0586,0.9422,0.0625,0.9417,0.4438,0.5045,95.0,105.0,129.0,18.5,50.4728,4
999,16.65,13.2385,11.6746,0.3364,0.0028,8.6373,9.0,10.0,37.0,0.0143,0.0594,0.9422,0.0639,0.9417,0.4485,0.5019,95.0,105.0,130.0,14.0,52.0248,4
1000,16.6667,13.4634,12.3712,0.5225,0.0026,7.7807,9.0,10.0,37.0,0.015,0.0603,0.9422,0.0639,0.9417,0.4539,0.5005,95.0,105.0,130.0,7.0,51.0079,4
1001,16.6833,13.7817,13.3163,0.4813,0.0028,6.5747,9.0,10.0,37.0,0.0164,0.0609,0.9408,0.0639,0.9417,0.463,0.4992,94.0,103.0,117.0,7.0,49.1786,4
1002,16.7,14.0363,14.0893,0.4827,0.0033,5.5481,9.0,10.0,37.0,0.0177,0.0641,0.9395,0.0659,0.9417,0.4702,0.4976,95.0,104.0,129.0,11.0,49.5425,4
1003,16.7167,14.2328,14.6655,0.399,0.0031,4.9829,9.0,10.0,37.0,0.0188,0.0641,0.9388,0.0667,0.9417,0.4767,0.4959,91.0,104.0,129.0,14.0,50.0908,4
1004,16.7333,14.3939,15.1709,0.4395,0.0027,6.3483,9.0,10.0,37.0,0.0197,0.0656,0.937,0.0667,0.9417,0.4812,0.4945,90.0,102.0,126.0,10.0,50.457,4
1005,16.75,14.5271,15.5606,0.2729,0.0023,6.0123,9.0,10.0,37.0,0.0203,0.0656,0.9322,0.0667,0.9417,0.485,0.4932,90.0,102.0,126.0,13.0,50.1286,4
1006,16.7667,14.621,15.8847,0.4095,0.0018,4.6714,9.0,10.0,37.0,0.0206,0.0656,0.9312,0.0667,0.9417,0.4867,0.4924,90.0,103.0,127.0,7.0,50.2879,4
1007,16.7833,14.7154,16.1601,0.1946,0.0018,3.4875,9.0,10.0,37.0,0.0212,0.0656,0.9312,0.0691,0.9417,0.4889,0.4914,89.0,100.0,124.0,6.0,51.0881,4
1008,16.8,14.7848,16.3875,0.2509,0.0014,2.4555,9.0,10.0,37.0,0.0216,0.0656,0.9312,0.0686,0.9417,0.4905,0.4909,90.0,102.0,127.0,6.0,50.2351,4
1009,16.8167,14.8441,16.5594,0.1245,0.0011,2.2558,9.0,10.0,37.0,0.022,0.0667,0.9291,0.0694,0.9417,0.4923,0.49,90.0,102.0,126.0,5.0,51.5551,4
1010,16.8333,14.8889,16.681,0.3033,0.001,1.5177,9.0,10.0,37.0,0.022,0.0672,0.9295,0.0694,0.9417,0.4924,0.4899,90.0,102.0,127.0,6.0,50.5369,4
1011,16.85,14.9327,16.7945,0.1076,0.0008,1.0139,9.0,10.0,37.0,0.0222,0.0688,0.931,0.0694,0.9417,0.4936,0.4895,90.0,102.0,126.0,6.0,50.41,4
1012,16.8667,14.9548,16.8828,0.222,0.0008,0.7146,9.0,10.0,37.0,0.0226,0.0688,0.9282,0.0694,0.9417,0.4952,0.4889,90.0,103.5,127.0,6.0,51.3696,4
1013,16.8833,14.9798,16.9451,0.0769,0.0005,0.7079,9.0,10.0,37.0,0.0225,0.0688,0.9284,0.0694,0.9417,0.4949,0.4889,90.0,104.0,126.0,6.0,51.1473,4
1014,16.9,14.9957,17.0065,0.1131,0.0005,0.6392,9.0,10.0,37.0,0.0227,0.0688,0.93,0.0694,0.9417,0.4962,0.4882,90.0,103.0,126.0,6.0,51.7607,4
1015,16.9167,15.0047,17.0269,0.0727,0.0002,0.5844,9.0,10.0,37.0,0.0228,0.0688,0.9281,0.0694,0.9417,0.4961,0.4882,90.0,102.0,124.0,6.0,51.9609,4
1016,16.9333,14.9979,17.0662,0.1653,0.0003,0.4345,9.0,10.0,37.0,0.0228,0.0688,0.93,0.0694,0.9417,0.4961,0.4881,90.0,103.0,126.0,6.0,51.5884,4
1017,16.95,15.0041,17.0782,0.0399,0.0002,0.2184,9.0,10.0,37.0,0.0228,0.0688,0.9281,0.0694,0.9417,0.496,0.4881,90.0,103.0,126.0,6.0,51.6086,4
1018,16.9667,15.0015,17.0912,0.1173,0.0002,0.2349,9.0,10.0,37.0,0.0228,0.0688,0.9281,0.0694,0.9417,0.4964,0.4879,90.0,104.0,127.0,6.0,51.8173,4
1019,16.9833,15.0037,17.0965,0.0197,0.0002,0.4222,9.0,10.0,37.0,0.0229,0.0688,0.9281,0.0694,0.9417,0.4963,0.488,90.0,104.0,127.0,6.0,51.9186,4
1020,17.0,14.8313,16.9982,1.1157,0.0007,1.7897,9.0,10.0,37.0,0.0232,0.0688,0.927,0.0694,0.9417,0.497,0.4884,93.0,105.0,129.0,2.0,52.0344,4
1021,17.0167,14.8292,16.9919,0.017,0.0001,0.4136,9.0,10.0,37.0,0.0231,0.0688,0.9273,0.0694,0.9417,0.4969,0.4884,94.0,105.0,129.0,2.0,51.708,4
1022,17.0333,14.8258,16.9588,0.3269,0.0003,0.5144,9.0,10.0,37.0,0.023,0.0688,0.9281,0.0694,0.9417,0.4974,0.4885,93.0,105.0,126.0,2.0,51.3009,4
1023,17.05,14.8404,16.9645,0.0939,0.0003,0.3711,9.0,10.0,37.0,0.0229,0.0688,0.9281,0.0694,0.9417,0.4981,0.489,93.0,105.0,126.0,2.0,51.4872,4
1024,17.0667,14.8462,16.937,0.2216,0.0004,0.4335,9.0,10.0,37.0,0.0229,0.0688,0.9281,0.0694,0.9417,0.498,0.4889,91.0,104.0,126.0,2.0,52.1537,4
1025,17.0833,14.8367,16.884,0.1899,0.0005,1.039,9.0,10.0,37.0,0.0229,0.0688,0.9281,0.0694,0.9417,0.4983,0.4889,92.0,104.0,126.0,2.0,52.4364,4
1026,17.1,14.8074,16.8338,0.2952,0.0007,0.8531,9.0,10.0,37.0,0.0227,0.0688,0.9281,0.0694,0.9417,0.4993,0.4895,91.0,104.0,125.0,2.0,51.6403,4
1027,17.1167,14.7834,16.7373,0.1621,0.0009,1.2086,9.0,10.0,37.0,0.0226,0.0688,0.9281,0.0694,0.9417,0.4995,0.4896,91.0,104.0,126.0,2.0,52.7047,4
1028,17.1333,14.7469,16.6304,0.1818,0.0012,1.2118,9.0,10.0,37.0,0.0223,0.0688,0.93,0.0694,0.9417,0.5009,0.4903,93.0,104.0,126.0,2.0,51.3675,4
1029,17.15,14.7136,16.5074,0.1568,0.0013,1.6947,9.0,10.0,37.0,0.0221,0.0687,0.9312,0.0694,0.9417,0.5013,0.4905,91.0,104.0,126.0,2.0,52.2164,4
1030,17.1667,14.6553,16.3349,0.4171,0.0016,2.8687,9.0,10.0,37.0,0.0219,0.068,0.9312,0.0694,0.9417,0.5024,0.4909,90.0,104.0,125.0,2.0,52.89,4
1031,17.1833,14.5919,16.1138,0.3172,0.0018,3.6046,9.0,10.0,37.0,0.0215,0.0672,0.9312,0.0667,0.9417,0.5045,0.4918,91.0,104.0,125.0,2.0,52.7493,4
1032,17.2,14.4718,15.8439,0.5721,0.0023,3.978,9.0,10.0,37.0,0.0209,0.0656,0.9312,0.0667,0.9417,0.5065,0.4929,90.0,103.0,123.0,2.0,51.949,4
1033,17.2167,14.3716,15.5376,0.2521,0.0028,4.2979,9.0,10.0,37.0,0.0203,0.0656,0.9312,0.0667,0.9417,0.5087,0.4941,89.0,101.0,122.0,2.0,52.1192,4
1034,17.2333,14.2408,15.1461,0.5763,0.003,4.8673,9.0,10.0,37.0,0.0193,0.0649,0.9375,0.0667,0.9417,0.5129,0.4955,87.0,97.0,118.0,3.0,51.995,4
1035,17.25,14.0921,14.6816,0.3554,0.0035,7.1396,9.0,10.0,37.0,0.0187,0.0641,0.9391,0.0641,0.9417,0.5168,0.496,87.0,97.0,119.0,3.0,54.4665,4
1036,17.2667,13.8908,14.0813,0.472,0.0036,9.2205,9.0,10.0,37.0,0.0175,0.0641,0.9406,0.0639,0.9417,0.5242,0.4976,88.5,102.0,123.0,3.0,53.4753,4
1037,17.2833,13.6764,13.4024,0.5637,0.0038,9.1575,9.0,10.0,37.0,0.016,0.0609,0.9422,0.0639,0.9417,0.5335,0.4993,93.0,105.0,126.0,3.0,53.3271,4
1038,17.3,13.3755,12.5783,0.706,0.0039,7.2978,9.0,10.0,37.0,0.0148,0.0595,0.9422,0.0639,0.9417,0.5408,0.5008,91.0,102.0,116.0,3.0,51.8956,4
1039,17.3167,13.0226,11.5108,0.5721,0.0033,8.8675,9.0,10.0,37.0,0.0137,0.0586,0.9422,0.0611,0.9417,0.5474,0.5024,88.0,101.0,125.0,3.0,53.6852,4
1040,17.3333,12.7422,10.6968,0.6676,0.0028,12.0763,9.0,10.0,37.0,0.013,0.0578,0.9422,0.0611,0.9417,0.5511,0.5044,88.0,101.0,124.0,3.0,56.155,4
1041,17.35,12.5412,10.0957,0.3702,0.003,14.0778,9.0,10.0,37.0,0.012,0.0578,0.9422,0.0611,0.9417,0.5547,0.5076,90.0,103.0,125.0,3.0,54.6931,4
1042,17.3667,12.3077,9.411,0.609,0.0035,11.811,9.0,10.0,37.0,0.0109,0.0562,0.9438,0.0583,0.9417,0.5605,0.5113,94.0,105.0,129.0,3.0,55.5592,4
1043,17.3833,12.0364,8.5901,0.4404,0.0031,5.5436,9.0,10.0,37.0,0.0094,0.0547,0.9438,0.0583,0.9417,0.5698,0.5149,98.0,107.0,123.0,3.0,57.6938,4
1044,17.4,11.7015,7.6159,0.6453,0.0019,7.0273,9.0,10.0,37.0,0.0083,0.0531,0.9453,0.0556,0.9417,0.5768,0.5174,97.0,108.0,133.0,3.0,59.7958,4
1045,17.4167,11.4323,6.7914,0.3682,0.0015,9.2103,9.0,10.0,37.0,0.0076,0.0531,0.9453,0.0556,0.9417,0.5775,0.5219,97.5,108.0,133.0,3.0,61.799,4
1046,17.4333,11.2949,6.391,0.277,0.0013,13.8404,9.0,10.0,37.0,0.0071,0.0531,0.9453,0.0556,0.9417,0.5784,0.5263,98.0,109.0,133.0,4.0,64.1099,4
1047,17.45,11.1469,5.9354,0.2855,0.0018,13.4238,9.0,10.0,37.0,0.0062,0.0531,0.9453,0.0556,0.9417,0.5799,0.5339,100.0,110.0,133.0,5.0,66.6504,4
1048,17.4667,10.9434,5.3886,0.3978,0.0019,12.3566,9.0,10.0,37.0,0.0053,0.0516,0.9464,0.0528,0.9417,0.5795,0.5429,102.0,111.0,130.0,5.0,68.5907,4
1049,17.4833,10.7505,4.7931,0.2799,0.0019,9.9278,9.0,10.0,37.0,0.0046,0.0516,0.9469,0.0528,0.9417,0.5782,0.5527,93.0,97.0,122.0,30.0,70.7693,4
1050,17.5,10.5063,4.1086,0.5335,0.0015,14.815,9.0,10.0,37.0,0.0039,0.0514,0.9469,0.0528,0.9417,0.5782,0.5615,97.0,108.0,134.0,39.0,79.0581,4
1051,17.5167,10.4027,3.7929,0.1721,0.0009,17.0445,9.0,10.0,37.0,0.0036,0.0505,0.9469,0.0528,0.9417,0.5745,0.5696,97.0,107.0,133.0,45.0,82.3583,4
1052,17.5333,10.4349,3.9182,0.4287,0.0011,18.7998,9.0,10.0,37.0,0.0031,0.05,0.9469,0.0528,0.9417,0.5664,0.5834,97.0,108.0,133.0,47.0,84.6909,4
1053,17.55,10.6064,4.4269,0.4161,0.0012,12.1996,9.0,10.0,37.0,0.0028,0.05,0.9479,0.0528,0.9417,0.5528,0.5988,97.5,109.0,133.0,49.0,89.2611,4
1054,17.5667,10.7504,4.8627,0.6409,0.0017,9.5895,9.0,10.0,37.0,0.0029,0.05,0.9475,0.0528,0.9417,0.4845,0.5989,102.0,105.0,124.0,37.0,85.6762,5
1055,17.5833,10.8773,5.2399,0.4361,0.0029,2.3587,9.0,10.0,37.0,0.0032,0.05,0.9469,0.0528,0.9417,0.4038,0.5882,105.0,111.0,123.0,46.0,79.6243,5
1056,17.6,10.9524,5.5211,0.5885,0.0037,15.9224,9.0,10.0,37.0,0.004,0.0503,0.9469,0.0528,0.9417,0.3426,0.5688,93.0,104.0,129.0,55.0,73.4717,4
1057,17.6167,11.0444,5.7687,0.5052,0.0031,32.6941,9.0,10.0,37.0,0.0044,0.0516,0.9469,0.0528,0.9417,0.314,0.5578,90.0,103.5,129.0,61.0,68.8584,4
1058,17.6333,11.3307,6.6245,0.6542,0.0028,32.4566,9.0,10.0,37.0,0.0052,0.0516,0.9469,0.0528,0.9417,0.3045,0.5453,88.0,101.0,125.5,62.0,66.3168,4
1059,17.65,11.6544,7.6089,0.5995,0.0033,26.8857,9.0,10.0,37.0,0.0066,0.0531,0.9453,0.0556,0.9417,0.3027,0.5332,90.0,102.0,118.0,56.0,59.7785,4
1060,17.6667,11.9201,8.4853,0.7082,0.0046,23.1582,9.0,10.0,37.0,0.0084,0.0531,0.9453,0.0556,0.9417,0.3041,0.5237,87.0,97.0,119.0,60.0,56.4995,4
1061,17.6833,12.2141,9.3461,0.5728,0.0046,23.4551,9.0,10.0,37.0,0.0097,0.0547,0.9438,0.0583,0.9417,0.3047,0.5171,84.0,95.0,118.0,58.0,52.0217,4
1062,17.7,12.6342,10.6287,0.9007,0.0043,23.6992,9.0,10.0,37.0,0.011,0.0562,0.9438,0.0583,0.9417,0.3053,0.5111,87.0,94.0,115.0,48.0,52.7122,4
1063,17.7167,13.0146,11.7601,0.8022,0.0053,20.6895,9.0,10.0,37.0,0.0132,0.0578,0.9422,0.0611,0.9417,0.3176,0.5089,86.0,95.0,113.0,50.0,49.0814,4
1064,17.7333,13.3087,12.7084,0.8893,0.006,15.5116,9.0,10.0,37.0,0.015,0.0604,0.9422,0.0639,0.9417,0.3251,0.5052,82.0,91.0,113.0,49.0,47.756,4
1065,17.75,13.758,14.0417,0.8804,0.0059,15.8416,9.0,10.0,37.0,0.0165,0.061,0.9406,0.0639,0.9417,0.329,0.5014,84.0,95.0,118.0,48.0,45.8492,4
1066,17.7667,14.1671,15.3114,1.1219,0.0061,15.9157,9.0,10.0,37.0,0.019,0.0641,0.938,0.0658,0.9417,0.3401,0.4994,91.0,102.0,117.0,21.0,45.9942,4
1067,17.7833,14.5449,16.4388,0.9292,0.0073,14.022,9.0,10.0,37.0,0.0214,0.0659,0.9312,0.0667,0.9417,0.351,0.4972,90.0,102.0,118.0,13.0,45.3846,4
1068,17.8,15.0369,17.896,1.1116,0.0072,13.4606,9.0,10.0,37.0,0.0232,0.0688,0.927,0.0694,0.9417,0.3595,0.4955,89.0,100.0,118.0,15.0,43.0925,4
1069,17.8167,15.5034,19.3488,1.2149,0.0071,12.9912,9.0,10.0,37.0,0.0258,0.0703,0.9219,0.0704,0.9417,0.3712,0.494,92.0,101.0,115.0,10.0,44.4705,4
1070,17.8333,15.9017,20.5957,1.2261,0.0085,11.0557,9.0,10.0,37.0,0.0286,0.0747,0.9132,0.0772,0.9389,0.3846,0.4932,95.0,102.0,117.0,9.0,43.8315,4
1071,17.85,16.4577,22.2746,1.1863,0.008,11.3632,9.0,10.0,37.0,0.0308,0.075,0.9078,0.0833,0.9389,0.3931,0.4913,90.0,102.0,116.0,9.0,43.0325,4
1072,17.8667,16.9781,23.8601,1.323,0.0083,11.7068,9.0,10.0,37.0,0.0337,0.0777,0.9016,0.3933,0.9389,0.4098,0.4909,97.0,104.0,117.0,8.0,42.359,4
1073,17.8833,17.3995,25.1192,1.0851,0.0094,8.854,9.0,10.0,37.0,0.0366,0.0828,0.8947,0.4167,0.9389,0.4234,0.4901,95.0,103.0,117.0,6.0,41.7719,4
1074,17.9,17.971,26.8806,1.3126,0.0083,9.876,9.0,10.0,37.0,0.0392,0.0879,0.8891,0.4167,0.9389,0.4338,0.4892,90.0,101.5,115.0,7.0,42.5823,4
1075,17.9167,18.5017,28.4727,1.1824,0.0084,8.2225,9.0,10.0,37.0,0.0418,0.0938,0.8797,0.4167,0.9389,0.4493,0.4884,93.0,103.0,117.0,7.0,41.5237,5
1076,17.9333,18.9188,29.7811,1.1814,0.009,7.1931,9.0,10.0,37.0,0.0443,0.0985,0.8734,0.4167,0.9389,0.4636,0.4877,89.0,101.0,117.0,7.0,40.7203,4
1077,17.95,19.282,30.8622,0.946,0.0079,7.5083,9.0,10.0,37.0,0.0467,0.1062,0.8672,0.4167,0.9389,0.4727,0.4868,87.0,96.0,115.0,8.0,41.8117,4
1078,17.9667,19.5658,31.752,0.9201,0.0073,6.3535,9.0,10.0,37.0,0.0483,0.1082,0.8656,0.4167,0.9389,0.4799,0.4863,86.0,95.0,113.0,8.0,40.7606,4
1079,17.9833,19.8068,32.4746,0.7208,0.0061,5.3359,9.0,10.0,37.0,0.0497,0.1109,0.8633,0.4167,0.9389,0.4863,0.4856,89.5,101.0,118.5,6.0,41.5015,5
1080,18.0,19.8162,32.9549,1.6679,0.006,5.6536,8.0,10.0,37.0,0.0514,0.1147,0.8594,0.4167,0.9389,0.4909,0.4854,93.0,103.0,120.0,3.0,41.9825,4
1081,18.0167,19.9639,33.3975,0.4626,0.0046,3.1031,8.0,10.0,37.0,0.0519,0.1166,0.8594,0.4167,0.9389,0.4934,0.4847,94.0,103.0,123.0,3.0,41.7006,4
1082,18.0333,20.1054,33.7943,0.5378,0.0038,2.7732,9.0,10.0,37.0,0.0526,0.1172,0.8585,0.4167,0.9389,0.4968,0.4844,98.0,105.0,124.0,3.0,41.77,4
1083,18.05,20.2033,34.0995,0.3847,0.0032,2.4506,9.0,10.0,37.0,0.0533,0.1172,0.8562,0.4167,0.9389,0.4993,0.4839,100.0,107.0,125.0,3.0,42.4597,4
1084,18.0667,20.2949,34.401,0.5253,0.003,1.7736,9.0,10.0,37.0,0.0537,0.1219,0.8562,0.4167,0.9389,0.5005,0.4836,103.0,109.0,126.0,3.0,41.9413,4
1085,18.0833,20.3655,34.6295,0.2936,0.0026,1.2365,9.0,10.0,37.0,0.054,0.1219,0.85,0.4167,0.9389,0.5016,0.4832,105.0,111.0,127.0,3.0,42.0981,4
1086,18.1,20.4336,34.8051,0.3747,0.0018,1.0332,9.0,10.0,37.0,0.0546,0.1233,0.8506,0.4167,0.9389,0.5043,0.4831,105.0,112.0,127.0,3.0,42.9567,4
1087,18.1167,20.4781,34.9388,0.1819,0.0017,1.0223,9.0,10.0,37.0,0.0546,0.1232,0.8511,0.4167,0.9389,0.5041,0.4828,107.0,113.0,129.0,3.0,42.1086,4
1088,18.1333,20.5015,35.023,0.2897,0.0012,0.5605,9.0,10.0,37.0,0.0546,0.1233,0.85,0.4167,0.9389,0.5043,0.4828,110.0,115.0,130.0,3.0,41.957,4
1089,18.15,20.54,35.1245,0.1119,0.0009,0.5262,9.0,10.0,37.0,0.055,0.1245,0.85,0.4167,0.9371,0.506,0.4828,110.0,115.0,130.0,3.0,42.7474,4
1090,18.1667,20.5417,35.1768,0.2714,0.0007,0.6045,9.0,10.0,37.0,0.055,0.1232,0.85,0.4167,0.9366,0.5062,0.4827,110.0,115.0,130.0,3.0,42.6043,4
1091,18.1833,20.5557,35.2071,0.0656,0.0006,0.3135,9.0,10.0,37.0,0.0549,0.1225,0.85,0.4167,0.9379,0.5052,0.4825,110.0,116.0,130.0,3.0,42.2497,4
1092,18.2,20.5518,35.2404,0.2089,0.0003,0.2443,9.0,10.0,37.0,0.0549,0.1243,0.85,0.4167,0.9361,0.5056,0.4824,111.0,117.0,131.0,3.0,42.2044,4
1093,18.2167,20.5609,35.2531,0.0392,0.0002,0.1201,9.0,10.0,37.0,0.0549,0.1243,0.85,0.4167,0.9361,0.5056,0.4824,112.0,117.0,131.0,3.0,42.1788,4
1094,18.2333,20.5796,35.2852,0.1761,0.0003,0.1919,9.0,10.0,37.0,0.055,0.1244,0.85,0.4167,0.9361,0.5059,0.4824,112.0,117.0,131.0,3.0,42.2481,4
1095,18.25,20.588,35.2912,0.0499,0.0001,0.075,9.0,11.0,37.0,0.055,0.1245,0.85,0.4167,0.9361,0.5059,0.4824,112.0,117.0,131.0,3.0,42.2477,4
1096,18.2667,20.5738,35.2939,0.1834,0.0001,0.077,9.0,11.0,37.0,0.055,0.1277,0.85,0.4167,0.9361,0.5062,0.4823,112.0,117.0,131.0,3.0,42.3541,4
1097,18.2833,20.5754,35.293,0.0249,0.0001,0.033,9.0,11.0,37.0,0.0551,0.1279,0.85,0.4167,0.9361,0.5064,0.4823,112.0,117.0,131.0,3.0,42.4153,4
1098,18.3,20.5518,35.2923,0.1471,0.0001,0.034,9.0,11.0,37.0,0.0551,0.1264,0.85,0.4167,0.9361,0.5065,0.4824,111.0,117.0,131.0,3.0,42.4744,4
1099,18.3167,20.5542,35.2918,0.0191,0.0,0.0095,9.0,11.0,37.0,0.0551,0.1264,0.85,0.4167,0.9361,0.5065,0.4824,111.0,116.0,131.0,3.0,42.4858,4
1100,18.3333,20.5439,35.2885,0.1265,0.0001,0.0388,9.0,11.0,37.0,0.0551,0.128,0.8469,0.4167,0.9361,0.5065,0.4824,111.0,116.0,131.0,3.0,42.4909,4
1101,18.35,20.5467,35.2878,0.0157,0.0,0.0088,9.0,11.0,37.0,0.0551,0.1281,0.8469,0.4167,0.9361,0.5066,0.4824,111.0,116.0,131.0,3.0,42.4818,4
1102,18.3667,20.5414,35.2894,0.1491,0.0001,0.031,9.0,11.0,37.0,0.0551,0.125,0.8469,0.4167,0.9361,0.5065,0.4824,111.0,116.0,131.0,3.0,42.4707,4
1103,18.3833,20.5416,35.2893,0.0134,0.0,0.0052,9.0,11.0,37.0,0.0551,0.1235,0.8469,0.4167,0.9361,0.5064,0.4825,111.0,116.0,131.0,3.0,42.4677,4
1104,18.4,20.5211,35.2877,0.2181,0.0001,0.0233,9.0,11.0,37.0,0.0551,0.1266,0.8469,0.4167,0.9361,0.5065,0.4824,111.0,116.0,131.0,3.0,42.4608,4
1105,18.4167,20.5201,35.2875,0.0205,0.0,0.0036,9.0,11.0,37.0,0.0551,0.1266,0.8469,0.4167,0.9361,0.5066,0.4824,111.0,116.0,131.0,3.0,42.4631,4
1106,18.4333,20.5156,35.2854,0.1782,0.0,0.0138,9.0,11.0,38.0,0.0552,0.1251,0.8498,0.4167,0.9361,0.5066,0.4823,111.0,116.0,131.0,3.0,42.4695,4
1107,18.45,20.5174,35.2842,0.0193,0.0,0.003,9.0,11.0,38.0,0.0552,0.1251,0.8469,0.4167,0.9361,0.5065,0.4824,111.0,116.0,131.0,3.0,42.4703,4
1108,18.4667,20.5136,35.2847,0.0951,0.0,0.006,9.0,11.0,38.0,0.0552,0.1221,0.85,0.4167,0.9361,0.5066,0.4824,111.0,116.0,131.0,3.0,42.488,4
1109,18.4833,20.5141,35.2871,0.0483,0.0,0.0045,9.0,11.0,38.0,0.0552,0.1221,0.85,0.4167,0.9361,0.5066,0.4825,111.0,116.0,131.0,3.0,42.4854,4
1110,18.5,20.4803,35.2888,0.1929,0.0,0.0152,9.0,11.0,38.0,0.0552,0.1237,0.85,0.4167,0.9361,0.5067,0.4825,111.0,116.0,131.0,3.0,42.4874,4
1111,18.5167,20.4813,35.2897,0.0267,0.0,0.0046,9.0,11.0,38.0,0.0552,0.1237,0.85,0.4167,0.9385,0.5067,0.4825,111.0,116.0,131.0,3.0,42.4859,4
1112,18.5333,20.4682,35.2878,0.1438,0.0,0.0193,9.0,11.0,38.0,0.0552,0.1236,0.85,0.4167,0.9386,0.5067,0.4825,111.0,116.0,131.0,3.0,42.5064,4
1113,18.55,20.4685,35.2864,0.0144,0.0,0.0099,9.0,11.0,38.0,0.0552,0.122,0.85,0.4167,0.9386,0.5067,0.4825,111.0,116.0,131.0,3.0,42.4885,4
1114,18.5667,20.4638,35.2884,0.1502,0.0,0.0161,9.0,11.0,38.0,0.0552,0.1236,0.85,0.4167,0.9361,0.5067,0.4825,111.0,116.0,131.0,3.0,42.5121,4
1115,18.5833,20.4624,35.2779,0.0184,0.0001,0.0619,9.0,11.0,38.0,0.0551,0.1233,0.85,0.4167,0.9363,0.507,0.4826,111.0,116.0,131.0,3.0,42.3908,4
1116,18.6,20.4515,35.2761,0.1499,0.0001,0.0847,9.0,11.0,38.0,0.0551,0.1233,0.85,0.4167,0.9363,0.5071,0.4825,111.0,116.0,131.0,3.0,42.3457,4
1117,18.6167,20.4429,35.2494,0.0362,0.0003,0.1579,9.0,11.0,38.0,0.055,0.1228,0.85,0.4167,0.9372,0.5078,0.4826,111.0,116.0,131.0,3.0,42.2905,4
1118,18.6333,20.4287,35.2426,0.1921,0.0002,0.114,9.0,11.0,38.0,0.0549,0.1243,0.85,0.4167,0.9373,0.5079,0.4826,111.0,116.0,131.0,3.0,42.3323,4
1119,18.65,20.4224,35.2083,0.0604,0.0004,0.201,9.0,11.0,38.0,0.0549,0.1243,0.85,0.4167,0.9373,0.5079,0.4826,111.0,116.0,131.0,3.0,42.4682,4
1120,18.6667,20.4152,35.1765,0.1332,0.0007,0.3877,9.0,11.0,38.0,0.0548,0.1239,0.85,0.4167,0.9381,0.5082,0.4826,111.0,116.0,131.0,3.0,42.7436,4
1121,18.6833,20.3934,35.1026,0.1398,0.0007,0.5952,9.0,11.0,38.0,0.0546,0.1232,0.85,0.4167,0.9389,0.5088,0.4826,111.0,117.0,131.0,3.0,42.6065,4
1122,18.7,20.3471,35.0371,0.273,0.001,0.4586,9.0,11.0,38.0,0.0543,0.1221,0.8555,0.4167,0.9389,0.5104,0.4829,110.0,115.0,130.0,3.0,42.2855,4
1123,18.7167,20.297,34.8756,0.1614,0.0015,0.6879,9.0,11.0,38.0,0.0545,0.1226,0.8534,0.4167,0.9389,0.5102,0.4831,110.0,115.0,130.0,3.0,42.9764,4
1124,18.7333,20.2455,34.7379,0.3204,0.0018,1.138,9.0,11.0,38.0,0.0543,0.122,0.85,0.4167,0.9389,0.5108,0.4834,109.0,114.0,130.0,3.0,43.5299,4
1125,18.75,20.1794,34.538,0.2194,0.002,1.288,9.0,11.0,38.0,0.0535,0.1219,0.8562,0.4167,0.9389,0.5132,0.4836,107.0,111.0,129.0,3.0,42.683,4
1126,18.7667,20.097,34.2798,0.3621,0.0026,1.2198,9.0,11.0,38.0,0.0531,0.1188,0.8562,0.4167,0.9389,0.5156,0.484,105.0,110.0,127.0,3.0,42.6256,4
1127,18.7833,20.0113,33.9988,0.3381,0.0034,2.1687,9.0,11.0,38.0,0.0529,0.1172,0.8562,0.4167,0.9389,0.5161,0.4845,104.0,110.0,125.0,3.0,43.3457,4
1128,18.8,19.8671,33.5691,0.4922,0.0037,2.7922,9.0,11.0,38.0,0.0518,0.1147,0.8562,0.4167,0.9389,0.5199,0.485,102.0,107.0,124.0,3.0,42.7716,4
1129,18.8167,19.7069,33.0844,0.5044,0.0048,2.939,9.0,11.0,38.0,0.0508,0.1125,0.8594,0.4167,0.9389,0.5243,0.4857,98.0,105.0,122.0,3.0,42.5916,4
1130,18.8333,19.5106,32.5171,0.6608,0.0057,4.275,9.0,11.0,38.0,0.0502,0.1094,0.8605,0.4167,0.9389,0.5273,0.4863,93.0,102.0,117.0,3.0,43.9117,4
1131,18.85,19.2688,31.7875,0.6955,0.0064,5.7009,9.0,11.0,38.0,0.0485,0.1078,0.8641,0.4167,0.9389,0.5334,0.4872,90.0,98.0,115.0,3.0,43.4038,4
1132,18.8667,18.9804,30.924,0.8178,0.0075,6.6061,9.0,11.0,38.0,0.0468,0.1062,0.8658,0.4167,0.9389,0.5401,0.4883,86.5,95.0,112.0,3.0,43.4213,4
1133,18.8833,18.6117,29.8078,0.9265,0.0086,8.9318,9.0,11.0,38.0,0.045,0.1,0.868,0.4167,0.9389,0.5484,0.4897,82.5,90.0,107.0,4.0,43.5949,4
1134,18.9,18.1539,28.4439,1.1779,0.0097,9.4958,9.0,11.0,38.0,0.0425,0.0967,0.8766,0.4167,0.9389,0.5606,0.491,81.0,89.0,102.0,4.0,43.4902,4
1135,18.9167,17.6156,26.8135,1.2239,0.0108,8.2389,9.0,11.0,38.0,0.0393,0.0891,0.8891,0.4167,0.9389,0.5787,0.4918,87.0,94.0,108.0,4.0,44.2124,4
1136,18.9333,16.8943,24.6889,1.5484,0.0096,10.2569,9.0,11.0,38.0,0.0357,0.0828,0.8978,0.4167,0.9389,0.5987,0.4921,87.0,95.0,111.0,4.0,43.9026,4
1137,18.95,16.2053,22.6169,1.3197,0.0085,9.8271,9.0,11.0,38.0,0.0336,0.077,0.9016,0.4167,0.9389,0.6076,0.4937,88.0,96.5,110.0,4.0,43.7639,4
1138,18.9667,15.7796,21.3266,1.206,0.0091,10.6492,9.0,11.0,38.0,0.031,0.075,0.9078,0.0844,0.9389,0.6236,0.4945,89.0,97.0,115.0,4.0,46.1532,4
1139,18.9833,15.2554,19.7099,1.2289,0.0077,13.008,9.0,11.0,38.0,0.0285,0.0745,0.9134,0.077,0.9389,0.6352,0.4962,88.0,96.0,118.0,4.0,45.5254,4
1140,19.0,14.5203,17.9999,2.0837,0.0081,13.6504,9.0,11.0,39.0,0.0262,0.0703,0.9219,0.0722,0.9417,0.6418,0.4978,88.0,100.0,116.0,4.0,43.6802,4
1141,19.0167,14.1495,16.8896,0.9754,0.0081,12.5574,9.0,11.0,39.0,0.0239,0.0688,0.925,0.0694,0.9417,0.6559,0.4999,89.0,100.0,113.0,4.0,46.7306,4
1142,19.0333,13.6737,15.4456,1.1791,0.007,15.9362,9.0,11.0,39.0,0.0213,0.0656,0.9312,0.0694,0.9417,0.6648,0.5017,86.0,96.0,116.0,4.0,46.0937,4
1143,19.05,13.2566,14.1303,1.1619,0.0072,16.5331,9.0,11.0,39.0,0.0194,0.0641,0.9375,0.0667,0.9417,0.674,0.5045,88.0,98.0,115.0,4.0,48.6532,4
1144,19.0667,12.8996,12.9902,1.1296,0.007,18.324,9.0,11.0,39.0,0.0169,0.0623,0.9406,0.0639,0.9417,0.683,0.5071,88.0,97.0,112.0,4.0,49.7711,4
1145,19.0833,12.4615,11.658,0.9342,0.0063,19.2534,9.0,11.0,39.0,0.0144,0.0594,0.9422,0.0639,0.9417,0.6912,0.5105,86.0,95.0,113.0,4.0,49.3588,4
1146,19.1,12.0684,10.437,1.0827,0.0061,19.6213,9.0,11.0,39.0,0.0127,0.0578,0.9422,0.0611,0.9417,0.6951,0.5147,87.0,97.0,116.0,5.0,50.3339,5
1147,19.1167,11.7484,9.4557,0.7488,0.0058,19.5554,9.0,11.0,39.0,0.0106,0.0562,0.9438,0.0583,0.9417,0.7018,0.5195,87.0,96.0,113.0,19.5,54.1532,5
1148,19.1333,11.3956,8.3513,1.0057,0.0045,22.5763,9.0,11.0,39.0,0.0087,0.0533,0.9438,0.0583,0.9417,0.7068,0.526,82.0,90.0,113.0,51.0,55.7756,4
1149,19.15,10.9922,7.1306,0.7009,0.0038,24.3921,9.0,11.0,39.0,0.0074,0.0531,0.9453,0.0556,0.9417,0.702,0.5331,83.0,94.0,118.0,61.5,57.3959,4
1150,19.1667,10.7652,6.4899,0.7777,0.0039,27.9089,9.0,11.0,39.0,0.0064,0.0531,0.9453,0.0556,0.9417,0.6976,0.5416,84.0,95.0,117.0,63.0,61.2864,4
1151,19.1833,10.5262,5.7554,0.5093,0.0039,22.64,9.0,11.0,39.0,0.0049,0.0516,0.9469,0.0528,0.9417,0.6877,0.555,89.0,100.0,115.0,62.0,70.2916,4
1152,19.2,10.2586,4.9324,0.7835,0.0026,25.516,9.0,11.0,39.0,0.0037,0.05,0.9469,0.0528,0.9417,0.6721,0.5722,88.0,101.0,126.0,66.0,76.2968,5
1153,19.2167,9.9744,4.0631,0.4774,0.0019,25.5331,9.0,11.0,39.0,0.0032,0.05,0.9469,0.0528,0.9417,0.6556,0.5872,90.0,102.0,127.0,66.0,78.3067,4
1154,19.2333,9.8666,3.7286,0.424,0.0017,20.4228,9.0,11.0,39.0,0.0027,0.05,0.9481,0.0528,0.9417,0.6319,0.6075,93.0,103.0,127.0,65.0,86.5201,4
1155,19.25,9.7464,3.3615,0.2407,0.0018,3.8192,9.0,11.0,39.0,0.002,0.05,0.9531,0.0519,0.9444,0.5859,0.642,96.0,105.0,126.0,62.0,103.0661,5
1156,19.2667,248.7578,249.9774,236.0121,0.0054,57.104,253.0,253.0,253.0,0.0059,0.0531,0.9453,0.0528,0.9417,0.4292,0.5419,158.0,158.0,159.0,3.0,82.1428,13
1157,19.2833,248.9471,250.0993,0.2524,0.0007,2.7922,253.0,253.0,253.0,0.0057,0.0531,0.9453,0.0528,0.9417,0.4383,0.5463,159.0,159.0,159.5,3.0,84.5435,12
1158,19.3,248.9453,250.0971,0.0101,0.0001,0.2487,253.0,253.0,253.0,0.0057,0.0531,0.9453,0.0528,0.9417,0.439,0.5468,159.0,161.0,161.0,3.0,84.604,11
1159,19.3167,249.1312,250.1738,0.2668,0.0008,2.7605,253.0,253.0,253.0,0.0056,0.0529,0.9453,0.0528,0.9417,0.4495,0.5526,157.0,158.0,158.0,4.0,85.3161,11
1160,19.3333,249.1307,250.1719,0.0085,0.0,0.1544,253.0,253.0,253.0,0.0056,0.0528,0.9453,0.0528,0.9417,0.4495,0.5527,157.0,158.0,158.0,4.0,85.5896,11
1161,19.35,249.0402,249.4148,0.5388,0.0011,2.2216,253.0,253.0,253.0,0.0055,0.0526,0.9453,0.0528,0.9417,0.4527,0.556,154.0,154.0,155.0,4.0,87.8619,11
1162,19.3667,248.8742,248.9171,0.3973,0.0018,0.177,253.0,253.0,253.0,0.0073,0.0531,0.9438,0.0556,0.9417,0.3988,0.5619,153.0,153.0,153.0,2.0,75.184,13
1163,19.3833,248.9264,248.6201,0.6063,0.0047,5.8273,253.0,253.0,253.0,0.0084,0.0531,0.9438,0.0556,0.9417,0.3766,0.5609,139.0,139.0,140.0,0.0,68.9044,12
1164,19.4,248.8493,248.3896,0.3053,0.0028,8.1683,253.0,253.0,253.0,0.0094,0.0547,0.9438,0.0556,0.9417,0.3602,0.5553,134.0,134.0,137.0,0.0,65.3611,11
1165,19.4167,248.6329,247.3228,0.829,0.0046,17.0328,253.0,253.0,253.0,0.0112,0.0562,0.9424,0.0583,0.9417,0.3471,0.561,150.0,150.0,152.0,0.0,60.5518,14
1166,19.4333,248.4833,246.8773,0.61,0.0042,19.6804,253.0,253.0,253.0,0.013,0.0578,0.9422,0.0606,0.9417,0.3355,0.5566,124.0,124.0,124.0,0.0,57.5202,14
1167,19.45,248.2684,245.8728,1.0634,0.0055,28.0471,253.0,253.0,253.0,0.0138,0.0578,0.9422,0.0611,0.9417,0.3363,0.5558,112.0,113.0,116.0,0.0,57.5588,13
1168,19.4667,247.9971,245.0619,0.9294,0.0056,27.8153,253.0,253.0,253.0,0.017,0.0609,0.9406,0.0639,0.9417,0.3299,0.5552,133.0,133.0,133.0,0.0,55.3786,13
1169,19.4833,247.8162,244.2774,1.254,0.0074,36.2799,253.0,253.0,253.0,0.0187,0.0641,0.9375,0.0639,0.9417,0.3304,0.5478,109.0,109.0,110.0,0.0,55.9767,12
1170,19.5,247.4952,243.3154,1.0346,0.006,32.5342,253.0,253.0,253.0,0.021,0.0648,0.9312,0.0667,0.9417,0.3307,0.5437,130.0,130.0,132.0,0.0,55.3251,12
1171,19.5167,247.3128,242.7086,1.2057,0.0072,33.4077,253.0,253.0,253.0,0.0223,0.0656,0.9281,0.0667,0.9417,0.3345,0.5417,104.0,104.0,105.0,0.0,54.8634,13
1172,19.5333,246.9778,241.7058,0.9838,0.0055,26.8172,253.0,253.0,253.0,0.0243,0.0672,0.925,0.0694,0.9417,0.3358,0.538,115.0,116.0,119.0,0.0,55.1952,13
1173,19.55,246.7418,240.9295,1.3534,0.0068,24.5184,253.0,253.0,253.0,0.0249,0.0688,0.9228,0.0694,0.9417,0.343,0.5422,100.0,100.0,100.0,0.0,54.6508,13
1174,19.5667,246.4632,240.0957,1.1221,0.0076,18.7468,253.0,253.0,253.0,0.0282,0.0703,0.9156,0.0722,0.9389,0.3491,0.5407,119.0,119.0,119.0,0.0,54.0627,14
1175,19.5833,246.418,239.7518,1.2594,0.0072,22.0734,253.0,253.0,253.0,0.0291,0.0719,0.9109,0.0722,0.9389,0.3534,0.5404,94.0,94.0,94.0,0.0,54.509,12
1176,19.6,246.2874,239.3603,0.8072,0.0053,17.4013,253.0,253.0,253.0,0.0295,0.0719,0.9109,0.0722,0.9389,0.3544,0.5363,74.0,74.0,74.0,0.0,54.1139,13
1177,19.6167,245.9184,238.1267,1.2957,0.0076,15.5908,253.0,253.0,253.0,0.0322,0.075,0.906,0.0811,0.9389,0.3643,0.5368,124.0,124.0,124.0,0.0,54.0838,9
1178,19.6333,245.3433,236.4051,1.4473,0.0082,17.2611,253.0,253.0,253.0,0.0354,0.0766,0.8992,0.2234,0.9389,0.3771,0.5368,95.0,95.0,95.0,0.0,54.3652,9
1179,19.65,245.0056,235.4074,1.7947,0.0119,19.2606,253.0,253.0,253.0,0.0398,0.0828,0.8891,0.2493,0.9389,0.3957,0.5354,108.0,108.0,108.0,0.0,52.8553,14
1180,19.6667,244.4302,233.6823,1.6332,0.0108,19.1619,253.0,253.0,253.0,0.0441,0.0875,0.8812,0.2833,0.9389,0.4149,0.5344,97.0,98.0,101.0,0.0,51.434,14
1181,19.6833,243.8256,232.0158,2.0873,0.0122,20.4244,253.0,253.0,253.0,0.0476,0.0938,0.8771,0.2861,0.9389,0.4271,0.5317,95.0,95.0,95.0,0.0,52.6278,12
1182,19.7,243.5067,231.0625,1.7191,0.0115,18.8465,253.0,253.0,253.0,0.0507,0.0969,0.8754,0.2889,0.9389,0.4413,0.5292,104.0,104.0,104.0,0.0,51.5827,12
1183,19.7167,242.8859,229.5527,2.0792,0.0116,19.6656,253.0,253.0,253.0,0.0536,0.1047,0.8719,0.2917,0.9389,0.4531,0.5269,81.0,81.0,81.0,0.0,51.3404,11
1184,19.7333,242.304,227.8076,1.7739,0.0112,17.422,253.0,253.0,253.0,0.0572,0.1062,0.8703,0.2944,0.9361,0.4677,0.5254,89.0,89.0,89.0,0.0,52.0757,11
1185,19.75,241.8646,226.7553,2.0515,0.0135,15.6738,253.0,253.0,253.0,0.0605,0.1172,0.8672,0.1369,0.9361,0.4798,0.5219,100.0,100.0,100.0,0.0,52.7815,12
1186,19.7667,241.6285,226.0485,1.3203,0.0088,13.2117,253.0,253.0,253.0,0.0622,0.1188,0.8656,0.1428,0.9361,0.4852,0.5192,77.0,77.0,77.0,0.0,52.9533,10
1187,19.7833,241.5887,225.465,1.6613,0.0095,11.9218,253.0,253.0,253.0,0.0627,0.1287,0.8641,0.275,0.9361,0.4901,0.5184,62.0,62.0,62.0,0.0,53.1881,9
1188,19.8,241.4663,225.0981,0.8858,0.0059,8.8571,253.0,253.0,253.0,0.0632,0.1297,0.8641,0.2768,0.9361,0.4913,0.5163,54.0,54.0,54.0,0.0,53.8855,9
1189,19.8167,241.4684,224.5976,1.2305,0.0072,7.9552,253.0,253.0,253.0,0.0639,0.1301,0.8594,0.2173,0.9361,0.4924,0.5142,52.0,52.0,52.0,0.0,54.5713,15
1190,19.8333,241.3768,224.3242,0.6093,0.0044,6.0252,253.0,253.0,253.0,0.0639,0.1301,0.8594,0.2174,0.9361,0.4927,0.5127,45.0,45.0,46.0,0.0,54.4634,15
1191,19.85,241.1924,223.8631,1.0386,0.0064,5.1188,253.0,253.0,253.0,0.0644,0.1234,0.8562,0.2361,0.9361,0.4934,0.5115,42.0,44.0,48.0,0.0,55.2619,12
1192,19.8667,241.1395,223.7041,0.413,0.0032,3.7682,253.0,253.0,253.0,0.0643,0.1234,0.8562,0.2361,0.9361,0.493,0.5105,46.0,47.0,51.0,0.0,54.7333,12
1193,19.8833,240.8672,223.1964,0.9984,0.006,2.7605,253.0,253.0,253.0,0.0644,0.1172,0.8524,0.2222,0.9361,0.4918,0.5084,47.0,48.0,49.0,0.0,55.5327,13
1194,19.9,240.8271,223.0758,0.2721,0.0025,2.1224,253.0,253.0,253.0,0.0648,0.1172,0.851,0.2232,0.9361,0.4928,0.5078,55.0,55.0,57.0,0.0,55.7938,13
1195,19.9167,240.6598,222.5939,0.9305,0.0047,2.2864,253.0,253.0,253.0,0.0647,0.1125,0.85,0.2559,0.9361,0.493,0.5077,55.0,55.0,56.0,0.0,56.1768,15
1196,19.9333,240.6377,222.5256,0.1725,0.0015,1.3193,253.0,253.0,253.0,0.0647,0.1125,0.85,0.2559,0.9361,0.4931,0.5073,56.0,56.0,59.0,0.0,55.7718,15
1197,19.95,240.3419,221.8296,1.0467,0.0044,1.3188,253.0,253.0,253.0,0.0653,0.1125,0.85,0.2694,0.9361,0.4903,0.5052,59.0,59.0,62.0,0.0,55.2001,8
1198,19.9667,240.3272,221.7847,0.096,0.001,0.7282,253.0,253.0,253.0,0.0655,0.1125,0.85,0.2693,0.9361,0.491,0.5049,61.0,62.0,63.0,0.0,55.3031,7
1199,19.9833,239.6951,221.0981,1.3062,0.0046,1.636,253.0,253.0,253.0,0.0663,0.1125,0.8469,0.2797,0.9361,0.4864,0.503,65.0,66.0,69.0,0.0,55.122,8
1200,20.0,239.669,221.0339,0.1804,0.001,0.853,253.0,253.0,253.0,0.0664,0.1125,0.844,0.2778,0.9361,0.4874,0.5029,66.0,67.0,69.0,0.0,55.1975,9
1201,20.0167,239.4482,221.4327,1.2674,0.0047,0.9851,253.0,253.0,253.0,0.0667,0.0933,0.8426,0.2556,0.9361,0.4825,0.5001,69.0,70.0,73.0,0.0,56.03,10
1202,20.0333,239.4476,221.4307,0.0262,0.0003,0.2228,253.0,253.0,253.0,0.0667,0.0932,0.8428,0.2556,0.9361,0.4823,0.5,69.0,69.0,73.0,0.0,56.0715,10
1203,20.05,240.3033,222.6491,1.3303,0.0037,1.5326,253.0,253.0,253.0,0.0664,0.0859,0.8469,0.2472,0.9361,0.4815,0.4988,69.5,69.0,73.5,0.0,56.2154,10
1204,20.0667,240.2981,222.6342,0.0159,0.0001,0.1654,253.0,253.0,253.0,0.0663,0.0859,0.8469,0.2472,0.9361,0.4815,0.4988,69.0,69.0,74.0,0.0,56.186,10
1205,20.0833,241.158,223.185,1.1715,0.0036,0.8023,253.0,253.0,253.0,0.0654,0.0875,0.8481,0.2528,0.9361,0.4852,0.4999,72.0,72.0,76.0,0.0,56.0613,10
1206,20.1,241.1578,223.1837,0.006,0.0,0.0449,253.0,253.0,253.0,0.0654,0.0875,0.8482,0.2528,0.9361,0.4851,0.4998,72.0,72.0,76.0,0.0,56.0438,10
1207,20.1167,241.4937,223.3174,0.9725,0.004,0.4158,253.0,253.0,253.0,0.0652,0.1062,0.8537,0.2194,0.9361,0.4872,0.4989,66.0,67.0,69.0,0.0,56.3611,13
1208,20.1333,241.4947,223.3193,0.0023,0.0,0.0099,253.0,253.0,253.0,0.0652,0.1062,0.85,0.2194,0.9361,0.4872,0.4989,66.0,66.0,69.0,0.0,56.3744,13
1209,20.15,241.8093,223.7437,0.6871,0.003,0.3758,253.0,253.0,253.0,0.0643,0.1078,0.8562,0.2361,0.9361,0.4911,0.5024,55.0,56.0,58.0,0.0,56.4954,11
1210,20.1667,241.8095,223.7439,0.001,0.0,0.0032,253.0,253.0,253.0,0.0643,0.1078,0.8562,0.2361,0.9361,0.4911,0.5024,55.0,56.0,58.0,0.0,56.4969,11
1211,20.1833,242.1702,224.3719,0.6574,0.0022,0.2298,253.0,253.0,253.0,0.0637,0.1107,0.8641,0.3222,0.9361,0.4914,0.5028,46.5,47.0,49.0,0.0,56.2634,14
1212,20.2,242.1698,224.3701,0.0024,0.0,0.0069,253.0,253.0,253.0,0.0637,0.1107,0.8641,0.3222,0.9361,0.4914,0.5028,47.0,47.0,49.0,0.0,56.2641,13
1213,20.2167,242.3227,224.8061,0.5542,0.002,0.3364,253.0,253.0,253.0,0.0634,0.1141,0.8828,0.3361,0.9361,0.4909,0.5021,46.0,46.0,48.0,0.0,56.2483,17
1214,20.2333,242.3232,224.8069,0.0017,0.0,0.0016,253.0,253.0,253.0,0.0634,0.1141,0.8828,0.3361,0.9361,0.4909,0.5021,46.0,46.0,48.0,0.0,56.2437,17
1215,20.25,242.3197,225.1681,0.5706,0.0022,0.4627,253.0,253.0,253.0,0.0636,0.1125,0.8938,0.3262,0.9361,0.4922,0.5023,54.0,54.0,56.0,0.0,56.3412,10
1216,20.2667,242.3199,225.1686,0.0016,0.0,0.0006,253.0,253.0,253.0,0.0636,0.1125,0.8938,0.3262,0.9361,0.4922,0.5023,54.0,54.0,56.0,0.0,56.3417,10
1217,20.2833,242.2926,225.441,0.5662,0.0022,0.414,253.0,253.0,253.0,0.0634,0.1095,0.8891,0.2861,0.9361,0.4904,0.5007,47.5,48.5,49.0,0.0,56.288,11
1218,20.3,242.2933,225.4427,0.0022,0.0,0.0008,253.0,253.0,253.0,0.0634,0.1095,0.8891,0.2861,0.9361,0.4904,0.5007,47.5,48.5,49.0,0.0,56.2865,11
1219,20.3167,242.4644,225.6198,0.5494,0.0019,0.3186,253.0,253.0,253.0,0.0627,0.1172,0.8697,0.2861,0.9361,0.4866,0.4986,32.0,32.0,32.0,0.0,56.4253,12
1220,20.3333,242.4642,225.619,0.0025,0.0,0.0027,253.0,253.0,253.0,0.0627,0.1172,0.8697,0.2861,0.9361,0.4866,0.4986,31.5,31.5,31.5,0.0,56.4302,12
1221,20.35,242.6978,225.7885,0.483,0.0014,0.1981,253.0,253.0,253.0,0.0624,0.1261,0.8598,0.2881,0.9361,0.4845,0.4976,26.0,26.0,26.0,0.0,56.3257,11
1222,20.3667,242.6975,225.7876,0.0021,0.0,0.0027,253.0,253.0,253.0,0.0624,0.1261,0.8598,0.2881,0.9361,0.4845,0.4976,26.0,26.0,26.0,0.0,56.3298,11
1223,20.3833,242.914,225.9304,0.4406,0.0014,0.0818,253.0,253.0,253.0,0.0623,0.1291,0.8553,0.2806,0.9361,0.4838,0.4973,25.0,25.0,25.0,0.0,56.2828,9
1224,20.4,242.9136,225.9296,0.0017,0.0,0.0019,253.0,253.0,253.0,0.0623,0.1291,0.8553,0.2806,0.9361,0.4838,0.4973,25.0,25.0,25.0,0.0,56.2829,9
1225,20.4167,243.0161,225.9284,0.3523,0.0015,0.0868,253.0,253.0,253.0,0.0624,0.1266,0.8562,0.2806,0.9361,0.4836,0.4972,26.0,26.0,26.0,0.0,56.3351,11
1226,20.4333,243.0162,225.9283,0.0004,0.0,0.0011,253.0,253.0,253.0,0.0624,0.1266,0.8562,0.2806,0.9361,0.4836,0.4972,26.0,26.0,26.0,0.0,56.3342,11
1227,20.45,242.9644,225.7958,0.3868,0.0016,0.0609,253.0,253.0,253.0,0.0622,0.125,0.85,0.3344,0.9361,0.4847,0.4979,25.0,25.0,25.0,0.0,56.0497,10
1228,20.4667,242.9641,225.7953,0.0006,0.0,0.0012,253.0,253.0,253.0,0.0622,0.125,0.85,0.3344,0.9361,0.4847,0.4979,25.0,25.0,25.0,0.0,56.0522,10
1229,20.4833,242.818,225.5693,0.4684,0.0016,0.0719,253.0,253.0,253.0,0.0624,0.1234,0.85,0.353,0.9361,0.4857,0.4984,26.0,26.0,26.0,0.0,56.0432,10
1230,20.5,242.8181,225.5694,0.0009,0.0,0.0,253.0,253.0,253.0,0.0624,0.1234,0.85,0.353,0.9361,0.4857,0.4984,26.0,26.0,26.0,0.0,56.0429,10
1231,20.5167,242.7033,225.5388,0.5141,0.0019,0.139,253.0,253.0,253.0,0.0626,0.1234,0.85,0.3202,0.9361,0.4865,0.4984,28.0,28.0,28.0,0.0,56.1893,8
1232,20.5333,242.7033,225.5386,0.0009,0.0,0.0,253.0,253.0,253.0,0.0626,0.1234,0.85,0.3202,0.9361,0.4865,0.4984,28.0,28.0,28.0,0.0,56.1918,8
1233,20.55,242.8129,225.9111,0.5747,0.0022,0.1811,253.0,253.0,253.0,0.0626,0.1219,0.8469,0.3143,0.9361,0.4855,0.4982,27.0,27.0,27.0,0.0,56.5461,8
1234,20.5667,242.812,225.9084,0.0048,0.0001,0.0498,253.0,253.0,253.0,0.0625,0.1219,0.8469,0.3141,0.9361,0.4856,0.4982,26.0,26.0,26.5,0.0,56.6027,8
1235,20.5833,242.8741,226.1123,0.4967,0.0023,0.1573,253.0,253.0,253.0,0.0627,0.1219,0.8516,0.2817,0.9361,0.4859,0.4981,29.0,29.0,29.0,0.0,56.5928,16
1236,20.6,242.8757,226.1172,0.0205,0.0002,0.1709,253.0,253.0,253.0,0.0627,0.1219,0.8516,0.2788,0.9361,0.4859,0.498,28.0,28.0,28.0,0.0,56.5315,16
1237,20.6167,242.6811,225.9666,0.5368,0.0027,0.2966,253.0,253.0,253.0,0.0628,0.1219,0.8562,0.2722,0.9361,0.4856,0.4977,30.5,30.5,30.5,0.0,56.6535,15
1238,20.6333,242.6825,225.9709,0.0434,0.0004,0.2896,253.0,253.0,253.0,0.0627,0.1219,0.8562,0.2722,0.9361,0.4856,0.4978,33.0,33.0,33.0,0.0,56.6834,15
1239,20.65,242.3318,225.7777,0.6872,0.0031,0.5557,253.0,253.0,253.0,0.0631,0.1219,0.8636,0.2702,0.9361,0.4861,0.4979,44.0,44.0,44.0,0.0,56.9741,20
1240,20.6667,242.3342,225.7848,0.0802,0.0008,0.5604,253.0,253.0,253.0,0.0633,0.1219,0.8629,0.2722,0.9361,0.4853,0.4977,45.0,45.0,45.0,0.0,57.2539,19
1241,20.6833,242.0324,225.5133,0.7766,0.0035,1.1497,253.0,253.0,253.0,0.0633,0.1219,0.8676,0.2694,0.9361,0.4841,0.497,40.0,40.0,40.0,0.0,57.8635,18
1242,20.7,242.0399,225.5359,0.1297,0.0014,0.8921,253.0,253.0,253.0,0.063,0.1219,0.8685,0.2694,0.9361,0.485,0.4969,41.0,41.0,41.0,0.0,57.2333,18
1243,20.7167,241.5806,225.0884,1.0069,0.0045,1.3378,253.0,253.0,253.0,0.0638,0.1219,0.8656,0.2694,0.9361,0.4863,0.4981,50.0,52.0,55.0,0.0,56.5802,16
1244,20.7333,241.6009,225.1492,0.2097,0.0018,1.6054,253.0,253.0,253.0,0.0638,0.1219,0.8656,0.2694,0.9361,0.4863,0.4978,54.0,54.0,58.0,0.0,56.4379,16
1245,20.75,240.8053,224.1659,1.3861,0.006,2.9814,253.0,253.0,253.0,0.0647,0.1219,0.8641,0.2694,0.9361,0.4902,0.5008,59.0,59.0,62.0,0.0,56.3515,16
1246,20.7667,240.8367,224.261,0.3122,0.0024,2.1673,253.0,253.0,253.0,0.0644,0.1219,0.8652,0.2675,0.9361,0.4914,0.5002,53.0,54.0,58.0,0.0,55.8368,15
1247,20.7833,240.4434,223.1696,1.528,0.0079,3.6594,253.0,253.0,253.0,0.0653,0.1219,0.8562,0.2667,0.9361,0.4916,0.5005,60.0,60.0,62.0,0.0,56.6914,16
1248,20.8,240.503,223.3464,0.4839,0.0032,4.4498,253.0,253.0,253.0,0.0649,0.1219,0.857,0.2667,0.9361,0.4925,0.4998,59.0,59.0,60.0,0.0,56.4673,16
1249,20.8167,241.1954,223.8467,1.7825,0.0078,7.1372,253.0,253.0,253.0,0.0646,0.1219,0.85,0.2639,0.9361,0.4909,0.4963,54.0,54.0,56.0,0.0,55.7911,16
1250,20.8333,241.2788,224.0959,0.711,0.0044,7.4763,253.0,253.0,253.0,0.0643,0.1219,0.85,0.2639,0.9361,0.4917,0.495,53.0,54.0,56.0,0.0,55.9075,16
1251,20.85,242.0121,225.3751,1.913,0.0088,10.753,253.0,253.0,253.0,0.0633,0.1219,0.8677,0.2639,0.9361,0.4894,0.4898,54.0,54.0,55.0,0.0,55.3263,16
1252,20.8667,242.1604,225.8205,1.0576,0.0064,11.916,253.0,253.0,253.0,0.0629,0.1219,0.8703,0.2639,0.9361,0.4907,0.4879,68.0,68.0,68.0,0.0,54.5327,14
1253,20.8833,242.4419,226.8308,2.0924,0.0116,14.9423,253.0,253.0,253.0,0.0617,0.1189,0.8922,0.2611,0.9361,0.4965,0.4843,86.0,87.0,87.0,0.0,53.8155,16
1254,20.9,242.6964,227.5942,1.5685,0.0103,16.4932,253.0,253.0,253.0,0.0598,0.1172,0.8938,0.2583,0.9361,0.5038,0.4823,111.0,111.0,111.0,0.0,53.7085,15
1255,20.9167,243.2532,228.9806,2.4141,0.0142,16.9239,253.0,253.0,253.0,0.0544,0.11,0.8806,0.2528,0.9389,0.518,0.4808,100.0,100.0,100.0,0.0,54.1561,14
1256,20.9333,243.8308,230.711,1.7632,0.0102,14.8655,253.0,253.0,253.0,0.0518,0.1078,0.8828,0.2528,0.9389,0.5306,0.4798,111.0,111.0,113.0,0.0,53.7735,12
1257,20.95,244.526,232.3215,2.0145,0.0119,13.801,253.0,253.0,253.0,0.0479,0.1047,0.8766,0.2472,0.9389,0.5447,0.479,118.0,118.0,118.0,0.0,53.8287,10
1258,20.9667,245.0578,233.9168,1.2577,0.0088,11.6797,253.0,253.0,253.0,0.0446,0.0963,0.8828,0.2435,0.9389,0.5607,0.4795,104.0,104.0,104.0,0.0,53.5517,9
1259,20.9833,245.3105,234.6292,1.4702,0.0095,14.5127,253.0,253.0,253.0,0.0423,0.0923,0.8828,0.2404,0.9389,0.5672,0.4773,94.0,94.0,95.0,0.0,52.9269,11
1260,21.0,245.6885,235.7726,1.3442,0.0084,17.5882,253.0,253.0,253.0,0.0405,0.0891,0.8839,0.2389,0.9389,0.5769,0.4763,110.5,110.5,112.5,0.0,52.8081,14
1261,21.0167,246.016,236.8644,1.6845,0.0103,20.7831,253.0,253.0,253.0,0.0377,0.0828,0.8925,0.2327,0.9389,0.5885,0.4761,108.0,108.0,108.0,0.0,53.0754,13
1262,21.0333,246.2682,237.6213,1.3586,0.009,20.8724,253.0,253.0,253.0,0.0349,0.0787,0.901,0.225,0.9389,0.5985,0.4739,95.0,95.0,96.0,0.0,52.5046,12
1263,21.05,246.6042,238.855,1.7145,0.0081,24.736,253.0,253.0,253.0,0.0337,0.0766,0.9029,0.2186,0.9389,0.6058,0.4727,84.0,84.0,84.0,0.0,52.2238,11
1264,21.0667,246.8048,239.4572,1.2482,0.0073,27.4408,253.0,253.0,253.0,0.0325,0.0762,0.905,0.0856,0.9389,0.6079,0.4675,108.0,108.0,108.0,0.0,50.9823,11
1265,21.0833,247.0372,240.3821,1.6916,0.0105,26.8336,253.0,253.0,253.0,0.0303,0.075,0.9109,0.0778,0.9389,0.6135,0.4628,107.0,107.0,107.5,0.0,50.4417,10
1266,21.1,247.5019,241.7773,1.404,0.0097,27.2751,253.0,253.0,253.0,0.0268,0.0719,0.9193,0.0717,0.9417,0.6234,0.4612,119.0,119.0,119.0,0.0,50.5495,11
1267,21.1167,247.9043,243.0603,1.7258,0.0107,29.4628,253.0,253.0,253.0,0.022,0.0672,0.9312,0.0667,0.9417,0.6391,0.4651,103.0,103.0,104.5,0.0,53.8093,10
1268,21.1333,248.4075,244.5683,1.2637,0.0066,28.4855,253.0,253.0,253.0,0.0196,0.0656,0.9375,0.0642,0.9417,0.6399,0.4618,130.0,130.0,130.0,0.0,53.6943,9
1269,21.15,248.9319,246.0935,1.2719,0.0077,27.261,253.0,253.0,253.0,0.0164,0.0609,0.9411,0.0639,0.9417,0.641,0.4645,115.5,115.5,118.0,0.0,56.0046,10
1270,21.1667,249.0863,246.5576,0.7262,0.0056,23.106,253.0,253.0,253.0,0.0143,0.0594,0.9422,0.0611,0.9417,0.6353,0.4625,139.0,139.0,140.0,0.0,58.1756,8
1271,21.1833,249.5201,247.8917,0.9391,0.006,22.0124,253.0,253.0,253.0,0.012,0.0578,0.9422,0.0583,0.9417,0.6269,0.4674,139.0,139.0,141.0,0.0,62.0157,9
1272,21.2,249.6218,248.1975,0.4324,0.0034,18.9816,253.0,253.0,253.0,0.0108,0.0562,0.9438,0.0583,0.9417,0.6168,0.4653,143.0,143.0,144.0,0.0,63.1263,8
1273,21.2167,249.7346,248.6652,0.7182,0.0045,17.1688,253.0,253.0,253.0,0.0089,0.0547,0.9438,0.0556,0.9417,0.5886,0.4651,146.0,146.0,146.5,0.0,64.1755,8
1274,21.2333,249.9212,249.2255,0.3938,0.0025,14.3109,253.0,253.0,253.0,0.0079,0.0531,0.9438,0.0556,0.9417,0.5681,0.4645,143.0,143.0,144.0,0.0,67.3651,8
1275,21.25,249.9588,249.4614,0.5478,0.0047,12.6957,253.0,253.0,253.0,0.0054,0.0524,0.9453,0.0528,0.9417,0.4836,0.4821,157.0,157.0,157.0,0.0,83.4708,9
1276,21.2667,250.2753,250.4127,0.3682,0.0016,1.5654,253.0,253.0,253.0,0.0042,0.0516,0.9453,0.0528,0.9417,0.405,0.5088,155.0,155.0,157.0,1.0,95.6605,13
1277,21.2833,10.5663,2.2438,236.4527,0.003,55.7008,9.0,11.0,39.0,0.0013,0.05,0.9641,0.05,0.9472,0.4769,0.7137,91.0,105.0,134.0,74.0,133.6064,3
1278,21.3,10.5603,2.2097,0.2062,0.0,0.3806,9.0,11.0,39.0,0.0013,0.05,0.9641,0.05,0.9471,0.4783,0.7125,92.0,105.0,134.0,73.5,133.4716,3
1279,21.3167,10.5581,2.2031,0.0204,0.0,0.0984,9.0,11.0,39.0,0.0013,0.05,0.9641,0.05,0.9471,0.4797,0.7146,93.0,105.0,134.0,74.0,133.6342,3
1280,21.3333,10.5587,2.1744,0.2417,0.0,0.9073,9.0,11.0,39.0,0.0013,0.05,0.9641,0.05,0.9472,0.4768,0.7131,93.0,105.0,136.0,73.0,134.9455,3
1281,21.35,10.5588,2.1698,0.0238,0.0,0.0209,9.0,11.0,39.0,0.0013,0.05,0.9641,0.05,0.9472,0.4768,0.7131,93.0,105.0,136.0,73.0,134.9247,3
1282,21.3667,10.5369,2.1423,0.3126,0.0,0.3477,9.0,11.0,39.0,0.0013,0.05,0.9641,0.05,0.9472,0.4739,0.7161,93.0,105.0,136.0,73.0,134.8014,3
1283,21.3833,10.5447,2.1387,0.0417,0.0,0.0629,9.0,11.0,39.0,0.0013,0.05,0.9641,0.05,0.9472,0.4753,0.7182,93.0,105.0,136.0,73.5,134.9683,3
1284,21.4,10.5584,2.1313,0.1939,0.0,0.17,9.0,11.0,39.0,0.0013,0.05,0.9641,0.05,0.9472,0.4769,0.7189,93.0,105.0,136.0,73.0,134.5574,3
1285,21.4167,10.5612,2.1295,0.0231,0.0,0.0891,9.0,11.0,39.0,0.0013,0.05,0.9641,0.05,0.9471,0.4784,0.7168,93.0,105.0,136.0,73.0,134.5811,3
1286,21.4333,10.5466,2.1245,0.1992,0.0,0.3178,9.0,11.0,39.0,0.0013,0.05,0.9641,0.05,0.9471,0.4727,0.7201,93.0,105.0,136.0,73.0,134.3888,3
1287,21.45,10.5502,2.1229,0.0458,0.0,0.4558,9.0,11.0,39.0,0.0013,0.05,0.9641,0.05,0.9472,0.4754,0.7187,93.0,105.0,136.0,73.0,134.9467,3
1288,21.4667,10.5534,2.1309,0.2039,0.0,0.2536,9.0,11.0,39.0,0.0013,0.05,0.9641,0.05,0.9472,0.4738,0.7209,93.0,105.0,134.0,73.0,135.1884,3
1289,21.4833,10.5571,2.1273,0.0233,0.0,0.1167,9.0,11.0,39.0,0.0013,0.05,0.9641,0.05,0.9472,0.4752,0.7202,93.0,105.0,134.0,73.0,135.1539,3
1290,21.5,10.836,2.8242,0.4756,0.0002,0.1902,9.0,11.0,39.0,0.0015,0.05,0.9641,0.05,0.9459,0.4415,0.6865,89.0,102.0,131.0,77.0,117.938,6
1291,21.5167,11.0479,3.3229,0.2557,0.0061,5.2818,9.0,11.0,39.0,0.0077,0.0531,0.9453,0.0556,0.9417,0.2629,0.5333,63.0,86.0,120.0,120.0,44.9929,4
1292,21.5333,11.1319,3.5219,0.2738,0.0014,10.4703,9.0,11.0,39.0,0.009,0.0547,0.9438,0.0577,0.9417,0.2561,0.5265,72.0,98.0,138.0,127.0,45.5784,4
1293,21.55,11.1968,3.656,0.1235,0.0009,6.9719,9.0,11.0,39.0,0.0099,0.0559,0.9438,0.0583,0.9417,0.2512,0.5237,76.0,107.0,145.0,129.0,47.1007,4
1294,21.5667,11.2334,3.7823,0.2839,0.0009,6.3721,9.0,11.0,39.0,0.0107,0.0562,0.9438,0.0583,0.9417,0.2481,0.5215,81.0,109.0,146.0,130.0,48.708,4
1295,21.5833,11.302,3.918,0.1077,0.0008,5.872,9.0,11.0,39.0,0.0115,0.0562,0.9431,0.0611,0.9417,0.2449,0.5196,84.0,108.0,143.0,130.0,50.2857,4
1296,21.6,11.3573,4.0562,0.2421,0.0008,5.4159,9.0,11.0,39.0,0.0123,0.0566,0.9422,0.0611,0.9417,0.2419,0.5183,84.0,103.0,136.0,127.0,51.5518,4
1297,21.6167,11.4245,4.2072,0.0846,0.0004,4.9744,9.0,11.0,39.0,0.0127,0.0578,0.9422,0.0611,0.9417,0.2409,0.5176,86.0,102.0,132.0,127.0,53.7779,4
1298,21.6333,11.9401,5.747,0.7125,0.0021,5.0318,9.0,11.0,39.0,0.0146,0.0594,0.9422,0.0639,0.9417,0.2611,0.5142,63.0,69.0,86.0,118.0,51.7985,4
1299,21.65,12.3388,6.8862,0.4512,0.0093,9.6627,9.0,11.0,39.0,0.0238,0.0688,0.9255,0.0694,0.9417,0.3245,0.5071,73.0,97.0,133.0,117.0,46.5494,4
1300,21.6667,12.5135,7.4268,0.3839,0.0017,7.9306,9.0,11.0,39.0,0.0255,0.0703,0.9219,0.0715,0.9417,0.3292,0.5064,79.0,108.0,137.0,120.0,50.0741,4
1301,21.6833,12.6561,7.8013,0.1717,0.0012,5.5542,9.0,11.0,39.0,0.0265,0.0719,0.9188,0.0722,0.9417,0.3319,0.5057,82.0,103.0,131.0,122.0,52.3015,4
1302,21.7,12.7821,8.1653,0.3176,0.0011,5.4862,9.0,11.0,39.0,0.0275,0.0734,0.9181,0.0722,0.9389,0.3339,0.5052,80.0,95.0,125.0,125.0,54.6495,4
1303,21.7167,12.8989,8.4829,0.1566,0.0008,4.5107,9.0,11.0,39.0,0.0281,0.0734,0.916,0.0744,0.9389,0.3343,0.5049,73.0,90.0,116.5,125.0,56.3402,4
1304,21.7333,13.4909,10.1533,0.7759,0.0007,4.3064,9.0,11.0,39.0,0.0286,0.075,0.9156,0.0777,0.9389,0.3353,0.5049,70.0,84.0,110.0,125.0,58.6507,4
1305,21.75,14.3364,12.464,0.9022,0.0146,4.1788,9.0,11.0,39.0,0.043,0.0969,0.8766,0.4389,0.9389,0.4568,0.5018,87.0,104.0,129.0,99.0,53.938,4
1306,21.7667,14.6217,13.2984,0.4889,0.0022,6.8254,9.0,11.0,39.0,0.0451,0.1037,0.8734,0.4389,0.9389,0.4663,0.5015,87.0,105.0,129.0,102.0,57.102,4
1307,21.7833,14.8239,13.8678,0.2538,0.0015,4.6139,9.0,11.0,39.0,0.0463,0.1062,0.8681,0.4389,0.9389,0.4716,0.5013,83.0,96.0,122.0,102.0,59.1061,4
1308,21.8,14.9495,14.2875,0.3431,0.0012,3.5134,9.0,11.0,39.0,0.0473,0.1078,0.8672,0.4414,0.9389,0.4742,0.5012,75.0,87.0,111.0,102.0,60.5729,4
1309,21.8167,15.0721,14.6326,0.1903,0.0011,3.1285,9.0,11.0,39.0,0.0481,0.109,0.866,0.4417,0.9389,0.4771,0.5011,61.0,70.0,86.0,102.0,61.7387,4
1310,21.8333,15.1519,14.9469,0.3203,0.0007,2.9715,9.0,10.0,39.0,0.0485,0.1091,0.8656,0.4417,0.9389,0.4785,0.501,53.0,56.0,62.0,102.0,62.7775,4
1311,21.85,15.2429,15.2314,0.2279,0.0008,2.5805,9.0,10.0,39.0,0.0491,0.1094,0.8656,0.4417,0.9389,0.4803,0.5011,37.0,42.0,52.0,102.0,63.7461,4
1312,21.8667,15.289,15.5225,0.3319,0.0007,2.8896,9.0,10.0,38.0,0.0495,0.1097,0.8656,0.4417,0.9389,0.4819,0.5011,28.0,34.0,46.0,102.0,64.6716,4
1313,21.8833,15.3544,15.7237,0.1541,0.0005,2.3749,9.0,10.0,38.0,0.0498,0.1117,0.8656,0.4417,0.9389,0.483,0.501,26.0,31.0,44.0,102.0,65.2911,4
1314,21.9,15.364,15.9215,0.3221,0.0006,2.5274,9.0,10.0,38.0,0.0501,0.1125,0.8656,0.4417,0.9389,0.4838,0.5011,24.0,27.0,38.0,102.0,66.0228,4
1315,21.9167,15.4104,16.0779,0.1285,0.0004,1.9459,9.0,10.0,38.0,0.0503,0.1125,0.8656,0.4417,0.9389,0.4842,0.501,23.0,25.0,37.0,102.0,66.5697,4
1316,21.9333,15.4224,16.2762,0.2812,0.0005,2.2989,9.0,10.0,38.0,0.0504,0.1125,0.8641,0.4417,0.9389,0.4849,0.501,23.0,24.0,33.0,100.0,67.126,4
1317,21.95,15.4771,16.4817,0.1318,0.0004,1.9289,9.0,10.0,38.0,0.0506,0.1125,0.8641,0.4417,0.9389,0.4852,0.5009,23.0,24.0,33.0,98.0,67.8486,4
1318,21.9667,15.5202,16.7399,0.2405,0.0004,2.1723,9.0,10.0,38.0,0.0507,0.1139,0.8641,0.4417,0.9389,0.4858,0.5009,23.0,24.0,32.0,95.0,68.779,4
1319,21.9833,15.58,16.9541,0.1064,0.0003,1.5983,9.0,10.0,38.0,0.0508,0.1158,0.8641,0.4417,0.9389,0.4864,0.5008,23.0,23.0,31.0,86.0,69.4575,4
1320,22.0,15.4133,17.2831,1.2343,0.0009,3.9086,9.0,11.0,38.0,0.0508,0.114,0.8656,0.4417,0.9389,0.4876,0.5008,19.5,22.0,28.0,82.0,70.9288,4
1321,22.0167,15.4819,17.4874,0.0839,0.0002,1.3451,9.0,11.0,38.0,0.0509,0.1146,0.8651,0.4417,0.9389,0.4883,0.5008,19.0,22.0,27.0,64.0,71.7434,4
1322,22.0333,15.5801,17.7066,0.3334,0.0003,1.4918,9.0,11.0,38.0,0.0511,0.115,0.8641,0.4417,0.9389,0.4889,0.5007,20.0,22.0,26.0,57.0,72.7704,4
1323,22.05,15.6521,17.8906,0.1391,0.0002,1.435,9.0,11.0,38.0,0.0511,0.1153,0.8641,0.4417,0.9389,0.4895,0.5007,22.0,22.0,25.0,42.0,73.7866,4
1324,22.0667,15.7077,18.0192,0.288,0.0001,1.1136,9.0,11.0,38.0,0.0512,0.1154,0.8641,0.4417,0.9389,0.4895,0.5007,22.0,22.0,25.0,26.0,74.6088,4
1325,22.0833,15.7518,18.1029,0.1099,0.0001,0.8447,9.0,11.0,38.0,0.0512,0.1154,0.8641,0.4417,0.9389,0.4897,0.5008,22.0,22.0,25.0,16.0,75.1514,4
1326,22.1,15.7467,18.1538,0.3103,0.0001,0.7586,9.0,11.0,38.0,0.0512,0.114,0.8641,0.4417,0.9389,0.49,0.5007,22.0,22.0,24.0,9.0,75.6096,4
1327,22.1167,15.7543,18.1549,0.0338,0.0,0.1629,9.0,11.0,38.0,0.0513,0.1142,0.8641,0.4417,0.9389,0.4902,0.5007,22.0,22.0,24.0,9.0,75.6524,4
1328,22.1333,15.7027,18.1546,0.3081,0.0001,0.0715,9.0,11.0,38.0,0.0512,0.1141,0.8641,0.4417,0.9389,0.4903,0.5008,22.0,22.5,24.0,8.0,75.6436,4
1329,22.15,15.7083,18.1733,0.0348,0.0001,0.1497,9.0,11.0,38.0,0.0513,0.1143,0.8641,0.4417,0.9389,0.4904,0.5007,22.0,22.0,24.0,8.0,75.6571,4
1330,22.1667,15.6734,18.1782,0.1971,0.0,0.0716,9.0,11.0,38.0,0.0513,0.1143,0.8641,0.4417,0.9389,0.4905,0.5007,22.0,22.0,24.0,8.0,75.6614,4
1331,22.1833,15.6728,18.1808,0.0314,0.0,0.038,9.0,11.0,38.0,0.0513,0.1143,0.8641,0.4417,0.9389,0.4905,0.5007,22.0,22.0,24.0,8.0,75.6925,4
1332,22.2,15.6292,18.1812,0.2129,0.0,0.0707,9.0,11.0,37.0,0.0513,0.1144,0.8641,0.4417,0.9389,0.4906,0.5007,22.0,22.0,24.0,8.0,75.6899,4
1333,22.2167,15.6353,18.2035,0.0346,0.0001,0.18,9.0,11.0,37.0,0.0513,0.1144,0.8641,0.4417,0.9389,0.4907,0.5007,22.0,22.0,24.0,8.0,75.7582,4
1334,22.2333,15.5935,18.206,0.1819,0.0,0.0716,9.0,11.0,37.0,0.0513,0.116,0.8641,0.4417,0.9389,0.4908,0.5008,22.0,22.0,24.0,7.0,75.7822,4
1335,22.25,15.596,18.2101,0.0334,0.0,0.0465,9.0,11.0,37.0,0.0513,0.116,0.8641,0.4417,0.9389,0.4908,0.5008,22.0,22.0,24.0,7.0,75.7971,4
1336,22.2667,15.547,18.2184,0.2082,0.0,0.0579,9.0,11.0,37.0,0.0513,0.116,0.8641,0.4417,0.9389,0.4908,0.5007,22.0,22.0,24.0,7.0,75.8054,4
1337,22.2833,15.5415,18.2188,0.0248,0.0,0.0103,9.0,11.0,37.0,0.0513,0.116,0.8641,0.4417,0.9389,0.4907,0.5007,22.0,22.0,24.0,7.0,75.8051,4
1338,22.3,15.4826,18.2197,0.2474,0.0,0.0256,9.0,11.0,38.0,0.0513,0.1144,0.8641,0.4417,0.9389,0.4905,0.5007,22.0,22.0,24.0,7.0,75.8136,4
1339,22.3167,15.4817,18.2187,0.0594,0.0,0.0086,9.0,11.0,38.0,0.0513,0.1145,0.8641,0.4417,0.9389,0.4906,0.5007,22.0,22.0,24.0,7.0,75.8043,4
1340,22.3333,15.4307,18.2178,0.1996,0.0,0.0325,9.0,11.0,37.0,0.0513,0.116,0.8641,0.4417,0.9389,0.4905,0.5007,22.0,22.0,24.0,7.0,75.7855,4
1341,22.35,15.4309,18.2185,0.0265,0.0,0.0139,9.0,11.0,37.0,0.0513,0.116,0.8641,0.4417,0.9389,0.4905,0.5007,22.0,22.0,24.0,7.0,75.7961,4
1342,22.3667,15.3787,18.2224,0.2064,0.0,0.0369,9.0,11.0,37.0,0.0513,0.116,0.8641,0.4417,0.9389,0.4905,0.5006,22.0,22.0,24.0,6.0,75.7905,4
1343,22.3833,15.3803,18.2241,0.0237,0.0,0.0169,9.0,11.0,37.0,0.0513,0.116,0.8641,0.4417,0.9389,0.4906,0.5006,22.0,22.0,24.0,6.0,75.7832,4
1344,22.4,15.3327,18.225,0.1858,0.0,0.0288,9.0,11.0,38.0,0.0513,0.1145,0.8641,0.4417,0.9389,0.4905,0.5006,22.0,22.0,24.0,6.0,75.8,4
1345,22.4167,15.3311,18.2257,0.0215,0.0,0.0101,9.0,11.0,38.0,0.0513,0.1145,0.8641,0.4417,0.9389,0.4905,0.5006,22.0,22.0,24.0,7.0,75.8095,4
1346,22.4333,15.2855,18.2322,0.2323,0.0,0.0272,9.0,11.0,38.0,0.0513,0.116,0.8641,0.4417,0.9389,0.4906,0.5006,22.0,22.0,24.0,6.0,75.8058,4
1347,22.45,15.286,18.2307,0.0211,0.0,0.0097,9.0,11.0,38.0,0.0513,0.116,0.8641,0.4417,0.9389,0.4906,0.5006,22.0,22.0,24.0,7.0,75.8158,4
1348,22.4667,15.2438,18.232,0.2246,0.0,0.023,9.0,11.0,37.0,0.0513,0.1145,0.8641,0.4417,0.9389,0.4905,0.5006,22.0,22.0,24.0,6.0,75.8182,4
1349,22.4833,15.2426,18.2332,0.0286,0.0,0.0058,9.0,11.0,37.0,0.0513,0.1145,0.8641,0.4417,0.9389,0.4905,0.5005,22.0,22.0,24.0,6.0,75.8239,4
1350,22.5,15.2058,18.2329,0.1799,0.0,0.0265,9.0,11.0,38.0,0.0513,0.1125,0.8641,0.4417,0.9389,0.4905,0.5005,22.0,22.0,24.0,7.0,75.8264,4
1351,22.5167,15.2046,18.2315,0.0244,0.0,0.0033,9.0,11.0,38.0,0.0513,0.1125,0.8641,0.4417,0.9389,0.4905,0.5005,22.0,22.0,24.0,7.0,75.8371,4
1352,22.5333,15.1655,18.2366,0.1963,0.0,0.0176,9.0,11.0,37.0,0.0513,0.1125,0.8641,0.4417,0.9389,0.4904,0.5005,22.0,22.0,24.0,7.0,75.8465,4
1353,22.55,15.1662,18.2367,0.021,0.0,0.0043,9.0,11.0,37.0,0.0513,0.1125,0.8641,0.4417,0.9389,0.4904,0.5005,22.0,22.0,24.0,7.0,75.8487,4
1354,22.5667,15.1292,18.2354,0.2045,0.0,0.0209,9.0,11.0,38.0,0.0513,0.1125,0.8641,0.4417,0.9389,0.4904,0.5005,22.0,22.0,24.0,7.0,75.8518,4
1355,22.5833,15.1299,18.2346,0.0224,0.0,0.0109,9.0,11.0,38.0,0.0513,0.1125,0.8641,0.4417,0.9389,0.4904,0.5005,22.0,22.0,24.0,7.0,75.843,4
1356,22.6,15.0807,18.2319,0.189,0.0001,0.0256,9.0,11.0,37.0,0.0513,0.1125,0.8641,0.4417,0.9389,0.4905,0.5006,22.0,22.0,24.0,7.0,75.8339,4
1357,22.6167,15.0845,18.2309,0.0308,0.0,0.0116,9.0,11.0,37.0,0.0513,0.1125,0.8641,0.4417,0.9389,0.4904,0.5006,22.0,22.0,24.0,7.0,75.8398,4
1358,22.6333,15.0496,18.2333,0.1807,0.0,0.025,9.0,11.0,37.0,0.0513,0.1125,0.8641,0.4417,0.9389,0.4904,0.5006,22.0,22.0,24.0,7.0,75.8491,4
1359,22.65,15.0507,18.2349,0.0233,0.0,0.0123,9.0,11.0,37.0,0.0513,0.1125,0.8641,0.4417,0.9389,0.4904,0.5006,22.0,22.0,24.0,7.0,75.8542,4
1360,22.6667,15.0265,18.2351,0.1235,0.0,0.0208,9.0,11.0,37.0,0.0513,0.1129,0.8641,0.4417,0.9389,0.4905,0.5006,22.0,22.0,24.0,7.0,75.8367,4
1361,22.6833,15.0267,18.2344,0.0163,0.0,0.0109,9.0,11.0,37.0,0.0514,0.1125,0.8641,0.4417,0.9389,0.4905,0.5006,22.0,22.0,24.0,7.0,75.834,4
1362,22.7,14.999,18.2312,0.1326,0.0,0.0213,9.0,11.0,37.0,0.0514,0.1125,0.8641,0.4417,0.9389,0.4906,0.5007,22.0,22.0,24.0,7.0,75.8421,4
1363,22.7167,15.0006,18.2317,0.0163,0.0,0.0161,9.0,11.0,37.0,0.0514,0.1104,0.8641,0.4417,0.9389,0.4905,0.5007,22.0,22.0,24.0,7.0,75.8242,4
1364,22.7333,14.9761,18.2308,0.1435,0.0,0.0198,9.0,11.0,37.0,0.0514,0.1103,0.8641,0.4417,0.9389,0.4905,0.5007,22.0,22.0,24.0,7.0,75.8041,4
1365,22.75,14.9747,18.2294,0.0214,0.0,0.0141,9.0,11.0,37.0,0.0514,0.1094,0.8641,0.4417,0.9389,0.4906,0.5006,22.0,22.0,24.0,7.0,75.8127,4
1366,22.7667,14.9646,18.23,0.0719,0.0,0.01,9.0,11.0,38.0,0.0514,0.1094,0.8641,0.4417,0.9389,0.4905,0.5007,22.0,22.0,24.0,7.0,75.8063,4
1367,22.7833,14.9612,18.2307,0.0415,0.0,0.0029,9.0,11.0,38.0,0.0513,0.1102,0.8641,0.4417,0.9389,0.4905,0.5007,22.0,22.0,24.0,7.0,75.8007,4
1368,22.8,14.9388,18.2332,0.1304,0.0,0.0259,9.0,11.0,38.0,0.0513,0.1125,0.8641,0.4417,0.9389,0.4905,0.5007,22.0,22.0,24.0,6.0,75.8216,4
1369,22.8167,14.9402,18.2346,0.0191,0.0,0.0119,9.0,11.0,38.0,0.0513,0.1125,0.8641,0.4417,0.9389,0.4905,0.5007,22.0,22.0,24.0,6.0,75.8128,4
1370,22.8333,14.9183,18.2377,0.1606,0.0,0.0213,9.0,11.0,38.0,0.0514,0.1125,0.8641,0.4417,0.9389,0.4906,0.5008,22.0,22.0,24.0,6.0,75.7815,4
1371,22.85,14.9195,18.2381,0.0119,0.0,0.0082,9.0,11.0,38.0,0.0514,0.1104,0.8641,0.4417,0.9389,0.4905,0.5008,22.0,22.0,24.0,6.0,75.7842,4
1372,22.8667,14.8893,18.2352,0.1622,0.0,0.0141,9.0,11.0,38.0,0.0513,0.1125,0.8641,0.4417,0.9389,0.4905,0.5008,22.0,22.0,24.0,6.0,75.7972,4
1373,22.8833,14.8892,18.2348,0.0128,0.0,0.0005,9.0,11.0,37.0,0.0513,0.1125,0.8641,0.4417,0.9389,0.4906,0.5007,22.0,22.0,24.0,6.0,75.7938,4
1374,22.9,14.8695,18.2331,0.1299,0.0,0.0099,9.0,11.0,37.0,0.0513,0.1125,0.8641,0.4417,0.9389,0.4906,0.5007,22.0,22.0,24.0,6.0,75.7799,4
1375,22.9167,14.8698,18.2333,0.0115,0.0,0.0032,9.0,11.0,37.0,0.0513,0.1125,0.8641,0.4417,0.9389,0.4906,0.5007,22.0,22.0,24.0,6.0,75.7751,4
1376,22.9333,14.8571,18.2283,0.1402,0.0,0.0411,9.0,11.0,37.0,0.0513,0.1125,0.8641,0.4417,0.9389,0.4906,0.5007,22.0,22.0,24.0,6.0,75.7883,4
1377,22.95,14.8572,18.2274,0.0113,0.0,0.0051,9.0,11.0,37.0,0.0513,0.1125,0.8641,0.4417,0.9389,0.4906,0.5006,22.0,22.0,24.0,6.0,75.7976,4
1378,22.9667,14.8475,18.2254,0.1318,0.0,0.0074,9.0,11.0,37.0,0.0513,0.1125,0.8641,0.4417,0.9389,0.4907,0.5007,22.0,22.0,24.0,6.0,75.797,4
1379,22.9833,14.8302,18.1819,0.0263,0.0001,0.3387,9.0,11.0,37.0,0.0513,0.1126,0.8641,0.4417,0.9389,0.4911,0.5007,23.0,23.0,24.0,6.0,75.8326,4
1380,23.0,14.6683,18.1477,1.0985,0.0007,2.0352,8.0,11.0,37.0,0.051,0.1164,0.8641,0.4417,0.9389,0.4919,0.5008,24.0,24.0,25.0,3.0,75.5005,4
1381,23.0167,14.6673,18.1453,0.0057,0.0001,0.0363,8.0,11.0,37.0,0.051,0.1164,0.8641,0.4417,0.9389,0.4919,0.5008,24.0,24.0,25.0,3.0,75.5988,4
1382,23.0333,14.6981,18.1255,0.2375,0.0001,0.1654,9.0,11.0,37.0,0.0509,0.1162,0.8641,0.4417,0.9389,0.4922,0.5007,24.0,24.0,25.0,3.0,75.5953,4
1383,23.05,14.671,18.0525,0.059,0.0002,0.6046,9.0,11.0,37.0,0.0508,0.1143,0.8641,0.4417,0.9389,0.4927,0.5008,24.0,24.0,26.0,3.0,75.5226,4
1384,23.0667,14.6837,18.0116,0.2252,0.0001,0.2913,9.0,11.0,37.0,0.0508,0.1141,0.8641,0.4417,0.9389,0.4929,0.5008,24.0,24.0,26.0,3.0,75.542,4
1385,23.0833,14.6486,17.9122,0.0684,0.0003,0.7771,9.0,11.0,37.0,0.0505,0.1132,0.8641,0.4417,0.9389,0.4943,0.5009,25.0,25.0,27.0,3.0,75.4344,4
1386,23.1,14.621,17.7641,0.258,0.0004,1.1344,9.0,11.0,37.0,0.0503,0.1125,0.8641,0.4417,0.9389,0.4956,0.501,27.0,27.0,30.0,3.0,75.2307,4
1387,23.1167,14.5639,17.6007,0.0861,0.0004,1.1704,9.0,11.0,37.0,0.0499,0.1125,0.8641,0.4417,0.9389,0.4974,0.5011,31.0,31.0,32.0,3.0,75.0301,4
1388,23.1333,14.5078,17.4152,0.2875,0.0005,1.4772,9.0,11.0,37.0,0.0495,0.1094,0.8641,0.4417,0.9389,0.4997,0.5011,37.0,37.0,38.0,3.0,74.3867,4
1389,23.15,14.4166,17.1575,0.1653,0.0007,2.008,9.0,11.0,37.0,0.0489,0.1087,0.8656,0.4417,0.9389,0.503,0.5011,49.0,49.0,51.5,3.0,73.7279,4
1390,23.1667,14.2863,16.8276,0.4145,0.0011,2.5054,9.0,11.0,37.0,0.0479,0.1062,0.8656,0.4417,0.9389,0.5085,0.5012,73.0,76.0,89.5,3.0,73.1462,4
1391,23.1833,14.1018,16.3509,0.2361,0.0017,3.7889,9.0,11.0,37.5,0.0463,0.1,0.8672,0.4417,0.9389,0.5183,0.5014,90.0,98.0,119.0,3.0,71.7001,4
1392,23.2,13.7923,15.5594,0.4202,0.0032,5.6795,9.0,11.0,38.0,0.0431,0.0944,0.8766,0.4417,0.9389,0.5396,0.5019,98.0,101.0,105.0,4.0,70.5756,4
1393,23.2167,13.1025,13.803,0.8848,0.0062,2.5905,9.0,11.0,37.0,0.0371,0.0828,0.8932,0.4389,0.9389,0.5893,0.5029,54.0,54.0,56.0,3.0,75.3509,4
1394,23.2333,13.0544,13.616,0.3325,0.0004,1.7479,9.0,11.0,37.0,0.0367,0.0816,0.8922,0.4417,0.9389,0.59,0.5031,63.0,63.0,66.0,3.0,74.6508,4
1395,23.25,12.9498,13.2949,0.1514,0.0006,2.9162,9.0,11.0,37.0,0.0362,0.0797,0.893,0.4417,0.9389,0.5914,0.5032,73.0,79.0,96.0,3.0,73.4715,4
1396,23.2667,12.8499,12.9632,0.2759,0.0006,2.9614,9.0,11.0,37.0,0.0357,0.0797,0.8949,0.4417,0.9389,0.5931,0.5033,81.0,89.0,110.0,3.0,72.2914,4
1397,23.2833,12.6839,12.468,0.2202,0.0011,4.6704,9.0,11.0,37.0,0.0348,0.0783,0.8984,0.4417,0.9389,0.5963,0.5037,90.0,101.0,122.0,3.0,70.5017,4
1398,23.3,12.5126,11.8915,0.349,0.0013,5.4437,9.0,11.0,37.0,0.0335,0.0766,0.9016,0.3442,0.9389,0.6012,0.5041,105.0,111.0,130.0,3.0,68.1433,4
1399,23.3167,12.2029,10.9611,0.3405,0.0023,8.9202,9.0,11.0,37.0,0.0312,0.075,0.9066,0.0855,0.9389,0.6124,0.5048,112.0,115.0,118.0,4.0,64.1716,4
1400,23.3333,11.2637,8.0651,1.1777,0.0103,3.3937,9.0,11.0,37.0,0.0209,0.0656,0.9312,0.0667,0.9417,0.6941,0.5095,82.0,90.0,113.0,3.0,74.6143,4
1401,23.35,11.2152,7.9216,0.078,0.0003,2.4569,9.0,11.0,37.0,0.0207,0.0656,0.9312,0.0667,0.9417,0.694,0.5097,86.0,95.0,122.0,3.0,74.1547,4
1402,23.3667,11.1583,7.7163,0.2692,0.0005,3.765,9.0,11.0,37.0,0.0202,0.0656,0.9346,0.0667,0.9417,0.6939,0.5097,90.0,101.0,126.0,3.0,72.7386,4
1403,23.3833,11.083,7.496,0.1976,0.0004,4.0419,9.0,11.0,37.0,0.0198,0.0656,0.9375,0.0667,0.9417,0.6934,0.51,96.0,104.0,131.0,3.0,70.6078,4
1404,23.4,11.022,7.2448,0.2724,0.0005,4.5652,9.0,11.0,37.0,0.0193,0.0647,0.9375,0.0667,0.9417,0.6928,0.5106,107.0,115.0,132.0,3.0,68.7962,4
1405,23.4167,10.8886,6.8662,0.1776,0.0009,7.1353,9.0,11.0,37.0,0.0184,0.0641,0.9385,0.065,0.9417,0.6918,0.5109,117.0,120.0,140.0,4.0,65.8494,4
1406,23.4333,10.799,6.4808,0.3888,0.0009,7.5043,9.0,11.0,38.0,0.0176,0.0641,0.9391,0.0639,0.9417,0.6902,0.5119,127.0,129.0,145.0,4.0,62.1828,4
1407,23.45,10.5944,5.9108,0.2463,0.0014,11.9735,9.0,11.0,38.0,0.0162,0.0609,0.9406,0.0639,0.9417,0.6887,0.5133,132.0,132.0,139.0,5.0,55.9459,4
1408,23.4667,10.3257,5.1446,0.3932,0.0029,17.9868,9.0,11.0,38.0,0.0134,0.0578,0.9422,0.0611,0.9417,0.6829,0.517,112.0,112.0,116.0,6.0,48.4104,4
1409,23.4833,9.2046,2.0548,1.1784,0.0121,0.3367,9.0,11.0,38.0,0.0013,0.05,0.9641,0.05,0.9445,0.4735,0.7164,91.0,102.0,127.0,66.0,137.2499,3
1410,23.5,9.2246,2.0567,0.1165,0.0,0.179,9.0,11.0,38.0,0.0013,0.05,0.9641,0.05,0.9445,0.4764,0.7163,91.0,102.0,127.0,66.0,137.0837,3
1411,23.5167,9.2424,2.0735,0.1149,0.0,0.2357,9.0,11.0,38.0,0.0013,0.05,0.9641,0.05,0.9445,0.4806,0.7156,91.0,102.0,127.0,66.0,137.1914,3
1412,23.5333,9.2822,2.0747,0.2157,0.0,0.2315,9.0,11.0,38.0,0.0013,0.05,0.9641,0.05,0.9445,0.4806,0.7156,91.0,102.0,127.0,66.0,137.2341,3
1413,23.55,9.2911,2.0736,0.0549,0.0,0.2461,9.0,11.0,38.0,0.0013,0.05,0.9641,0.05,0.9445,0.4822,0.7163,91.0,102.0,127.0,66.0,136.8539,3
1414,23.5667,9.3656,2.0703,0.2506,0.0,0.544,9.0,10.0,38.0,0.0013,0.05,0.9641,0.05,0.9445,0.4808,0.7142,91.0,102.0,127.0,66.5,136.6662,3
1415,23.5833,9.3689,2.0697,0.0267,0.0,0.2475,9.0,10.0,38.0,0.0013,0.05,0.9641,0.05,0.9445,0.4811,0.7141,91.0,102.0,127.0,66.0,136.7714,3
1416,23.6,9.3834,2.0694,0.1212,0.0,0.1056,9.0,10.0,38.0,0.0013,0.05,0.9641,0.05,0.9444,0.4823,0.7149,91.0,102.0,127.0,66.0,136.4225,3
1417,23.6167,9.3899,2.0698,0.0252,0.0,0.2011,9.0,10.0,38.0,0.0013,0.05,0.9641,0.05,0.9445,0.4808,0.7142,91.0,102.0,127.0,66.0,136.8869,3
1418,23.6333,9.4351,2.0705,0.1645,0.0,0.2278,9.0,10.0,38.0,0.0013,0.05,0.9641,0.05,0.9445,0.4808,0.7142,91.0,102.0,127.0,66.0,136.6396,3
1419,23.65,9.539,2.1929,0.1683,0.0006,0.3244,9.0,10.0,38.0,0.0019,0.05,0.9586,0.051,0.9435,0.3789,0.6782,83.0,93.0,113.0,62.0,106.1614,4
1420,23.6667,9.6395,2.2232,0.4147,0.0015,2.7104,9.0,10.0,38.0,0.0024,0.05,0.9484,0.0528,0.9417,0.3349,0.6546,91.0,103.0,125.0,66.0,98.2223,4
1421,23.6833,9.6588,2.2394,0.1747,0.0014,4.3947,9.0,10.0,38.0,0.0024,0.05,0.9484,0.0528,0.9417,0.3295,0.6467,96.0,109.0,134.0,76.0,99.6931,4
1422,23.7,9.6984,2.2435,0.2658,0.0012,5.5411,9.0,10.0,38.0,0.0025,0.05,0.9484,0.0528,0.9417,0.3254,0.6407,95.0,110.0,140.0,88.0,98.8408,4
1423,23.7167,9.7096,2.2466,0.1607,0.0011,7.3886,9.0,10.0,38.0,0.0026,0.05,0.9484,0.0528,0.9417,0.3197,0.6336,90.0,109.0,141.0,100.0,96.1148,4
1424,23.7333,9.7549,2.2503,0.2816,0.0011,9.6551,9.0,10.0,38.0,0.0027,0.05,0.948,0.0528,0.9417,0.3133,0.6245,83.0,108.0,140.0,115.0,93.6544,4
1425,23.75,10.0238,3.0202,0.4669,0.0033,12.4725,9.0,10.0,38.0,0.0051,0.0526,0.9469,0.0528,0.9417,0.2754,0.6042,88.0,116.0,125.0,67.0,78.4975,4
1426,23.7667,10.1603,3.1716,0.7043,0.004,25.7304,9.0,10.0,38.0,0.0055,0.0531,0.9469,0.0528,0.9417,0.2715,0.5903,90.0,120.0,143.0,75.0,83.5621,4
1427,23.7833,10.2016,3.2484,0.4663,0.0034,27.0996,9.0,10.0,38.0,0.0059,0.0531,0.9461,0.0556,0.9417,0.2671,0.5799,103.0,122.0,147.5,80.0,86.5003,4
1428,23.8,10.2916,3.2903,0.6191,0.003,30.6413,9.0,10.0,38.0,0.0063,0.0531,0.9462,0.0556,0.9417,0.2635,0.5709,105.0,118.0,145.0,86.0,84.1815,4
1429,23.8167,10.7655,4.651,0.8478,0.0071,32.1852,9.0,10.0,38.0,0.0109,0.0578,0.9438,0.0583,0.9417,0.3006,0.5723,112.0,113.0,117.0,77.0,75.6229,4
1430,23.8333,10.9565,5.0802,1.2071,0.009,35.0479,9.0,11.0,38.0,0.0121,0.0578,0.9438,0.0609,0.9417,0.3037,0.5601,109.0,126.0,146.0,78.0,81.6905,4
1431,23.85,11.0606,5.2949,1.0669,0.0072,37.0364,9.0,11.0,38.0,0.0131,0.0594,0.9422,0.0611,0.9417,0.3055,0.5515,91.0,117.0,144.0,91.0,84.0379,4
1432,23.8667,11.2048,5.4288,1.1463,0.0062,39.5187,9.0,11.0,38.0,0.0137,0.0594,0.9422,0.0611,0.9417,0.3045,0.5447,83.0,112.0,138.0,95.0,85.7732,4
1433,23.8833,11.3659,5.8884,0.9613,0.0066,36.3226,9.0,11.0,38.0,0.0152,0.0609,0.9422,0.0639,0.9417,0.3152,0.5413,96.0,113.0,132.0,102.0,83.1259,4
1434,23.9,11.4927,6.0591,1.1028,0.0065,35.6769,9.0,11.0,38.0,0.0159,0.0609,0.9422,0.0639,0.9417,0.3185,0.5362,94.0,105.0,129.0,102.0,83.725,4
1435,23.9167,11.5251,6.1409,0.8441,0.0058,30.8836,9.0,11.0,38.0,0.0165,0.0626,0.9421,0.0639,0.9417,0.3198,0.5314,89.0,101.0,125.0,86.0,83.5403,4
1436,23.9333,12.106,7.7232,1.4239,0.0098,26.7465,9.0,11.0,38.0,0.0213,0.0672,0.9312,0.0694,0.9417,0.3808,0.5423,105.0,108.0,110.0,95.0,77.1705,4
1437,23.95,12.319,8.3244,1.6589,0.013,24.9716,9.0,11.0,38.0,0.0234,0.0701,0.9281,0.0694,0.9417,0.3928,0.5352,88.0,113.0,135.0,102.0,81.4434,4
1438,23.9667,12.5359,8.7653,1.5646,0.0101,24.6609,9.0,11.0,38.0,0.0245,0.0703,0.925,0.0694,0.9417,0.4015,0.5302,83.0,104.0,131.0,102.5,83.7281,4
1439,23.9833,13.0391,10.0443,1.6613,0.0104,29.0438,9.0,11.0,38.0,0.0272,0.0734,0.9188,0.0739,0.9389,0.4296,0.5313,84.0,86.0,91.0,85.0,83.9932,5
1440,24.0,13.4174,10.9179,3.2089,0.0148,29.6859,9.0,10.0,38.0,0.0314,0.075,0.9071,0.1605,0.9389,0.473,0.5305,104.0,115.0,130.0,69.0,86.7995,4
1441,24.0167,13.6184,11.4594,1.7658,0.0127,29.7183,9.0,10.0,38.0,0.0329,0.0766,0.9047,0.4167,0.9389,0.4831,0.5257,94.5,105.0,125.0,60.0,90.356,4
1442,24.0333,13.8337,11.9772,1.9712,0.0104,29.646,9.0,10.0,38.0,0.034,0.0781,0.9016,0.4667,0.9389,0.4896,0.522,81.0,90.0,111.0,42.0,93.546,4
1443,24.05,14.0132,12.442,1.476,0.0089,27.942,9.0,10.0,38.0,0.0346,0.0781,0.9006,0.4667,0.9389,0.4918,0.5188,74.0,83.0,104.0,19.0,94.0098,4
1444,24.0667,14.0938,12.5683,1.3297,0.0082,20.7592,9.0,10.0,38.0,0.0347,0.0795,0.9002,0.4667,0.9389,0.4944,0.5161,63.0,63.0,68.0,22.0,94.0737,4
1445,24.0833,14.143,12.5915,1.1874,0.0072,17.1698,9.0,10.0,38.0,0.0351,0.0797,0.8985,0.4639,0.9389,0.4966,0.5139,58.0,60.0,66.0,45.0,93.6735,4
1446,24.1,14.2181,12.5229,1.1686,0.0061,14.2281,9.0,10.0,38.0,0.0358,0.0828,0.8972,0.4649,0.9389,0.4994,0.5122,41.0,44.0,51.0,74.0,93.0164,4
1447,24.1167,14.2012,12.4342,0.7107,0.0048,12.0439,9.0,10.0,38.0,0.0362,0.0828,0.8953,0.4649,0.9389,0.5013,0.5109,40.0,44.0,52.0,88.0,92.2992,4
1448,24.1333,14.1976,12.294,0.8757,0.0047,9.5392,9.0,10.0,38.0,0.036,0.0828,0.8984,0.4639,0.9389,0.5012,0.5095,40.0,42.0,51.5,102.0,90.2655,4
1449,24.15,14.1549,12.1314,0.5003,0.0039,7.4011,9.0,10.0,38.0,0.0363,0.0828,0.8966,0.4639,0.9389,0.5026,0.5087,38.0,41.0,53.0,111.0,89.2654,4
1450,24.1667,14.2776,12.295,0.6478,0.0037,5.5061,9.0,10.0,38.0,0.0363,0.0828,0.8953,0.4639,0.9389,0.502,0.5075,34.0,38.0,49.0,127.0,88.7053,4
1451,24.1833,14.3005,12.3863,0.3831,0.0029,5.5868,9.0,10.0,38.0,0.0363,0.0828,0.8942,0.4639,0.9389,0.5015,0.507,32.0,38.0,48.0,112.0,89.3915,4
1452,24.2,14.3707,12.4605,0.5611,0.0025,5.2107,9.0,10.0,38.0,0.0366,0.0828,0.8947,0.4639,0.9389,0.5027,0.5065,30.0,35.0,46.0,95.0,90.3712,4
1453,24.2167,14.4118,12.5556,0.4037,0.0021,4.6971,9.0,10.0,38.0,0.0366,0.0828,0.8933,0.4639,0.9389,0.5018,0.5063,30.0,35.0,45.0,91.0,90.0248,4
1454,24.2333,14.4806,12.6271,0.4561,0.0017,4.2133,9.0,10.0,38.0,0.0364,0.0828,0.8953,0.4639,0.9389,0.5007,0.506,30.0,34.0,44.0,102.0,89.7865,4
1455,24.25,14.5072,12.7122,0.2253,0.0014,3.8325,9.0,10.0,38.0,0.0364,0.0828,0.8953,0.4639,0.9389,0.5003,0.5058,31.0,33.0,44.0,115.0,90.2107,4
1456,24.2667,14.588,12.7854,0.4312,0.001,3.1054,9.0,10.0,38.0,0.0364,0.0828,0.8953,0.4639,0.9389,0.5,0.5056,30.0,31.0,42.0,114.0,90.569,4
1457,24.2833,14.6452,12.9082,0.1068,0.0007,1.5476,9.0,10.0,38.0,0.0366,0.0828,0.8949,0.4639,0.9389,0.5013,0.5055,30.0,31.0,42.0,110.0,91.3865,4
1458,24.3,14.756,13.046,0.3258,0.0004,1.6749,9.0,10.0,38.0,0.0367,0.0828,0.8946,0.4639,0.9389,0.5021,0.5054,30.0,31.0,41.0,102.0,92.4722,4
1459,24.3167,14.8257,13.1822,0.1014,0.0003,1.4678,9.0,10.0,38.0,0.0368,0.0828,0.8941,0.4639,0.9389,0.5033,0.5052,28.0,31.0,38.0,102.0,93.1527,4
1460,24.3333,14.9292,13.3031,0.2648,0.0003,1.3907,9.0,10.0,38.0,0.0368,0.0828,0.8953,0.4639,0.9389,0.5035,0.5051,30.0,32.0,37.0,89.0,94.3032,4
1461,24.35,14.9787,13.3995,0.0719,0.0002,1.0662,9.0,10.0,38.0,0.0369,0.0828,0.8953,0.4639,0.9389,0.5036,0.505,31.0,32.0,37.0,78.0,95.2131,4
1462,24.3667,15.0862,13.5046,0.2738,0.0003,1.1953,9.0,10.0,38.0,0.0369,0.0828,0.8923,0.4639,0.9389,0.5036,0.5052,31.0,32.0,34.0,65.0,96.3567,4
1463,24.3833,15.1308,13.5803,0.0667,0.0001,0.8743,9.0,10.0,38.0,0.0369,0.0828,0.8922,0.4639,0.9389,0.5038,0.5052,32.0,32.0,33.0,54.0,97.015,4
1464,24.4,15.2178,13.6602,0.263,0.0002,0.9715,9.0,10.0,38.0,0.0369,0.0875,0.8938,0.4639,0.9389,0.5041,0.5051,32.0,33.0,33.0,44.0,97.8267,4
1465,24.4167,15.2592,13.7254,0.0608,0.0001,0.7339,9.0,10.0,38.0,0.0369,0.0833,0.8936,0.4639,0.9389,0.5043,0.5051,33.0,33.0,33.0,37.0,98.4912,4
1466,24.4333,15.333,13.7784,0.243,0.0002,0.7598,9.0,10.0,38.0,0.037,0.0875,0.8935,0.4639,0.9389,0.5048,0.5051,33.0,32.0,32.0,29.0,98.8898,4
1467,24.45,15.3698,13.823,0.0772,0.0001,0.5706,9.0,10.0,38.0,0.037,0.0875,0.8934,0.4639,0.9389,0.5049,0.505,32.0,31.0,32.0,25.0,99.222,4
1468,24.4667,15.4281,13.8547,0.2623,0.0002,0.5939,9.0,10.0,38.0,0.037,0.0844,0.8922,0.4639,0.9389,0.5051,0.5052,32.0,31.0,32.0,21.0,99.5329,4
1469,24.4833,15.4491,13.868,0.1112,0.0002,0.3084,9.0,10.0,38.0,0.0371,0.0846,0.8931,0.4639,0.9389,0.5055,0.5051,32.0,31.0,32.0,21.0,99.6712,4
1470,24.5,15.5006,13.8648,0.2008,0.0001,0.1594,9.0,10.0,38.0,0.0371,0.085,0.893,0.4639,0.9389,0.5057,0.5052,32.0,31.5,32.0,20.0,99.6303,4
1471,24.5167,15.5152,13.8658,0.0378,0.0,0.0563,9.0,10.0,38.0,0.0371,0.0828,0.893,0.4639,0.9389,0.5056,0.5052,32.0,31.0,32.0,20.0,99.6498,4
1472,24.5333,15.5476,13.8628,0.2363,0.0001,0.0846,9.0,10.0,38.0,0.037,0.0845,0.8922,0.4639,0.9389,0.5054,0.5053,33.0,32.0,32.0,19.0,99.8235,4
1473,24.55,15.5658,13.8619,0.0428,0.0,0.0196,9.0,10.0,38.0,0.037,0.0845,0.8922,0.4639,0.9389,0.5055,0.5053,33.0,32.0,32.0,19.0,99.8162,4
1474,24.5667,15.6024,13.8602,0.1233,0.0,0.0239,9.0,10.0,38.0,0.0371,0.0845,0.8922,0.4639,0.9389,0.5055,0.5053,33.0,32.0,32.0,19.0,99.8004,4
1475,24.5833,15.6301,13.86,0.0684,0.0,0.0294,9.0,10.0,38.0,0.0371,0.0845,0.8922,0.4639,0.9389,0.5055,0.5053,33.0,31.5,32.0,19.0,99.8082,4
1476,24.6,15.6721,13.8586,0.1812,0.0,0.0343,9.0,10.0,38.0,0.037,0.0844,0.8922,0.4639,0.9389,0.5055,0.5052,32.5,31.0,32.0,20.0,99.8033,4
1477,24.6167,15.689,13.8577,0.0416,0.0,0.0221,9.0,10.0,38.0,0.037,0.0843,0.8922,0.4639,0.9389,0.5054,0.5053,32.0,31.0,32.0,20.0,99.8154,4
1478,24.6333,15.7182,13.8508,0.2073,0.0001,0.0801,9.0,10.0,38.0,0.037,0.0842,0.8922,0.4639,0.9389,0.5055,0.5053,33.0,32.0,32.0,20.0,99.8505,4
1479,24.65,15.7345,13.8495,0.0504,0.0,0.0515,9.0,10.0,38.0,0.037,0.0875,0.8933,0.4639,0.9389,0.5055,0.5052,33.0,32.0,32.0,19.0,99.8372,4
1480,24.6667,15.7733,13.8508,0.2795,0.0001,0.0734,9.0,10.0,38.0,0.037,0.0875,0.8933,0.4639,0.9389,0.5054,0.5051,33.0,32.0,32.0,19.0,99.8681,4
1481,24.6833,15.78,13.8504,0.0272,0.0,0.014,9.0,10.0,38.0,0.037,0.0875,0.8948,0.4639,0.9389,0.5054,0.5051,33.0,32.0,32.0,19.5,99.903,4
1482,24.7,15.8203,13.8428,0.2296,0.0,0.0525,9.0,10.0,38.0,0.037,0.0842,0.8933,0.4639,0.9389,0.5053,0.5052,33.0,32.0,32.0,19.0,99.9484,4
1483,24.7167,15.8288,13.8408,0.0298,0.0,0.0095,9.0,10.0,38.0,0.037,0.0842,0.8933,0.4639,0.9389,0.5053,0.5052,33.0,32.0,32.0,19.0,99.9298,4
1484,24.7333,15.844,13.8406,0.0916,0.0,0.0147,9.0,10.0,38.0,0.037,0.0828,0.8933,0.4639,0.9389,0.5052,0.5051,33.0,32.0,32.0,19.0,99.9323,4
1485,24.75,15.8796,13.8415,0.1137,0.0,0.0316,9.0,10.0,38.0,0.037,0.0828,0.8933,0.4639,0.9389,0.5053,0.5051,33.0,32.0,32.0,19.0,99.9357,4
1486,24.7667,15.9171,13.8396,0.1825,0.0,0.0354,9.0,10.0,38.0,0.037,0.0843,0.8933,0.4639,0.9389,0.5053,0.5051,33.0,32.0,32.0,20.0,99.9395,4
1487,24.7833,15.9227,13.8401,0.0394,0.0,0.0079,9.0,10.0,38.0,0.037,0.0842,0.8933,0.4639,0.9389,0.5053,0.5051,33.0,32.0,32.0,20.0,99.9422,4
1488,24.8,15.9494,13.8315,0.1764,0.0,0.0449,9.0,10.0,38.0,0.037,0.0842,0.8933,0.4639,0.9389,0.5052,0.5052,33.0,32.0,32.0,19.0,99.9477,4
1489,24.8167,15.9623,13.8317,0.0496,0.0,0.0588,9.0,10.0,38.0,0.037,0.084,0.8933,0.4639,0.9389,0.5055,0.505,33.0,32.0,32.0,19.0,99.9988,4
1490,24.8333,15.9735,13.832,0.1857,0.0,0.0474,9.0,10.0,38.0,0.037,0.0828,0.8949,0.4639,0.9389,0.5054,0.505,32.5,32.0,32.0,19.0,99.9975,4
1491,24.85,15.9761,13.8315,0.0188,0.0,0.021,9.0,10.0,38.0,0.037,0.0875,0.8922,0.4639,0.9389,0.5054,0.5049,32.0,32.0,32.0,18.0,99.9862,4
1492,24.8667,15.9939,13.8321,0.1656,0.0,0.0302,9.0,10.0,37.0,0.037,0.084,0.8933,0.4639,0.9389,0.5055,0.5051,33.0,32.0,32.0,19.0,100.0063,4
1493,24.8833,15.9976,13.8326,0.0201,0.0,0.0133,9.0,10.0,37.0,0.037,0.084,0.8933,0.4639,0.9389,0.5055,0.5051,33.0,32.0,32.0,19.0,100.0091,4
1494,24.9,16.021,13.8351,0.2453,0.0,0.0431,9.0,10.0,37.0,0.037,0.0875,0.8934,0.4639,0.9389,0.5055,0.5051,33.0,32.0,32.0,18.0,100.0361,4
1495,24.9167,16.0305,13.8411,0.0814,0.0,0.0191,9.0,10.0,37.0,0.037,0.084,0.8933,0.4639,0.9389,0.5055,0.5052,33.0,32.0,32.0,19.0,100.0214,4
1496,24.9333,16.0266,13.8395,0.0794,0.0,0.0163,9.0,10.0,37.0,0.037,0.0839,0.8934,0.4639,0.9389,0.5055,0.5051,32.0,32.0,32.0,19.0,100.0157,4
1497,24.95,16.0393,13.8397,0.0493,0.0,0.0095,9.0,10.0,37.0,0.037,0.0838,0.8934,0.4639,0.9389,0.5055,0.5051,32.0,32.0,32.0,19.0,100.0237,4
1498,24.9667,16.0665,13.8391,0.1563,0.0,0.0335,9.0,10.0,37.0,0.037,0.0839,0.8922,0.4639,0.9389,0.5053,0.5052,32.0,32.0,32.0,18.5,100.0022,4
1499,24.9833,16.0678,13.839,0.0221,0.0,0.0114,9.0,10.0,37.0,0.037,0.0828,0.8922,0.4639,0.9389,0.5052,0.5052,32.0,32.0,32.0,19.0,99.9951,4
1500,25.0,15.9417,13.8217,1.0894,0.0007,2.3021,8.0,10.0,35.0,0.0368,0.0828,0.8953,0.4639,0.9389,0.5051,0.5052,31.5,32.0,34.0,18.0,100.9612,4
1501,25.0167,15.9406,13.8172,0.0295,0.0001,0.0896,8.0,10.0,35.0,0.0368,0.0828,0.8953,0.4639,0.9389,0.5052,0.5052,31.0,31.0,33.0,15.0,100.9459,4
1502,25.0333,15.9513,13.8201,0.0815,0.0,0.0102,8.0,10.0,37.0,0.0368,0.0828,0.8962,0.4639,0.9389,0.5052,0.5052,31.0,31.0,33.0,15.0,100.9336,4
1503,25.05,15.9594,13.8215,0.0467,0.0,0.0146,8.0,10.0,37.0,0.0368,0.0828,0.8984,0.4639,0.9389,0.5054,0.5053,31.0,31.0,33.0,15.0,100.9255,4
1504,25.0667,15.982,13.825,0.1941,0.0001,0.0399,8.0,10.0,35.0,0.0368,0.0863,0.8961,0.4639,0.9389,0.5054,0.5051,31.0,31.0,33.0,17.0,100.9218,4
1505,25.0833,15.9753,13.823,0.1278,0.0,0.0129,8.0,10.0,35.0,0.0368,0.0828,0.8962,0.4639,0.9389,0.5053,0.5051,31.0,31.0,33.0,17.0,100.9451,4
1506,25.1,15.9917,13.8193,0.178,0.0001,0.0341,8.0,10.0,35.0,0.0368,0.0828,0.8941,0.4639,0.9389,0.5053,0.505,30.0,31.0,33.0,17.0,100.8884,4
1507,25.1167,15.9884,13.8174,0.0462,0.0,0.0097,8.0,10.0,35.0,0.0368,0.0828,0.8926,0.4639,0.9389,0.5051,0.5052,31.0,31.0,33.0,17.0,100.9307,4
1508,25.1333,16.0054,13.8214,0.1784,0.0,0.0351,8.0,10.0,35.0,0.0368,0.0828,0.8926,0.4639,0.9389,0.5052,0.5051,30.0,31.0,33.0,18.0,100.9072,4
1509,25.15,16.0069,13.8214,0.0149,0.0,0.0057,8.0,10.0,35.0,0.0368,0.0828,0.8953,0.4639,0.9389,0.5053,0.5051,31.0,31.0,33.0,18.0,100.9143,4
1510,25.1667,16.0173,13.8282,0.203,0.0001,0.0333,8.0,10.0,35.0,0.0368,0.0828,0.8961,0.4639,0.9389,0.5054,0.5051,31.0,31.0,33.0,18.0,100.9362,4
1511,25.1833,16.0165,13.8286,0.0214,0.0,0.0054,8.0,10.0,35.0,0.0368,0.0828,0.8961,0.4639,0.9389,0.5054,0.5051,31.0,31.0,33.0,18.0,100.9283,4
1512,25.2,16.0135,13.8258,0.1968,0.0,0.0273,8.0,10.0,35.0,0.0368,0.0828,0.8962,0.4639,0.9389,0.5053,0.5052,31.0,31.0,33.0,18.0,100.951,4
1513,25.2167,16.0134,13.8278,0.0474,0.0,0.0062,8.0,10.0,35.0,0.0368,0.0828,0.8961,0.4639,0.9389,0.5053,0.5052,31.0,31.0,33.0,18.0,100.9439,4
1514,25.2333,16.0154,13.8289,0.2254,0.0,0.0271,8.0,10.0,35.0,0.0368,0.0828,0.8961,0.4639,0.9389,0.5054,0.5051,31.0,31.0,33.0,18.0,100.9237,4
1515,25.25,16.0162,13.8288,0.032,0.0,0.0058,8.0,10.0,35.0,0.0368,0.0828,0.8961,0.4639,0.9389,0.5054,0.5051,31.0,31.0,33.0,18.0,100.93,4
1516,25.2667,16.0128,13.8303,0.0971,0.0,0.0073,8.0,10.0,35.0,0.0368,0.0828,0.8961,0.4639,0.9389,0.5053,0.5051,31.0,31.0,33.0,18.0,100.9495,4
1517,25.2833,16.0097,13.8309,0.0609,0.0,0.0108,8.0,10.0,35.0,0.0368,0.0828,0.8984,0.4639,0.9389,0.5054,0.5052,31.0,31.0,33.0,18.0,100.9458,4
1518,25.3,15.9992,13.838,0.2347,0.0,0.0182,8.0,10.0,35.0,0.0368,0.0828,0.8961,0.4639,0.9389,0.5053,0.5051,31.0,31.0,33.0,17.0,100.9546,4
1519,25.3167,15.9966,13.8395,0.0497,0.0,0.0089,8.0,10.0,35.0,0.0368,0.082,0.8984,0.4639,0.9389,0.5053,0.5052,31.0,31.0,33.0,17.5,100.9654,4
1520,25.3333,15.9898,13.8484,0.2121,0.0,0.0177,8.0,10.0,35.0,0.0368,0.0828,0.8961,0.4639,0.9389,0.5054,0.5051,31.0,31.0,33.0,18.0,100.9123,4
1521,25.35,15.9821,13.8479,0.0473,0.0,0.0125,8.0,10.0,35.0,0.0368,0.0828,0.8984,0.4639,0.9389,0.5055,0.5052,31.0,31.0,33.0,18.0,100.9078,4
1522,25.3667,15.9944,13.8513,0.1152,0.0,0.0108,8.0,10.0,35.0,0.0368,0.0828,0.8984,0.4639,0.9389,0.5054,0.5052,31.0,31.0,33.0,18.0,100.898,4
1523,25.3833,15.9799,13.8534,0.073,0.0,0.0149,8.0,10.0,35.0,0.0368,0.0828,0.896,0.4639,0.9389,0.5054,0.5053,31.0,31.0,33.0,18.0,100.8921,4
1524,25.4,15.9774,13.8663,0.2125,0.0,0.0303,8.0,10.0,35.0,0.0368,0.0821,0.8984,0.4639,0.9389,0.5052,0.5053,31.0,31.0,33.0,18.0,100.9073,4
1525,25.4167,15.9634,13.8663,0.0583,0.0,0.0238,8.0,10.0,35.0,0.0368,0.0828,0.8984,0.4639,0.9389,0.5053,0.5053,31.0,31.0,33.0,18.0,100.9046,4
1526,25.4333,15.9744,13.8818,0.2365,0.0001,0.0989,8.0,10.0,35.0,0.0368,0.0828,0.8959,0.4639,0.9389,0.5051,0.5052,31.0,31.0,33.5,18.0,100.8563,4
1527,25.45,15.9637,13.8819,0.038,0.0001,0.0795,8.0,10.0,35.0,0.0368,0.0828,0.896,0.4639,0.9389,0.5052,0.5052,30.5,31.0,33.0,18.0,100.8803,4
1528,25.4667,15.9505,13.894,0.2339,0.0001,0.1734,8.0,10.0,35.0,0.0369,0.0828,0.8956,0.4639,0.9389,0.5045,0.5051,31.0,31.0,33.0,18.0,100.8278,4
1529,25.4833,15.9492,13.8979,0.0566,0.0001,0.2183,8.0,10.0,35.0,0.0369,0.0828,0.8956,0.4639,0.9389,0.5044,0.5051,30.0,30.0,33.0,19.0,100.8969,4
1530,25.5,15.9345,13.9106,0.2634,0.0002,0.2545,8.0,10.0,35.0,0.0368,0.0828,0.8986,0.4639,0.9389,0.5047,0.505,30.0,30.0,33.0,19.0,100.8923,4
1531,25.5167,15.951,13.921,0.1277,0.0002,0.4534,8.0,10.0,35.0,0.0369,0.0828,0.8984,0.4639,0.9389,0.5045,0.5049,31.0,31.0,33.0,18.0,100.85,4
1532,25.5333,15.939,13.9264,0.1667,0.0005,0.5095,8.0,10.0,35.0,0.0369,0.0828,0.8953,0.4639,0.9389,0.5043,0.5048,34.0,34.0,37.5,18.0,100.6892,4
1533,25.55,15.9207,13.9293,0.1306,0.0006,0.6432,8.0,10.0,35.0,0.037,0.0828,0.898,0.4639,0.9389,0.5037,0.5048,32.0,32.0,34.0,18.0,100.7148,4
1534,25.5667,15.9089,13.9353,0.2582,0.0008,0.8906,8.0,10.0,35.0,0.0369,0.0828,0.8985,0.4639,0.9389,0.5047,0.5048,31.0,31.0,33.0,18.0,101.2695,4
1535,25.5833,15.9072,13.9388,0.1747,0.0012,1.486,8.0,10.0,35.0,0.0369,0.0828,0.8984,0.4639,0.9389,0.5042,0.5045,34.0,34.0,37.0,17.0,101.0642,4
1536,25.6,15.8852,13.9431,0.3196,0.0014,1.7988,9.0,10.0,35.0,0.0367,0.0828,0.8967,0.4639,0.9389,0.5054,0.5045,33.0,33.0,37.0,18.0,100.7915,4
1537,25.6167,15.8774,13.925,0.2464,0.0019,2.1249,9.0,10.0,35.0,0.0367,0.0828,0.8965,0.4639,0.9389,0.5051,0.5041,31.0,31.0,33.5,18.0,101.3076,4
1538,25.6333,15.8762,13.9228,0.3228,0.002,3.1891,9.0,10.0,35.0,0.0368,0.0828,0.8959,0.4611,0.9389,0.5049,0.5037,31.0,31.0,34.0,16.0,101.3292,4
1539,25.65,15.8786,13.9167,0.4309,0.0025,3.9244,9.0,10.0,35.0,0.0368,0.0828,0.8962,0.4583,0.9389,0.5053,0.5032,34.0,34.0,37.0,17.0,101.3012,4
1540,25.6667,15.857,13.8955,0.5259,0.0033,4.5746,9.0,10.0,35.0,0.0365,0.08,0.8953,0.4556,0.9389,0.5071,0.5022,38.0,38.0,40.0,15.0,100.4439,4
1541,25.6833,15.8306,13.8324,0.4988,0.0038,5.9233,9.0,10.0,35.0,0.0364,0.0797,0.8984,0.4523,0.9389,0.5083,0.5015,34.5,34.5,38.0,16.0,101.0888,4
1542,25.7,15.8041,13.7803,0.7212,0.0045,7.3,9.0,10.0,35.0,0.036,0.0798,0.8984,0.4472,0.9389,0.5104,0.5005,44.0,44.0,46.0,13.0,100.3063,4
1543,25.7167,15.7871,13.7355,0.6808,0.0048,9.6818,8.0,10.0,35.0,0.0361,0.08,0.8981,0.4417,0.9389,0.5107,0.4993,42.0,42.0,45.0,14.0,99.8986,4
1544,25.7333,15.7396,13.5968,0.905,0.0058,12.6897,9.0,10.0,35.0,0.0358,0.0797,0.8984,0.4333,0.9389,0.5145,0.4982,49.0,49.0,52.0,14.0,101.3558,4
1545,25.75,15.6676,13.4835,1.0162,0.0067,14.6483,9.0,10.0,35.0,0.0353,0.0797,0.8994,0.4222,0.9389,0.5192,0.4966,65.0,65.0,67.0,11.0,101.3401,4
1546,25.7667,15.5705,13.3219,1.2885,0.0081,17.1456,9.0,10.0,35.0,0.0343,0.0782,0.9016,0.4056,0.9389,0.5246,0.4945,75.0,80.0,96.0,10.0,98.7999,4
1547,25.7833,15.4248,13.0333,1.304,0.0085,18.2315,9.0,10.0,35.0,0.0329,0.0766,0.9047,0.425,0.9389,0.5405,0.495,62.0,62.0,65.0,11.0,100.7009,4
1548,25.8,15.2704,12.6882,1.432,0.0081,22.1454,9.0,10.0,35.0,0.032,0.075,0.9066,0.3084,0.9389,0.5462,0.493,81.0,86.5,105.0,6.0,100.4401,4
1549,25.8167,15.1672,12.3581,1.4272,0.0091,23.6413,9.0,10.0,35.0,0.0314,0.075,0.9078,0.2233,0.9389,0.5532,0.49,87.0,94.0,112.0,5.0,99.8805,4
1550,25.8333,15.006,11.8717,1.7207,0.0111,23.791,9.0,10.0,35.0,0.0297,0.075,0.9109,0.0844,0.9389,0.566,0.4878,91.0,94.0,100.0,9.0,96.257,5
1551,25.85,14.6955,10.9283,1.5641,0.0097,27.1811,9.0,10.0,35.0,0.0274,0.0721,0.9188,0.0754,0.9413,0.5883,0.4901,87.0,94.0,112.0,7.0,98.7472,4
1552,25.8667,14.5635,10.5949,1.565,0.0101,24.7695,9.0,10.0,35.0,0.0264,0.0703,0.9219,0.0722,0.9417,0.5933,0.4863,101.0,107.0,124.0,6.0,96.0852,4
1553,25.8833,14.4136,10.1164,1.6029,0.0113,26.6412,9.0,10.0,35.0,0.0252,0.0703,0.9235,0.0722,0.9417,0.6052,0.4834,108.0,112.0,123.0,5.0,94.4878,5
1554,25.9,13.8571,8.4947,1.5728,0.0097,29.9213,9.0,10.0,35.0,0.0205,0.0656,0.9375,0.0667,0.9417,0.6557,0.4953,84.0,90.0,109.5,12.0,100.9776,4
1555,25.9167,13.7885,8.2861,1.0629,0.006,34.2881,9.0,10.0,35.0,0.0199,0.0655,0.9377,0.0667,0.9417,0.6579,0.4922,89.0,97.0,116.5,10.0,101.2053,4
1556,25.9333,13.7205,8.0894,1.1514,0.0063,38.3952,9.0,10.0,35.0,0.0195,0.0641,0.9392,0.0667,0.9417,0.66,0.4882,97.0,103.0,123.0,7.0,99.8672,4
1557,25.95,13.6245,7.7871,1.2876,0.007,43.5651,9.0,10.0,35.0,0.0187,0.0641,0.9406,0.0644,0.9417,0.6615,0.484,104.0,105.0,112.0,7.0,96.762,5
1558,25.9667,13.4425,7.2774,1.3641,0.0074,44.637,9.0,10.0,35.0,0.0172,0.0609,0.9422,0.0639,0.9417,0.6715,0.4833,105.0,113.0,132.0,7.0,96.0076,4
1559,25.9833,13.3461,6.9799,1.2336,0.0073,46.6984,9.0,10.0,35.0,0.0163,0.0609,0.9422,0.0639,0.9417,0.6754,0.4784,117.0,125.0,138.0,7.0,94.282,4
1560,26.0,12.8927,6.3228,2.2318,0.008,42.4913,8.0,10.0,35.0,0.015,0.0609,0.9422,0.0639,0.9417,0.6767,0.4731,134.0,137.0,144.0,7.0,87.6743,4
1561,26.0167,12.7288,5.8385,1.3068,0.01,41.8866,8.0,10.0,35.0,0.0137,0.0594,0.9422,0.0611,0.9417,0.681,0.4661,113.0,115.0,117.0,6.0,83.9767,4
1562,26.0333,12.1904,4.1439,1.4618,0.0081,46.2438,8.0,10.0,35.0,0.0085,0.0542,0.9453,0.0574,0.9417,0.7291,0.4951,107.0,116.0,134.0,16.0,95.7174,4
1563,26.05,12.1624,4.0312,0.7096,0.0038,47.6539,8.0,10.0,37.0,0.0081,0.0531,0.9453,0.0556,0.9417,0.7265,0.4903,110.0,119.0,136.0,14.0,92.0994,4
1564,26.0667,12.1197,3.8829,0.87,0.0039,48.6858,8.0,10.0,35.0,0.0077,0.0531,0.9453,0.0556,0.9417,0.7235,0.4862,119.0,126.0,139.0,16.0,91.7363,4
1565,26.0833,12.0508,3.6961,0.685,0.0043,43.4161,8.0,10.0,35.0,0.0069,0.0531,0.9469,0.0556,0.9417,0.7171,0.4834,126.0,131.0,143.0,17.0,86.1461,4
1566,26.1,11.9597,3.4671,0.9017,0.0049,32.6072,8.0,10.0,35.0,0.0061,0.0531,0.9469,0.0528,0.9417,0.7092,0.4802,122.0,123.0,127.0,22.0,78.1379,4
1567,26.1167,11.8241,3.1018,0.6988,0.0054,15.7005,8.0,10.0,35.0,0.0039,0.0516,0.9484,0.0528,0.9417,0.6734,0.5015,91.0,93.0,101.0,38.0,72.1887,4
1568,26.1333,11.4401,2.1788,0.6466,0.0026,0.3475,8.0,10.0,35.0,0.0013,0.05,0.9641,0.05,0.9444,0.4708,0.7163,91.0,98.0,119.0,60.0,136.0138,3
1569,26.15,11.4776,2.2508,0.0606,0.0002,0.0736,8.0,10.0,35.0,0.0015,0.05,0.9641,0.05,0.9444,0.4766,0.6915,91.0,100.0,122.0,60.0,128.0146,4
1570,26.1667,11.5465,2.4755,0.3749,0.0007,6.9894,8.0,10.0,35.0,0.0022,0.05,0.9641,0.05,0.9418,0.4841,0.6344,91.0,97.0,124.0,65.0,95.4,4
1571,26.1833,11.6732,2.8418,0.1646,0.0012,15.6434,8.0,10.0,35.0,0.003,0.05,0.9641,0.0526,0.9417,0.488,0.5994,93.0,96.0,130.0,70.0,74.6467,4
1572,26.2,11.8531,3.3532,0.4745,0.0017,19.2691,8.0,10.0,35.0,0.0038,0.051,0.9538,0.0528,0.9417,0.4895,0.5854,93.0,95.0,132.0,73.0,66.104,5
1573,26.2167,11.8648,3.3666,0.061,0.0001,0.7905,8.0,10.0,35.0,0.0038,0.0511,0.9531,0.0528,0.9417,0.4896,0.584,94.0,95.0,132.0,73.0,65.9476,4
1574,26.2333,11.8603,3.3757,0.2421,0.0001,1.3245,8.0,10.0,35.0,0.0039,0.0514,0.9484,0.0528,0.9417,0.4896,0.5817,94.0,96.0,133.0,74.0,64.8285,4
1575,26.25,11.8815,3.3957,0.0504,0.0002,1.4784,8.0,10.0,35.0,0.0039,0.0514,0.9484,0.0528,0.9417,0.4899,0.5819,95.0,96.0,134.0,72.0,64.4965,4
1576,26.2667,11.914,3.4454,0.1941,0.0003,3.3538,8.0,10.0,35.0,0.004,0.0516,0.9481,0.0528,0.9417,0.4901,0.5793,96.0,98.0,134.0,69.0,63.249,4
1577,26.2833,11.9459,3.4797,0.1293,0.0002,2.0248,8.0,10.0,35.0,0.004,0.0516,0.9481,0.0528,0.9417,0.4895,0.58,96.0,101.0,134.0,65.0,62.7862,4
1578,26.3,11.9134,3.4861,0.3529,0.0003,2.7253,8.0,10.0,35.0,0.004,0.0516,0.948,0.0528,0.9417,0.4892,0.5794,97.0,101.0,136.0,66.0,62.9001,4
1579,26.3167,11.9483,3.52,0.0767,0.0002,2.9577,8.0,10.0,35.0,0.004,0.0516,0.948,0.0528,0.9417,0.4891,0.5799,96.0,101.0,133.5,65.0,63.5214,4
1580,26.3333,11.9756,3.5969,0.2538,0.0005,6.0042,8.0,10.0,35.0,0.004,0.0516,0.948,0.0528,0.9417,0.4884,0.5793,96.0,101.0,133.0,64.5,63.5935,4
1581,26.35,12.0038,3.6349,0.0658,0.0004,3.5674,8.0,10.0,35.0,0.0041,0.0516,0.9479,0.0528,0.9417,0.4884,0.5788,95.0,101.0,132.0,64.0,64.5411,4
1582,26.3667,12.0189,3.6588,0.2918,0.0004,4.0257,8.0,10.0,35.0,0.0041,0.0516,0.9484,0.0528,0.9417,0.4898,0.5756,94.0,101.0,132.0,63.0,64.2048,4
1583,26.3833,12.0413,3.6782,0.0757,0.0003,4.4933,8.0,10.0,35.0,0.0041,0.0516,0.9484,0.0528,0.9417,0.4893,0.5768,95.0,102.0,132.0,62.0,64.8903,4
1584,26.4,12.0152,3.656,0.4363,0.0007,7.8333,8.0,10.0,35.0,0.0039,0.0515,0.9489,0.0528,0.9417,0.487,0.5812,95.0,102.0,132.0,59.0,66.7968,4
1585,26.4167,12.0222,3.6225,0.0809,0.0005,4.6375,8.0,10.0,35.0,0.0038,0.0512,0.9517,0.0528,0.9417,0.4856,0.5829,98.0,105.0,133.0,55.0,67.9252,4
1586,26.4333,12.0141,3.5592,0.3085,0.0004,5.2021,8.0,10.0,35.0,0.0037,0.0509,0.955,0.0528,0.9417,0.4848,0.5832,102.0,111.0,134.0,54.0,68.7062,4
1587,26.45,12.0012,3.476,0.0888,0.0003,5.2968,8.0,10.0,35.0,0.0035,0.05,0.9638,0.0528,0.9417,0.4836,0.5876,103.0,111.0,133.0,55.0,71.8202,4
1588,26.4667,11.9484,3.2605,0.4087,0.0006,9.8262,8.0,10.0,35.0,0.003,0.05,0.9641,0.0528,0.9417,0.4826,0.5983,100.0,104.0,127.0,65.5,80.4357,6
1589,26.4833,11.9291,3.155,0.0901,0.0002,6.0481,8.0,10.0,35.0,0.0028,0.05,0.9641,0.0528,0.9417,0.4819,0.6028,97.0,102.0,124.0,70.0,83.8112,4
1590,26.5,11.8888,3.0287,0.3664,0.0003,6.0629,9.0,10.0,35.0,0.0027,0.05,0.9641,0.0528,0.9417,0.4809,0.6068,95.0,100.0,119.0,76.0,87.9322,4
1591,26.5167,11.8774,2.9295,0.0991,0.0003,6.3168,9.0,10.0,35.0,0.0025,0.05,0.9641,0.0521,0.9417,0.4806,0.6134,94.0,97.0,116.0,76.5,93.1016,4
1592,26.5333,11.864,2.8061,0.2527,0.0012,9.6295,9.0,10.0,35.0,0.0025,0.05,0.9641,0.0522,0.9417,0.4894,0.611,87.0,89.5,116.0,87.0,93.7756,5
1593,26.55,11.8857,2.806,0.1538,0.0007,10.8932,9.0,10.0,35.0,0.0026,0.05,0.9641,0.0528,0.9417,0.4938,0.607,87.0,90.0,118.0,86.0,90.8446,5
1594,26.5667,11.8883,2.7957,0.3238,0.0008,8.2103,9.0,10.0,35.0,0.003,0.05,0.9641,0.0528,0.9417,0.4965,0.5906,83.0,86.0,125.0,100.0,79.8959,4
1595,26.5833,11.8674,2.7002,0.1062,0.0007,8.7406,9.0,10.0,35.0,0.003,0.05,0.9641,0.0528,0.9417,0.4946,0.5861,75.0,75.0,129.0,130.0,77.0635,4
1596,26.6,11.8273,2.5288,0.284,0.0013,6.3967,9.0,10.0,35.0,0.0018,0.05,0.9641,0.05,0.944,0.4845,0.65,84.0,91.0,120.0,67.0,112.2444,7
1597,26.6167,11.8263,2.5056,0.0656,0.0004,1.1294,9.0,10.0,35.0,0.0017,0.05,0.9641,0.05,0.9444,0.4828,0.6609,87.0,93.0,116.0,65.0,119.2811,8
1598,26.6333,11.844,2.5082,0.2328,0.0004,2.2932,9.0,10.0,35.0,0.0018,0.05,0.9641,0.05,0.944,0.4835,0.6473,86.0,91.0,116.0,67.0,110.9541,8
1599,26.65,11.8743,2.5651,0.0922,0.0004,6.1305,9.0,10.0,35.0,0.0019,0.05,0.9641,0.05,0.9435,0.4876,0.6374,89.0,94.0,123.0,67.0,108.4515,7
1600,26.6667,11.8955,2.507,0.421,0.0006,3.4448,9.0,10.0,35.0,0.0017,0.05,0.9641,0.05,0.9444,0.4881,0.6562,90.0,95.0,116.0,60.0,118.2165,6
1601,26.6833,11.8736,2.4195,0.1012,0.0006,0.8437,9.0,10.0,35.0,0.0016,0.05,0.9641,0.05,0.9444,0.485,0.6729,89.0,95.0,117.0,63.0,125.6066,7
1602,26.7,11.9046,2.4759,0.2608,0.0006,1.0966,9.0,10.0,35.0,0.0017,0.05,0.9641,0.05,0.9444,0.4857,0.6594,89.0,93.0,118.0,65.0,117.1714,7
1603,26.7167,11.9563,2.6247,0.1221,0.001,1.5369,9.0,10.0,35.0,0.0022,0.05,0.9641,0.05,0.9418,0.4907,0.6273,86.0,88.0,122.0,74.0,101.2704,9
1604,26.7333,12.0727,2.9611,0.2964,0.0017,8.0174,9.0,10.0,35.0,0.0027,0.05,0.9641,0.0508,0.9417,0.4913,0.6102,95.0,95.0,130.0,80.0,81.0962,5
1605,26.75,12.2266,3.4042,0.23,0.0018,19.2773,9.0,10.0,35.0,0.004,0.0516,0.9484,0.0528,0.9417,0.4933,0.5803,91.0,97.0,134.0,69.5,63.2538,5
1606,26.7667,12.3253,3.6422,0.3576,0.0018,21.7011,9.0,10.0,35.0,0.0038,0.0512,0.9517,0.0528,0.9417,0.4897,0.5816,100.0,104.0,129.0,61.0,67.4924,5
1607,26.7833,12.0683,2.8557,0.3749,0.0022,24.8299,9.0,10.0,35.0,0.0025,0.05,0.9641,0.05,0.9417,0.4842,0.6121,90.0,94.5,112.5,83.0,89.332,4
1608,26.8,12.0492,2.7624,0.3351,0.0017,17.4096,9.0,10.0,35.0,0.0026,0.05,0.9641,0.0501,0.9417,0.4946,0.6047,87.0,87.0,117.0,78.0,86.3558,5
1609,26.8167,12.0258,2.6771,0.1597,0.0013,8.5624,9.0,10.0,35.0,0.0029,0.05,0.9641,0.0521,0.9417,0.4951,0.5873,75.0,74.0,129.0,132.0,74.9132,5
1610,26.8333,11.9985,2.5481,0.1939,0.0014,4.3788,9.0,10.0,35.0,0.0019,0.05,0.9641,0.05,0.9434,0.486,0.6408,84.0,90.0,122.0,70.0,108.7354,8
1611,26.85,11.9851,2.5249,0.1728,0.0008,2.1815,9.0,10.0,35.0,0.0018,0.05,0.9641,0.05,0.944,0.4828,0.6483,86.0,91.0,117.0,67.0,111.553,6
1612,26.8667,12.0268,2.5532,0.274,0.0005,3.3763,9.0,10.0,35.0,0.0019,0.05,0.9641,0.05,0.9437,0.4847,0.6442,87.0,91.0,117.0,68.0,109.9182,7
1613,26.8833,12.0136,2.5484,0.0981,0.0004,2.4957,9.0,10.0,35.0,0.002,0.05,0.9641,0.05,0.9429,0.4868,0.637,88.0,89.5,116.0,66.0,105.3314,8
1614,26.9,12.0312,2.5196,0.3454,0.0006,2.582,9.0,10.0,35.0,0.0018,0.05,0.9641,0.05,0.944,0.4861,0.6538,89.0,93.0,116.0,65.0,113.1337,7
1615,26.9167,11.9918,2.4165,0.1098,0.0006,1.1189,9.0,10.0,35.0,0.0016,0.05,0.9641,0.05,0.9444,0.4848,0.6753,88.0,95.0,116.0,63.0,123.7206,6
1616,26.9333,12.0258,2.4491,0.2811,0.0003,1.3956,9.0,10.0,35.0,0.0016,0.05,0.9641,0.05,0.9444,0.4808,0.6755,88.0,94.5,117.0,65.0,120.3354,8
1617,26.95,12.0255,2.4827,0.0661,0.0004,1.1585,9.0,10.0,35.0,0.0017,0.05,0.9641,0.05,0.9444,0.4813,0.6706,89.0,94.5,119.0,65.0,117.9871,8
1618,26.9667,12.0498,2.5212,0.2596,0.0004,1.3538,9.0,10.0,35.0,0.0018,0.05,0.9641,0.05,0.9443,0.4811,0.6659,89.0,93.0,119.0,66.0,114.0177,8
1619,26.9833,12.0619,2.6034,0.088,0.0006,1.0638,9.0,10.0,35.0,0.0018,0.05,0.9641,0.05,0.9439,0.4824,0.6614,89.0,93.0,120.0,68.5,111.4446,9
1620,27.0,12.0092,2.524,1.1395,0.0005,4.0463,8.0,10.0,35.0,0.002,0.05,0.9641,0.05,0.9427,0.4841,0.6487,89.0,90.0,124.0,78.0,105.7621,11
1621,27.0167,12.0286,2.5805,0.0324,0.0005,2.2561,8.0,10.0,35.0,0.0022,0.05,0.9641,0.0504,0.9417,0.4856,0.6374,89.0,89.0,125.0,85.0,96.8714,7
1622,27.0333,12.0691,2.6482,0.3558,0.0005,4.11,9.0,10.0,35.0,0.0025,0.05,0.9641,0.05,0.9417,0.4882,0.6253,91.0,89.0,129.0,93.5,89.1544,8
1623,27.05,12.0824,2.7528,0.2307,0.0007,6.7269,9.0,10.0,35.0,0.0027,0.05,0.9641,0.0507,0.9417,0.489,0.6172,94.0,94.0,132.0,93.5,84.1526,4
1624,27.0667,12.0984,2.7873,0.3171,0.0003,3.3449,9.0,10.0,35.0,0.0028,0.05,0.9641,0.0528,0.9417,0.4895,0.6143,94.0,93.0,132.0,96.0,80.927,4
1625,27.0833,12.0799,2.8152,0.169,0.0003,3.8812,9.0,10.0,35.0,0.0028,0.05,0.9641,0.0512,0.9417,0.4898,0.6123,93.0,93.0,130.0,92.0,81.3064,4
1626,27.1,12.138,2.8671,0.4151,0.0004,3.7924,9.0,10.0,35.0,0.0028,0.05,0.9641,0.0528,0.9417,0.4899,0.6121,95.0,91.0,131.0,90.0,80.251,4
1627,27.1167,12.1546,2.9292,0.0975,0.0006,4.5838,9.0,10.0,35.0,0.0027,0.05,0.9641,0.0507,0.9417,0.4898,0.613,95.5,95.0,130.0,79.0,83.9203,6
1628,27.1333,12.1502,2.9627,0.1778,0.0002,2.2859,9.0,10.0,35.0,0.0029,0.05,0.9641,0.0517,0.9417,0.4892,0.6072,96.5,95.0,132.0,79.0,79.9152,4
1629,27.15,12.1522,3.0058,0.2258,0.0002,2.4156,9.0,10.0,35.0,0.0029,0.05,0.9641,0.0518,0.9417,0.4893,0.6062,97.0,96.0,132.0,77.0,79.6667,5
1630,27.1667,12.2028,3.0694,0.4122,0.0003,2.5054,9.0,10.0,35.0,0.003,0.05,0.9641,0.0528,0.9417,0.4898,0.6037,96.0,96.0,133.0,78.0,76.9541,5
1631,27.1833,12.2004,3.1234,0.0767,0.0003,3.4029,9.0,10.0,35.0,0.0032,0.05,0.9641,0.0528,0.9417,0.49,0.599,95.0,96.0,134.0,79.0,73.7449,5
1632,27.2,12.1621,2.9403,0.4233,0.001,7.1708,9.0,10.0,35.0,0.0031,0.05,0.9641,0.0528,0.9417,0.4897,0.5989,94.0,96.0,134.0,80.0,74.0025,6
1633,27.2167,11.9926,2.4489,0.2605,0.0013,14.4851,9.0,10.0,35.0,0.0022,0.05,0.9641,0.05,0.9418,0.4851,0.6345,93.0,97.5,130.0,70.0,94.7431,4
1634,27.2333,11.9391,2.2003,0.5728,0.0007,6.296,9.0,10.0,35.0,0.0014,0.05,0.9641,0.05,0.9444,0.4756,0.7001,91.0,100.0,125.0,62.0,131.2819,4
1635,27.25,11.9166,2.1503,0.0603,0.0001,0.1601,9.0,10.0,35.0,0.0013,0.05,0.9641,0.05,0.9444,0.4734,0.7191,91.0,101.0,125.0,61.0,136.9325,3
1636,27.2667,11.9965,2.4437,0.2341,0.0,0.0946,9.0,10.0,35.0,0.0013,0.05,0.9641,0.05,0.9444,0.4745,0.7184,91.0,101.0,125.0,62.0,137.2041,3
1637,27.2833,12.1654,3.0063,0.4526,0.0028,0.1782,9.0,10.0,35.0,0.0041,0.0516,0.9484,0.0528,0.9417,0.3816,0.5666,79.0,87.0,100.0,57.0,63.6483,4
1638,27.3,12.2737,3.2268,0.7404,0.0038,26.4755,9.0,10.0,35.0,0.0053,0.052,0.9469,0.0528,0.9417,0.3668,0.5506,89.0,102.0,120.0,65.0,62.1593,4
1639,27.3167,12.3104,3.3483,0.4021,0.0023,30.9695,9.0,10.0,35.0,0.0059,0.0531,0.9469,0.0541,0.9417,0.3611,0.5456,95.0,110.0,131.0,70.0,62.8653,4
1640,27.3333,12.3594,3.4549,0.6011,0.0021,28.7473,9.0,10.0,35.0,0.0061,0.0531,0.9468,0.0556,0.9417,0.3561,0.5432,100.0,115.0,134.0,79.0,64.4524,4
1641,27.35,12.3794,3.5293,0.3183,0.0019,24.5763,9.0,10.0,35.0,0.0065,0.0531,0.9454,0.0556,0.9417,0.3519,0.5405,98.0,111.0,138.0,83.0,65.0156,5
1642,27.3667,12.4251,3.6109,0.5535,0.0019,21.3902,9.0,10.0,35.0,0.0066,0.0531,0.9464,0.0556,0.9417,0.3501,0.5405,101.0,112.0,138.0,86.0,64.3193,4
1643,27.3833,12.4321,3.6618,0.271,0.0018,19.4552,9.0,10.0,35.0,0.0068,0.0531,0.9453,0.0556,0.9417,0.346,0.539,100.0,110.5,136.0,94.0,65.0304,4
1644,27.4,12.4623,3.7109,0.4698,0.0018,15.0081,9.0,10.0,37.0,0.007,0.0531,0.9453,0.0556,0.9417,0.3437,0.5374,95.0,105.0,134.0,99.0,63.7824,4
1645,27.4167,12.4783,3.7574,0.2316,0.0018,11.6706,9.0,10.0,37.0,0.0072,0.0531,0.9453,0.0556,0.9417,0.3418,0.5365,93.0,104.0,130.0,100.0,63.3136,4
1646,27.4333,12.8764,4.943,0.8237,0.0058,10.2354,9.0,10.0,37.0,0.0114,0.0565,0.9438,0.0588,0.9417,0.3899,0.5206,81.0,90.0,108.0,91.0,52.1076,4
1647,27.45,12.9945,5.3065,0.8163,0.0057,28.4937,9.0,10.0,37.0,0.0128,0.0578,0.943,0.0611,0.9417,0.3926,0.5176,95.0,110.0,132.0,94.0,55.3598,4
1648,27.4667,13.0703,5.5062,0.7995,0.0045,30.9103,9.0,10.0,37.0,0.0136,0.0582,0.9422,0.0611,0.9417,0.3902,0.5161,100.0,116.0,139.0,94.0,57.4672,4
1649,27.4833,13.1305,5.7074,0.7615,0.0037,27.6729,9.0,10.0,37.0,0.0144,0.0594,0.9422,0.0639,0.9417,0.3904,0.5152,103.0,116.0,141.0,94.0,60.084,4
1650,27.5,13.2,5.885,0.7157,0.0033,23.8172,9.0,10.0,37.0,0.0146,0.0594,0.9422,0.0639,0.9417,0.3902,0.5153,95.0,109.0,137.0,93.0,60.3162,4
1651,27.5167,13.2549,6.0365,0.5157,0.0033,19.1386,9.0,10.0,37.0,0.0149,0.0598,0.9422,0.0639,0.9417,0.3874,0.5147,91.0,104.0,132.0,95.0,61.6017,4
1652,27.5333,13.3386,6.3059,0.6246,0.0037,15.2257,9.0,10.0,37.0,0.0159,0.0609,0.9422,0.0639,0.9417,0.3936,0.5135,84.0,93.0,116.0,93.0,61.4575,4
1653,27.55,13.4167,6.537,0.5749,0.0038,14.0891,9.0,10.0,37.0,0.0163,0.0609,0.9422,0.0639,0.9417,0.3923,0.5129,93.0,104.0,130.0,94.0,65.0096,4
1654,27.5667,13.4803,6.7249,0.6242,0.0033,12.7655,9.0,10.0,37.0,0.0165,0.061,0.9422,0.0639,0.9417,0.3937,0.5124,91.0,102.0,127.0,91.0,64.3542,4
1655,27.5833,13.5374,6.9001,0.4397,0.0031,11.3014,9.0,10.0,37.0,0.0169,0.0625,0.9422,0.0639,0.9417,0.3921,0.5119,90.0,102.0,127.0,93.0,67.7059,4
1656,27.6,13.5919,7.0581,0.5348,0.0028,10.9312,9.0,10.0,37.0,0.0171,0.0641,0.9422,0.0639,0.9417,0.3923,0.5115,87.5,97.0,122.0,91.0,69.7547,4
1657,27.6167,13.6633,7.265,0.3494,0.0025,10.0388,9.0,10.0,38.0,0.0174,0.0641,0.9422,0.0639,0.9417,0.3941,0.5111,82.0,93.0,119.0,87.0,70.1531,4
1658,27.6333,14.4196,9.5378,1.1839,0.0103,8.5846,9.0,10.0,38.0,0.0255,0.0703,0.9239,0.0714,0.9417,0.4863,0.5062,84.0,97.0,119.0,78.0,59.7401,4
1659,27.65,14.6275,10.1472,1.1894,0.0068,24.3289,9.0,10.0,38.0,0.0273,0.0734,0.9188,0.0722,0.9417,0.4927,0.5053,97.0,115.0,136.0,78.0,64.7065,4
1660,27.6667,14.7754,10.6016,1.1335,0.0056,22.516,9.0,10.0,38.0,0.0282,0.075,0.9157,0.0777,0.9389,0.4958,0.5048,102.0,116.0,138.0,79.0,67.0384,4
1661,27.6833,14.8895,10.9298,0.8363,0.0053,17.2901,9.0,10.0,38.0,0.029,0.075,0.9132,0.0778,0.9389,0.4983,0.5043,90.0,103.0,129.0,79.0,66.3554,4
1662,27.7,14.9769,11.225,0.8379,0.0045,13.663,9.0,10.0,38.0,0.0299,0.075,0.9109,0.0857,0.9389,0.5007,0.5043,90.0,100.0,120.0,82.0,68.7193,4
1663,27.7167,15.0625,11.4736,0.5876,0.004,10.1545,9.0,10.0,38.0,0.0302,0.075,0.9089,0.0861,0.9389,0.5006,0.5042,82.0,91.0,116.0,84.0,70.1849,4
1664,27.7333,15.1162,11.7022,0.6758,0.0037,8.3413,9.0,10.0,38.0,0.0308,0.075,0.9078,0.1108,0.9389,0.5022,0.504,81.0,88.0,110.0,83.0,71.6178,4
1665,27.75,15.1949,11.9149,0.4394,0.0032,6.3661,9.0,10.0,38.0,0.0311,0.075,0.9078,0.193,0.9389,0.5026,0.5038,75.0,81.0,101.0,82.0,71.3798,4
1666,27.7667,15.2293,12.0984,0.5766,0.0028,5.4497,9.0,10.0,38.0,0.0314,0.0754,0.9074,0.2229,0.9389,0.5031,0.5039,74.0,79.0,91.0,82.0,73.0651,4
1667,27.7833,15.2931,12.2809,0.3321,0.0024,4.7801,9.0,10.0,38.0,0.0317,0.0765,0.9063,0.2249,0.9389,0.5044,0.5037,65.0,66.0,74.0,81.0,73.7669,4
1668,27.8,15.3337,12.4333,0.4447,0.002,3.6489,9.0,10.0,38.0,0.0316,0.0764,0.9064,0.2247,0.9389,0.5035,0.5038,59.0,60.0,63.0,76.0,74.2632,4
1669,27.8167,15.3875,12.5854,0.2596,0.0019,3.301,9.0,10.0,38.0,0.0321,0.0766,0.9049,0.3214,0.9389,0.5053,0.5036,54.0,58.0,60.0,69.0,74.6515,4
1670,27.8333,15.4188,12.7466,0.3683,0.0018,3.2241,9.0,10.0,38.0,0.0322,0.0766,0.9047,0.3411,0.9389,0.5048,0.5038,52.0,55.0,59.5,65.0,75.6747,4
1671,27.85,15.4728,12.8991,0.2311,0.0015,2.714,9.0,10.0,38.0,0.0322,0.0766,0.9047,0.2532,0.9389,0.5054,0.5037,48.0,51.0,55.0,59.0,76.2885,4
1672,27.8667,15.4931,13.0176,0.434,0.0013,2.6958,9.0,10.0,38.0,0.0325,0.0766,0.9047,0.3236,0.9389,0.5068,0.5035,48.0,49.0,53.0,54.0,77.7787,4
1673,27.8833,15.5354,13.1384,0.1618,0.0009,2.5981,9.0,10.0,38.0,0.0326,0.0766,0.9047,0.4445,0.9389,0.5068,0.5035,48.0,50.0,52.5,47.5,78.5571,4
1674,27.9,15.5469,13.2222,0.2345,0.0009,1.9693,9.0,10.0,38.0,0.0325,0.078,0.9047,0.4497,0.9389,0.5064,0.5035,47.0,48.0,48.0,45.0,78.9686,4
1675,27.9167,15.5783,13.3051,0.1318,0.0008,1.8119,9.0,10.0,38.0,0.0325,0.0766,0.9047,0.4333,0.9389,0.5061,0.5035,45.0,47.0,48.0,40.0,79.5417,4
1676,27.9333,15.5745,13.3894,0.3319,0.0008,1.8035,9.0,10.0,38.0,0.0326,0.0767,0.9047,0.4451,0.9389,0.5068,0.5036,45.0,47.0,47.5,32.0,80.3685,4
1677,27.95,15.6037,13.4629,0.1002,0.0006,1.39,9.0,10.0,38.0,0.0328,0.0774,0.9047,0.4459,0.9389,0.5073,0.5035,48.0,49.0,49.0,26.0,80.5775,4
1678,27.9667,15.5696,13.5133,0.2473,0.0005,1.2442,9.0,10.0,38.0,0.0329,0.0781,0.9024,0.4493,0.9389,0.5073,0.5036,46.0,47.0,47.0,19.0,80.9741,4
1679,27.9833,15.5783,13.5424,0.0942,0.0004,1.0835,9.0,10.0,38.0,0.0329,0.0781,0.9047,0.4494,0.9389,0.5076,0.5034,44.0,44.0,42.0,15.0,81.4634,4
1680,28.0,15.3547,13.4506,1.1447,0.0009,2.8336,9.0,11.0,38.0,0.0325,0.0766,0.9047,0.4333,0.9389,0.5081,0.5034,47.0,47.0,49.0,3.0,82.749,4
1681,28.0167,15.3571,13.453,0.0379,0.0002,0.6549,9.0,11.0,38.0,0.0325,0.0766,0.9047,0.4333,0.9389,0.5081,0.5034,47.0,47.0,49.0,2.0,82.6116,4
1682,28.0333,15.3655,13.4634,0.1304,0.0001,0.3337,9.0,11.0,38.0,0.0325,0.0766,0.9047,0.4356,0.9389,0.5081,0.5034,47.0,47.0,48.0,2.0,82.5554,4
1683,28.05,15.3911,13.4651,0.1909,0.0002,0.4753,9.0,11.0,37.5,0.0326,0.0766,0.9047,0.4447,0.9389,0.5084,0.5035,48.0,48.0,49.0,2.0,82.433,4
1684,28.0667,15.3898,13.4695,0.2292,0.0001,0.2779,9.0,10.0,37.0,0.0326,0.0767,0.9047,0.4449,0.9389,0.5084,0.5035,47.0,47.0,49.0,2.0,82.2323,4
1685,28.0833,15.395,13.4707,0.0332,0.0001,0.1477,9.0,10.0,37.0,0.0326,0.0767,0.9047,0.4451,0.9389,0.5085,0.5035,50.0,50.0,52.0,2.0,82.1486,4
1686,28.1,15.3554,13.4741,0.357,0.0001,0.1747,9.0,10.0,37.0,0.0326,0.0767,0.9047,0.4448,0.9389,0.5082,0.5034,48.0,48.0,51.0,2.0,82.1901,4
1687,28.1167,15.3615,13.4788,0.0506,0.0001,0.1412,9.0,11.0,37.0,0.0326,0.0766,0.9047,0.4456,0.9389,0.5082,0.5034,47.0,47.0,49.0,2.0,82.1726,4
1688,28.1333,15.328,13.47,0.3226,0.0001,0.1394,9.0,11.0,37.0,0.0326,0.0766,0.9042,0.45,0.9389,0.508,0.5035,47.0,47.0,49.0,2.0,82.1407,4
1689,28.15,15.3302,13.4702,0.0273,0.0,0.0311,9.0,11.0,37.0,0.0326,0.0766,0.9043,0.45,0.9389,0.508,0.5035,47.0,47.0,49.0,2.0,82.1273,4
1690,28.1667,15.3004,13.4673,0.1805,0.0,0.0371,9.0,11.0,37.0,0.0326,0.0766,0.9016,0.45,0.9389,0.5079,0.5034,47.0,47.0,49.0,2.0,82.2127,4
1691,28.1833,15.303,13.4673,0.02,0.0,0.0023,9.0,11.0,37.0,0.0326,0.0766,0.9016,0.45,0.9389,0.5079,0.5034,47.0,47.0,49.0,2.0,82.1975,4
1692,28.2,15.2726,13.4625,0.2236,0.0,0.0301,9.0,11.0,37.0,0.0326,0.0766,0.9016,0.45,0.9389,0.5079,0.5034,47.0,47.0,49.0,2.0,82.1603,4
1693,28.2167,15.2742,13.462,0.0227,0.0,0.023,9.0,11.0,37.0,0.0326,0.0766,0.9016,0.45,0.9389,0.5079,0.5034,47.0,47.0,49.0,2.0,82.1853,4
1694,28.2333,15.2208,13.4505,0.26,0.0,0.0319,9.0,11.0,37.0,0.0326,0.0766,0.9043,0.45,0.9389,0.508,0.5034,47.0,47.0,49.0,2.0,82.1994,4
1695,28.25,15.2222,13.4512,0.0547,0.0,0.0063,9.0,11.0,37.0,0.0326,0.0766,0.9043,0.45,0.9389,0.508,0.5034,47.5,47.5,49.0,2.0,82.2342,4
1696,28.2667,15.1861,13.4501,0.1644,0.0,0.0174,9.0,11.0,37.0,0.0326,0.0766,0.9043,0.45,0.9389,0.5081,0.5033,47.0,47.0,49.0,2.0,82.2085,4
1697,28.2833,15.181,13.45,0.0188,0.0,0.0142,9.0,11.0,37.0,0.0326,0.0766,0.9044,0.45,0.9389,0.508,0.5033,47.0,47.0,49.0,2.0,82.2136,4
1698,28.3,15.1402,13.4563,0.2033,0.0,0.0341,9.0,11.0,37.0,0.0326,0.0766,0.9043,0.4451,0.9389,0.5079,0.5034,47.0,47.0,49.0,2.0,82.199,4
1699,28.3167,15.1402,13.4554,0.0116,0.0,0.0051,9.0,11.0,37.0,0.0326,0.0766,0.9043,0.4452,0.9389,0.5079,0.5034,47.0,47.0,49.0,2.0,82.1917,4
1700,28.3333,15.0866,13.4523,0.1787,0.0,0.0303,9.0,11.0,37.0,0.0326,0.0766,0.9047,0.45,0.9389,0.5081,0.5034,47.0,47.0,49.0,2.0,82.2035,4
1701,28.35,15.0878,13.4512,0.0187,0.0,0.0077,9.0,11.0,37.0,0.0326,0.0766,0.9047,0.45,0.9389,0.5081,0.5034,47.0,47.0,49.0,2.0,82.2117,4
1702,28.3667,15.0279,13.4488,0.2181,0.0001,0.025,9.0,11.0,37.0,0.0326,0.0767,0.9047,0.45,0.9389,0.5083,0.5033,47.0,47.0,49.0,2.0,82.248,4
1703,28.3833,15.0298,13.4485,0.0293,0.0,0.0107,9.0,11.0,37.0,0.0326,0.0767,0.9045,0.45,0.9389,0.5082,0.5032,47.0,47.0,49.0,2.0,82.2272,4
1704,28.4,14.9892,13.4476,0.1555,0.0,0.0182,9.0,11.0,37.0,0.0326,0.0767,0.9016,0.45,0.9389,0.5081,0.5033,47.0,47.0,49.0,2.0,82.2509,4
1705,28.4167,14.9856,13.4484,0.0267,0.0,0.0181,9.0,11.0,37.0,0.0326,0.0767,0.9016,0.45,0.9389,0.5081,0.5033,47.0,47.0,49.0,2.0,82.282,4
1706,28.4333,14.9382,13.4502,0.1783,0.0,0.0303,9.0,11.0,37.0,0.0326,0.0767,0.9047,0.45,0.9389,0.5082,0.5033,47.5,47.5,49.0,2.0,82.3677,4
1707,28.45,14.9371,13.4506,0.015,0.0,0.0036,9.0,11.0,37.0,0.0326,0.0767,0.9047,0.45,0.9389,0.5082,0.5033,47.5,47.5,49.0,2.0,82.3676,4
1708,28.4667,14.8836,13.4517,0.177,0.0,0.0124,9.0,11.0,37.0,0.0326,0.0767,0.9044,0.45,0.9389,0.5082,0.5033,47.0,47.0,49.0,2.0,82.3605,4
1709,28.4833,14.8836,13.4534,0.0181,0.0,0.0071,9.0,11.0,37.0,0.0326,0.0767,0.9044,0.45,0.9389,0.5082,0.5033,47.0,47.0,49.0,2.0,82.3704,4
1710,28.5,14.8493,13.4593,0.227,0.0001,0.1128,9.0,11.0,37.0,0.0326,0.0766,0.9016,0.4449,0.9389,0.5079,0.5033,48.0,48.0,50.0,2.0,82.4369,4
1711,28.5167,14.8463,13.4632,0.0468,0.0002,0.4089,9.0,11.0,37.0,0.0326,0.0766,0.9043,0.4451,0.9389,0.5079,0.5033,51.0,51.0,53.0,2.0,82.3757,4
1712,28.5333,14.8116,13.4582,0.1385,0.0001,0.3893,9.0,11.0,37.0,0.0326,0.0766,0.9045,0.4447,0.9389,0.5081,0.5033,48.5,48.5,51.0,2.0,82.3237,4
1713,28.55,14.7984,13.4543,0.0834,0.0002,0.5178,9.0,11.0,37.0,0.0326,0.0766,0.9047,0.4444,0.9389,0.5082,0.5033,44.0,44.0,46.0,2.0,82.1729,4
1714,28.5667,14.7474,13.4556,0.2304,0.0004,0.6168,9.0,11.0,37.0,0.0325,0.0763,0.9047,0.3149,0.9389,0.5084,0.5033,41.0,41.0,44.0,2.0,82.3824,4
1715,28.5833,14.7422,13.4531,0.0759,0.0003,0.6776,9.0,11.0,37.0,0.0324,0.0761,0.9047,0.3008,0.9389,0.5088,0.5033,49.0,49.0,51.0,2.0,81.4273,4
1716,28.6,14.7184,13.453,0.2102,0.0006,0.7183,9.0,11.0,37.0,0.0325,0.075,0.9047,0.2243,0.9389,0.5088,0.5031,51.0,51.0,52.0,2.0,81.3387,4
1717,28.6167,14.7174,13.462,0.1132,0.0008,1.3511,9.0,11.0,37.0,0.0325,0.075,0.9047,0.2247,0.9389,0.5081,0.5032,51.0,51.0,52.5,2.0,81.8926,4
1718,28.6333,14.6648,13.4193,0.2807,0.0011,1.7558,9.0,11.0,37.0,0.0324,0.076,0.9047,0.2239,0.9389,0.5085,0.5031,40.0,40.0,41.0,3.0,82.0175,4
1719,28.65,14.6576,13.4091,0.1558,0.0011,1.5699,9.0,11.0,37.0,0.0323,0.0756,0.9047,0.2232,0.9389,0.5096,0.5032,54.0,54.0,56.0,3.0,80.7444,4
1720,28.6667,14.6176,13.3797,0.3623,0.0015,2.5186,9.0,11.0,37.0,0.0325,0.0765,0.9017,0.329,0.9389,0.5079,0.5031,52.0,52.0,54.0,3.0,82.4291,4
1721,28.6833,14.6051,13.3352,0.2446,0.0016,3.2834,9.0,11.0,37.0,0.0323,0.0758,0.9032,0.2781,0.9389,0.5092,0.5032,54.0,54.0,55.5,3.0,82.1565,4
1722,28.7,14.5607,13.3071,0.5203,0.0019,3.8619,9.0,11.0,37.0,0.0323,0.0756,0.9035,0.2651,0.9389,0.5087,0.5032,47.0,47.0,49.0,3.0,82.6709,4
1723,28.7167,14.5344,13.2203,0.368,0.0022,5.0828,9.0,11.0,37.0,0.0321,0.0763,0.902,0.3182,0.9389,0.5091,0.5033,66.0,65.0,67.0,3.0,81.5822,4
1724,28.7333,14.4876,13.1009,0.5039,0.0024,7.0279,9.0,11.0,37.0,0.0321,0.0764,0.902,0.3193,0.9389,0.5088,0.5032,66.5,67.0,68.5,3.0,82.1831,4
1725,28.75,14.4296,13.0073,0.5391,0.0025,8.6099,9.0,11.0,37.0,0.0315,0.075,0.903,0.2238,0.9389,0.5101,0.5033,74.0,81.0,95.5,3.0,80.514,4
1726,28.7667,14.3489,12.8515,0.7156,0.0031,9.8172,9.0,11.0,37.0,0.0313,0.075,0.9047,0.2223,0.9389,0.5117,0.5034,80.0,88.0,107.0,3.0,79.9291,4
1727,28.7833,14.2947,12.6866,0.6938,0.0036,12.2879,9.0,11.0,37.0,0.0307,0.075,0.9052,0.1042,0.9389,0.5132,0.5036,84.0,93.0,113.0,3.0,78.8679,4
1728,28.8,14.1897,12.4793,0.9948,0.0045,16.6511,9.0,11.0,37.0,0.0303,0.075,0.9067,0.0861,0.9389,0.5135,0.5036,87.0,95.0,117.0,3.0,78.794,4
1729,28.8167,14.0714,12.1218,1.0501,0.0046,21.949,9.0,11.0,37.0,0.0293,0.075,0.9078,0.0833,0.9389,0.5181,0.5038,100.0,104.0,127.0,3.0,75.9874,4
1730,28.8333,13.8905,11.617,1.2724,0.0062,20.0872,9.0,11.0,38.0,0.0281,0.0734,0.9126,0.0778,0.9389,0.5255,0.5044,105.0,111.0,118.0,4.0,75.5216,4
1731,28.85,13.4657,10.3274,1.0097,0.0069,16.2169,9.0,11.0,38.0,0.0241,0.0703,0.924,0.0694,0.9417,0.5678,0.5057,87.0,96.0,118.0,3.0,81.2152,4
1732,28.8667,13.3881,10.1856,0.8284,0.0031,20.1609,9.0,11.0,37.0,0.0238,0.0688,0.9237,0.0694,0.9417,0.5681,0.5059,90.0,100.0,125.0,2.0,80.7686,4
1733,28.8833,13.3149,9.9615,0.8555,0.0037,24.2268,9.0,11.0,37.0,0.0232,0.0688,0.925,0.0694,0.9417,0.5682,0.5061,95.0,102.0,126.0,3.0,79.4313,4
1734,28.9,13.1837,9.5987,1.1891,0.0048,28.7077,9.0,11.0,37.0,0.0223,0.0679,0.9267,0.0694,0.9417,0.5717,0.5069,105.0,113.0,134.0,3.0,77.4289,4
1735,28.9167,13.0098,9.0672,1.0807,0.0055,27.7581,9.0,11.0,37.0,0.0213,0.0658,0.9281,0.067,0.9417,0.5754,0.5074,115.0,117.0,123.0,4.0,75.0853,4
1736,28.9333,12.4471,7.4633,1.0027,0.0074,10.227,9.0,11.0,37.0,0.0158,0.0617,0.9422,0.0639,0.9417,0.631,0.512,88.0,97.0,124.0,3.0,82.5131,4
1737,28.95,12.4114,7.3525,0.3828,0.0024,11.7244,9.0,11.0,37.0,0.0156,0.0625,0.9422,0.0639,0.9417,0.628,0.5123,90.0,100.0,126.0,3.0,83.0526,4
1738,28.9667,12.3609,7.2474,0.5333,0.0024,14.7742,9.0,11.0,37.0,0.0156,0.0622,0.9422,0.0639,0.9417,0.6291,0.5124,94.0,102.0,129.0,3.0,83.3255,4
1739,28.9833,12.3144,7.1085,0.4962,0.0026,16.7513,9.0,11.0,37.0,0.0152,0.0611,0.9422,0.0639,0.9417,0.6289,0.5129,96.0,105.0,129.0,3.0,80.8787,4
1740,29.0,12.0722,6.7892,1.6026,0.003,18.8459,9.0,10.0,38.0,0.0147,0.0609,0.9422,0.0639,0.9417,0.6288,0.5145,102.0,112.5,134.0,2.0,77.7153,4
1741,29.0167,12.0237,6.6436,0.5616,0.0032,18.4452,9.0,10.0,38.0,0.0146,0.0609,0.9422,0.0639,0.9417,0.6265,0.5147,96.0,97.0,122.0,3.0,77.2339,4
1742,29.0333,11.9346,6.3509,0.8457,0.0028,23.3343,9.0,10.0,38.0,0.014,0.0598,0.9422,0.0639,0.9417,0.6287,0.5157,101.0,110.0,131.0,2.0,78.5141,4
1743,29.05,11.8761,6.1345,0.7179,0.0026,27.8444,9.0,10.0,38.0,0.0134,0.0594,0.9422,0.0611,0.9417,0.626,0.5167,104.0,113.0,133.0,3.0,76.5019,4
1744,29.0667,11.8321,5.96,0.8543,0.0029,32.4506,9.0,10.0,38.0,0.0131,0.0594,0.9422,0.0611,0.9417,0.6232,0.5169,110.5,119.0,138.0,3.0,76.4568,4
1745,29.0833,11.7515,5.6788,0.9043,0.003,39.9469,9.0,10.0,38.0,0.0126,0.0579,0.9422,0.0611,0.9417,0.6199,0.5179,113.0,122.0,144.0,3.0,73.4916,4
1746,29.1,11.6537,5.3812,1.0977,0.0035,46.6601,9.0,10.0,38.0,0.0115,0.0578,0.9438,0.0611,0.9417,0.6155,0.5199,146.0,146.0,152.0,3.0,69.9413,4
1747,29.1167,11.5188,4.9612,0.8591,0.0037,53.1184,9.0,10.0,38.0,0.0105,0.0562,0.9438,0.0583,0.9417,0.6099,0.5224,133.0,134.0,137.0,4.0,62.7519,4
1748,29.1333,11.3016,4.328,1.1753,0.0053,60.2587,9.0,10.0,38.0,0.0086,0.0545,0.9439,0.0556,0.9417,0.6003,0.5288,105.0,105.0,108.0,4.0,52.8165,4
1749,29.15,10.5856,2.1548,0.7999,0.0073,0.2163,9.0,10.0,38.0,0.0013,0.05,0.9641,0.05,0.9445,0.474,0.719,93.0,103.0,130.0,68.0,136.5638,3
1750,29.1667,10.6043,2.18,0.3733,0.0,0.5079,9.0,10.0,38.0,0.0013,0.05,0.9641,0.05,0.9445,0.4696,0.7182,93.0,103.0,129.0,68.0,136.909,3
1751,29.1833,10.7504,2.6053,0.2002,0.0,0.0884,9.0,10.0,38.0,0.0013,0.05,0.9641,0.05,0.9445,0.4696,0.7182,93.0,103.0,129.0,68.0,136.9931,3
1752,29.2,11.0429,3.4722,0.6712,0.0,0.4029,9.0,10.0,38.0,0.0013,0.05,0.9641,0.05,0.9445,0.4725,0.7182,93.0,103.0,129.0,68.0,136.3664,3
1753,29.2167,11.4409,4.6732,0.5881,0.0005,0.0515,9.0,10.0,38.0,0.0018,0.05,0.9641,0.05,0.9438,0.467,0.642,84.0,94.0,118.0,71.0,105.0046,6
1754,29.2333,11.8234,5.7988,0.694,0.0059,2.4646,9.0,10.0,38.0,0.0075,0.0531,0.9453,0.0556,0.9417,0.489,0.515,95.0,101.0,107.0,47.0,50.6229,4
1755,29.25,12.1181,6.656,0.6299,0.0067,13.573,9.0,10.0,38.0,0.0125,0.0578,0.9422,0.0611,0.9417,0.4922,0.5008,126.0,127.0,131.0,3.0,43.8865,5
1756,29.2667,12.3574,7.3182,0.6513,0.0055,14.631,9.0,10.0,38.0,0.0162,0.0615,0.9416,0.0639,0.9417,0.4925,0.4981,147.0,147.0,150.0,5.0,41.6014,4
1757,29.2833,12.5418,7.8546,0.3978,0.0036,11.6769,9.0,10.0,38.0,0.0179,0.0641,0.9391,0.0639,0.9417,0.4914,0.4987,164.0,164.0,165.0,3.0,43.1303,4
1758,29.3,12.6795,8.2499,0.5708,0.0027,8.5269,9.0,10.0,38.0,0.0188,0.0656,0.9387,0.0667,0.9417,0.492,0.5001,173.0,173.0,175.0,4.0,44.4756,5
1759,29.3167,12.8076,8.6146,0.295,0.0023,7.461,9.0,10.0,38.0,0.0194,0.0656,0.9375,0.0667,0.9417,0.4919,0.5012,181.0,181.0,185.0,2.0,45.7248,4
1760,29.3333,12.9082,8.867,0.4366,0.002,5.932,9.0,10.0,38.0,0.0199,0.0656,0.9328,0.0667,0.9417,0.4918,0.5025,185.0,185.0,189.0,3.0,46.6939,5
1761,29.35,13.014,9.1581,0.2406,0.0019,6.5295,9.0,10.0,38.0,0.0202,0.0656,0.9312,0.0667,0.9417,0.492,0.503,194.0,194.0,198.0,3.0,48.2441,5
1762,29.3667,13.1236,9.3858,0.511,0.0016,4.5082,9.0,10.0,38.0,0.0206,0.0662,0.9312,0.0667,0.9417,0.492,0.5043,189.0,189.0,195.0,3.0,48.6122,5
1763,29.3833,13.2023,9.5927,0.1977,0.0013,5.0277,9.0,10.0,38.0,0.0208,0.0672,0.9312,0.0667,0.9417,0.4917,0.5047,188.0,188.0,195.0,3.0,50.0825,4
1764,29.4,13.2927,9.7485,0.3928,0.0012,3.6567,9.0,10.0,38.0,0.0208,0.0671,0.9375,0.0667,0.9417,0.4925,0.5055,193.0,193.0,202.0,3.0,49.7721,5
1765,29.4167,13.3688,9.9572,0.1908,0.001,4.0946,9.0,10.0,38.0,0.0211,0.0672,0.9312,0.0667,0.9417,0.4923,0.5065,180.0,181.5,201.0,3.0,50.5008,5
1766,29.4333,13.4397,10.0762,0.212,0.0009,3.1473,9.0,10.0,38.0,0.0214,0.0676,0.9312,0.0674,0.9417,0.4918,0.5067,175.0,176.0,185.0,3.0,51.9676,4
1767,29.45,13.5217,10.2548,0.2109,0.0009,4.1149,9.0,10.0,38.0,0.0215,0.068,0.9312,0.068,0.9417,0.4922,0.5073,176.0,176.0,195.0,3.0,52.7898,4
1768,29.4667,13.5645,10.2818,0.2902,0.0007,1.512,9.0,10.0,38.0,0.0213,0.0673,0.9309,0.0694,0.9417,0.4925,0.508,179.0,179.0,198.0,3.0,52.5446,5
1769,29.4833,13.6244,10.4355,0.1435,0.0006,3.1922,9.0,10.0,38.0,0.0214,0.0678,0.9312,0.0694,0.9417,0.4928,0.5081,181.0,183.0,201.0,3.0,53.2713,5
1770,29.5,13.6647,10.4401,0.2466,0.0007,1.1896,9.0,10.0,38.0,0.0217,0.0672,0.9312,0.0692,0.9417,0.4922,0.5085,176.0,176.0,187.0,3.0,53.205,4
1771,29.5167,13.7028,10.529,0.094,0.0005,2.1521,9.0,10.0,38.0,0.0218,0.0674,0.9308,0.0694,0.9417,0.492,0.5087,169.0,169.0,183.0,3.0,53.7061,4
1772,29.5333,13.764,10.585,0.2511,0.0003,1.7345,9.0,10.0,38.0,0.022,0.0672,0.9295,0.0694,0.9417,0.492,0.5091,181.0,181.0,187.0,3.0,54.6952,4
1773,29.55,13.8094,10.6854,0.092,0.0003,2.2166,9.0,10.0,38.0,0.022,0.0667,0.9291,0.0694,0.9417,0.4919,0.5094,173.0,173.0,183.0,3.0,54.9101,4
1774,29.5667,13.8627,10.7068,0.2743,0.0003,1.0311,9.0,10.0,38.0,0.022,0.0672,0.9291,0.0694,0.9417,0.4921,0.5094,159.0,160.0,185.0,3.0,54.8996,4
1775,29.5833,13.8804,10.7294,0.1437,0.0003,1.0081,9.0,10.0,38.0,0.022,0.0672,0.9294,0.0694,0.9417,0.4922,0.5096,160.0,166.0,189.0,3.0,54.9635,4
1776,29.6,13.9161,10.7442,0.122,0.0001,0.5254,9.0,10.0,37.0,0.022,0.0672,0.9294,0.0694,0.9417,0.4923,0.5099,171.0,179.0,190.0,3.0,55.4205,4
1777,29.6167,13.9447,10.7554,0.0703,0.0001,0.5291,9.0,10.0,37.0,0.022,0.0672,0.9312,0.0682,0.9417,0.4924,0.5101,182.5,183.0,192.0,3.0,55.9077,4
1778,29.6333,14.0116,10.8092,0.2792,0.0001,0.9284,9.0,10.0,37.0,0.022,0.0683,0.929,0.0694,0.9417,0.4924,0.5101,168.0,176.0,192.0,2.0,56.0147,4
1779,29.65,14.0268,10.8175,0.0503,0.0001,0.2946,9.0,10.0,37.0,0.022,0.0684,0.9288,0.0694,0.9417,0.4923,0.51,157.0,174.0,193.0,2.0,55.876,4
1780,29.6667,14.0686,10.8198,0.1767,0.0,0.1525,9.0,10.0,38.0,0.0221,0.0688,0.9287,0.0694,0.9417,0.4923,0.5101,137.0,172.0,193.0,2.0,55.9437,4
1781,29.6833,14.0784,10.8176,0.0543,0.0,0.0878,9.0,10.0,38.0,0.022,0.0688,0.9288,0.0694,0.9417,0.4923,0.5101,154.0,175.0,193.0,2.0,55.9701,4
1782,29.7,14.1303,10.8166,0.2294,0.0001,0.0657,9.0,10.0,38.0,0.022,0.0688,0.9289,0.0694,0.9417,0.4924,0.51,167.0,175.0,193.0,2.0,55.9812,4
1783,29.7167,14.1367,10.8186,0.0385,0.0,0.0223,9.0,10.0,38.0,0.022,0.0688,0.9312,0.0694,0.9417,0.4925,0.5099,163.5,175.0,193.0,2.0,55.9761,4
1784,29.7333,14.1987,10.8132,0.2587,0.0,0.0323,9.0,10.0,38.0,0.022,0.0684,0.9312,0.0694,0.9417,0.4923,0.51,160.0,175.0,193.0,2.0,55.9702,4
1785,29.75,14.2062,10.8138,0.035,0.0,0.0202,9.0,10.0,38.0,0.022,0.0684,0.9289,0.0694,0.9417,0.4922,0.5101,163.5,175.0,193.0,2.0,55.9655,4
1786,29.7667,14.2311,10.8142,0.0934,0.0,0.005,9.0,10.0,38.0,0.022,0.0684,0.9289,0.0694,0.9417,0.4922,0.5101,163.5,175.0,193.0,2.0,55.963,4
1787,29.7833,14.2496,10.8154,0.0725,0.0,0.0166,9.0,10.0,38.0,0.022,0.0684,0.9288,0.0694,0.9417,0.4923,0.51,157.0,175.0,193.0,2.0,55.9175,4
1788,29.8,14.318,10.8122,0.1849,0.0,0.0176,9.0,10.0,38.0,0.022,0.0684,0.9288,0.0694,0.9417,0.4922,0.5101,154.0,175.0,193.0,2.0,55.9251,4
1789,29.8167,14.3353,10.8265,0.0944,0.0,0.0123,9.0,10.0,38.0,0.022,0.0684,0.9312,0.0694,0.9417,0.4923,0.5101,145.5,173.0,193.0,2.0,55.8994,4
1790,29.8333,14.4021,10.8314,0.3116,0.0,0.0444,9.0,10.0,38.0,0.022,0.0684,0.9288,0.0694,0.9417,0.4921,0.51,145.5,173.0,193.0,2.0,55.9249,4
1791,29.85,14.407,10.8284,0.0473,0.0,0.0249,9.0,10.0,38.0,0.022,0.0684,0.9288,0.0694,0.9417,0.4921,0.5101,145.5,173.0,193.0,2.0,55.9384,4
1792,29.8667,14.4705,10.8305,0.1926,0.0,0.0253,9.0,10.0,38.0,0.022,0.0672,0.9288,0.0694,0.9417,0.492,0.5101,145.5,173.0,193.0,2.0,55.9562,4
1793,29.8833,14.4734,10.8292,0.0234,0.0,0.0105,9.0,10.0,38.0,0.022,0.0672,0.9288,0.0694,0.9417,0.492,0.5101,145.5,173.0,193.0,2.0,55.9534,4
1794,29.9,14.5457,10.8333,0.24,0.0003,0.5716,9.0,10.0,38.0,0.0219,0.0664,0.9281,0.068,0.9417,0.492,0.51,179.0,181.0,193.0,2.0,55.1118,4
1795,29.9167,14.5527,10.8329,0.0509,0.0002,0.5081,9.0,10.0,38.0,0.0219,0.0663,0.9281,0.0679,0.9417,0.492,0.5102,171.0,178.0,193.0,2.0,54.7492,4
1796,29.9333,14.5875,10.8303,0.1395,0.0003,0.5839,9.0,10.0,38.0,0.0218,0.066,0.9281,0.0673,0.9417,0.4923,0.5105,185.0,186.0,194.0,2.0,54.3074,4
1797,29.95,14.5979,10.7994,0.1136,0.0005,1.1651,9.0,10.0,38.0,0.0218,0.0659,0.9281,0.0672,0.9417,0.4924,0.5108,186.0,186.0,194.0,2.0,55.1958,5
1798,29.9667,14.6873,10.8008,0.2644,0.0007,0.985,9.0,10.0,38.0,0.022,0.0672,0.9281,0.0685,0.9417,0.4918,0.5112,148.0,150.0,189.0,3.0,54.8136,4
1799,29.9833,14.6866,10.786,0.0967,0.0005,1.6471,9.0,10.0,38.0,0.0221,0.0672,0.9281,0.0691,0.9417,0.4918,0.5115,181.0,183.0,193.0,3.0,55.8921,4
1800,30.0,14.6084,10.5145,1.1554,0.0007,4.137,9.0,10.0,38.0,0.022,0.0681,0.9281,0.0694,0.9417,0.4914,0.5128,155.0,161.0,190.0,3.0,54.7136,4
1801,30.0167,14.6044,10.4999,0.103,0.001,1.6543,9.0,10.0,38.0,0.0216,0.0685,0.9281,0.0694,0.9417,0.4922,0.5133,187.0,188.0,192.0,3.0,53.7559,5
1802,30.0333,14.6096,10.4241,0.2543,0.0009,2.2266,9.0,10.0,38.0,0.0216,0.0682,0.9292,0.0694,0.9417,0.4922,0.514,188.0,188.0,192.0,3.0,54.2068,5
1803,30.05,14.5758,10.3136,0.1463,0.0012,3.3949,9.0,10.0,38.0,0.0217,0.0688,0.9281,0.0694,0.9417,0.4915,0.5148,182.0,182.0,190.0,3.0,54.9261,4
1804,30.0667,14.6109,10.2541,0.525,0.0015,3.3797,9.0,11.0,38.0,0.0214,0.0672,0.9303,0.0676,0.9417,0.492,0.5162,187.0,187.0,196.0,3.0,53.5186,5
1805,30.0833,14.5628,10.0941,0.2613,0.0015,4.0071,9.0,11.0,38.0,0.0215,0.0672,0.9298,0.0679,0.9417,0.4914,0.5173,179.0,179.0,185.0,3.0,53.5541,4
1806,30.1,14.5908,9.9814,0.4517,0.0018,4.261,9.0,11.0,38.0,0.0212,0.0669,0.9312,0.0667,0.9417,0.4919,0.5188,182.0,182.0,202.0,3.0,52.777,5
1807,30.1167,14.5317,9.7882,0.2992,0.0016,5.3146,9.0,11.0,38.0,0.0212,0.0656,0.9312,0.0667,0.9417,0.4914,0.5202,175.0,176.0,185.0,3.0,53.3722,4
1808,30.1333,14.5263,9.6434,0.3987,0.002,5.3629,9.0,11.0,38.0,0.0209,0.0659,0.9312,0.0671,0.9417,0.4924,0.5225,194.0,194.5,203.0,3.0,51.9184,5
1809,30.15,14.4722,9.4496,0.3183,0.002,5.6986,9.0,11.0,38.0,0.0207,0.0656,0.9312,0.0667,0.9417,0.4916,0.5245,193.0,193.0,207.0,3.0,52.2553,5
1810,30.1667,14.4595,9.1811,0.5604,0.002,9.1681,9.0,11.0,38.0,0.0206,0.0656,0.9312,0.0667,0.9417,0.4914,0.5264,185.0,185.0,190.0,3.0,51.0249,4
1811,30.1833,14.3693,8.8986,0.3311,0.0021,10.2661,9.0,11.0,38.0,0.0203,0.0656,0.9334,0.0667,0.9417,0.4912,0.529,182.0,182.0,192.0,3.0,49.4213,4
1812,30.2,14.3548,8.6407,0.6488,0.0025,11.6864,9.0,11.0,38.0,0.0197,0.0656,0.9375,0.0667,0.9417,0.4913,0.532,180.0,182.0,188.0,3.0,48.4944,4
1813,30.2167,14.2375,8.2776,0.4056,0.0028,12.888,9.0,11.0,38.0,0.019,0.0641,0.9378,0.0667,0.9417,0.4917,0.5358,176.0,176.0,179.0,2.0,46.5618,5
1814,30.2333,14.1228,7.8648,0.515,0.0033,14.1243,9.0,11.0,38.0,0.0182,0.0641,0.9391,0.0639,0.9417,0.4916,0.5401,165.0,165.0,167.0,4.0,44.868,4
1815,30.25,13.9769,7.3585,0.5403,0.004,17.3613,9.0,11.0,38.0,0.0165,0.0609,0.9422,0.0639,0.9417,0.4928,0.5463,151.0,151.0,153.0,3.0,44.0223,4
1816,30.2667,14.0153,7.2336,0.9201,0.0053,19.3605,9.0,11.0,38.0,0.0135,0.0578,0.9422,0.0611,0.9417,0.4943,0.5543,133.0,133.0,137.0,5.0,45.3336,4
1817,30.2833,14.0794,7.4156,0.9635,0.0069,17.0686,9.0,11.0,38.0,0.0092,0.0534,0.9438,0.0583,0.9417,0.4906,0.5689,94.0,103.0,113.0,6.0,49.6347,5
1818,30.3,14.2793,7.7803,1.4097,0.0075,12.0414,9.0,11.0,38.0,0.0057,0.0518,0.9469,0.0532,0.9417,0.4841,0.5716,13.0,13.0,13.0,64.0,56.0493,8
1819,30.3167,14.3158,7.877,1.2545,0.0089,10.7196,9.0,11.0,38.0,0.0081,0.0531,0.9453,0.0556,0.9417,0.4927,0.5113,97.0,102.0,105.0,7.0,51.5561,4
1820,30.3333,14.2857,7.7114,1.1364,0.0074,18.3336,9.0,11.0,38.0,0.0126,0.0578,0.9422,0.0611,0.9417,0.4953,0.4997,127.0,129.0,131.0,3.0,46.5185,4
1821,30.35,14.3281,7.7865,0.778,0.0056,16.9147,9.0,11.0,38.0,0.0156,0.0609,0.9422,0.0639,0.9417,0.4951,0.4975,147.0,147.0,150.0,5.0,45.0328,4
1822,30.3667,14.5357,8.265,0.6434,0.0047,12.5831,9.0,11.0,38.0,0.0176,0.0641,0.9406,0.0639,0.9417,0.4958,0.4977,161.0,161.0,164.0,3.0,45.6893,4
1823,30.3833,14.6869,8.6885,0.4324,0.0039,9.9661,9.0,11.0,38.0,0.0186,0.0655,0.9376,0.0667,0.9417,0.4966,0.4992,172.0,172.0,174.0,4.0,47.1816,5
1824,30.4,14.8868,9.1081,0.5922,0.0032,9.1855,9.0,11.0,38.0,0.0198,0.0656,0.9375,0.0667,0.9417,0.4974,0.5006,181.0,181.0,185.0,3.0,49.125,5
1825,30.4167,15.0111,9.4345,0.3872,0.0027,7.6754,9.0,11.0,38.0,0.0204,0.0656,0.9312,0.0667,0.9417,0.4972,0.5012,188.0,188.0,193.0,3.0,50.2617,4
1826,30.4333,15.1653,9.742,0.5094,0.0025,6.4914,9.0,11.0,38.0,0.0207,0.0656,0.9327,0.0667,0.9417,0.4978,0.5031,196.0,196.0,200.0,3.0,51.3294,5
1827,30.45,15.2578,10.0077,0.2684,0.0024,5.5594,9.0,11.0,38.0,0.0212,0.067,0.9312,0.0694,0.9417,0.4973,0.5033,197.0,198.0,204.0,3.0,51.7758,5
1828,30.4667,15.3745,10.2378,0.4173,0.0019,5.1838,9.0,11.0,38.0,0.0216,0.0672,0.9312,0.0694,0.9417,0.4979,0.5043,202.0,202.0,210.0,3.0,52.9653,5
1829,30.4833,15.4425,10.4097,0.2255,0.0016,4.6673,9.0,11.0,38.0,0.0217,0.0672,0.9312,0.0694,0.9417,0.4978,0.5051,208.5,208.5,214.5,3.0,52.5681,6
1830,30.5,15.5378,10.6383,0.27,0.0016,4.6518,9.0,11.0,38.0,0.022,0.0683,0.9312,0.0694,0.9417,0.4975,0.5054,194.0,194.5,208.0,3.0,53.7683,4
1831,30.5167,15.5924,10.7527,0.2312,0.0011,3.5403,9.0,11.0,38.0,0.0223,0.0688,0.9299,0.0694,0.9417,0.4977,0.5063,198.0,198.0,205.0,3.0,54.825,4
1832,30.5333,15.686,10.9511,0.3928,0.0012,4.7097,9.0,11.0,38.0,0.0225,0.0688,0.9288,0.0694,0.9417,0.4977,0.5071,198.0,198.0,215.0,3.0,55.3088,5
1833,30.55,15.7051,10.9983,0.113,0.0008,2.1685,9.0,11.0,38.0,0.0223,0.0688,0.9312,0.0694,0.9417,0.4979,0.5076,203.0,203.0,219.0,3.0,54.9087,5
1834,30.5667,15.7893,11.1665,0.3006,0.0009,3.6468,9.0,11.0,39.0,0.0225,0.0686,0.9285,0.0694,0.9417,0.4974,0.5075,200.0,200.0,215.0,3.0,55.3852,4
1835,30.5833,15.8104,11.1862,0.1532,0.0008,1.7383,9.0,11.0,39.0,0.0226,0.0688,0.9281,0.0694,0.9417,0.4972,0.5077,192.0,193.0,203.0,3.0,55.9001,4
1836,30.6,15.8464,11.253,0.1528,0.0005,2.1131,9.0,11.0,38.0,0.0228,0.0688,0.9299,0.0694,0.9417,0.4976,0.5081,182.0,183.0,202.0,3.0,56.7631,4
1837,30.6167,15.9043,11.3687,0.1523,0.0005,2.6786,9.0,11.0,38.0,0.023,0.0688,0.9281,0.0694,0.9417,0.4976,0.5086,171.0,173.0,198.0,3.0,56.6446,4
1838,30.6333,15.9441,11.4654,0.2907,0.0006,2.2102,9.0,11.0,38.0,0.0231,0.069,0.9281,0.0694,0.9417,0.4982,0.5088,176.0,179.0,194.0,3.0,57.4024,4
1839,30.65,15.9574,11.4902,0.0855,0.0005,1.278,9.0,11.0,38.0,0.023,0.0688,0.9282,0.0694,0.9417,0.4981,0.5093,186.0,186.0,198.0,3.0,57.6246,5
1840,30.6667,15.9859,11.5033,0.2565,0.0003,1.1217,9.0,11.0,38.0,0.023,0.0688,0.9312,0.0694,0.9417,0.4982,0.5093,179.0,183.0,204.0,3.0,57.4676,5
1841,30.6833,16.0039,11.5424,0.0589,0.0001,0.9794,9.0,11.0,38.0,0.023,0.0688,0.9312,0.0694,0.9417,0.4982,0.5093,179.0,183.0,204.0,3.0,57.4997,5
1842,30.7,16.0184,11.5449,0.2087,0.0002,0.6408,9.0,11.0,38.0,0.023,0.0688,0.9312,0.0694,0.9417,0.4982,0.5096,188.5,189.0,209.0,3.0,57.6379,5
1843,30.7167,16.0228,11.5505,0.0451,0.0001,0.6878,9.0,11.0,38.0,0.023,0.0688,0.9312,0.0694,0.9417,0.4982,0.5096,183.0,186.0,207.0,6.0,57.5211,5
1844,30.7333,16.0264,11.5288,0.2832,0.0001,0.8532,9.0,11.0,38.0,0.023,0.0688,0.9312,0.0694,0.9417,0.4981,0.5097,183.0,186.0,209.0,10.0,57.2734,5
1845,30.75,16.017,11.4794,0.0532,0.0001,0.7878,9.0,11.0,38.0,0.023,0.0688,0.9312,0.0694,0.9417,0.4982,0.5097,181.0,186.0,209.0,18.0,57.0802,5
1846,30.7667,15.9972,11.4078,0.1233,0.0001,0.9696,9.0,11.0,38.0,0.023,0.0688,0.9312,0.0694,0.9417,0.4982,0.5096,183.0,186.0,211.0,25.0,56.7451,5
1847,30.7833,15.9782,11.3085,0.1241,0.0001,1.409,9.0,11.0,38.0,0.023,0.0688,0.9312,0.0694,0.9417,0.4983,0.5096,178.0,182.0,209.0,34.0,56.4319,5
1848,30.8,15.921,11.1952,0.2971,0.0002,1.6411,9.0,11.0,38.0,0.023,0.0688,0.9312,0.0694,0.9417,0.4984,0.5096,166.0,180.5,205.0,41.0,55.8901,5
1849,30.8167,15.8834,11.0511,0.0994,0.0002,2.1633,9.0,11.0,38.0,0.023,0.0688,0.9311,0.0694,0.9417,0.4983,0.5096,158.0,176.0,201.0,51.0,55.4203,5
1850,30.8333,15.8115,10.8842,0.2877,0.0002,2.4207,9.0,11.0,38.0,0.023,0.0688,0.9312,0.0694,0.9417,0.4982,0.5094,148.0,175.0,203.0,57.0,54.8202,5
1851,30.85,15.7677,10.7129,0.1125,0.0002,2.5727,9.0,11.0,38.0,0.023,0.0688,0.9282,0.0694,0.9417,0.498,0.5095,140.0,169.0,203.0,62.0,53.8142,5
1852,30.8667,15.6939,10.5139,0.298,0.0002,2.8981,9.0,11.0,38.0,0.023,0.0688,0.9312,0.0694,0.9417,0.4984,0.5094,131.0,165.0,202.0,72.0,52.7735,5
1853,30.8833,15.6333,10.3217,0.1034,0.0002,2.8575,9.0,11.0,38.0,0.023,0.0688,0.9312,0.0694,0.9417,0.4981,0.5096,124.0,160.0,196.0,76.0,51.8529,5
1854,30.9,15.5453,10.1143,0.3128,0.0002,3.0827,9.0,11.0,38.0,0.0231,0.069,0.9308,0.0694,0.9417,0.4982,0.5096,117.0,158.0,196.0,85.0,50.8322,5
1855,30.9167,15.4882,9.9327,0.0976,0.0002,2.7342,9.0,11.0,38.0,0.023,0.0688,0.9312,0.0694,0.9417,0.4981,0.5097,115.0,154.0,196.0,89.0,49.9618,5
1856,30.9333,15.4087,9.7516,0.3389,0.0003,2.7733,9.0,11.0,37.0,0.023,0.0688,0.9312,0.0694,0.9417,0.4981,0.5097,111.0,154.0,197.5,96.0,48.989,5
1857,30.95,15.3732,9.6126,0.1,0.0002,2.2468,9.0,11.0,37.0,0.023,0.0688,0.9312,0.0694,0.9417,0.4982,0.5097,108.0,152.0,197.0,101.0,48.2248,5
1858,30.9667,15.3231,9.4775,0.1756,0.0002,2.0829,9.0,11.0,37.0,0.0229,0.0688,0.9312,0.0694,0.9417,0.498,0.5098,107.0,154.0,198.0,105.0,47.5554,5
1859,30.9833,15.2749,9.3293,0.1756,0.0004,2.6042,9.0,11.0,37.0,0.0229,0.0688,0.9312,0.0694,0.9417,0.4979,0.5098,105.0,146.0,193.0,109.0,46.6462,5
1860,31.0,14.91,8.9269,1.1944,0.0006,4.2703,9.0,10.0,37.0,0.0228,0.0688,0.9312,0.0694,0.9417,0.4979,0.5092,102.0,144.0,194.0,116.0,44.6732,5
1861,31.0167,14.8877,8.8534,0.0748,0.0005,2.0521,9.0,10.0,37.0,0.0229,0.0688,0.9312,0.0694,0.9417,0.4977,0.5092,101.0,141.0,192.0,119.0,44.4339,4
1862,31.0333,14.8702,8.7328,0.3123,0.0007,2.6555,9.0,10.0,37.0,0.0228,0.0688,0.9312,0.0694,0.9417,0.4979,0.5093,100.0,140.0,190.0,125.0,43.5758,4
1863,31.05,14.8483,8.6267,0.2929,0.0009,2.9078,9.0,10.0,37.0,0.0228,0.0688,0.9312,0.0694,0.9417,0.4975,0.5097,100.0,143.0,187.0,129.0,43.4291,4
1864,31.0667,14.8003,8.5377,0.4036,0.0009,2.7953,9.0,10.0,37.0,0.0228,0.0688,0.9312,0.0694,0.9417,0.4975,0.5107,97.0,133.0,185.0,131.0,43.0,4
1865,31.0833,14.7686,8.4343,0.2125,0.0012,3.4648,9.0,10.0,37.0,0.0228,0.0688,0.9312,0.0694,0.9417,0.4978,0.5115,96.0,140.0,190.0,136.0,42.937,5
1866,31.1,14.7086,8.3574,0.4615,0.0011,2.9933,9.0,10.0,37.0,0.0226,0.0672,0.9358,0.0694,0.9417,0.4978,0.5121,95.0,146.0,194.0,137.0,42.0756,6
1867,31.1167,14.6701,8.2321,0.1917,0.0016,3.3414,9.0,10.0,37.0,0.0223,0.0679,0.9338,0.0694,0.9417,0.4974,0.5124,94.0,143.0,190.0,139.0,41.2569,4
1868,31.1333,14.587,8.1541,0.4886,0.0017,3.3714,9.0,10.0,37.0,0.0224,0.0688,0.9365,0.0694,0.9417,0.498,0.5139,90.0,141.0,191.0,141.0,41.5191,4
1869,31.15,14.5586,8.0543,0.1976,0.0018,3.6705,9.0,10.0,37.0,0.0221,0.0685,0.9375,0.0691,0.9417,0.4979,0.5152,89.0,141.0,195.0,143.0,40.6661,6
1870,31.1667,14.4601,7.9384,0.4843,0.0022,3.742,9.0,10.0,37.0,0.022,0.0688,0.9375,0.0694,0.9417,0.4973,0.516,86.0,140.0,190.0,142.0,40.4843,4
1871,31.1833,14.4323,7.8402,0.2479,0.0025,3.823,9.0,10.0,37.0,0.0218,0.0688,0.9375,0.0694,0.9417,0.498,0.518,86.0,139.0,194.0,143.0,39.809,6
1872,31.2,14.307,7.6831,0.6892,0.0027,4.5163,9.0,10.0,37.0,0.0216,0.0672,0.9379,0.0687,0.9417,0.4973,0.5193,83.0,136.0,189.0,144.0,39.8859,4
1873,31.2167,14.2765,7.5939,0.2699,0.0029,4.8154,9.0,10.0,37.0,0.0212,0.0669,0.9391,0.0667,0.9417,0.4972,0.5214,82.0,133.0,188.5,146.0,39.1361,5
1874,31.2333,14.19,7.4765,0.6259,0.0032,5.2205,9.0,10.0,35.0,0.0209,0.0656,0.9388,0.0667,0.9417,0.4974,0.5241,82.0,131.0,187.0,143.0,39.5778,5
1875,31.25,14.143,7.3357,0.3905,0.0032,7.2846,9.0,10.0,35.0,0.0207,0.0656,0.9396,0.0667,0.9417,0.497,0.526,81.0,126.0,181.0,142.0,39.4593,5
1876,31.2667,14.0235,7.1881,0.6484,0.0034,8.785,9.0,10.0,35.0,0.0202,0.0656,0.9406,0.0667,0.9417,0.4968,0.5286,80.0,123.0,176.0,139.0,38.702,4
1877,31.2833,13.9536,6.9851,0.4073,0.0037,10.5564,9.0,10.0,35.0,0.0197,0.0656,0.9406,0.0667,0.9417,0.497,0.5319,79.0,120.0,178.0,136.0,37.872,5
1878,31.3,13.8588,6.7871,0.5421,0.0042,11.2608,9.0,10.0,35.0,0.0186,0.0641,0.9422,0.0664,0.9417,0.4966,0.5356,77.0,117.0,172.0,133.0,37.417,6
1879,31.3167,13.7054,6.4847,0.7175,0.0048,14.0393,9.0,10.0,35.0,0.0174,0.0641,0.9422,0.0639,0.9417,0.4948,0.54,75.0,109.0,160.0,127.0,36.8715,4
1880,31.3333,13.5177,6.1479,0.7577,0.0055,15.8428,9.0,10.0,35.0,0.0155,0.0609,0.9422,0.0639,0.9417,0.4947,0.5458,72.0,103.0,150.0,127.0,36.1642,4
1881,31.35,13.6761,6.6488,0.8837,0.0065,15.8027,9.0,10.0,35.0,0.0128,0.0578,0.9438,0.0611,0.9417,0.4943,0.5546,69.0,97.0,133.0,118.0,37.618,4
1882,31.3667,14.0434,7.9749,1.5226,0.0084,15.6696,9.0,10.0,35.0,0.0084,0.0535,0.9453,0.0562,0.9417,0.4925,0.5708,65.0,84.0,111.0,102.0,42.8241,4
1883,31.3833,14.6651,9.8718,1.7593,0.0094,7.4401,9.0,10.0,35.0,0.0066,0.0531,0.9469,0.0556,0.9417,0.4903,0.5525,4.0,5.0,10.0,110.0,49.051,8
1884,31.4,15.0874,11.4138,2.1301,0.0142,4.8011,9.0,10.0,35.0,0.0146,0.0594,0.9422,0.0628,0.9417,0.4999,0.4928,93.0,98.0,104.0,16.0,43.5238,4
1885,31.4167,15.4031,12.3825,1.5979,0.0146,17.6325,9.0,10.0,35.0,0.0243,0.0703,0.9312,0.0694,0.9417,0.5035,0.4893,127.0,127.0,130.0,5.0,38.5946,4
1886,31.4333,15.6383,13.2402,1.2848,0.0113,15.9882,9.0,10.0,35.0,0.031,0.075,0.9109,0.0845,0.9389,0.5021,0.4898,147.0,146.0,148.0,5.0,38.7206,4
1887,31.45,15.9565,14.3731,1.0378,0.0095,13.804,9.0,10.0,35.0,0.0358,0.0797,0.9016,0.4056,0.9389,0.5004,0.4916,162.0,162.0,164.0,4.0,40.5237,4
1888,31.4667,16.1434,15.2236,1.0679,0.0074,9.9561,9.0,10.0,35.0,0.038,0.0852,0.8968,0.4083,0.9389,0.4995,0.4937,174.0,173.0,175.0,4.0,40.9472,4
1889,31.4833,16.3918,16.0057,0.7371,0.0061,8.0257,9.0,10.0,35.0,0.0394,0.0875,0.8922,0.4111,0.9389,0.4999,0.4954,182.0,182.0,185.0,4.0,42.5364,4
1890,31.5,16.518,16.6366,0.7891,0.0051,6.8583,9.0,10.0,35.0,0.0409,0.0915,0.8891,0.4111,0.9389,0.4997,0.4967,189.0,189.0,190.0,3.0,44.0668,4
1891,31.5167,16.7199,17.255,0.5511,0.0047,6.6943,9.0,10.0,35.0,0.0413,0.0938,0.8828,0.4111,0.9389,0.4989,0.4982,198.0,198.0,200.0,3.0,44.9233,4
1892,31.5333,16.8131,17.7943,0.733,0.0038,5.4942,9.0,10.0,35.0,0.0425,0.0938,0.8828,0.4137,0.9389,0.499,0.4992,204.0,203.0,205.0,3.0,46.6302,4
1893,31.55,16.9516,18.2423,0.4818,0.0036,5.4132,9.0,10.0,35.0,0.0428,0.0938,0.8802,0.4139,0.9389,0.4985,0.4999,209.0,208.0,210.0,3.0,46.6103,4
1894,31.5667,16.9664,18.5493,0.6189,0.0027,3.8886,9.0,10.0,35.0,0.0428,0.0948,0.8828,0.4139,0.9389,0.499,0.5006,215.0,214.0,216.0,3.0,47.2698,4
1895,31.5833,17.1115,19.0176,0.3949,0.0029,4.7644,9.0,10.0,35.0,0.044,0.0969,0.8797,0.4139,0.9389,0.4989,0.5016,212.0,212.0,215.0,4.0,48.8076,4
1896,31.6,17.1536,19.281,0.3884,0.0021,3.7163,9.0,10.0,35.0,0.044,0.0969,0.8797,0.4139,0.9389,0.4991,0.5021,214.0,211.0,215.0,3.0,49.8412,4
1897,31.6167,17.2102,19.6457,0.4124,0.0021,4.1611,9.0,10.0,35.0,0.044,0.0969,0.8806,0.4139,0.9389,0.499,0.5024,226.0,225.0,228.0,3.0,50.1413,4
1898,31.6333,17.1609,19.7561,0.4428,0.0016,2.0689,9.0,10.0,35.0,0.0441,0.0963,0.8766,0.4167,0.9389,0.4987,0.5033,226.0,225.0,229.0,3.0,50.0971,4
1899,31.65,17.2638,20.0653,0.3079,0.0017,3.41,9.0,10.0,35.0,0.0446,0.0969,0.8766,0.4167,0.9389,0.4987,0.5037,226.0,226.0,229.0,4.0,51.0009,4
1900,31.6667,17.2016,20.1189,0.3715,0.0013,1.6988,9.0,10.0,35.0,0.045,0.0978,0.8766,0.4167,0.9389,0.4987,0.504,218.0,218.0,221.0,4.0,52.0579,4
1901,31.6833,17.2546,20.3201,0.3099,0.001,2.4895,9.0,10.0,35.0,0.0451,0.0969,0.8766,0.4167,0.9389,0.499,0.5044,215.0,214.0,217.0,3.0,52.6053,4
1902,31.7,17.2347,20.4557,0.3218,0.0009,2.0031,8.0,10.0,34.0,0.0452,0.0969,0.8766,0.4167,0.9389,0.499,0.5048,221.0,219.0,222.0,3.0,53.1387,4
1903,31.7167,17.3068,20.6897,0.1683,0.0008,2.5211,8.0,10.0,34.0,0.0451,0.0969,0.8766,0.4167,0.9389,0.4989,0.505,223.0,222.0,225.0,3.0,53.2387,4
1904,31.7333,17.2247,20.7209,0.3604,0.0009,1.0763,8.0,10.0,34.0,0.0451,0.0967,0.8766,0.4167,0.9389,0.4986,0.5052,224.0,222.5,227.0,4.0,52.7537,4
1905,31.75,17.2382,20.7713,0.1001,0.0007,1.062,8.0,10.0,34.0,0.045,0.0962,0.8766,0.4167,0.9389,0.4987,0.5052,230.0,229.0,231.0,3.0,52.405,4
1906,31.7667,17.2113,20.8158,0.1607,0.0004,0.6609,8.0,10.0,34.0,0.045,0.0963,0.8766,0.4167,0.9389,0.4986,0.5054,231.0,229.0,232.0,3.0,52.592,4
1907,31.7833,17.1981,20.832,0.1155,0.0003,0.5512,8.0,10.0,34.0,0.045,0.0964,0.8766,0.4167,0.9389,0.4984,0.5055,231.5,230.0,234.0,3.0,53.0167,4
1908,31.8,17.1539,20.942,0.2809,0.0002,0.9088,8.0,10.0,34.0,0.045,0.0969,0.8743,0.4167,0.9389,0.4985,0.5055,233.0,231.0,235.0,3.0,53.1368,4
1909,31.8167,17.1506,20.9531,0.0508,0.0001,0.2401,8.0,10.0,34.0,0.045,0.0969,0.8766,0.4167,0.9389,0.4985,0.5055,233.0,232.0,236.0,3.0,53.046,4
1910,31.8333,17.0692,20.9594,0.222,0.0001,0.175,8.0,10.0,34.0,0.045,0.0964,0.8766,0.4167,0.9389,0.4984,0.5055,233.0,232.0,236.0,3.0,53.0852,4
1911,31.85,17.0706,20.96,0.0198,0.0,0.0154,8.0,10.0,34.0,0.045,0.0964,0.8766,0.4167,0.9389,0.4984,0.5055,233.0,232.0,235.0,3.0,53.0876,4
1912,31.8667,17.0337,20.9587,0.2098,0.0,0.0434,8.0,10.0,34.0,0.045,0.0969,0.8766,0.4167,0.9389,0.4986,0.5054,233.0,232.0,236.0,3.0,53.1008,4
1913,31.8833,17.0291,20.9583,0.0231,0.0,0.0133,8.0,10.0,34.0,0.045,0.0969,0.8776,0.4167,0.9389,0.4988,0.5053,233.0,232.0,236.0,3.0,53.1034,4
1914,31.9,16.9843,20.9696,0.2372,0.0,0.0443,8.0,10.0,34.0,0.045,0.0969,0.8777,0.4167,0.9389,0.4988,0.5052,233.0,232.0,236.0,3.0,53.1388,4
1915,31.9167,16.9844,20.9693,0.0272,0.0,0.0185,8.0,10.0,34.0,0.045,0.0969,0.8778,0.4167,0.9389,0.4988,0.5052,233.0,233.0,236.0,3.0,53.0918,4
1916,31.9333,16.9325,20.9753,0.2608,0.0001,0.0346,8.0,10.0,34.0,0.045,0.0979,0.8777,0.4167,0.9389,0.4987,0.5053,233.0,232.0,235.0,3.0,53.0524,4
1917,31.95,16.9317,20.9749,0.0203,0.0,0.0061,8.0,10.0,34.0,0.045,0.0994,0.8778,0.4167,0.9389,0.4988,0.5053,233.0,232.5,235.5,3.0,53.0356,4
1918,31.9667,16.9165,20.9736,0.0803,0.0,0.0064,8.0,10.0,34.0,0.045,0.0994,0.8797,0.4167,0.9389,0.4988,0.5053,233.0,232.0,235.0,3.0,53.0414,4
1919,31.9833,16.8926,20.9737,0.0547,0.0,0.008,8.0,10.0,34.0,0.045,0.1,0.8803,0.4167,0.9389,0.4989,0.5052,233.0,232.0,235.0,3.0,53.0374,4
1920,32.0,16.5986,20.985,1.2561,0.001,2.2351,8.0,10.0,34.0,0.0451,0.1,0.8766,0.4167,0.9389,0.499,0.5053,228.0,226.0,230.0,3.0,52.229,4
1921,32.0167,16.603,20.9986,0.2642,0.0023,2.7358,8.0,10.0,34.0,0.0452,0.1004,0.8766,0.4167,0.9389,0.4997,0.5054,217.0,217.0,219.0,3.0,53.7353,4
1922,32.0333,16.5935,20.9557,0.6319,0.0034,3.4857,8.0,9.0,34.0,0.045,0.0996,0.8766,0.4167,0.9389,0.5,0.5053,229.5,228.0,231.0,3.0,53.3918,4
1923,32.05,16.5973,20.9362,0.7024,0.004,5.7779,8.0,9.0,34.0,0.0451,0.0984,0.8766,0.4167,0.9389,0.5006,0.5054,219.0,218.0,221.5,3.0,53.6729,4
1924,32.0667,16.5909,20.8818,1.0453,0.0043,9.3728,8.0,10.0,34.0,0.0451,0.0981,0.8766,0.4167,0.9389,0.5019,0.5053,229.0,229.0,231.0,3.0,52.4049,4
1925,32.0833,16.5944,20.8654,1.021,0.0047,12.585,8.0,10.0,34.0,0.045,0.098,0.8766,0.4167,0.9389,0.5029,0.5053,233.0,232.0,235.0,3.0,52.3092,4
1926,32.1,16.5514,20.811,1.4403,0.0051,18.0451,8.0,10.0,33.0,0.045,0.0994,0.8766,0.4167,0.9389,0.505,0.5055,224.0,224.0,228.0,4.0,52.7189,4
1927,32.1167,16.5093,20.6605,1.5677,0.0052,24.3034,8.0,10.0,33.0,0.045,0.1026,0.8766,0.4167,0.9389,0.5075,0.5054,210.0,209.0,212.0,4.0,53.1841,4
1928,32.1333,16.4412,20.4878,1.9018,0.0055,28.6747,8.0,10.0,33.0,0.0448,0.1,0.8766,0.4167,0.9389,0.5096,0.5054,224.0,224.0,226.0,4.0,51.9823,4
1929,32.15,16.3934,20.3247,2.0138,0.006,35.0893,8.0,10.0,33.0,0.0446,0.0996,0.8773,0.4167,0.9389,0.5126,0.5054,230.0,229.0,232.0,4.0,51.4903,4
1930,32.1667,16.2721,20.0479,2.6115,0.0064,41.5386,8.0,10.0,33.0,0.0445,0.0978,0.8766,0.4167,0.9389,0.5159,0.5056,218.0,216.0,219.0,4.0,52.0128,4
1931,32.1833,16.2258,19.9013,2.5299,0.0068,47.4806,8.0,10.0,33.0,0.0442,0.0969,0.877,0.4167,0.9389,0.52,0.5054,228.0,226.0,229.0,4.0,51.668,4
1932,32.2,16.0617,19.541,3.1408,0.0073,55.4984,8.0,10.0,33.0,0.044,0.0969,0.8788,0.4194,0.9389,0.5242,0.5054,216.0,215.0,218.0,4.0,51.3773,4
1933,32.2167,15.9786,19.2835,3.0905,0.0077,61.4243,8.0,10.0,33.0,0.0436,0.0969,0.8797,0.4194,0.9389,0.5289,0.5054,225.0,224.0,226.0,4.0,49.7288,4
1934,32.2333,15.8285,18.8894,3.6236,0.0081,69.681,8.0,10.0,33.0,0.0434,0.0969,0.8812,0.4194,0.9389,0.5349,0.5055,209.0,208.0,211.0,4.0,49.9028,4
1935,32.25,15.7118,18.5277,3.6256,0.0085,76.4035,8.0,10.0,33.0,0.0429,0.0969,0.8828,0.4194,0.9389,0.5415,0.5052,216.0,215.0,217.0,4.0,49.5188,4
1936,32.2667,15.5532,18.0774,3.9383,0.0093,82.3791,8.0,10.0,33.0,0.0427,0.0958,0.8828,0.4194,0.9389,0.5487,0.5055,204.0,203.0,207.0,4.0,48.5216,4
1937,32.2833,15.3619,17.4931,4.1705,0.0101,88.5032,8.0,10.0,33.0,0.0417,0.0938,0.8889,0.4194,0.9389,0.5567,0.5056,204.0,202.0,205.0,4.0,47.1277,4
1938,32.3,15.101,16.8544,4.5627,0.0112,91.3763,8.0,10.0,33.0,0.0408,0.0938,0.8891,0.4194,0.9389,0.565,0.5061,196.0,194.0,197.0,5.0,45.3065,4
1939,32.3167,14.8885,16.2098,4.5329,0.0123,95.3184,8.0,10.0,33.0,0.0397,0.0875,0.8922,0.4194,0.9389,0.5757,0.5061,188.0,186.0,188.0,5.0,44.1541,4
1940,32.3333,14.6004,15.439,4.9032,0.014,99.4485,8.0,10.0,33.0,0.0384,0.0851,0.893,0.4222,0.9389,0.5882,0.5064,178.0,176.0,179.0,5.0,42.4995,4
1941,32.35,14.2944,14.5062,4.7303,0.0154,101.9308,8.0,10.0,33.0,0.0362,0.0797,0.8995,0.4222,0.9389,0.6019,0.507,165.0,164.0,166.0,5.0,42.123,4
1942,32.3667,13.919,13.423,4.4315,0.0197,87.3649,8.0,10.0,33.0,0.0322,0.075,0.9078,0.1247,0.9389,0.6196,0.5077,151.0,150.0,152.0,6.0,41.1299,4
1943,32.3833,13.4861,11.5989,3.24,0.022,55.6289,8.0,10.0,33.0,0.0263,0.0703,0.9241,0.0722,0.9417,0.6377,0.5091,132.0,131.0,134.0,7.0,40.9183,4
1944,32.4,12.938,9.6233,2.7013,0.0231,38.279,8.0,10.0,33.0,0.0173,0.0623,0.9422,0.0639,0.9417,0.6541,0.515,104.0,107.0,113.0,27.0,42.4365,4
1945,32.4167,12.287,7.4648,2.375,0.0171,13.0921,8.0,10.0,33.0,0.0074,0.0531,0.9453,0.0556,0.9417,0.647,0.538,78.0,83.0,88.0,68.0,53.138,5
1946,32.4333,11.444,5.0461,2.221,0.0061,0.1205,8.0,10.0,32.0,0.0013,0.05,0.9641,0.05,0.9444,0.4802,0.7101,89.0,98.0,120.0,61.0,137.749,3
1947,32.45,10.643,3.1182,1.3256,0.0,0.0901,8.0,10.0,32.0,0.0013,0.05,0.9641,0.05,0.9444,0.4802,0.7101,89.0,98.0,122.0,61.0,137.896,3
1948,32.4667,10.2274,2.3611,0.8641,0.0,0.3007,8.0,10.0,33.0,0.0013,0.05,0.9641,0.05,0.9444,0.4787,0.7122,90.0,98.0,120.0,60.0,138.2155,3
1949,32.4833,10.2027,2.3525,0.1569,0.0001,0.1133,8.0,10.0,32.0,0.0014,0.05,0.9641,0.05,0.9444,0.4615,0.6963,89.0,97.0,118.0,59.0,130.8755,5
1950,32.5,10.1924,2.3945,0.2106,0.0006,1.1809,8.0,10.0,33.0,0.002,0.05,0.9641,0.05,0.9429,0.3953,0.6366,81.0,88.0,109.0,61.0,100.2991,5
1951,32.5167,10.2004,2.4122,0.031,0.0002,2.0822,8.0,10.0,33.0,0.0021,0.05,0.9641,0.05,0.942,0.3843,0.6252,79.0,88.0,107.0,66.0,94.283,5
1952,32.5333,10.1929,2.4223,0.1504,0.0002,2.5842,8.0,10.0,32.0,0.0024,0.05,0.9641,0.0512,0.9417,0.3698,0.6091,76.0,88.0,115.0,77.0,87.4895,5
1953,32.55,10.1939,2.4228,0.024,0.0001,1.4344,8.0,10.0,32.0,0.0025,0.05,0.9641,0.0519,0.9417,0.3632,0.6026,74.0,89.0,119.0,84.0,84.7076,5
1954,32.5667,10.2099,2.5295,0.3604,0.0002,2.269,8.0,10.0,32.0,0.0026,0.05,0.9641,0.0527,0.9417,0.3555,0.5954,70.0,89.0,125.0,102.0,81.58,4
1955,32.5833,10.2991,2.7918,0.1326,0.0009,2.5389,8.0,10.0,32.0,0.0035,0.0501,0.9484,0.0528,0.9417,0.3294,0.5683,74.0,88.0,118.0,83.0,66.3658,4
1956,32.6,10.3174,2.8794,0.1251,0.001,4.028,8.0,10.0,32.0,0.0044,0.0516,0.9469,0.0528,0.9417,0.3158,0.5525,80.0,91.0,110.0,73.0,58.5618,4
1957,32.6167,10.3359,2.9427,0.2053,0.0003,4.9643,8.0,10.0,32.0,0.0047,0.0516,0.9469,0.0528,0.9417,0.3108,0.5475,76.0,101.0,117.0,82.0,59.1026,4
1958,32.6333,10.3242,3.0111,0.2624,0.0004,4.7896,8.0,10.0,32.0,0.0051,0.0516,0.9469,0.0528,0.9417,0.3051,0.5423,84.0,110.0,124.0,87.0,57.8262,4
1959,32.65,10.4505,3.3851,0.1704,0.0008,4.5557,8.0,10.0,32.0,0.0058,0.0531,0.9469,0.054,0.9417,0.3015,0.5364,94.0,102.0,124.0,90.0,57.4254,4
1960,32.6667,10.5108,3.5543,0.4039,0.0008,5.4639,8.0,10.0,32.0,0.0066,0.0531,0.9466,0.0556,0.9417,0.2991,0.5326,95.0,105.0,115.0,79.0,56.2738,4
1961,32.6833,10.5511,3.6681,0.094,0.0005,5.9784,8.0,10.0,32.0,0.0071,0.0531,0.9453,0.0556,0.9417,0.2976,0.5303,89.0,111.0,124.0,76.0,56.2809,4
1962,32.7,10.6271,3.9329,0.3586,0.0005,6.5201,8.0,9.0,32.0,0.0074,0.0531,0.9453,0.0556,0.9417,0.2965,0.5286,79.0,108.0,132.0,85.0,57.0832,4
1963,32.7167,10.7084,4.1769,0.126,0.0014,4.7016,8.0,9.0,32.0,0.0087,0.0532,0.9453,0.0557,0.9417,0.3006,0.5238,76.0,101.0,116.0,65.0,54.7998,4
1964,32.7333,10.7416,4.3073,0.2625,0.0005,4.5694,8.0,9.0,32.0,0.0091,0.0548,0.9452,0.0583,0.9417,0.3015,0.5225,83.0,115.0,120.0,69.0,54.9946,4
1965,32.75,10.7964,4.4711,0.0889,0.0005,6.2374,8.0,10.0,32.0,0.0095,0.0562,0.9438,0.0583,0.9417,0.3016,0.5211,103.0,123.0,133.0,74.0,56.3262,4
1966,32.7667,10.9453,4.9744,0.381,0.0011,5.215,8.0,10.0,32.0,0.0106,0.0562,0.9438,0.0583,0.9417,0.306,0.5181,97.0,104.0,130.0,77.0,56.8469,4
1967,32.7833,11.0174,5.1853,0.121,0.0007,6.3989,8.0,10.0,32.0,0.0112,0.0562,0.9438,0.0583,0.9417,0.3082,0.5168,98.0,117.0,122.0,65.0,57.8098,4
1968,32.8,11.0965,5.456,0.3733,0.0006,6.4554,8.0,9.0,32.0,0.0117,0.0578,0.9438,0.0611,0.9417,0.3095,0.5157,79.0,115.0,133.0,63.0,58.0566,4
1969,32.8167,11.2088,5.7922,0.1987,0.0014,3.304,8.0,9.0,32.0,0.0131,0.0579,0.9422,0.0611,0.9417,0.3163,0.514,81.0,101.0,122.0,59.0,57.3672,4
1970,32.8333,11.2748,5.9929,0.1831,0.0007,4.997,8.0,9.0,32.0,0.0137,0.0594,0.9422,0.0611,0.9417,0.3186,0.5131,101.0,119.0,126.0,58.0,58.2634,4
1971,32.85,11.3207,6.1357,0.171,0.0005,4.9949,8.0,9.0,32.0,0.0141,0.0594,0.9422,0.0623,0.9417,0.3193,0.5125,116.0,125.0,139.0,72.0,59.5579,4
1972,32.8667,11.3567,6.287,0.3294,0.0005,5.7241,8.0,9.0,32.0,0.0145,0.0594,0.9422,0.062,0.9417,0.3201,0.5119,103.0,124.0,145.0,61.0,61.061,4
1973,32.8833,11.3908,6.396,0.1136,0.0003,4.5522,8.0,9.0,32.0,0.0147,0.0594,0.9422,0.0634,0.9417,0.3204,0.5117,83.0,120.0,146.0,49.0,62.2202,4
1974,32.9,11.5154,6.7828,0.2751,0.0008,2.6532,8.0,9.0,32.0,0.0154,0.0609,0.9422,0.0639,0.9417,0.3254,0.5105,86.0,111.0,133.0,40.0,62.3466,4
1975,32.9167,11.5664,6.9587,0.151,0.0008,5.059,8.0,9.0,32.0,0.0159,0.0609,0.9422,0.0639,0.9417,0.328,0.5096,108.0,120.0,125.0,51.0,62.4047,4
1976,32.9333,11.6918,7.3676,0.2831,0.0007,4.7899,8.0,9.0,32.0,0.0164,0.0609,0.9422,0.0639,0.9417,0.3307,0.5092,115.0,120.0,139.0,72.0,62.6149,4
1977,32.95,11.7901,7.6525,0.2033,0.0019,5.1877,8.0,9.0,32.0,0.0182,0.0641,0.9408,0.0639,0.9417,0.3417,0.5081,102.0,113.0,117.0,48.0,61.0111,4
1978,32.9667,11.83,7.808,0.263,0.0006,5.2571,8.0,9.0,32.0,0.0185,0.0641,0.9406,0.0639,0.9417,0.3434,0.508,81.0,120.0,134.0,39.0,61.4238,4
1979,32.9833,11.968,8.2181,0.1782,0.0011,4.0631,8.0,9.0,32.0,0.0194,0.0651,0.9406,0.0658,0.9417,0.349,0.5074,98.0,112.0,134.0,38.0,62.2703,4
1980,33.0,11.8875,8.3754,1.2671,0.0009,6.1219,8.0,9.0,33.0,0.0199,0.0656,0.9375,0.0667,0.9417,0.3517,0.5072,117.0,124.0,131.0,58.0,63.1474,4
1981,33.0167,11.9353,8.5183,0.0838,0.0004,3.5878,8.0,9.0,33.0,0.0203,0.0656,0.9375,0.0667,0.9417,0.3531,0.507,113.0,124.0,144.0,53.0,63.4725,4
1982,33.0333,11.9876,8.658,0.3676,0.0004,4.2169,8.0,9.0,33.0,0.0205,0.0656,0.9375,0.0667,0.9417,0.3543,0.5066,87.0,120.0,144.0,20.0,63.7673,4
1983,33.05,12.2032,9.2607,0.3249,0.0011,2.4778,8.0,9.0,33.0,0.0215,0.0672,0.9312,0.0694,0.9417,0.3615,0.5061,88.0,103.0,127.0,8.0,63.812,4
1984,33.0667,12.3383,9.6141,0.3942,0.0012,3.291,8.0,9.0,33.0,0.0225,0.0688,0.9284,0.0694,0.9417,0.3688,0.5056,117.0,118.0,122.0,6.0,64.1181,4
1985,33.0833,12.5471,10.229,0.3617,0.0011,3.9616,8.0,9.0,33.0,0.0235,0.0689,0.9281,0.0694,0.9417,0.3754,0.5053,115.5,122.0,139.0,6.0,65.1812,4
1986,33.1,12.6658,10.6196,0.3615,0.0014,2.981,8.0,9.0,33.0,0.0248,0.0703,0.925,0.0696,0.9417,0.3849,0.5049,117.0,118.0,126.0,5.0,65.5641,4
1987,33.1167,12.8085,11.0525,0.2284,0.0009,3.4779,8.0,9.0,33.0,0.0256,0.0703,0.9236,0.0722,0.9417,0.3893,0.5047,131.0,132.0,140.0,6.0,66.2738,4
1988,33.1333,12.8918,11.3022,0.3427,0.0012,2.7339,8.0,9.0,33.0,0.0265,0.0734,0.9219,0.0722,0.9389,0.3966,0.504,116.0,117.0,137.0,6.0,65.906,4
1989,33.15,12.9939,11.6045,0.1719,0.0007,2.6331,8.0,9.0,33.0,0.0272,0.0743,0.9201,0.0722,0.9389,0.4006,0.5038,120.0,125.0,139.0,5.0,65.7196,4
1990,33.1667,13.0686,11.9197,0.425,0.0018,2.8827,8.0,9.0,33.0,0.0289,0.075,0.9129,0.0778,0.9389,0.413,0.5035,97.0,113.0,125.0,5.0,64.4835,4
1991,33.1833,13.2057,12.3214,0.2219,0.0007,2.8614,8.0,9.0,33.0,0.0295,0.075,0.9111,0.0803,0.9389,0.4163,0.5033,98.0,126.0,137.0,9.0,64.986,4
1992,33.2,13.3509,12.7833,0.4154,0.0021,3.4227,8.0,9.0,33.0,0.0315,0.0759,0.9078,0.0861,0.9389,0.4307,0.5026,110.0,111.0,119.0,7.0,63.8455,4
1993,33.2167,13.4604,13.0921,0.2635,0.001,3.7482,8.0,9.0,33.0,0.0324,0.0766,0.907,0.1713,0.9389,0.436,0.5024,116.0,124.0,136.0,6.0,63.9572,4
1994,33.2333,13.5581,13.4584,0.3911,0.0012,3.8015,8.0,9.0,33.0,0.0334,0.0766,0.9045,0.2304,0.9389,0.443,0.5019,88.0,111.0,130.0,6.0,64.1322,4
1995,33.25,13.6854,13.8223,0.1864,0.0007,2.8378,8.0,9.0,33.0,0.034,0.0781,0.9016,0.4361,0.9389,0.4464,0.5018,104.0,121.0,134.0,6.0,64.619,4
1996,33.2667,13.8591,14.3955,0.4304,0.0019,3.3235,8.0,9.0,33.0,0.0357,0.0801,0.8998,0.4361,0.9389,0.4579,0.5015,109.0,110.0,119.0,6.0,64.5718,4
1997,33.2833,13.9882,14.7606,0.1957,0.0008,3.1636,8.0,9.0,33.0,0.0364,0.0828,0.8984,0.4361,0.9389,0.4622,0.5013,118.0,125.0,136.0,6.0,65.2588,4
1998,33.3,14.2345,15.5635,0.5518,0.0021,3.3199,8.0,9.0,33.0,0.0383,0.0875,0.8922,0.4361,0.9389,0.4755,0.5016,98.0,110.0,117.0,4.0,65.3149,4
1999,33.3167,14.3527,15.9063,0.1423,0.0007,2.2788,8.0,9.0,33.0,0.0389,0.0875,0.8901,0.4361,0.9389,0.4791,0.5016,117.0,127.0,136.0,4.0,66.2917,4
2000,33.3333,14.5085,16.4516,0.4421,0.0018,2.3843,8.0,9.0,33.0,0.0406,0.0921,0.8828,0.4361,0.9389,0.4902,0.5013,109.0,110.0,129.0,4.0,66.1431,4
2001,33.35,14.6116,16.7498,0.1224,0.0008,2.175,8.0,9.0,33.0,0.0412,0.0938,0.8828,0.4387,0.9389,0.4935,0.5013,118.0,124.0,137.0,4.0,66.9024,4
2002,33.3667,14.6775,17.0191,0.3082,0.0006,2.1941,8.0,9.0,33.0,0.0417,0.0938,0.8812,0.4389,0.9389,0.4956,0.5013,113.0,120.0,138.0,4.0,67.6983,4
2003,33.3833,14.6885,17.05,0.238,0.0003,1.8441,8.0,9.0,33.0,0.0419,0.0938,0.8803,0.4389,0.9389,0.4969,0.5013,111.0,119.0,137.0,5.0,67.9596,4
2004,33.4,14.6558,17.0656,0.3283,0.0004,2.3682,8.0,9.0,33.0,0.0421,0.0938,0.8797,0.4389,0.9389,0.4979,0.5012,110.0,118.0,137.0,5.0,67.6964,4
2005,33.4167,14.6582,17.0519,0.1236,0.0004,1.8234,8.0,9.0,33.0,0.0424,0.0938,0.8797,0.4389,0.9389,0.4987,0.5012,104.0,113.0,134.0,5.0,67.3616,4
2006,33.4333,14.6685,17.0846,0.161,0.0002,1.2311,8.0,9.0,33.0,0.0424,0.0938,0.8797,0.4389,0.9389,0.4993,0.5012,90.0,112.0,134.0,6.0,67.3884,4
2007,33.45,14.7124,17.2285,0.2532,0.0005,2.4346,8.0,9.0,33.0,0.0427,0.0959,0.8785,0.4389,0.9389,0.5004,0.5012,100.0,108.0,132.0,8.0,67.7123,4
2008,33.4667,14.6995,17.3705,0.3298,0.0005,2.5156,8.0,9.0,33.0,0.0429,0.0966,0.8771,0.4389,0.9389,0.501,0.5011,97.5,105.0,130.5,9.0,68.0577,4
2009,33.4833,14.7466,17.4911,0.1887,0.0003,2.3878,8.0,9.0,33.0,0.0431,0.0969,0.8766,0.4389,0.9389,0.5016,0.5011,94.0,103.0,127.0,8.0,68.4592,4
2010,33.5,14.7526,17.609,0.2269,0.0002,1.203,8.0,9.0,33.0,0.0431,0.0959,0.8766,0.4389,0.9389,0.5018,0.5012,93.0,102.0,126.0,7.0,68.8861,4
2011,33.5167,14.7907,17.7051,0.1058,0.0002,1.7152,8.0,9.0,33.0,0.0432,0.0961,0.8766,0.4389,0.9389,0.5021,0.5012,94.0,101.0,124.0,8.0,69.2053,4
2012,33.5333,14.7774,17.7908,0.251,0.0002,1.6857,8.0,9.0,33.0,0.0433,0.0969,0.8766,0.4389,0.9389,0.5027,0.5011,94.0,102.0,124.0,8.0,69.688,4
2013,33.55,14.8105,17.8824,0.0957,0.0002,1.6034,8.0,9.0,33.0,0.0433,0.0969,0.8766,0.4389,0.9389,0.5028,0.5012,93.0,101.0,124.0,8.0,69.9388,4
2014,33.5667,14.802,17.9732,0.2592,0.0002,0.9078,8.0,9.0,33.0,0.0434,0.0969,0.8766,0.4389,0.9389,0.503,0.5012,93.0,100.0,122.0,7.0,70.4032,4
2015,33.5833,14.812,17.995,0.0939,0.0002,1.4491,8.0,9.0,33.0,0.0435,0.0969,0.8766,0.4389,0.9389,0.5034,0.5012,93.0,98.0,120.0,8.0,70.3885,4
2016,33.6,14.7931,18.0085,0.1577,0.0002,1.2951,8.0,9.0,33.0,0.0436,0.0969,0.8766,0.4389,0.9389,0.5037,0.5012,93.0,98.0,119.5,8.0,70.3362,4
2017,33.6167,14.7809,18.0247,0.1366,0.0002,1.4961,8.0,9.0,33.0,0.0437,0.0969,0.8766,0.4389,0.9389,0.5043,0.5012,89.0,97.0,118.0,8.0,70.2702,4
2018,33.6333,14.7422,18.0787,0.2951,0.0001,0.8252,8.0,9.0,33.0,0.0438,0.0969,0.8766,0.4389,0.9389,0.5046,0.5012,88.5,97.0,118.0,8.0,70.4239,4
2019,33.65,14.7321,18.042,0.0913,0.0002,1.3718,8.0,9.0,33.0,0.0438,0.0969,0.8766,0.4389,0.9389,0.5048,0.5012,90.0,97.0,117.0,11.0,70.2754,4
2020,33.6667,14.6921,18.042,0.2711,0.0002,1.7551,8.0,9.0,33.0,0.0438,0.0969,0.8766,0.4389,0.9389,0.5048,0.5012,89.0,96.0,116.0,10.0,70.3846,4
2021,33.6833,14.6969,18.0418,0.1674,0.0002,1.57,8.0,9.0,33.0,0.0438,0.0969,0.8766,0.4389,0.9389,0.5049,0.5012,88.0,95.5,116.0,10.0,70.471,4
2022,33.7,14.6649,18.0385,0.1904,0.0001,1.2264,8.0,9.0,33.0,0.0438,0.0969,0.8766,0.4389,0.9389,0.5048,0.5013,81.0,95.0,115.0,8.0,70.5018,4
2023,33.7167,14.6821,18.1026,0.0763,0.0001,1.1533,8.0,9.0,33.0,0.0438,0.0969,0.8766,0.4389,0.9389,0.505,0.5013,88.0,95.0,115.0,9.0,70.7701,4
2024,33.7333,14.6638,18.1692,0.2564,0.0002,1.3342,8.0,9.0,33.0,0.0438,0.0969,0.8766,0.4389,0.9389,0.505,0.5013,89.0,96.0,115.0,9.0,70.9541,4
2025,33.75,14.6804,18.2393,0.0935,0.0001,1.2379,8.0,9.0,33.0,0.0439,0.0969,0.8766,0.4389,0.9389,0.5052,0.5012,88.0,95.0,115.0,9.0,71.0955,4
2026,33.7667,14.6784,18.2987,0.1521,0.0002,1.1436,8.0,9.0,33.0,0.0439,0.0969,0.876,0.4389,0.9389,0.5051,0.5012,87.0,94.0,113.0,9.0,71.1465,4
2027,33.7833,14.6666,18.3502,0.0979,0.0001,0.7205,8.0,9.0,33.0,0.0439,0.0969,0.8759,0.4389,0.9389,0.5052,0.5012,87.0,94.0,112.0,9.0,71.2631,4
2028,33.8,14.6138,18.3342,0.3339,0.0002,1.0385,8.0,9.0,33.0,0.044,0.0969,0.8754,0.4389,0.9389,0.5056,0.5012,88.0,95.0,115.0,9.0,71.4434,4
2029,33.8167,14.5762,18.2553,0.1385,0.0001,2.2226,8.0,9.0,33.0,0.0441,0.0969,0.8766,0.4389,0.9389,0.506,0.5011,88.0,94.0,113.0,9.0,71.0904,4
2030,33.8333,14.5036,18.2055,0.2099,0.0002,1.3539,8.0,9.0,33.0,0.0441,0.0978,0.8747,0.4389,0.9389,0.5061,0.5011,87.0,94.0,112.0,15.0,71.011,4
2031,33.85,14.4559,18.134,0.1962,0.0001,3.0361,8.0,9.0,33.0,0.0441,0.0969,0.8766,0.4389,0.9389,0.5061,0.5011,86.5,93.0,112.0,14.0,70.5421,4
2032,33.8667,14.4223,18.1065,0.1808,0.0002,1.9286,8.0,9.0,33.0,0.0441,0.0969,0.8766,0.4389,0.9389,0.5061,0.5011,84.0,93.0,112.0,9.0,70.3666,4
2033,33.8833,14.4253,18.2392,0.184,0.0002,2.039,8.0,9.0,33.0,0.0441,0.0969,0.8766,0.4389,0.9389,0.5059,0.5012,87.0,93.0,112.0,10.0,70.8537,4
2034,33.9,14.4182,18.3762,0.2425,0.0002,1.9342,8.0,9.0,33.0,0.0441,0.0969,0.8744,0.4389,0.9389,0.5062,0.5011,86.0,93.0,112.0,10.0,71.5499,4
2035,33.9167,14.4552,18.4758,0.1209,0.0002,1.2003,8.0,9.0,33.0,0.0441,0.0969,0.8746,0.4389,0.9389,0.506,0.5012,86.0,93.0,112.0,6.0,71.9921,4
2036,33.9333,14.3962,18.527,0.1815,0.0001,0.3825,8.0,9.0,33.0,0.0442,0.0965,0.8741,0.4389,0.9389,0.5061,0.5012,86.0,93.0,110.0,6.0,72.226,4
2037,33.95,14.4061,18.5925,0.0492,0.0001,0.4315,8.0,9.0,33.0,0.0442,0.0951,0.8738,0.4389,0.9389,0.5063,0.5011,87.0,93.0,110.0,6.0,72.4984,4
2038,33.9667,14.3683,18.6275,0.1585,0.0001,0.2892,8.0,9.0,33.0,0.0442,0.0969,0.8738,0.4389,0.9389,0.5064,0.5011,87.0,93.0,109.0,6.0,72.6676,4
2039,33.9833,14.3569,18.6616,0.0443,0.0001,0.227,8.0,9.0,33.0,0.0442,0.0969,0.8738,0.4389,0.9389,0.5066,0.5011,87.0,93.0,109.0,6.0,72.8324,4
2040,34.0,14.2273,18.7265,1.0832,0.0006,2.0061,8.0,9.0,34.0,0.0441,0.0969,0.8766,0.4389,0.9389,0.5063,0.5012,87.0,93.0,111.0,2.0,73.6717,4
2041,34.0167,14.2296,18.7348,0.0083,0.0,0.1147,8.0,9.0,34.0,0.0441,0.0969,0.8766,0.4389,0.9389,0.5063,0.5012,87.0,93.0,111.0,2.0,73.7861,4
2042,34.0333,14.2217,18.7363,0.3208,0.0,0.0125,8.0,9.0,34.0,0.0441,0.0969,0.8766,0.4389,0.9389,0.5063,0.5012,87.0,93.0,111.0,2.0,73.7857,4
2043,34.05,14.2002,18.74,0.1013,0.0,0.0062,8.0,9.0,34.0,0.0441,0.0969,0.8766,0.4389,0.9389,0.5063,0.5012,87.0,93.0,111.0,2.0,73.7799,4
2044,34.0667,14.1532,18.7462,0.2966,0.0,0.0363,8.0,9.0,34.0,0.0441,0.0969,0.8766,0.4389,0.9389,0.5065,0.5012,87.0,93.0,111.0,2.0,73.8304,4
2045,34.0833,14.1312,18.749,0.1221,0.0,0.0142,8.0,9.0,34.0,0.0441,0.0969,0.8766,0.4389,0.9389,0.5065,0.5012,87.0,93.0,112.0,2.0,73.8256,4
2046,34.1,14.099,18.7591,0.3397,0.0,0.0287,8.0,9.0,34.0,0.0441,0.0969,0.8745,0.4389,0.9389,0.5064,0.5012,87.0,93.0,112.0,2.0,73.8194,4
2047,34.1167,14.0828,18.7582,0.0487,0.0,0.0075,8.0,9.0,34.0,0.0441,0.0969,0.8766,0.4389,0.9389,0.5064,0.5012,87.0,93.0,112.0,2.0,73.8226,4
2048,34.1333,14.026,18.7633,0.2629,0.0,0.0168,8.0,9.0,34.0,0.0441,0.0969,0.8746,0.4389,0.9389,0.5063,0.5011,87.0,93.0,111.0,2.0,73.817,4
2049,34.15,14.0182,18.7667,0.0386,0.0,0.0067,8.0,9.0,34.0,0.0441,0.0969,0.8734,0.4389,0.9389,0.5062,0.5012,87.0,93.0,111.0,2.0,73.8296,4
2050,34.1667,13.9729,18.7753,0.2355,0.0001,0.0291,8.0,9.0,34.0,0.0441,0.0979,0.8746,0.4389,0.9389,0.5063,0.5012,87.0,93.0,111.0,2.0,73.8176,4
2051,34.1833,13.9647,18.7751,0.0289,0.0,0.0071,8.0,9.0,34.0,0.0441,0.0995,0.8745,0.4389,0.9389,0.5063,0.5011,87.0,93.0,111.0,2.0,73.8045,4
2052,34.2,13.9092,18.7805,0.285,0.0001,0.0237,8.0,9.0,33.0,0.0441,0.0969,0.8734,0.4389,0.9389,0.5061,0.5012,87.0,93.0,111.0,2.0,73.7762,4
2053,34.2167,13.8888,18.781,0.1044,0.0,0.0141,8.0,9.0,33.0,0.0441,0.0969,0.8744,0.4389,0.9389,0.5061,0.5012,87.0,93.0,111.0,2.0,73.7975,4
2054,34.2333,13.8886,18.7806,0.0623,0.0,0.0065,8.0,9.0,34.0,0.0441,0.0969,0.8744,0.4389,0.9389,0.5062,0.5011,87.0,93.0,111.0,2.0,73.803,4
2055,34.25,13.8429,18.7858,0.112,0.0,0.008,8.0,9.0,34.0,0.0441,0.0969,0.8766,0.4389,0.9389,0.5062,0.5011,87.0,93.0,111.0,2.0,73.7944,4
2056,34.2667,13.822,18.7963,0.2077,0.0,0.0179,8.0,9.0,34.0,0.0441,0.0969,0.8766,0.4389,0.9389,0.5062,0.5011,87.0,93.0,111.0,2.0,73.8066,4
2057,34.2833,13.8175,18.7949,0.0364,0.0,0.0044,8.0,9.0,34.0,0.0441,0.0969,0.8766,0.4389,0.9389,0.5063,0.501,87.0,93.0,111.0,2.0,73.8139,4
2058,34.3,13.7747,18.7957,0.1602,0.0,0.0141,8.0,9.0,34.0,0.0441,0.0969,0.8766,0.4389,0.9389,0.5063,0.5011,87.0,93.0,111.0,2.0,73.7994,4
2059,34.3167,13.7697,18.7953,0.0336,0.0,0.0097,8.0,9.0,34.0,0.0441,0.0969,0.8745,0.4389,0.9389,0.5062,0.5011,87.0,93.0,111.0,2.0,73.8125,4
2060,34.3333,13.7492,18.8015,0.1891,0.0,0.0146,8.0,9.0,34.0,0.0441,0.0969,0.8745,0.4389,0.9389,0.5063,0.5011,87.0,93.0,111.0,2.0,73.8133,4
2061,34.35,13.7515,18.8035,0.0498,0.0,0.0049,8.0,9.0,34.0,0.0441,0.0969,0.8745,0.4389,0.9389,0.5063,0.5011,87.0,93.0,111.0,2.0,73.8095,4
2062,34.3667,13.7196,18.8016,0.1668,0.0,0.0144,8.0,9.0,34.0,0.0441,0.0964,0.8766,0.4389,0.9389,0.5063,0.5011,87.0,93.0,111.0,2.0,73.8041,4
2063,34.3833,13.721,18.8013,0.0241,0.0,0.0075,8.0,9.0,34.0,0.0441,0.0969,0.8766,0.4389,0.9389,0.5063,0.5011,87.0,93.0,111.0,2.0,73.811,4
2064,34.4,13.7208,18.8009,0.1064,0.0,0.006,8.0,9.0,34.0,0.0441,0.0969,0.8766,0.4389,0.9389,0.5063,0.5011,87.0,93.0,111.0,2.0,73.8071,4
2065,34.4167,13.7156,18.8163,0.1987,0.0,0.009,8.0,9.0,34.0,0.0441,0.0969,0.8766,0.4389,0.9389,0.5064,0.5011,87.0,93.0,111.0,2.0,73.8009,4
2066,34.4333,13.6671,18.8135,0.1841,0.0,0.0099,8.0,9.0,34.0,0.0441,0.0969,0.8745,0.4389,0.9389,0.5064,0.5012,87.0,93.0,111.0,2.0,73.8064,4
2067,34.45,13.6678,18.8119,0.0219,0.0,0.0063,8.0,9.0,34.0,0.0441,0.0969,0.8745,0.4389,0.9389,0.5064,0.5012,87.0,93.0,111.0,2.0,73.8114,4
2068,34.4667,13.6494,18.8119,0.1522,0.0,0.0179,8.0,9.0,34.0,0.0441,0.0969,0.8766,0.4389,0.9389,0.5064,0.5012,87.0,93.0,110.5,2.0,73.8261,4
2069,34.4833,13.6469,18.8085,0.03,0.0,0.0046,8.0,9.0,34.0,0.0441,0.0969,0.8766,0.4389,0.9389,0.5064,0.5012,87.0,93.0,110.0,2.0,73.8283,4
2070,34.5,13.6284,18.8081,0.1729,0.0,0.0132,8.0,10.0,34.0,0.0441,0.0979,0.8745,0.4389,0.9389,0.5064,0.5012,87.0,93.0,110.0,2.0,73.8251,4
2071,34.5167,13.6302,18.8076,0.0119,0.0,0.0024,8.0,9.0,34.0,0.0441,0.0979,0.8745,0.4389,0.9389,0.5064,0.5012,87.0,93.0,110.0,2.0,73.832,4
2072,34.5333,13.6278,18.8111,0.1854,0.0,0.0168,8.0,9.0,34.0,0.0441,0.0969,0.8745,0.4389,0.9389,0.5064,0.5012,87.0,93.0,110.0,2.0,73.8414,4
2073,34.55,13.629,18.8097,0.017,0.0,0.0019,8.0,9.0,34.0,0.0441,0.0969,0.8745,0.4389,0.9389,0.5064,0.5012,87.0,93.0,110.5,2.0,73.8345,4
2074,34.5667,13.6345,18.8115,0.0641,0.0,0.0014,8.0,10.0,34.0,0.0441,0.0969,0.8766,0.4389,0.9389,0.5064,0.5012,87.0,93.0,111.0,2.0,73.8337,4
2075,34.5833,13.6381,18.8113,0.0304,0.0,0.0044,8.0,10.0,34.0,0.0441,0.0969,0.8745,0.4389,0.9389,0.5064,0.5012,87.0,93.0,110.0,2.0,73.8338,4
2076,34.6,13.6286,18.8197,0.1651,0.0,0.0079,8.0,10.0,34.0,0.0441,0.0969,0.8745,0.4389,0.9389,0.5064,0.5012,87.0,93.0,110.5,2.0,73.8346,4
2077,34.6167,13.6316,18.8197,0.0166,0.0,0.0027,8.0,10.0,34.0,0.0441,0.0969,0.8744,0.4389,0.9389,0.5064,0.5012,87.0,93.0,110.0,2.0,73.8309,4
2078,34.6333,13.6237,18.8204,0.1739,0.0,0.0127,8.0,10.0,34.0,0.0441,0.0969,0.8744,0.4389,0.9389,0.5064,0.5012,87.0,93.0,110.0,2.0,73.8259,4
2079,34.65,13.6238,18.8198,0.0212,0.0,0.0079,8.0,10.0,34.0,0.0441,0.0969,0.8744,0.4389,0.9389,0.5064,0.5012,87.0,93.0,110.0,2.0,73.8295,4
2080,34.6667,13.6187,18.8184,0.1067,0.0,0.0105,8.0,10.0,34.0,0.0441,0.0969,0.8745,0.4389,0.9389,0.5064,0.5012,87.0,93.0,110.0,2.0,73.823,4
2081,34.6833,13.6203,18.8187,0.0097,0.0,0.0026,8.0,10.0,34.0,0.0441,0.0969,0.8745,0.4389,0.9389,0.5064,0.5012,87.0,93.0,110.0,2.0,73.8184,4
2082,34.7,13.6212,18.8177,0.1249,0.0,0.0085,8.0,10.0,34.0,0.0441,0.0969,0.8745,0.4389,0.9389,0.5064,0.5012,87.0,93.0,110.0,2.0,73.821,4
2083,34.7167,13.6308,18.8245,0.0899,0.0,0.0082,8.0,10.0,34.0,0.0441,0.0969,0.8744,0.4389,0.9389,0.5064,0.5012,87.0,93.0,110.0,2.0,73.8348,4
2084,34.7333,13.6303,18.8237,0.0608,0.0,0.0025,8.0,10.0,35.0,0.0441,0.0969,0.8744,0.4389,0.9389,0.5064,0.5012,87.0,93.0,110.0,2.0,73.8386,4
2085,34.75,13.6333,18.8234,0.0232,0.0,0.0042,8.0,10.0,35.0,0.0441,0.0969,0.8744,0.4389,0.9389,0.5063,0.5012,87.0,93.0,110.0,2.0,73.8411,4
2086,34.7667,13.6309,18.8134,0.0925,0.0,0.006,9.0,10.0,35.0,0.0441,0.0969,0.8744,0.4389,0.9389,0.5064,0.5012,87.0,93.0,110.0,2.0,73.8316,4
2087,34.7833,13.6317,18.811,0.0201,0.0,0.0023,8.0,10.0,35.0,0.0441,0.0969,0.8744,0.4389,0.9389,0.5064,0.5012,87.0,93.0,110.0,2.0,73.8394,4
2088,34.8,13.6422,18.8082,0.0924,0.0,0.0142,9.0,10.0,35.0,0.0441,0.0969,0.8766,0.4389,0.9389,0.5064,0.5011,88.0,93.0,110.0,2.0,73.8727,4
2089,34.8167,13.646,18.8067,0.0232,0.0,0.0029,9.0,10.0,35.0,0.0441,0.0969,0.8766,0.4389,0.9389,0.5064,0.5011,88.0,93.0,110.5,2.0,73.8746,4
2090,34.8333,13.6554,18.8016,0.1349,0.0,0.0152,9.0,10.0,35.0,0.0441,0.0969,0.8766,0.4389,0.9389,0.5065,0.5011,88.0,93.0,110.5,2.0,73.8809,4
2091,34.85,13.659,18.8007,0.0184,0.0,0.001,9.0,10.0,35.0,0.0441,0.0969,0.8766,0.4389,0.9389,0.5064,0.5011,88.0,93.0,110.0,2.0,73.8793,4
2092,34.8667,13.6838,18.8051,0.1835,0.0,0.0127,9.0,10.0,35.0,0.0441,0.0969,0.8766,0.4389,0.9389,0.5064,0.5011,88.0,93.0,111.0,2.0,73.8886,4
2093,34.8833,13.689,18.8061,0.0206,0.0,0.001,9.0,10.0,35.0,0.0441,0.0969,0.8766,0.4389,0.9389,0.5064,0.5011,88.0,93.0,111.0,2.0,73.8895,4
2094,34.9,13.7037,18.8062,0.0786,0.0,0.0044,9.0,10.0,35.0,0.0441,0.0969,0.8746,0.4389,0.9389,0.5064,0.5012,88.0,93.0,111.0,2.0,73.8942,4
2095,34.9167,13.7275,18.8074,0.0745,0.0,0.0059,9.0,10.0,35.0,0.0441,0.0969,0.8747,0.4389,0.9389,0.5063,0.5011,88.0,93.0,111.0,2.0,73.9005,4
2096,34.9333,13.7501,18.7962,0.16,0.0,0.0056,9.0,10.0,35.0,0.0441,0.0969,0.8766,0.4389,0.9389,0.5064,0.5011,88.0,93.0,111.0,2.0,73.8977,4
2097,34.95,13.7552,18.7963,0.0219,0.0,0.0033,9.0,10.0,35.0,0.0441,0.0969,0.8766,0.4389,0.9389,0.5064,0.5011,88.0,93.0,111.0,2.0,73.8997,4
2098,34.9667,13.7753,18.7956,0.0988,0.0,0.0086,9.0,10.0,35.0,0.0441,0.0969,0.8766,0.4389,0.9389,0.5064,0.5011,88.0,93.0,111.0,2.0,73.8955,4
2099,34.9833,13.7803,18.7953,0.0171,0.0,0.0046,9.0,10.0,35.0,0.0441,0.0969,0.8766,0.4389,0.9389,0.5064,0.5011,88.0,93.0,111.0,2.0,73.8985,4
2100,35.0,13.7763,18.78,1.0143,0.0005,1.2233,8.0,10.0,35.0,0.0441,0.0961,0.8766,0.4389,0.9389,0.5064,0.501,88.0,93.0,113.0,2.0,73.6294,4
2101,35.0167,13.7784,18.786,0.0091,0.0,0.0904,8.0,10.0,35.0,0.0441,0.0962,0.8766,0.4389,0.9389,0.5064,0.5009,88.0,93.0,113.0,2.0,73.7722,4
2102,35.0333,13.7988,18.7834,0.1434,0.0,0.0083,8.0,10.0,35.0,0.0441,0.0969,0.8766,0.4389,0.9389,0.5064,0.501,88.0,93.0,113.0,2.0,73.7714,4
2103,35.05,13.8218,18.7839,0.1258,0.0,0.0214,8.0,10.0,35.0,0.0441,0.0969,0.8749,0.4389,0.9389,0.5064,0.501,88.0,93.0,113.0,2.0,73.7746,4
2104,35.0667,13.8664,18.7851,0.2301,0.0,0.023,8.0,10.0,35.0,0.0441,0.0969,0.8749,0.4389,0.9389,0.5065,0.5011,88.0,93.0,113.0,2.0,73.8063,4
2105,35.0833,13.8709,18.7867,0.0151,0.0,0.0118,8.0,10.0,35.0,0.0441,0.0969,0.8749,0.4389,0.9389,0.5065,0.5011,88.0,93.0,113.0,2.0,73.8131,4
2106,35.1,13.9164,18.7967,0.2089,0.0,0.0233,8.0,10.0,35.0,0.0441,0.0977,0.8734,0.4389,0.9389,0.5063,0.5012,88.0,93.0,113.0,2.0,73.7838,4
2107,35.1167,13.9218,18.7969,0.0286,0.0,0.0092,8.0,10.0,35.0,0.0441,0.0969,0.8734,0.4389,0.9389,0.5063,0.5012,88.0,93.0,113.0,2.0,73.7997,4
2108,35.1333,13.9762,18.8075,0.2243,0.0001,0.0266,8.0,10.0,35.0,0.0441,0.0969,0.8718,0.4389,0.9389,0.5061,0.5012,88.0,93.0,113.0,2.0,73.814,4
2109,35.15,13.9808,18.8079,0.0214,0.0,0.004,8.0,10.0,35.0,0.0441,0.0969,0.8718,0.4389,0.9389,0.5061,0.5012,88.0,94.0,113.0,2.0,73.8147,4
2110,35.1667,14.0234,18.8011,0.2691,0.0001,0.0358,8.0,10.0,35.0,0.0441,0.0969,0.8734,0.4389,0.9389,0.5062,0.5012,88.0,94.0,113.0,2.0,73.8224,4
2111,35.1833,14.0203,18.7986,0.0796,0.0,0.0241,8.0,10.0,35.0,0.0441,0.0969,0.8734,0.4389,0.9389,0.5063,0.5011,88.0,94.0,113.0,2.0,73.8516,4
2112,35.2,14.095,18.8023,0.2456,0.0001,0.035,8.0,10.0,37.0,0.0441,0.0977,0.8734,0.4389,0.9389,0.5064,0.501,88.0,94.0,113.0,2.0,73.8775,4
2113,35.2167,14.1012,18.8026,0.0293,0.0,0.0018,8.0,10.0,37.0,0.0441,0.0977,0.8734,0.4389,0.9389,0.5064,0.501,88.0,94.0,113.0,2.0,73.8851,4
2114,35.2333,14.1289,18.8038,0.1009,0.0,0.0098,8.0,10.0,37.0,0.0441,0.0977,0.8734,0.4389,0.9389,0.5064,0.501,88.0,94.0,113.0,2.0,73.8846,4
2115,35.25,14.1543,18.8107,0.092,0.0,0.01,8.0,10.0,37.0,0.0441,0.0993,0.8748,0.4389,0.9389,0.5065,0.501,88.0,94.0,113.0,2.0,73.887,4
2116,35.2667,14.2335,18.8087,0.2556,0.0,0.0087,8.0,10.0,37.0,0.0441,0.0978,0.8748,0.4389,0.9389,0.5065,0.501,88.0,94.0,113.0,2.0,73.8749,4
2117,35.2833,14.237,18.8093,0.0608,0.0,0.011,8.0,10.0,37.0,0.0441,0.0978,0.8747,0.4389,0.9389,0.5064,0.501,88.0,93.0,113.0,2.0,73.8489,4
2118,35.3,14.3104,18.8067,0.2011,0.0001,0.0179,8.0,10.0,37.0,0.0441,0.0969,0.8734,0.4389,0.9389,0.5062,0.5011,88.0,93.0,112.0,2.0,73.8255,4
2119,35.3167,14.318,18.8046,0.0426,0.0,0.0171,8.0,10.0,37.0,0.0441,0.0969,0.8734,0.4389,0.9389,0.5062,0.5011,88.0,93.0,113.0,2.0,73.8067,4
2120,35.3333,14.3996,18.7998,0.2243,0.0,0.0186,8.0,11.0,37.0,0.0441,0.0978,0.8747,0.4389,0.9389,0.5065,0.501,88.0,93.0,113.0,2.0,73.8312,4
2121,35.35,14.4075,18.8001,0.0318,0.0,0.0071,8.0,11.0,37.0,0.0441,0.0969,0.8766,0.4389,0.9389,0.5064,0.5011,88.0,93.0,113.0,2.0,73.8343,4
2122,35.3667,14.4562,18.7995,0.1209,0.0,0.0111,9.0,11.0,37.0,0.0441,0.0969,0.8766,0.4389,0.9389,0.5064,0.5011,88.0,93.0,113.0,2.0,73.8375,4
2123,35.3833,14.4931,18.8034,0.1044,0.0,0.0099,9.0,11.0,37.0,0.0441,0.0969,0.8766,0.4389,0.9389,0.5065,0.5011,88.0,93.0,113.0,2.0,73.8315,4
2124,35.4,14.5986,18.8035,0.2322,0.0,0.0181,9.0,11.0,37.0,0.0441,0.0969,0.8766,0.4389,0.9389,0.5065,0.501,88.0,93.0,112.0,2.0,73.8208,4
2125,35.4167,14.6195,18.8078,0.0938,0.0,0.0146,9.0,11.0,37.0,0.0441,0.0969,0.8766,0.4389,0.9389,0.5066,0.5009,88.0,93.0,112.0,2.0,73.8143,4
2126,35.4333,14.6948,18.8112,0.1788,0.0,0.0237,9.0,11.0,37.0,0.0441,0.0969,0.8766,0.4389,0.9389,0.5065,0.5009,88.0,93.0,113.0,2.0,73.8084,4
2127,35.45,14.7119,18.8083,0.0475,0.0,0.0211,9.0,11.0,37.0,0.0441,0.0969,0.8766,0.4389,0.9389,0.5065,0.501,88.0,93.0,113.0,2.0,73.8094,4
2128,35.4667,14.8062,18.8058,0.251,0.0,0.0336,9.0,11.0,37.0,0.0441,0.0969,0.8745,0.4389,0.9389,0.5064,0.5011,88.0,93.5,113.0,2.0,73.8206,4
2129,35.4833,14.8185,18.8023,0.0463,0.0,0.0253,9.0,11.0,37.0,0.0441,0.0969,0.8746,0.4389,0.9389,0.5065,0.5011,88.0,94.0,113.0,2.0,73.8289,4
2130,35.5,14.8685,18.7871,0.1546,0.0,0.1124,9.0,11.0,37.0,0.0441,0.0969,0.8746,0.4389,0.9389,0.5065,0.5011,88.0,94.0,115.0,2.0,73.8216,4
2131,35.5167,14.8971,18.739,0.1029,0.0001,0.3499,9.0,11.0,37.0,0.0441,0.0969,0.8766,0.4389,0.9389,0.5068,0.501,88.0,94.0,116.0,3.0,73.8142,4
2132,35.5333,14.9904,18.7061,0.2339,0.0001,0.2907,9.0,11.0,37.0,0.044,0.0975,0.8766,0.4389,0.9389,0.5072,0.5009,89.0,94.0,117.0,3.0,73.7498,4
2133,35.55,14.9928,18.676,0.0548,0.0001,0.2409,9.0,11.0,37.0,0.044,0.0969,0.8756,0.4389,0.9389,0.5072,0.501,89.0,95.0,117.0,3.0,73.6829,4
2134,35.5667,15.0459,18.5889,0.2359,0.0001,0.6404,9.0,11.0,37.0,0.0439,0.0969,0.8765,0.4389,0.9389,0.5078,0.501,89.5,96.0,118.0,3.0,73.5733,4
2135,35.5833,15.0374,18.5267,0.0701,0.0001,0.4789,9.0,11.0,37.0,0.0438,0.0969,0.8766,0.4389,0.9389,0.5081,0.501,90.0,97.0,119.0,3.0,73.5389,4
2136,35.6,15.0952,18.405,0.3258,0.0002,0.9176,9.0,11.0,37.0,0.0437,0.0948,0.8766,0.4389,0.9389,0.5086,0.5013,90.0,98.0,122.0,3.0,73.1935,4
2137,35.6167,15.0648,18.2725,0.0847,0.0002,0.9935,9.0,11.0,37.0,0.0435,0.094,0.8766,0.4389,0.9389,0.5095,0.5013,93.0,101.0,123.0,3.0,72.9821,4
2138,35.6333,15.1042,18.1084,0.2825,0.0003,1.2314,9.0,11.0,38.0,0.0433,0.0938,0.8771,0.4417,0.9389,0.5104,0.5015,97.0,102.0,127.0,3.0,72.6814,4
2139,35.65,15.0491,17.9147,0.0981,0.0003,1.4129,9.0,11.0,38.0,0.043,0.0938,0.8793,0.4417,0.9389,0.5119,0.5015,100.0,104.0,131.0,3.0,72.2361,4
2140,35.6667,15.0567,17.6203,0.3882,0.0006,2.2737,9.0,11.0,38.0,0.0426,0.0938,0.8797,0.4417,0.9389,0.5138,0.5017,106.0,112.0,134.0,3.0,71.359,4
2141,35.6833,14.9501,17.2721,0.1532,0.0007,2.6045,9.0,11.0,38.0,0.0419,0.0926,0.8818,0.4417,0.9389,0.5169,0.5019,111.0,119.0,143.0,3.0,70.7975,4
2142,35.7,14.8348,16.7707,0.3313,0.0015,3.705,9.0,11.0,38.0,0.0405,0.0891,0.8824,0.4444,0.9389,0.5252,0.5025,109.0,109.0,126.0,3.0,70.1048,4
2143,35.7167,14.5683,15.8255,0.4506,0.0029,4.1376,9.0,11.0,38.0,0.0377,0.0828,0.8922,0.4444,0.9389,0.5439,0.5036,110.0,110.0,124.0,3.0,70.8967,4
2144,35.7333,14.3457,14.8628,0.5567,0.0028,3.5353,9.0,11.0,38.0,0.0349,0.0797,0.901,0.4417,0.9389,0.5636,0.5044,110.0,111.0,130.0,3.0,71.3395,4
2145,35.75,14.0471,13.9342,0.37,0.0024,4.0661,9.0,11.0,38.0,0.0326,0.0766,0.9047,0.1236,0.9389,0.5786,0.5048,110.0,110.0,127.0,3.0,71.5521,4
2146,35.7667,13.8661,13.0755,0.5719,0.0024,3.9184,9.0,11.0,38.0,0.0304,0.075,0.9109,0.0806,0.9389,0.5939,0.5057,109.0,110.0,124.0,3.0,71.8825,4
2147,35.7833,13.5986,12.2537,0.3077,0.0022,3.6159,9.0,11.0,38.0,0.0282,0.0734,0.9187,0.0722,0.9389,0.6092,0.5068,112.0,112.0,125.5,3.0,72.337,4
2148,35.8,13.4148,11.6135,0.4531,0.0015,3.2241,9.0,11.0,38.0,0.0268,0.0714,0.9219,0.0722,0.9417,0.6187,0.5074,118.0,124.0,151.0,3.0,72.7098,4
2149,35.8167,13.3151,11.1879,0.2296,0.001,4.8713,9.0,11.0,38.0,0.0258,0.0703,0.9243,0.0694,0.9417,0.6235,0.5079,117.0,117.0,136.0,3.0,71.4401,4
2150,35.8333,13.1694,10.4601,0.5035,0.002,4.6362,9.0,11.0,38.0,0.0238,0.0688,0.9281,0.0694,0.9417,0.6363,0.5091,119.0,119.0,127.0,3.0,71.7135,4
2151,35.85,12.9126,9.6692,0.308,0.0019,4.5179,9.0,11.0,38.0,0.0219,0.0664,0.9312,0.0667,0.9417,0.6491,0.5101,123.0,124.0,136.0,3.0,72.2967,4
2152,35.8667,12.818,9.0989,0.402,0.0014,4.4434,9.0,11.0,38.0,0.0206,0.0656,0.9375,0.0667,0.9417,0.656,0.5109,143.0,143.0,159.0,3.0,71.8944,4
2153,35.8833,12.6988,8.694,0.245,0.0008,5.9648,9.0,11.0,38.0,0.0198,0.0656,0.9375,0.0667,0.9417,0.6589,0.5116,132.0,132.0,136.0,3.0,69.6959,4
2154,35.9,12.5246,8.0648,0.3141,0.0024,5.573,9.0,11.0,38.0,0.0175,0.0628,0.9406,0.0639,0.9417,0.6711,0.5133,112.0,120.0,140.0,3.0,70.4791,4
2155,35.9167,12.2708,7.2525,0.3413,0.0014,6.4141,9.0,11.0,38.0,0.0161,0.0609,0.9422,0.0639,0.9417,0.6773,0.5145,104.0,110.0,136.0,3.0,68.6611,4
2156,35.9333,12.1407,6.5475,0.4559,0.0016,6.4375,9.0,11.0,38.0,0.0146,0.0594,0.9422,0.063,0.9417,0.6843,0.5162,109.0,111.0,130.0,4.0,67.7708,4
2157,35.95,11.9571,5.9589,0.2764,0.0015,7.1071,9.0,11.0,38.0,0.0131,0.0578,0.9422,0.0611,0.9417,0.6899,0.5187,119.0,120.0,127.0,4.0,66.1257,4
2158,35.9667,11.8476,5.4099,0.3765,0.0021,6.9709,9.0,11.0,38.0,0.011,0.0562,0.9438,0.0583,0.9417,0.6962,0.523,113.0,123.0,136.0,5.0,67.1211,4
2159,35.9833,11.6989,4.9594,0.1662,0.0015,7.2534,9.0,11.0,38.0,0.0096,0.0547,0.9438,0.0559,0.9417,0.6984,0.5276,97.0,104.0,130.5,5.0,67.944,4
2160,36.0,11.6123,4.2689,1.3232,0.0016,9.9789,9.0,10.0,38.0,0.008,0.0531,0.9453,0.0556,0.9417,0.7005,0.5338,115.0,117.0,133.0,4.0,67.7362,4
2161,36.0167,11.5178,3.985,0.0989,0.0011,5.3454,9.0,10.0,38.0,0.007,0.0531,0.9453,0.0556,0.9417,0.6994,0.5411,116.5,126.0,137.0,5.0,68.773,4
2162,36.0333,11.4466,3.6525,0.423,0.0007,9.045,9.0,10.0,39.0,0.0063,0.0531,0.9453,0.0556,0.9417,0.6962,0.545,107.0,108.0,122.0,4.0,67.8681,4
2163,36.05,11.2723,3.0994,0.3244,0.0017,8.7133,9.0,10.0,39.0,0.0046,0.0516,0.9469,0.0528,0.9417,0.6841,0.5616,111.0,119.0,134.0,5.0,72.7833,4
2164,36.0667,11.25,2.9329,0.2847,0.0007,9.2081,9.0,10.0,38.5,0.0039,0.0516,0.9469,0.0528,0.9417,0.6712,0.5711,103.5,105.0,110.0,45.5,73.2172,4
2165,36.0833,11.1058,2.461,0.324,0.0019,5.914,9.0,10.0,38.0,0.002,0.05,0.9641,0.05,0.9428,0.5869,0.6327,102.0,111.0,136.0,54.0,105.4314,5
2166,36.1,11.1379,2.3049,0.4636,0.0001,6.4074,9.0,10.0,38.0,0.002,0.05,0.9641,0.05,0.943,0.5817,0.6363,102.0,110.0,122.0,54.0,103.6995,5
2167,36.1167,11.1234,2.2481,0.0583,0.0001,8.6712,9.0,10.0,38.0,0.0019,0.05,0.9641,0.05,0.9433,0.5735,0.6402,91.0,94.0,115.5,55.0,101.7828,5
2168,36.1333,11.0948,2.1146,0.1372,0.0006,0.1237,9.0,10.0,38.0,0.0013,0.05,0.9641,0.05,0.9445,0.4766,0.7126,91.0,103.0,129.0,67.0,137.2283,3
2169,36.15,11.09,2.0606,0.2087,0.0,0.194,9.0,10.0,38.0,0.0013,0.05,0.9641,0.05,0.9444,0.4768,0.7113,91.0,103.0,129.0,67.0,136.7229,3
2170,36.1667,11.1706,2.0746,0.2615,0.0,0.2252,9.0,10.0,38.0,0.0013,0.05,0.9641,0.05,0.9445,0.4766,0.7126,91.0,103.0,129.0,67.0,136.9502,3
2171,36.1833,11.172,2.0769,0.0525,0.0,0.0,9.0,10.0,38.0,0.0013,0.05,0.9641,0.05,0.9445,0.4766,0.7126,91.0,103.0,129.0,67.0,136.9473,3
2172,36.2,11.248,2.1078,0.3573,0.0,0.1588,9.0,10.0,38.0,0.0013,0.05,0.9641,0.05,0.9445,0.4783,0.711,91.0,103.0,129.0,67.0,136.5244,3
2173,36.2167,11.239,2.1067,0.0556,0.0,0.0456,9.0,10.0,38.0,0.0013,0.05,0.9641,0.05,0.9445,0.4783,0.711,91.0,103.0,129.0,67.0,136.5238,3
2174,36.2333,11.3156,2.1172,0.3643,0.0,0.0515,9.0,10.0,38.0,0.0013,0.05,0.9641,0.05,0.9445,0.4796,0.7102,91.0,103.0,129.0,67.0,136.477,3
2175,36.25,11.3169,2.1164,0.0387,0.0,0.01,9.0,10.0,38.0,0.0013,0.05,0.9641,0.05,0.9445,0.4811,0.7081,91.0,103.0,129.0,67.0,136.4449,3
2176,36.2667,11.3302,2.1197,0.0941,0.0,0.0056,9.0,10.0,38.0,0.0013,0.05,0.9641,0.05,0.9445,0.4811,0.7081,91.0,103.0,129.0,67.0,136.3371,3
2177,36.2833,11.3312,2.1263,0.1027,0.0,0.0334,9.0,10.0,38.0,0.0013,0.05,0.9641,0.05,0.9445,0.4796,0.7103,91.0,103.0,129.0,67.0,136.6827,3
